date,plate,well,timepoint,family,temperature,phenotype,value,unique
20250701,plate1,A02,0,48,40C,low-salinity,0,20250701 plate1 A02
20250701,plate1,A02,1,48,40C,low-salinity,6.31039599868484,20250701 plate1 A02
20250701,plate1,A02,2,48,40C,low-salinity,6.356574613657946,20250701 plate1 A02
20250701,plate1,A02,3,48,40C,low-salinity,6.4128113733162495,20250701 plate1 A02
20250701,plate1,A02,4,48,40C,low-salinity,6.212643324814706,20250701 plate1 A02
20250701,plate1,A04,0,78,40C,low-salinity,0,20250701 plate1 A04
20250701,plate1,A04,1,78,40C,low-salinity,4.478040430917283,20250701 plate1 A04
20250701,plate1,A04,2,78,40C,low-salinity,4.810341016855844,20250701 plate1 A04
20250701,plate1,A04,3,78,40C,low-salinity,6.7132758615489845,20250701 plate1 A04
20250701,plate1,A04,4,78,40C,low-salinity,7.01455241739349,20250701 plate1 A04
20250701,plate1,A05,0,39,40C,high-salinity,0,20250701 plate1 A05
20250701,plate1,A05,1,39,40C,high-salinity,2.1561665335874944,20250701 plate1 A05
20250701,plate1,A05,2,39,40C,high-salinity,2.3535352792463633,20250701 plate1 A05
20250701,plate1,A05,3,39,40C,high-salinity,2.738323172665366,20250701 plate1 A05
20250701,plate1,A05,4,39,40C,high-salinity,2.8462493469623134,20250701 plate1 A05
20250701,plate1,A06,0,2,40C,high-salinity,0,20250701 plate1 A06
20250701,plate1,A06,1,2,40C,high-salinity,3.3336982427873876,20250701 plate1 A06
20250701,plate1,A06,2,2,40C,high-salinity,3.872352069500729,20250701 plate1 A06
20250701,plate1,A06,3,2,40C,high-salinity,6.885976467457284,20250701 plate1 A06
20250701,plate1,A06,4,2,40C,high-salinity,6.638942259235005,20250701 plate1 A06
20250701,plate1,B02,0,48,40C,low-salinity,0,20250701 plate1 B02
20250701,plate1,B02,1,48,40C,low-salinity,6.489322046370193,20250701 plate1 B02
20250701,plate1,B02,2,48,40C,low-salinity,6.6161995508910145,20250701 plate1 B02
20250701,plate1,B02,3,48,40C,low-salinity,6.60877671872584,20250701 plate1 B02
20250701,plate1,B02,4,48,40C,low-salinity,6.6525421229368344,20250701 plate1 B02
20250701,plate1,B04,0,78,40C,low-salinity,0,20250701 plate1 B04
20250701,plate1,B04,1,78,40C,low-salinity,4.831726515792868,20250701 plate1 B04
20250701,plate1,B04,2,78,40C,low-salinity,5.061607155750466,20250701 plate1 B04
20250701,plate1,B04,3,78,40C,low-salinity,7.1502722049627065,20250701 plate1 B04
20250701,plate1,B04,4,78,40C,low-salinity,7.686964063016612,20250701 plate1 B04
20250701,plate1,B05,0,39,40C,high-salinity,0,20250701 plate1 B05
20250701,plate1,B05,1,39,40C,high-salinity,2.4250916567265075,20250701 plate1 B05
20250701,plate1,B05,2,39,40C,high-salinity,2.8597361197855093,20250701 plate1 B05
20250701,plate1,B05,3,39,40C,high-salinity,3.7484565281418587,20250701 plate1 B05
20250701,plate1,B05,4,39,40C,high-salinity,4.8573510902063095,20250701 plate1 B05
20250701,plate1,B06,0,2,40C,high-salinity,0,20250701 plate1 B06
20250701,plate1,B06,1,2,40C,high-salinity,0.2691352467171723,20250701 plate1 B06
20250701,plate1,B06,2,2,40C,high-salinity,0.4806335189600249,20250701 plate1 B06
20250701,plate1,B06,3,2,40C,high-salinity,0.6828623851917975,20250701 plate1 B06
20250701,plate1,B06,4,2,40C,high-salinity,0.7888101993688007,20250701 plate1 B06
20250701,plate1,C03,0,49,40C,low-salinity,0,20250701 plate1 C03
20250701,plate1,C03,1,49,40C,low-salinity,2.2065549965245466,20250701 plate1 C03
20250701,plate1,C03,2,49,40C,low-salinity,2.5850666389173598,20250701 plate1 C03
20250701,plate1,C03,3,49,40C,low-salinity,3.4926623095705978,20250701 plate1 C03
20250701,plate1,C03,4,49,40C,low-salinity,5.086764613213869,20250701 plate1 C03
20250701,plate1,C04,0,78,40C,low-salinity,0,20250701 plate1 C04
20250701,plate1,C04,1,78,40C,low-salinity,3.1239783975748154,20250701 plate1 C04
20250701,plate1,C04,2,78,40C,low-salinity,3.728687444211421,20250701 plate1 C04
20250701,plate1,C04,3,78,40C,low-salinity,6.376418754830372,20250701 plate1 C04
20250701,plate1,C04,4,78,40C,low-salinity,7.593083608398779,20250701 plate1 C04
20250701,plate1,C05,0,39,40C,high-salinity,0,20250701 plate1 C05
20250701,plate1,C05,1,39,40C,high-salinity,0.4952543828723477,20250701 plate1 C05
20250701,plate1,C05,2,39,40C,high-salinity,1.2209075880713807,20250701 plate1 C05
20250701,plate1,C05,3,39,40C,high-salinity,1.7075388084628536,20250701 plate1 C05
20250701,plate1,C05,4,39,40C,high-salinity,2.8932205523265373,20250701 plate1 C05
20250701,plate1,C06,0,2,40C,high-salinity,0,20250701 plate1 C06
20250701,plate1,C06,1,2,40C,high-salinity,2.1250030893721594,20250701 plate1 C06
20250701,plate1,C06,2,2,40C,high-salinity,2.391694125281309,20250701 plate1 C06
20250701,plate1,C06,3,2,40C,high-salinity,2.6276071749317227,20250701 plate1 C06
20250701,plate1,C06,4,2,40C,high-salinity,2.727766806947733,20250701 plate1 C06
20250701,plate1,D02,0,48,40C,low-salinity,0,20250701 plate1 D02
20250701,plate1,D02,1,48,40C,low-salinity,2.899721628668685,20250701 plate1 D02
20250701,plate1,D02,2,48,40C,low-salinity,3.1553095706684515,20250701 plate1 D02
20250701,plate1,D02,3,48,40C,low-salinity,7.376740339878731,20250701 plate1 D02
20250701,plate1,D02,4,48,40C,low-salinity,7.307424948528541,20250701 plate1 D02
20250701,plate1,D04,0,78,40C,low-salinity,0,20250701 plate1 D04
20250701,plate1,D04,1,78,40C,low-salinity,3.759212234506448,20250701 plate1 D04
20250701,plate1,D04,2,78,40C,low-salinity,5.589589362173105,20250701 plate1 D04
20250701,plate1,D04,3,78,40C,low-salinity,7.131614720932292,20250701 plate1 D04
20250701,plate1,D04,4,78,40C,low-salinity,7.218205825174983,20250701 plate1 D04
20250701,plate1,D05,0,39,40C,high-salinity,0,20250701 plate1 D05
20250701,plate1,D05,1,39,40C,high-salinity,2.252737929195916,20250701 plate1 D05
20250701,plate1,D05,2,39,40C,high-salinity,2.5902410082658442,20250701 plate1 D05
20250701,plate1,D05,3,39,40C,high-salinity,4.115759815865323,20250701 plate1 D05
20250701,plate1,D05,4,39,40C,high-salinity,4.994494459548359,20250701 plate1 D05
20250701,plate1,D06,0,2,40C,high-salinity,0,20250701 plate1 D06
20250701,plate1,D06,1,2,40C,high-salinity,1.8116649145346229,20250701 plate1 D06
20250701,plate1,D06,2,2,40C,high-salinity,4.1530402843705,20250701 plate1 D06
20250701,plate1,D06,3,2,40C,high-salinity,5.900971952564356,20250701 plate1 D06
20250701,plate1,D06,4,2,40C,high-salinity,6.114052982052764,20250701 plate1 D06
20250701,plate10,A02,0,37,40C,high-salinity,0,20250701 plate10 A02
20250701,plate10,A02,1,37,40C,high-salinity,1.5747862289910923,20250701 plate10 A02
20250701,plate10,A02,2,37,40C,high-salinity,1.831027195642728,20250701 plate10 A02
20250701,plate10,A02,3,37,40C,high-salinity,2.1402066105593076,20250701 plate10 A02
20250701,plate10,A02,4,37,40C,high-salinity,2.6093765865801646,20250701 plate10 A02
20250701,plate10,A04,0,83,40C,low-salinity,0,20250701 plate10 A04
20250701,plate10,A04,1,83,40C,low-salinity,0.5355988418545433,20250701 plate10 A04
20250701,plate10,A04,2,83,40C,low-salinity,0.8168614909061302,20250701 plate10 A04
20250701,plate10,A04,3,83,40C,low-salinity,1.2846926389734867,20250701 plate10 A04
20250701,plate10,A04,4,83,40C,low-salinity,1.365579839604045,20250701 plate10 A04
20250701,plate10,A05,0,49,40C,low-salinity,0,20250701 plate10 A05
20250701,plate10,A05,1,49,40C,low-salinity,2.4334983550346263,20250701 plate10 A05
20250701,plate10,A05,2,49,40C,low-salinity,2.8243495551445057,20250701 plate10 A05
20250701,plate10,A05,3,49,40C,low-salinity,3.8743846273858598,20250701 plate10 A05
20250701,plate10,A05,4,49,40C,low-salinity,3.873005522336612,20250701 plate10 A05
20250701,plate10,A06,0,71,40C,low-salinity,0,20250701 plate10 A06
20250701,plate10,A06,1,71,40C,low-salinity,2.3356680766664817,20250701 plate10 A06
20250701,plate10,A06,2,71,40C,low-salinity,4.761446261408964,20250701 plate10 A06
20250701,plate10,A06,3,71,40C,low-salinity,5.940366311657949,20250701 plate10 A06
20250701,plate10,A06,4,71,40C,low-salinity,5.959685571284209,20250701 plate10 A06
20250701,plate10,B02,0,37,40C,high-salinity,0,20250701 plate10 B02
20250701,plate10,B02,1,37,40C,high-salinity,2.647288004477368,20250701 plate10 B02
20250701,plate10,B02,2,37,40C,high-salinity,3.0558385049528622,20250701 plate10 B02
20250701,plate10,B02,3,37,40C,high-salinity,3.4304184820732377,20250701 plate10 B02
20250701,plate10,B02,4,37,40C,high-salinity,3.6847828927370614,20250701 plate10 B02
20250701,plate10,B03,0,31,40C,high-salinity,0,20250701 plate10 B03
20250701,plate10,B03,1,31,40C,high-salinity,0.2760732575042879,20250701 plate10 B03
20250701,plate10,B03,2,31,40C,high-salinity,0.8279188367242296,20250701 plate10 B03
20250701,plate10,B03,3,31,40C,high-salinity,1.1645149474447751,20250701 plate10 B03
20250701,plate10,B03,4,31,40C,high-salinity,1.4216158007819555,20250701 plate10 B03
20250701,plate10,B05,0,49,40C,low-salinity,0,20250701 plate10 B05
20250701,plate10,B05,1,49,40C,low-salinity,2.9722731302912626,20250701 plate10 B05
20250701,plate10,B05,2,49,40C,low-salinity,3.566545913113551,20250701 plate10 B05
20250701,plate10,B05,3,49,40C,low-salinity,6.315178445918661,20250701 plate10 B05
20250701,plate10,B05,4,49,40C,low-salinity,6.5524734196932695,20250701 plate10 B05
20250701,plate10,C02,0,37,40C,high-salinity,0,20250701 plate10 C02
20250701,plate10,C02,1,37,40C,high-salinity,3.0969728740049867,20250701 plate10 C02
20250701,plate10,C02,2,37,40C,high-salinity,3.555034791242618,20250701 plate10 C02
20250701,plate10,C02,3,37,40C,high-salinity,3.931945790792458,20250701 plate10 C02
20250701,plate10,C02,4,37,40C,high-salinity,4.092606125339711,20250701 plate10 C02
20250701,plate10,C04,0,83,40C,low-salinity,0,20250701 plate10 C04
20250701,plate10,C04,1,83,40C,low-salinity,3.5628186224701572,20250701 plate10 C04
20250701,plate10,C04,2,83,40C,low-salinity,3.7746245342647478,20250701 plate10 C04
20250701,plate10,C04,3,83,40C,low-salinity,4.956286370749145,20250701 plate10 C04
20250701,plate10,C04,4,83,40C,low-salinity,5.274220373338422,20250701 plate10 C04
20250701,plate10,C06,0,71,40C,low-salinity,0,20250701 plate10 C06
20250701,plate10,C06,1,71,40C,low-salinity,2.6297114867448967,20250701 plate10 C06
20250701,plate10,C06,2,71,40C,low-salinity,2.9948813244664034,20250701 plate10 C06
20250701,plate10,C06,3,71,40C,low-salinity,6.229577482048599,20250701 plate10 C06
20250701,plate10,C06,4,71,40C,low-salinity,7.207388343201288,20250701 plate10 C06
20250701,plate10,D02,0,37,40C,high-salinity,0,20250701 plate10 D02
20250701,plate10,D02,1,37,40C,high-salinity,2.769595527456886,20250701 plate10 D02
20250701,plate10,D02,2,37,40C,high-salinity,3.2312796176855136,20250701 plate10 D02
20250701,plate10,D02,3,37,40C,high-salinity,4.440923916041477,20250701 plate10 D02
20250701,plate10,D02,4,37,40C,high-salinity,5.088468732198055,20250701 plate10 D02
20250701,plate10,D03,0,31,40C,high-salinity,0,20250701 plate10 D03
20250701,plate10,D03,1,31,40C,high-salinity,2.532225497923308,20250701 plate10 D03
20250701,plate10,D03,2,31,40C,high-salinity,2.942803331667295,20250701 plate10 D03
20250701,plate10,D03,3,31,40C,high-salinity,3.844333277132984,20250701 plate10 D03
20250701,plate10,D03,4,31,40C,high-salinity,7.050138902515166,20250701 plate10 D03
20250701,plate10,D04,0,83,40C,low-salinity,0,20250701 plate10 D04
20250701,plate10,D04,1,83,40C,low-salinity,3.012988864536431,20250701 plate10 D04
20250701,plate10,D04,2,83,40C,low-salinity,3.511523579861813,20250701 plate10 D04
20250701,plate10,D04,3,83,40C,low-salinity,4.097871804121552,20250701 plate10 D04
20250701,plate10,D04,4,83,40C,low-salinity,4.407794385042365,20250701 plate10 D04
20250701,plate10,D05,0,49,40C,low-salinity,0,20250701 plate10 D05
20250701,plate10,D05,1,49,40C,low-salinity,2.8070339738713446,20250701 plate10 D05
20250701,plate10,D05,2,49,40C,low-salinity,3.167903503108864,20250701 plate10 D05
20250701,plate10,D05,3,49,40C,low-salinity,3.7956566929815754,20250701 plate10 D05
20250701,plate10,D05,4,49,40C,low-salinity,4.311375371309755,20250701 plate10 D05
20250701,plate10,D06,0,71,40C,low-salinity,0,20250701 plate10 D06
20250701,plate10,D06,1,71,40C,low-salinity,1.9530071058800365,20250701 plate10 D06
20250701,plate10,D06,2,71,40C,low-salinity,2.289708456600582,20250701 plate10 D06
20250701,plate10,D06,3,71,40C,low-salinity,3.0033088530535523,20250701 plate10 D06
20250701,plate10,D06,4,71,40C,low-salinity,3.6318362733670426,20250701 plate10 D06
20250701,plate11,A03,0,42,40C,high-salinity,0,20250701 plate11 A03
20250701,plate11,A03,1,42,40C,high-salinity,2.631987311759846,20250701 plate11 A03
20250701,plate11,A03,2,42,40C,high-salinity,3.0028568118246293,20250701 plate11 A03
20250701,plate11,A03,3,42,40C,high-salinity,4.566834702246807,20250701 plate11 A03
20250701,plate11,A03,4,42,40C,high-salinity,4.921756682947775,20250701 plate11 A03
20250701,plate11,A04,0,43,40C,high-salinity,0,20250701 plate11 A04
20250701,plate11,A04,1,43,40C,high-salinity,1.0926702839370053,20250701 plate11 A04
20250701,plate11,A04,2,43,40C,high-salinity,1.3266674722798844,20250701 plate11 A04
20250701,plate11,A04,3,43,40C,high-salinity,1.5475843461151875,20250701 plate11 A04
20250701,plate11,A04,4,43,40C,high-salinity,1.6265844927898379,20250701 plate11 A04
20250701,plate11,B03,0,42,40C,high-salinity,0,20250701 plate11 B03
20250701,plate11,B03,1,42,40C,high-salinity,6.055681329204113,20250701 plate11 B03
20250701,plate11,B03,2,42,40C,high-salinity,6.345517797304227,20250701 plate11 B03
20250701,plate11,B03,3,42,40C,high-salinity,7.073842703718161,20250701 plate11 B03
20250701,plate11,B03,4,42,40C,high-salinity,6.703769198305371,20250701 plate11 B03
20250701,plate11,B04,0,43,40C,high-salinity,0,20250701 plate11 B04
20250701,plate11,B04,1,43,40C,high-salinity,1.9046838660605836,20250701 plate11 B04
20250701,plate11,B04,2,43,40C,high-salinity,2.189535153973552,20250701 plate11 B04
20250701,plate11,B04,3,43,40C,high-salinity,2.3944534116003098,20250701 plate11 B04
20250701,plate11,B04,4,43,40C,high-salinity,2.54183712461449,20250701 plate11 B04
20250701,plate11,B06,0,71,40C,low-salinity,0,20250701 plate11 B06
20250701,plate11,B06,1,71,40C,low-salinity,3.0279938508455158,20250701 plate11 B06
20250701,plate11,B06,2,71,40C,low-salinity,3.3224039795120612,20250701 plate11 B06
20250701,plate11,B06,3,71,40C,low-salinity,4.290514129302279,20250701 plate11 B06
20250701,plate11,B06,4,71,40C,low-salinity,5.38180701869446,20250701 plate11 B06
20250701,plate11,C03,0,42,40C,high-salinity,0,20250701 plate11 C03
20250701,plate11,C03,1,42,40C,high-salinity,4.2295787562259886,20250701 plate11 C03
20250701,plate11,C03,2,42,40C,high-salinity,4.37247636841414,20250701 plate11 C03
20250701,plate11,C03,3,42,40C,high-salinity,4.8456121860299435,20250701 plate11 C03
20250701,plate11,C03,4,42,40C,high-salinity,4.992632419613813,20250701 plate11 C03
20250701,plate11,C04,0,43,40C,high-salinity,0,20250701 plate11 C04
20250701,plate11,C04,1,43,40C,high-salinity,1.7406214278887033,20250701 plate11 C04
20250701,plate11,C04,2,43,40C,high-salinity,2.1377496762610324,20250701 plate11 C04
20250701,plate11,C04,3,43,40C,high-salinity,2.5114316525642133,20250701 plate11 C04
20250701,plate11,C04,4,43,40C,high-salinity,2.647317874245888,20250701 plate11 C04
20250701,plate11,C06,0,71,40C,low-salinity,0,20250701 plate11 C06
20250701,plate11,C06,1,71,40C,low-salinity,2.226067009487275,20250701 plate11 C06
20250701,plate11,C06,2,71,40C,low-salinity,2.5570760739078877,20250701 plate11 C06
20250701,plate11,C06,3,71,40C,low-salinity,2.802356248003158,20250701 plate11 C06
20250701,plate11,C06,4,71,40C,low-salinity,2.861423292802503,20250701 plate11 C06
20250701,plate11,D02,0,88,40C,low-salinity,0,20250701 plate11 D02
20250701,plate11,D02,1,88,40C,low-salinity,3.38471329508113,20250701 plate11 D02
20250701,plate11,D02,2,88,40C,low-salinity,6.919702614354047,20250701 plate11 D02
20250701,plate11,D02,3,88,40C,low-salinity,7.7911061084618165,20250701 plate11 D02
20250701,plate11,D02,4,88,40C,low-salinity,8.172637515717177,20250701 plate11 D02
20250701,plate11,D03,0,42,40C,high-salinity,0,20250701 plate11 D03
20250701,plate11,D03,1,42,40C,high-salinity,2.869966172730432,20250701 plate11 D03
20250701,plate11,D03,2,42,40C,high-salinity,3.289255483482203,20250701 plate11 D03
20250701,plate11,D03,3,42,40C,high-salinity,3.5777402803168505,20250701 plate11 D03
20250701,plate11,D03,4,42,40C,high-salinity,3.7135989310466844,20250701 plate11 D03
20250701,plate11,D04,0,43,40C,high-salinity,0,20250701 plate11 D04
20250701,plate11,D04,1,43,40C,high-salinity,1.5720394410823877,20250701 plate11 D04
20250701,plate11,D04,2,43,40C,high-salinity,2.1272355767768087,20250701 plate11 D04
20250701,plate11,D04,3,43,40C,high-salinity,2.6492395784213087,20250701 plate11 D04
20250701,plate11,D04,4,43,40C,high-salinity,2.874151007255405,20250701 plate11 D04
20250701,plate11,D06,0,71,40C,low-salinity,0,20250701 plate11 D06
20250701,plate11,D06,1,71,40C,low-salinity,4.791741344409384,20250701 plate11 D06
20250701,plate11,D06,2,71,40C,low-salinity,5.2554224776307175,20250701 plate11 D06
20250701,plate11,D06,3,71,40C,low-salinity,5.636817920527877,20250701 plate11 D06
20250701,plate11,D06,4,71,40C,low-salinity,5.736805967695307,20250701 plate11 D06
20250701,plate12,A03,0,79,40C,low-salinity,0,20250701 plate12 A03
20250701,plate12,A03,1,79,40C,low-salinity,3.1833953111445275,20250701 plate12 A03
20250701,plate12,A03,2,79,40C,low-salinity,3.4296129056972187,20250701 plate12 A03
20250701,plate12,A03,3,79,40C,low-salinity,4.35815411102351,20250701 plate12 A03
20250701,plate12,A03,4,79,40C,low-salinity,5.067708723578186,20250701 plate12 A03
20250701,plate12,A04,0,47,40C,low-salinity,0,20250701 plate12 A04
20250701,plate12,A04,1,47,40C,low-salinity,2.777444560470521,20250701 plate12 A04
20250701,plate12,A04,2,47,40C,low-salinity,3.1587116989705892,20250701 plate12 A04
20250701,plate12,A04,3,47,40C,low-salinity,3.7354827071068786,20250701 plate12 A04
20250701,plate12,A04,4,47,40C,low-salinity,4.308073750400078,20250701 plate12 A04
20250701,plate12,A06,0,76,40C,low-salinity,0,20250701 plate12 A06
20250701,plate12,A06,1,76,40C,low-salinity,3.2503548557945896,20250701 plate12 A06
20250701,plate12,A06,2,76,40C,low-salinity,3.769235347014075,20250701 plate12 A06
20250701,plate12,A06,3,76,40C,low-salinity,5.149808626372749,20250701 plate12 A06
20250701,plate12,A06,4,76,40C,low-salinity,5.977298609280596,20250701 plate12 A06
20250701,plate12,B02,0,70,40C,low-salinity,0,20250701 plate12 B02
20250701,plate12,B02,1,70,40C,low-salinity,3.6887360613777025,20250701 plate12 B02
20250701,plate12,B02,2,70,40C,low-salinity,4.124553140603041,20250701 plate12 B02
20250701,plate12,B02,3,70,40C,low-salinity,6.100937408067159,20250701 plate12 B02
20250701,plate12,B02,4,70,40C,low-salinity,8.360424991250504,20250701 plate12 B02
20250701,plate12,B03,0,79,40C,low-salinity,0,20250701 plate12 B03
20250701,plate12,B03,1,79,40C,low-salinity,3.5598321766661156,20250701 plate12 B03
20250701,plate12,B03,2,79,40C,low-salinity,4.1153497042620035,20250701 plate12 B03
20250701,plate12,B03,3,79,40C,low-salinity,4.605238837032967,20250701 plate12 B03
20250701,plate12,B03,4,79,40C,low-salinity,4.762680168118839,20250701 plate12 B03
20250701,plate12,B04,0,47,40C,low-salinity,0,20250701 plate12 B04
20250701,plate12,B04,1,47,40C,low-salinity,3.3777740365225455,20250701 plate12 B04
20250701,plate12,B04,2,47,40C,low-salinity,3.648748792130921,20250701 plate12 B04
20250701,plate12,B04,3,47,40C,low-salinity,5.939607332821053,20250701 plate12 B04
20250701,plate12,B04,4,47,40C,low-salinity,5.937837252356325,20250701 plate12 B04
20250701,plate12,B05,0,77,40C,low-salinity,0,20250701 plate12 B05
20250701,plate12,B05,1,77,40C,low-salinity,3.5678548848779754,20250701 plate12 B05
20250701,plate12,B05,2,77,40C,low-salinity,3.993566437832235,20250701 plate12 B05
20250701,plate12,B05,3,77,40C,low-salinity,5.452384051899201,20250701 plate12 B05
20250701,plate12,B05,4,77,40C,low-salinity,8.333023067792045,20250701 plate12 B05
20250701,plate12,B06,0,76,40C,low-salinity,0,20250701 plate12 B06
20250701,plate12,B06,1,76,40C,low-salinity,3.671528218051983,20250701 plate12 B06
20250701,plate12,B06,2,76,40C,low-salinity,4.043399711769462,20250701 plate12 B06
20250701,plate12,B06,3,76,40C,low-salinity,4.488838322987114,20250701 plate12 B06
20250701,plate12,B06,4,76,40C,low-salinity,4.55404837276244,20250701 plate12 B06
20250701,plate12,C02,0,70,40C,low-salinity,0,20250701 plate12 C02
20250701,plate12,C02,1,70,40C,low-salinity,2.0645013424994914,20250701 plate12 C02
20250701,plate12,C02,2,70,40C,low-salinity,2.540421280541031,20250701 plate12 C02
20250701,plate12,C02,3,70,40C,low-salinity,4.850129005638051,20250701 plate12 C02
20250701,plate12,C02,4,70,40C,low-salinity,5.634120934279331,20250701 plate12 C02
20250701,plate12,C03,0,79,40C,low-salinity,0,20250701 plate12 C03
20250701,plate12,C03,1,79,40C,low-salinity,3.0269183183950004,20250701 plate12 C03
20250701,plate12,C03,2,79,40C,low-salinity,3.606412107307874,20250701 plate12 C03
20250701,plate12,C03,3,79,40C,low-salinity,5.510154264681401,20250701 plate12 C03
20250701,plate12,C03,4,79,40C,low-salinity,6.887988775005047,20250701 plate12 C03
20250701,plate12,C04,0,47,40C,low-salinity,0,20250701 plate12 C04
20250701,plate12,C04,1,47,40C,low-salinity,3.760266710531677,20250701 plate12 C04
20250701,plate12,C04,2,47,40C,low-salinity,4.271494572011703,20250701 plate12 C04
20250701,plate12,C04,3,47,40C,low-salinity,4.875434770974537,20250701 plate12 C04
20250701,plate12,C04,4,47,40C,low-salinity,6.060012640362528,20250701 plate12 C04
20250701,plate12,C05,0,77,40C,low-salinity,0,20250701 plate12 C05
20250701,plate12,C05,1,77,40C,low-salinity,3.459053490701232,20250701 plate12 C05
20250701,plate12,C05,2,77,40C,low-salinity,3.6960150268497185,20250701 plate12 C05
20250701,plate12,C05,3,77,40C,low-salinity,5.273998163827659,20250701 plate12 C05
20250701,plate12,C05,4,77,40C,low-salinity,6.121793482755488,20250701 plate12 C05
20250701,plate12,C06,0,76,40C,low-salinity,0,20250701 plate12 C06
20250701,plate12,C06,1,76,40C,low-salinity,4.409900311720727,20250701 plate12 C06
20250701,plate12,C06,2,76,40C,low-salinity,4.9280056181952085,20250701 plate12 C06
20250701,plate12,C06,3,76,40C,low-salinity,5.39465079279399,20250701 plate12 C06
20250701,plate12,C06,4,76,40C,low-salinity,5.539775519200729,20250701 plate12 C06
20250701,plate12,D02,0,70,40C,low-salinity,0,20250701 plate12 D02
20250701,plate12,D02,1,70,40C,low-salinity,0.46948139037668646,20250701 plate12 D02
20250701,plate12,D02,2,70,40C,low-salinity,0.7937624405978421,20250701 plate12 D02
20250701,plate12,D02,3,70,40C,low-salinity,1.39996893761238,20250701 plate12 D02
20250701,plate12,D02,4,70,40C,low-salinity,2.5812930277021335,20250701 plate12 D02
20250701,plate12,D03,0,79,40C,low-salinity,0,20250701 plate12 D03
20250701,plate12,D03,1,79,40C,low-salinity,2.0733202825050348,20250701 plate12 D03
20250701,plate12,D03,2,79,40C,low-salinity,2.5141893054639843,20250701 plate12 D03
20250701,plate12,D03,3,79,40C,low-salinity,5.117333614352904,20250701 plate12 D03
20250701,plate12,D03,4,79,40C,low-salinity,5.463990643055375,20250701 plate12 D03
20250701,plate12,D04,0,47,40C,low-salinity,0,20250701 plate12 D04
20250701,plate12,D04,1,47,40C,low-salinity,3.6082584191845988,20250701 plate12 D04
20250701,plate12,D04,2,47,40C,low-salinity,4.008888284539463,20250701 plate12 D04
20250701,plate12,D04,3,47,40C,low-salinity,5.525241643379366,20250701 plate12 D04
20250701,plate12,D04,4,47,40C,low-salinity,6.249668966108468,20250701 plate12 D04
20250701,plate12,D06,0,76,40C,low-salinity,0,20250701 plate12 D06
20250701,plate12,D06,1,76,40C,low-salinity,2.875188591483858,20250701 plate12 D06
20250701,plate12,D06,2,76,40C,low-salinity,3.32496299705139,20250701 plate12 D06
20250701,plate12,D06,3,76,40C,low-salinity,3.6056232118934757,20250701 plate12 D06
20250701,plate12,D06,4,76,40C,low-salinity,3.7029678687544036,20250701 plate12 D06
20250701,plate13,A02,0,24,40C,high-salinity,0,20250701 plate13 A02
20250701,plate13,A02,1,24,40C,high-salinity,3.2576316209722274,20250701 plate13 A02
20250701,plate13,A02,2,24,40C,high-salinity,3.5757807314707004,20250701 plate13 A02
20250701,plate13,A02,3,24,40C,high-salinity,7.702918661058537,20250701 plate13 A02
20250701,plate13,A02,4,24,40C,high-salinity,7.6874828210447115,20250701 plate13 A02
20250701,plate13,A03,0,5,40C,high-salinity,0,20250701 plate13 A03
20250701,plate13,A03,1,5,40C,high-salinity,3.5879991310899118,20250701 plate13 A03
20250701,plate13,A03,2,5,40C,high-salinity,5.052570956844173,20250701 plate13 A03
20250701,plate13,A03,3,5,40C,high-salinity,6.1331404662429785,20250701 plate13 A03
20250701,plate13,A03,4,5,40C,high-salinity,5.977199051181883,20250701 plate13 A03
20250701,plate13,A04,0,20,40C,high-salinity,0,20250701 plate13 A04
20250701,plate13,A04,1,20,40C,high-salinity,1.6400159053428989,20250701 plate13 A04
20250701,plate13,A04,2,20,40C,high-salinity,1.908372095073512,20250701 plate13 A04
20250701,plate13,A04,3,20,40C,high-salinity,3.790813413980572,20250701 plate13 A04
20250701,plate13,A04,4,20,40C,high-salinity,4.627755319346902,20250701 plate13 A04
20250701,plate13,A05,0,88,40C,low-salinity,0,20250701 plate13 A05
20250701,plate13,A05,1,88,40C,low-salinity,2.5860286097780203,20250701 plate13 A05
20250701,plate13,A05,2,88,40C,low-salinity,4.907295661592924,20250701 plate13 A05
20250701,plate13,A05,3,88,40C,low-salinity,5.798990194304045,20250701 plate13 A05
20250701,plate13,A05,4,88,40C,low-salinity,6.765030177961681,20250701 plate13 A05
20250701,plate13,B02,0,24,40C,high-salinity,0,20250701 plate13 B02
20250701,plate13,B02,1,24,40C,high-salinity,2.7750921604915213,20250701 plate13 B02
20250701,plate13,B02,2,24,40C,high-salinity,2.9852700946536115,20250701 plate13 B02
20250701,plate13,B02,3,24,40C,high-salinity,3.488494718403625,20250701 plate13 B02
20250701,plate13,B02,4,24,40C,high-salinity,4.610664496782987,20250701 plate13 B02
20250701,plate13,B03,0,5,40C,high-salinity,0,20250701 plate13 B03
20250701,plate13,B03,1,5,40C,high-salinity,2.4228120014721686,20250701 plate13 B03
20250701,plate13,B03,2,5,40C,high-salinity,2.9216154226491535,20250701 plate13 B03
20250701,plate13,B03,3,5,40C,high-salinity,3.334759142303153,20250701 plate13 B03
20250701,plate13,B03,4,5,40C,high-salinity,4.444089629476641,20250701 plate13 B03
20250701,plate13,B05,0,88,40C,low-salinity,0,20250701 plate13 B05
20250701,plate13,B05,1,88,40C,low-salinity,2.363869510164838,20250701 plate13 B05
20250701,plate13,B05,2,88,40C,low-salinity,2.6339817361212394,20250701 plate13 B05
20250701,plate13,B05,3,88,40C,low-salinity,2.8977909609676975,20250701 plate13 B05
20250701,plate13,B05,4,88,40C,low-salinity,4.294330940302847,20250701 plate13 B05
20250701,plate13,B06,0,54,40C,low-salinity,0,20250701 plate13 B06
20250701,plate13,B06,1,54,40C,low-salinity,4.377326227893392,20250701 plate13 B06
20250701,plate13,B06,2,54,40C,low-salinity,6.631200275938402,20250701 plate13 B06
20250701,plate13,B06,3,54,40C,low-salinity,9.205554554063754,20250701 plate13 B06
20250701,plate13,B06,4,54,40C,low-salinity,9.941187108341849,20250701 plate13 B06
20250701,plate13,C02,0,24,40C,high-salinity,0,20250701 plate13 C02
20250701,plate13,C02,1,24,40C,high-salinity,2.421479828761632,20250701 plate13 C02
20250701,plate13,C02,2,24,40C,high-salinity,2.829880427904662,20250701 plate13 C02
20250701,plate13,C02,3,24,40C,high-salinity,3.5850647300901604,20250701 plate13 C02
20250701,plate13,C02,4,24,40C,high-salinity,4.795883803381043,20250701 plate13 C02
20250701,plate13,C03,0,5,40C,high-salinity,0,20250701 plate13 C03
20250701,plate13,C03,1,5,40C,high-salinity,3.243240765374087,20250701 plate13 C03
20250701,plate13,C03,2,5,40C,high-salinity,3.505976086890295,20250701 plate13 C03
20250701,plate13,C03,3,5,40C,high-salinity,6.115539163242327,20250701 plate13 C03
20250701,plate13,C03,4,5,40C,high-salinity,8.00612715175774,20250701 plate13 C03
20250701,plate13,C04,0,20,40C,high-salinity,0,20250701 plate13 C04
20250701,plate13,C04,1,20,40C,high-salinity,2.6203745439200463,20250701 plate13 C04
20250701,plate13,C04,2,20,40C,high-salinity,2.249771709631587,20250701 plate13 C04
20250701,plate13,C04,3,20,40C,high-salinity,2.414774728165259,20250701 plate13 C04
20250701,plate13,C04,4,20,40C,high-salinity,4.398675282972752,20250701 plate13 C04
20250701,plate13,C06,0,54,40C,low-salinity,0,20250701 plate13 C06
20250701,plate13,C06,1,54,40C,low-salinity,3.267116349390521,20250701 plate13 C06
20250701,plate13,C06,2,54,40C,low-salinity,4.357064028783769,20250701 plate13 C06
20250701,plate13,C06,3,54,40C,low-salinity,5.64118207742889,20250701 plate13 C06
20250701,plate13,C06,4,54,40C,low-salinity,5.592736608531344,20250701 plate13 C06
20250701,plate13,D02,0,24,40C,high-salinity,0,20250701 plate13 D02
20250701,plate13,D02,1,24,40C,high-salinity,3.3626118309746196,20250701 plate13 D02
20250701,plate13,D02,2,24,40C,high-salinity,3.785406462396495,20250701 plate13 D02
20250701,plate13,D02,3,24,40C,high-salinity,4.0685603232444905,20250701 plate13 D02
20250701,plate13,D02,4,24,40C,high-salinity,4.8726165465807,20250701 plate13 D02
20250701,plate13,D04,0,20,40C,high-salinity,0,20250701 plate13 D04
20250701,plate13,D04,1,20,40C,high-salinity,2.798035311070272,20250701 plate13 D04
20250701,plate13,D04,2,20,40C,high-salinity,2.8095690553201607,20250701 plate13 D04
20250701,plate13,D04,3,20,40C,high-salinity,3.624974641739216,20250701 plate13 D04
20250701,plate13,D04,4,20,40C,high-salinity,3.458082586035119,20250701 plate13 D04
20250701,plate13,D06,0,54,40C,low-salinity,0,20250701 plate13 D06
20250701,plate13,D06,1,54,40C,low-salinity,2.8788551859827223,20250701 plate13 D06
20250701,plate13,D06,2,54,40C,low-salinity,4.35325154599432,20250701 plate13 D06
20250701,plate13,D06,3,54,40C,low-salinity,5.677424726072878,20250701 plate13 D06
20250701,plate13,D06,4,54,40C,low-salinity,5.830011027002515,20250701 plate13 D06
20250701,plate14,A02,0,24,40C,high-salinity,0,20250701 plate14 A02
20250701,plate14,A02,1,24,40C,high-salinity,3.3346598110788976,20250701 plate14 A02
20250701,plate14,A02,2,24,40C,high-salinity,3.584784936966899,20250701 plate14 A02
20250701,plate14,A02,3,24,40C,high-salinity,6.377238572177665,20250701 plate14 A02
20250701,plate14,A02,4,24,40C,high-salinity,5.964353418403995,20250701 plate14 A02
20250701,plate14,A03,0,85,40C,low-salinity,0,20250701 plate14 A03
20250701,plate14,A03,1,85,40C,low-salinity,2.974957220556051,20250701 plate14 A03
20250701,plate14,A03,2,85,40C,low-salinity,3.319299784649637,20250701 plate14 A03
20250701,plate14,A03,3,85,40C,low-salinity,6.3895997792611015,20250701 plate14 A03
20250701,plate14,A03,4,85,40C,low-salinity,6.496656133863367,20250701 plate14 A03
20250701,plate14,A04,0,79,40C,low-salinity,0,20250701 plate14 A04
20250701,plate14,A04,1,79,40C,low-salinity,3.124915051140063,20250701 plate14 A04
20250701,plate14,A04,2,79,40C,low-salinity,3.4313055591985013,20250701 plate14 A04
20250701,plate14,A04,3,79,40C,low-salinity,4.007931861094227,20250701 plate14 A04
20250701,plate14,A04,4,79,40C,low-salinity,4.12902369915437,20250701 plate14 A04
20250701,plate14,A05,0,60,40C,low-salinity,0,20250701 plate14 A05
20250701,plate14,A05,1,60,40C,low-salinity,2.0883274511342798,20250701 plate14 A05
20250701,plate14,A05,2,60,40C,low-salinity,2.3945165709962817,20250701 plate14 A05
20250701,plate14,A05,3,60,40C,low-salinity,2.6563645691281423,20250701 plate14 A05
20250701,plate14,A05,4,60,40C,low-salinity,2.749121252997722,20250701 plate14 A05
20250701,plate14,A06,0,82,40C,low-salinity,0,20250701 plate14 A06
20250701,plate14,A06,1,82,40C,low-salinity,3.866887917543705,20250701 plate14 A06
20250701,plate14,A06,2,82,40C,low-salinity,4.1182117147362085,20250701 plate14 A06
20250701,plate14,A06,3,82,40C,low-salinity,5.880626244869455,20250701 plate14 A06
20250701,plate14,A06,4,82,40C,low-salinity,5.453219394248139,20250701 plate14 A06
20250701,plate14,B02,0,24,40C,high-salinity,0,20250701 plate14 B02
20250701,plate14,B02,1,24,40C,high-salinity,3.3835274718147526,20250701 plate14 B02
20250701,plate14,B02,2,24,40C,high-salinity,3.5197145089680704,20250701 plate14 B02
20250701,plate14,B02,3,24,40C,high-salinity,3.909979073070037,20250701 plate14 B02
20250701,plate14,B02,4,24,40C,high-salinity,4.130783202087998,20250701 plate14 B02
20250701,plate14,B04,0,79,40C,low-salinity,0,20250701 plate14 B04
20250701,plate14,B04,1,79,40C,low-salinity,4.137231425432671,20250701 plate14 B04
20250701,plate14,B04,2,79,40C,low-salinity,4.4067285698309,20250701 plate14 B04
20250701,plate14,B04,3,79,40C,low-salinity,4.779041412246386,20250701 plate14 B04
20250701,plate14,B04,4,79,40C,low-salinity,5.698387837361861,20250701 plate14 B04
20250701,plate14,B05,0,60,40C,low-salinity,0,20250701 plate14 B05
20250701,plate14,B05,1,60,40C,low-salinity,2.4082210408088804,20250701 plate14 B05
20250701,plate14,B05,2,60,40C,low-salinity,2.6848993464524336,20250701 plate14 B05
20250701,plate14,B05,3,60,40C,low-salinity,2.9373635333600747,20250701 plate14 B05
20250701,plate14,B05,4,60,40C,low-salinity,3.675969771915878,20250701 plate14 B05
20250701,plate14,C02,0,24,40C,high-salinity,0,20250701 plate14 C02
20250701,plate14,C02,1,24,40C,high-salinity,2.2233762381591897,20250701 plate14 C02
20250701,plate14,C02,2,24,40C,high-salinity,2.6013471990215526,20250701 plate14 C02
20250701,plate14,C02,3,24,40C,high-salinity,2.889637036422717,20250701 plate14 C02
20250701,plate14,C02,4,24,40C,high-salinity,3.08831390783144,20250701 plate14 C02
20250701,plate14,D02,0,24,40C,high-salinity,0,20250701 plate14 D02
20250701,plate14,D02,1,24,40C,high-salinity,3.9942799343267192,20250701 plate14 D02
20250701,plate14,D02,2,24,40C,high-salinity,5.545208736510899,20250701 plate14 D02
20250701,plate14,D02,3,24,40C,high-salinity,5.559156210037798,20250701 plate14 D02
20250701,plate14,D02,4,24,40C,high-salinity,5.770273120956989,20250701 plate14 D02
20250701,plate14,D03,0,85,40C,low-salinity,0,20250701 plate14 D03
20250701,plate14,D03,1,85,40C,low-salinity,0.8060927832946914,20250701 plate14 D03
20250701,plate14,D03,2,85,40C,low-salinity,1.1397696900795995,20250701 plate14 D03
20250701,plate14,D03,3,85,40C,low-salinity,3.592600157864513,20250701 plate14 D03
20250701,plate14,D03,4,85,40C,low-salinity,6.169328187350291,20250701 plate14 D03
20250701,plate14,D04,0,79,40C,low-salinity,0,20250701 plate14 D04
20250701,plate14,D04,1,79,40C,low-salinity,2.9677908408695637,20250701 plate14 D04
20250701,plate14,D04,2,79,40C,low-salinity,3.3574643976605456,20250701 plate14 D04
20250701,plate14,D04,3,79,40C,low-salinity,3.772028142643736,20250701 plate14 D04
20250701,plate14,D04,4,79,40C,low-salinity,4.032309037207612,20250701 plate14 D04
20250701,plate14,D05,0,60,40C,low-salinity,0,20250701 plate14 D05
20250701,plate14,D05,1,60,40C,low-salinity,0.7618494682866254,20250701 plate14 D05
20250701,plate14,D05,2,60,40C,low-salinity,1.2322408207658893,20250701 plate14 D05
20250701,plate14,D05,3,60,40C,low-salinity,5.353457384228691,20250701 plate14 D05
20250701,plate14,D05,4,60,40C,low-salinity,5.9818360176316485,20250701 plate14 D05
20250701,plate15,A02,0,80,40C,low-salinity,0,20250701 plate15 A02
20250701,plate15,A02,1,80,40C,low-salinity,2.98689320747538,20250701 plate15 A02
20250701,plate15,A02,2,80,40C,low-salinity,3.327966744396365,20250701 plate15 A02
20250701,plate15,A02,3,80,40C,low-salinity,3.7652247735480895,20250701 plate15 A02
20250701,plate15,A02,4,80,40C,low-salinity,5.10663668647666,20250701 plate15 A02
20250701,plate15,A03,0,47,40C,low-salinity,0,20250701 plate15 A03
20250701,plate15,A03,1,47,40C,low-salinity,2.890499827365658,20250701 plate15 A03
20250701,plate15,A03,2,47,40C,low-salinity,3.2570065241979322,20250701 plate15 A03
20250701,plate15,A03,3,47,40C,low-salinity,3.715900071381359,20250701 plate15 A03
20250701,plate15,A03,4,47,40C,low-salinity,4.7698652445993766,20250701 plate15 A03
20250701,plate15,A04,0,88,40C,low-salinity,0,20250701 plate15 A04
20250701,plate15,A04,1,88,40C,low-salinity,2.3858106617176595,20250701 plate15 A04
20250701,plate15,A04,2,88,40C,low-salinity,2.776763118530276,20250701 plate15 A04
20250701,plate15,A04,3,88,40C,low-salinity,3.2067616010663422,20250701 plate15 A04
20250701,plate15,A04,4,88,40C,low-salinity,5.1745400332533285,20250701 plate15 A04
20250701,plate15,A05,0,78,40C,low-salinity,0,20250701 plate15 A05
20250701,plate15,A05,1,78,40C,low-salinity,3.3873276285677294,20250701 plate15 A05
20250701,plate15,A05,2,78,40C,low-salinity,3.7770193919385933,20250701 plate15 A05
20250701,plate15,A05,3,78,40C,low-salinity,6.285018587490023,20250701 plate15 A05
20250701,plate15,A05,4,78,40C,low-salinity,6.584430284180657,20250701 plate15 A05
20250701,plate15,A06,0,26,40C,high-salinity,0,20250701 plate15 A06
20250701,plate15,A06,1,26,40C,high-salinity,3.7939370524136016,20250701 plate15 A06
20250701,plate15,A06,2,26,40C,high-salinity,4.1708484143514815,20250701 plate15 A06
20250701,plate15,A06,3,26,40C,high-salinity,4.501168829384467,20250701 plate15 A06
20250701,plate15,A06,4,26,40C,high-salinity,5.37848667030448,20250701 plate15 A06
20250701,plate15,B02,0,80,40C,low-salinity,0,20250701 plate15 B02
20250701,plate15,B02,1,80,40C,low-salinity,4.21375285342127,20250701 plate15 B02
20250701,plate15,B02,2,80,40C,low-salinity,4.421819471874763,20250701 plate15 B02
20250701,plate15,B02,3,80,40C,low-salinity,5.313194965176706,20250701 plate15 B02
20250701,plate15,B02,4,80,40C,low-salinity,7.182708696359644,20250701 plate15 B02
20250701,plate15,B03,0,47,40C,low-salinity,0,20250701 plate15 B03
20250701,plate15,B03,1,47,40C,low-salinity,2.5717529948077185,20250701 plate15 B03
20250701,plate15,B03,2,47,40C,low-salinity,3.8974026537469624,20250701 plate15 B03
20250701,plate15,B03,3,47,40C,low-salinity,4.154479721964227,20250701 plate15 B03
20250701,plate15,B03,4,47,40C,low-salinity,4.546321226259581,20250701 plate15 B03
20250701,plate15,B04,0,88,40C,low-salinity,0,20250701 plate15 B04
20250701,plate15,B04,1,88,40C,low-salinity,2.5992007962198675,20250701 plate15 B04
20250701,plate15,B04,2,88,40C,low-salinity,3.019038977503089,20250701 plate15 B04
20250701,plate15,B04,3,88,40C,low-salinity,3.3817777811253746,20250701 plate15 B04
20250701,plate15,B04,4,88,40C,low-salinity,4.849641998539448,20250701 plate15 B04
20250701,plate15,B06,0,26,40C,high-salinity,0,20250701 plate15 B06
20250701,plate15,B06,1,26,40C,high-salinity,3.748525255910767,20250701 plate15 B06
20250701,plate15,B06,2,26,40C,high-salinity,4.287535457788091,20250701 plate15 B06
20250701,plate15,B06,3,26,40C,high-salinity,5.015539026213844,20250701 plate15 B06
20250701,plate15,B06,4,26,40C,high-salinity,6.685216344570403,20250701 plate15 B06
20250701,plate15,C02,0,80,40C,low-salinity,0,20250701 plate15 C02
20250701,plate15,C02,1,80,40C,low-salinity,3.96148346190359,20250701 plate15 C02
20250701,plate15,C02,2,80,40C,low-salinity,4.3800508796945,20250701 plate15 C02
20250701,plate15,C02,3,80,40C,low-salinity,6.6198406766308535,20250701 plate15 C02
20250701,plate15,C02,4,80,40C,low-salinity,7.376469000917643,20250701 plate15 C02
20250701,plate15,C03,0,47,40C,low-salinity,0,20250701 plate15 C03
20250701,plate15,C03,1,47,40C,low-salinity,2.648243404882976,20250701 plate15 C03
20250701,plate15,C03,2,47,40C,low-salinity,3.0949156840021534,20250701 plate15 C03
20250701,plate15,C03,3,47,40C,low-salinity,3.3930711899197985,20250701 plate15 C03
20250701,plate15,C03,4,47,40C,low-salinity,3.6435675348555088,20250701 plate15 C03
20250701,plate15,C05,0,78,40C,low-salinity,0,20250701 plate15 C05
20250701,plate15,C05,1,78,40C,low-salinity,5.791487578776812,20250701 plate15 C05
20250701,plate15,C05,2,78,40C,low-salinity,8.119175856413252,20250701 plate15 C05
20250701,plate15,C05,3,78,40C,low-salinity,8.183201153399308,20250701 plate15 C05
20250701,plate15,C05,4,78,40C,low-salinity,8.156216114978903,20250701 plate15 C05
20250701,plate15,C06,0,26,40C,high-salinity,0,20250701 plate15 C06
20250701,plate15,C06,1,26,40C,high-salinity,1.5771243333249876,20250701 plate15 C06
20250701,plate15,C06,2,26,40C,high-salinity,1.8566772021966695,20250701 plate15 C06
20250701,plate15,C06,3,26,40C,high-salinity,2.159646459815049,20250701 plate15 C06
20250701,plate15,C06,4,26,40C,high-salinity,3.2652525687972167,20250701 plate15 C06
20250701,plate15,D02,0,80,40C,low-salinity,0,20250701 plate15 D02
20250701,plate15,D02,1,80,40C,low-salinity,2.2168475753763883,20250701 plate15 D02
20250701,plate15,D02,2,80,40C,low-salinity,2.4721432355218287,20250701 plate15 D02
20250701,plate15,D02,3,80,40C,low-salinity,2.6303558295924687,20250701 plate15 D02
20250701,plate15,D02,4,80,40C,low-salinity,3.3179010652816365,20250701 plate15 D02
20250701,plate15,D03,0,47,40C,low-salinity,0,20250701 plate15 D03
20250701,plate15,D03,1,47,40C,low-salinity,2.510606212957354,20250701 plate15 D03
20250701,plate15,D03,2,47,40C,low-salinity,2.914111919045779,20250701 plate15 D03
20250701,plate15,D03,3,47,40C,low-salinity,3.2049267114674103,20250701 plate15 D03
20250701,plate15,D03,4,47,40C,low-salinity,3.3848468962537885,20250701 plate15 D03
20250701,plate15,D04,0,88,40C,low-salinity,0,20250701 plate15 D04
20250701,plate15,D04,1,88,40C,low-salinity,3.3424454885069177,20250701 plate15 D04
20250701,plate15,D04,2,88,40C,low-salinity,3.742195132032499,20250701 plate15 D04
20250701,plate15,D04,3,88,40C,low-salinity,7.266645547495717,20250701 plate15 D04
20250701,plate15,D04,4,88,40C,low-salinity,8.222967237179764,20250701 plate15 D04
20250701,plate15,D06,0,26,40C,high-salinity,0,20250701 plate15 D06
20250701,plate15,D06,1,26,40C,high-salinity,3.319257769277267,20250701 plate15 D06
20250701,plate15,D06,2,26,40C,high-salinity,3.6455358087048517,20250701 plate15 D06
20250701,plate15,D06,3,26,40C,high-salinity,6.1033352422522364,20250701 plate15 D06
20250701,plate15,D06,4,26,40C,high-salinity,6.713559210183706,20250701 plate15 D06
20250701,plate16,A02,0,90,40C,low-salinity,0,20250701 plate16 A02
20250701,plate16,A02,1,90,40C,low-salinity,2.0142675340222045,20250701 plate16 A02
20250701,plate16,A02,2,90,40C,low-salinity,2.5137618516535105,20250701 plate16 A02
20250701,plate16,A02,3,90,40C,low-salinity,3.7592297495508435,20250701 plate16 A02
20250701,plate16,A02,4,90,40C,low-salinity,4.753575058740993,20250701 plate16 A02
20250701,plate16,A05,0,36,40C,high-salinity,0,20250701 plate16 A05
20250701,plate16,A05,1,36,40C,high-salinity,2.427163094866784,20250701 plate16 A05
20250701,plate16,A05,2,36,40C,high-salinity,2.6083078995809235,20250701 plate16 A05
20250701,plate16,A05,3,36,40C,high-salinity,2.8188754615483913,20250701 plate16 A05
20250701,plate16,A05,4,36,40C,high-salinity,3.7575276068174976,20250701 plate16 A05
20250701,plate16,A06,0,42,40C,high-salinity,0,20250701 plate16 A06
20250701,plate16,A06,1,42,40C,high-salinity,4.190907901875202,20250701 plate16 A06
20250701,plate16,A06,2,42,40C,high-salinity,4.660101262976997,20250701 plate16 A06
20250701,plate16,A06,3,42,40C,high-salinity,7.461525233515939,20250701 plate16 A06
20250701,plate16,A06,4,42,40C,high-salinity,7.797457844442905,20250701 plate16 A06
20250701,plate16,B02,0,90,40C,low-salinity,0,20250701 plate16 B02
20250701,plate16,B02,1,90,40C,low-salinity,0.3917975098601168,20250701 plate16 B02
20250701,plate16,B02,2,90,40C,low-salinity,0.9364794119304025,20250701 plate16 B02
20250701,plate16,B02,3,90,40C,low-salinity,4.1631598849793425,20250701 plate16 B02
20250701,plate16,B02,4,90,40C,low-salinity,5.795815598645969,20250701 plate16 B02
20250701,plate16,B03,0,12,40C,high-salinity,0,20250701 plate16 B03
20250701,plate16,B03,1,12,40C,high-salinity,2.2157644016214326,20250701 plate16 B03
20250701,plate16,B03,2,12,40C,high-salinity,2.445754792130008,20250701 plate16 B03
20250701,plate16,B03,3,12,40C,high-salinity,2.660019826303273,20250701 plate16 B03
20250701,plate16,B03,4,12,40C,high-salinity,3.9876330002072673,20250701 plate16 B03
20250701,plate16,B04,0,55,40C,low-salinity,0,20250701 plate16 B04
20250701,plate16,B04,1,55,40C,low-salinity,2.500151842355306,20250701 plate16 B04
20250701,plate16,B04,2,55,40C,low-salinity,2.7934394932631297,20250701 plate16 B04
20250701,plate16,B04,3,55,40C,low-salinity,3.1978938793930944,20250701 plate16 B04
20250701,plate16,B04,4,55,40C,low-salinity,4.00586531232019,20250701 plate16 B04
20250701,plate16,B05,0,36,40C,high-salinity,0,20250701 plate16 B05
20250701,plate16,B05,1,36,40C,high-salinity,3.4740006417611045,20250701 plate16 B05
20250701,plate16,B05,2,36,40C,high-salinity,4.278972572355398,20250701 plate16 B05
20250701,plate16,B05,3,36,40C,high-salinity,7.188679860296009,20250701 plate16 B05
20250701,plate16,B05,4,36,40C,high-salinity,9.69152930172656,20250701 plate16 B05
20250701,plate16,B06,0,42,40C,high-salinity,0,20250701 plate16 B06
20250701,plate16,B06,1,42,40C,high-salinity,3.916679205492832,20250701 plate16 B06
20250701,plate16,B06,2,42,40C,high-salinity,4.295051157692126,20250701 plate16 B06
20250701,plate16,B06,3,42,40C,high-salinity,5.415839496961451,20250701 plate16 B06
20250701,plate16,B06,4,42,40C,high-salinity,6.469984736261395,20250701 plate16 B06
20250701,plate16,C03,0,12,40C,high-salinity,0,20250701 plate16 C03
20250701,plate16,C03,1,12,40C,high-salinity,2.7665302525108224,20250701 plate16 C03
20250701,plate16,C03,2,12,40C,high-salinity,3.2732243663258904,20250701 plate16 C03
20250701,plate16,C03,3,12,40C,high-salinity,3.4275078054021524,20250701 plate16 C03
20250701,plate16,C03,4,12,40C,high-salinity,3.6504133604448765,20250701 plate16 C03
20250701,plate16,C05,0,36,40C,high-salinity,0,20250701 plate16 C05
20250701,plate16,C05,1,36,40C,high-salinity,2.5115384982841733,20250701 plate16 C05
20250701,plate16,C05,2,36,40C,high-salinity,2.845245206846787,20250701 plate16 C05
20250701,plate16,C05,3,36,40C,high-salinity,3.0551259069061443,20250701 plate16 C05
20250701,plate16,C05,4,36,40C,high-salinity,3.160939950607346,20250701 plate16 C05
20250701,plate16,C06,0,42,40C,high-salinity,0,20250701 plate16 C06
20250701,plate16,C06,1,42,40C,high-salinity,3.1093664273828114,20250701 plate16 C06
20250701,plate16,C06,2,42,40C,high-salinity,3.429225064553976,20250701 plate16 C06
20250701,plate16,C06,3,42,40C,high-salinity,3.8774420418233557,20250701 plate16 C06
20250701,plate16,C06,4,42,40C,high-salinity,3.961164681747314,20250701 plate16 C06
20250701,plate16,D02,0,90,40C,low-salinity,0,20250701 plate16 D02
20250701,plate16,D02,1,90,40C,low-salinity,3.364432020131539,20250701 plate16 D02
20250701,plate16,D02,2,90,40C,low-salinity,3.9933224736792052,20250701 plate16 D02
20250701,plate16,D02,3,90,40C,low-salinity,6.476255349726621,20250701 plate16 D02
20250701,plate16,D02,4,90,40C,low-salinity,7.279503846118556,20250701 plate16 D02
20250701,plate16,D03,0,12,40C,high-salinity,0,20250701 plate16 D03
20250701,plate16,D03,1,12,40C,high-salinity,1.9097940746160045,20250701 plate16 D03
20250701,plate16,D03,2,12,40C,high-salinity,2.190990377685007,20250701 plate16 D03
20250701,plate16,D03,3,12,40C,high-salinity,2.3917552912227857,20250701 plate16 D03
20250701,plate16,D03,4,12,40C,high-salinity,2.603562690024603,20250701 plate16 D03
20250701,plate16,D05,0,36,40C,high-salinity,0,20250701 plate16 D05
20250701,plate16,D05,1,36,40C,high-salinity,2.8221654757713184,20250701 plate16 D05
20250701,plate16,D05,2,36,40C,high-salinity,3.2925487341332103,20250701 plate16 D05
20250701,plate16,D05,3,36,40C,high-salinity,5.543071966710073,20250701 plate16 D05
20250701,plate16,D05,4,36,40C,high-salinity,5.840631711171961,20250701 plate16 D05
20250701,plate17,A02,0,55,40C,low-salinity,0,20250701 plate17 A02
20250701,plate17,A02,1,55,40C,low-salinity,2.696690969989948,20250701 plate17 A02
20250701,plate17,A02,2,55,40C,low-salinity,2.9729755840067367,20250701 plate17 A02
20250701,plate17,A02,3,55,40C,low-salinity,4.215580347790633,20250701 plate17 A02
20250701,plate17,A02,4,55,40C,low-salinity,5.25970176127096,20250701 plate17 A02
20250701,plate17,A03,0,41,40C,high-salinity,0,20250701 plate17 A03
20250701,plate17,A03,1,41,40C,high-salinity,2.109113142123417,20250701 plate17 A03
20250701,plate17,A03,2,41,40C,high-salinity,2.3577918822835517,20250701 plate17 A03
20250701,plate17,A03,3,41,40C,high-salinity,2.6558524599911806,20250701 plate17 A03
20250701,plate17,A03,4,41,40C,high-salinity,2.7687217264879878,20250701 plate17 A03
20250701,plate17,A04,0,38,40C,high-salinity,0,20250701 plate17 A04
20250701,plate17,A04,1,38,40C,high-salinity,1.383042592063418,20250701 plate17 A04
20250701,plate17,A04,2,38,40C,high-salinity,2.0960170528163915,20250701 plate17 A04
20250701,plate17,A04,3,38,40C,high-salinity,3.952701698807467,20250701 plate17 A04
20250701,plate17,A04,4,38,40C,high-salinity,4.1557260211720255,20250701 plate17 A04
20250701,plate17,A05,0,15,40C,high-salinity,0,20250701 plate17 A05
20250701,plate17,A05,1,15,40C,high-salinity,1.462721900253402,20250701 plate17 A05
20250701,plate17,A05,2,15,40C,high-salinity,1.7493736549862595,20250701 plate17 A05
20250701,plate17,A05,3,15,40C,high-salinity,4.022391062824639,20250701 plate17 A05
20250701,plate17,A05,4,15,40C,high-salinity,4.174394851329438,20250701 plate17 A05
20250701,plate17,A06,0,6,40C,high-salinity,0,20250701 plate17 A06
20250701,plate17,A06,1,6,40C,high-salinity,1.724092277809292,20250701 plate17 A06
20250701,plate17,A06,2,6,40C,high-salinity,1.8839896362680606,20250701 plate17 A06
20250701,plate17,A06,3,6,40C,high-salinity,2.0451349569128348,20250701 plate17 A06
20250701,plate17,A06,4,6,40C,high-salinity,2.0795642285919693,20250701 plate17 A06
20250701,plate17,B03,0,41,40C,high-salinity,0,20250701 plate17 B03
20250701,plate17,B03,1,41,40C,high-salinity,2.313185297253493,20250701 plate17 B03
20250701,plate17,B03,2,41,40C,high-salinity,2.5756973859443635,20250701 plate17 B03
20250701,plate17,B03,3,41,40C,high-salinity,4.4380253856920895,20250701 plate17 B03
20250701,plate17,B03,4,41,40C,high-salinity,5.285649060939221,20250701 plate17 B03
20250701,plate17,B04,0,38,40C,high-salinity,0,20250701 plate17 B04
20250701,plate17,B04,1,38,40C,high-salinity,2.428660193223895,20250701 plate17 B04
20250701,plate17,B04,2,38,40C,high-salinity,2.6694781501342377,20250701 plate17 B04
20250701,plate17,B04,3,38,40C,high-salinity,4.351663214927777,20250701 plate17 B04
20250701,plate17,B04,4,38,40C,high-salinity,5.847227982300834,20250701 plate17 B04
20250701,plate17,B06,0,6,40C,high-salinity,0,20250701 plate17 B06
20250701,plate17,B06,1,6,40C,high-salinity,2.5954000335247076,20250701 plate17 B06
20250701,plate17,B06,2,6,40C,high-salinity,2.8166440117550344,20250701 plate17 B06
20250701,plate17,B06,3,6,40C,high-salinity,5.954145134189021,20250701 plate17 B06
20250701,plate17,B06,4,6,40C,high-salinity,6.3197930249014185,20250701 plate17 B06
20250701,plate17,C02,0,55,40C,low-salinity,0,20250701 plate17 C02
20250701,plate17,C02,1,55,40C,low-salinity,0.5575084948895597,20250701 plate17 C02
20250701,plate17,C02,2,55,40C,low-salinity,0.6641282232670618,20250701 plate17 C02
20250701,plate17,C02,3,55,40C,low-salinity,0.864052206427628,20250701 plate17 C02
20250701,plate17,C02,4,55,40C,low-salinity,1.3075475507304821,20250701 plate17 C02
20250701,plate17,C04,0,38,40C,high-salinity,0,20250701 plate17 C04
20250701,plate17,C04,1,38,40C,high-salinity,0.8156981913627119,20250701 plate17 C04
20250701,plate17,C04,2,38,40C,high-salinity,1.2552918838619354,20250701 plate17 C04
20250701,plate17,C04,3,38,40C,high-salinity,1.6344417025394187,20250701 plate17 C04
20250701,plate17,C04,4,38,40C,high-salinity,1.8806704198824957,20250701 plate17 C04
20250701,plate17,C05,0,15,40C,high-salinity,0,20250701 plate17 C05
20250701,plate17,C05,1,15,40C,high-salinity,1.5809083337330778,20250701 plate17 C05
20250701,plate17,C05,2,15,40C,high-salinity,1.9032553242636552,20250701 plate17 C05
20250701,plate17,C05,3,15,40C,high-salinity,2.2109299218404677,20250701 plate17 C05
20250701,plate17,C05,4,15,40C,high-salinity,3.3326056370179344,20250701 plate17 C05
20250701,plate17,C06,0,6,40C,high-salinity,0,20250701 plate17 C06
20250701,plate17,C06,1,6,40C,high-salinity,3.676288455005439,20250701 plate17 C06
20250701,plate17,C06,2,6,40C,high-salinity,4.055211804081728,20250701 plate17 C06
20250701,plate17,C06,3,6,40C,high-salinity,7.328097391447891,20250701 plate17 C06
20250701,plate17,C06,4,6,40C,high-salinity,7.8126917498450705,20250701 plate17 C06
20250701,plate17,D02,0,55,40C,low-salinity,0,20250701 plate17 D02
20250701,plate17,D02,1,55,40C,low-salinity,2.5922799578820324,20250701 plate17 D02
20250701,plate17,D02,2,55,40C,low-salinity,2.874375488246902,20250701 plate17 D02
20250701,plate17,D02,3,55,40C,low-salinity,3.186510558335124,20250701 plate17 D02
20250701,plate17,D02,4,55,40C,low-salinity,3.3482990441702265,20250701 plate17 D02
20250701,plate17,D03,0,41,40C,high-salinity,0,20250701 plate17 D03
20250701,plate17,D03,1,41,40C,high-salinity,1.9849637976516012,20250701 plate17 D03
20250701,plate17,D03,2,41,40C,high-salinity,2.6504113848581787,20250701 plate17 D03
20250701,plate17,D03,3,41,40C,high-salinity,3.009467041297856,20250701 plate17 D03
20250701,plate17,D03,4,41,40C,high-salinity,4.079145885107887,20250701 plate17 D03
20250701,plate17,D04,0,38,40C,high-salinity,0,20250701 plate17 D04
20250701,plate17,D04,1,38,40C,high-salinity,2.8538665013570172,20250701 plate17 D04
20250701,plate17,D04,2,38,40C,high-salinity,3.691824634135928,20250701 plate17 D04
20250701,plate17,D04,3,38,40C,high-salinity,5.30369266186534,20250701 plate17 D04
20250701,plate17,D04,4,38,40C,high-salinity,5.953025702322224,20250701 plate17 D04
20250701,plate18,A02,0,42,40C,high-salinity,0,20250701 plate18 A02
20250701,plate18,A02,1,42,40C,high-salinity,2.7125301982871712,20250701 plate18 A02
20250701,plate18,A02,2,42,40C,high-salinity,2.940152929810795,20250701 plate18 A02
20250701,plate18,A02,3,42,40C,high-salinity,3.171641881203643,20250701 plate18 A02
20250701,plate18,A02,4,42,40C,high-salinity,3.246825018188214,20250701 plate18 A02
20250701,plate18,A03,0,57,40C,low-salinity,0,20250701 plate18 A03
20250701,plate18,A03,1,57,40C,low-salinity,2.4813777445460317,20250701 plate18 A03
20250701,plate18,A03,2,57,40C,low-salinity,2.8284505786324257,20250701 plate18 A03
20250701,plate18,A03,3,57,40C,low-salinity,3.109814595345137,20250701 plate18 A03
20250701,plate18,A03,4,57,40C,low-salinity,3.2541039606759776,20250701 plate18 A03
20250701,plate18,A04,0,38,40C,high-salinity,0,20250701 plate18 A04
20250701,plate18,A04,1,38,40C,high-salinity,2.2643398322866566,20250701 plate18 A04
20250701,plate18,A04,2,38,40C,high-salinity,2.566482507460644,20250701 plate18 A04
20250701,plate18,A04,3,38,40C,high-salinity,2.807351429780293,20250701 plate18 A04
20250701,plate18,A04,4,38,40C,high-salinity,2.9031588016201098,20250701 plate18 A04
20250701,plate18,A05,0,54,40C,low-salinity,0,20250701 plate18 A05
20250701,plate18,A05,1,54,40C,low-salinity,3.385943763743431,20250701 plate18 A05
20250701,plate18,A05,2,54,40C,low-salinity,5.193132649520019,20250701 plate18 A05
20250701,plate18,A05,3,54,40C,low-salinity,6.688494677665276,20250701 plate18 A05
20250701,plate18,A05,4,54,40C,low-salinity,6.812744710585318,20250701 plate18 A05
20250701,plate18,A06,0,36,40C,high-salinity,0,20250701 plate18 A06
20250701,plate18,A06,1,36,40C,high-salinity,2.818817516703702,20250701 plate18 A06
20250701,plate18,A06,2,36,40C,high-salinity,3.048346798779286,20250701 plate18 A06
20250701,plate18,A06,3,36,40C,high-salinity,5.4345564108780335,20250701 plate18 A06
20250701,plate18,A06,4,36,40C,high-salinity,5.417532239553214,20250701 plate18 A06
20250701,plate18,B02,0,42,40C,high-salinity,0,20250701 plate18 B02
20250701,plate18,B02,1,42,40C,high-salinity,5.039367115197274,20250701 plate18 B02
20250701,plate18,B02,2,42,40C,high-salinity,5.2454635139508055,20250701 plate18 B02
20250701,plate18,B02,3,42,40C,high-salinity,6.75456141919928,20250701 plate18 B02
20250701,plate18,B02,4,42,40C,high-salinity,7.540819690967415,20250701 plate18 B02
20250701,plate18,B03,0,57,40C,low-salinity,0,20250701 plate18 B03
20250701,plate18,B03,1,57,40C,low-salinity,0.674243207759087,20250701 plate18 B03
20250701,plate18,B03,2,57,40C,low-salinity,1.160388995857119,20250701 plate18 B03
20250701,plate18,B03,3,57,40C,low-salinity,1.755176099433487,20250701 plate18 B03
20250701,plate18,B03,4,57,40C,low-salinity,2.05911953395439,20250701 plate18 B03
20250701,plate18,B04,0,38,40C,high-salinity,0,20250701 plate18 B04
20250701,plate18,B04,1,38,40C,high-salinity,1.3276401083965492,20250701 plate18 B04
20250701,plate18,B04,2,38,40C,high-salinity,1.7145543475142224,20250701 plate18 B04
20250701,plate18,B04,3,38,40C,high-salinity,2.9519784696474547,20250701 plate18 B04
20250701,plate18,B04,4,38,40C,high-salinity,5.037989466397876,20250701 plate18 B04
20250701,plate18,B05,0,54,40C,low-salinity,0,20250701 plate18 B05
20250701,plate18,B05,1,54,40C,low-salinity,0.2687432208468688,20250701 plate18 B05
20250701,plate18,B05,2,54,40C,low-salinity,0.7753185701428584,20250701 plate18 B05
20250701,plate18,B05,3,54,40C,low-salinity,5.269079892438334,20250701 plate18 B05
20250701,plate18,B05,4,54,40C,low-salinity,5.494398207217716,20250701 plate18 B05
20250701,plate18,B06,0,36,40C,high-salinity,0,20250701 plate18 B06
20250701,plate18,B06,1,36,40C,high-salinity,3.6409632894137234,20250701 plate18 B06
20250701,plate18,B06,2,36,40C,high-salinity,3.905646841078999,20250701 plate18 B06
20250701,plate18,B06,3,36,40C,high-salinity,4.452901003198903,20250701 plate18 B06
20250701,plate18,B06,4,36,40C,high-salinity,4.560825027138549,20250701 plate18 B06
20250701,plate18,C02,0,42,40C,high-salinity,0,20250701 plate18 C02
20250701,plate18,C02,1,42,40C,high-salinity,2.4162747491398675,20250701 plate18 C02
20250701,plate18,C02,2,42,40C,high-salinity,2.9485624120093723,20250701 plate18 C02
20250701,plate18,C02,3,42,40C,high-salinity,4.125302766884646,20250701 plate18 C02
20250701,plate18,C02,4,42,40C,high-salinity,4.650715594096365,20250701 plate18 C02
20250701,plate18,C04,0,38,40C,high-salinity,0,20250701 plate18 C04
20250701,plate18,C04,1,38,40C,high-salinity,0.3860467163079989,20250701 plate18 C04
20250701,plate18,C04,2,38,40C,high-salinity,0.8636802579060163,20250701 plate18 C04
20250701,plate18,C04,3,38,40C,high-salinity,1.1802000084779438,20250701 plate18 C04
20250701,plate18,C04,4,38,40C,high-salinity,1.353396673422976,20250701 plate18 C04
20250701,plate18,C05,0,54,40C,low-salinity,0,20250701 plate18 C05
20250701,plate18,C05,1,54,40C,low-salinity,1.960198290966461,20250701 plate18 C05
20250701,plate18,C05,2,54,40C,low-salinity,2.4149383312985333,20250701 plate18 C05
20250701,plate18,C05,3,54,40C,low-salinity,4.820199639539887,20250701 plate18 C05
20250701,plate18,C05,4,54,40C,low-salinity,4.986252204650411,20250701 plate18 C05
20250701,plate18,C06,0,36,40C,high-salinity,0,20250701 plate18 C06
20250701,plate18,C06,1,36,40C,high-salinity,2.382082855380218,20250701 plate18 C06
20250701,plate18,C06,2,36,40C,high-salinity,3.882029771883544,20250701 plate18 C06
20250701,plate18,C06,3,36,40C,high-salinity,4.206653095506069,20250701 plate18 C06
20250701,plate18,C06,4,36,40C,high-salinity,4.338233856273489,20250701 plate18 C06
20250701,plate18,D02,0,42,40C,high-salinity,0,20250701 plate18 D02
20250701,plate18,D02,1,42,40C,high-salinity,2.409681737425594,20250701 plate18 D02
20250701,plate18,D02,2,42,40C,high-salinity,2.73451407097673,20250701 plate18 D02
20250701,plate18,D02,3,42,40C,high-salinity,3.0166569297856065,20250701 plate18 D02
20250701,plate18,D02,4,42,40C,high-salinity,3.1091573423470997,20250701 plate18 D02
20250701,plate18,D03,0,57,40C,low-salinity,0,20250701 plate18 D03
20250701,plate18,D03,1,57,40C,low-salinity,2.985127929335761,20250701 plate18 D03
20250701,plate18,D03,2,57,40C,low-salinity,3.379228045577764,20250701 plate18 D03
20250701,plate18,D03,3,57,40C,low-salinity,3.7609824678820667,20250701 plate18 D03
20250701,plate18,D03,4,57,40C,low-salinity,4.175975278976317,20250701 plate18 D03
20250701,plate18,D04,0,38,40C,high-salinity,0,20250701 plate18 D04
20250701,plate18,D04,1,38,40C,high-salinity,3.2700136809083618,20250701 plate18 D04
20250701,plate18,D04,2,38,40C,high-salinity,3.879718128103502,20250701 plate18 D04
20250701,plate18,D04,3,38,40C,high-salinity,5.648202859786127,20250701 plate18 D04
20250701,plate18,D04,4,38,40C,high-salinity,5.9369592871254895,20250701 plate18 D04
20250701,plate19,A02,0,39,40C,high-salinity,0,20250701 plate19 A02
20250701,plate19,A02,1,39,40C,high-salinity,1.9964446299286462,20250701 plate19 A02
20250701,plate19,A02,2,39,40C,high-salinity,2.221744934705868,20250701 plate19 A02
20250701,plate19,A02,3,39,40C,high-salinity,2.474854284227743,20250701 plate19 A02
20250701,plate19,A02,4,39,40C,high-salinity,2.62860046870605,20250701 plate19 A02
20250701,plate19,A03,0,32,40C,high-salinity,0,20250701 plate19 A03
20250701,plate19,A03,1,32,40C,high-salinity,2.6729348531177526,20250701 plate19 A03
20250701,plate19,A03,2,32,40C,high-salinity,3.0003078054030685,20250701 plate19 A03
20250701,plate19,A03,3,32,40C,high-salinity,3.2780672124621826,20250701 plate19 A03
20250701,plate19,A03,4,32,40C,high-salinity,3.4749674266020234,20250701 plate19 A03
20250701,plate19,A04,0,15,40C,high-salinity,0,20250701 plate19 A04
20250701,plate19,A04,1,15,40C,high-salinity,2.348535754796216,20250701 plate19 A04
20250701,plate19,A04,2,15,40C,high-salinity,2.5946379083647737,20250701 plate19 A04
20250701,plate19,A04,3,15,40C,high-salinity,4.971164980682451,20250701 plate19 A04
20250701,plate19,A04,4,15,40C,high-salinity,5.098456173032171,20250701 plate19 A04
20250701,plate19,A05,0,19,40C,high-salinity,0,20250701 plate19 A05
20250701,plate19,A05,1,19,40C,high-salinity,2.118416126140157,20250701 plate19 A05
20250701,plate19,A05,2,19,40C,high-salinity,3.2308062142413445,20250701 plate19 A05
20250701,plate19,A05,3,19,40C,high-salinity,4.706839707550106,20250701 plate19 A05
20250701,plate19,A05,4,19,40C,high-salinity,5.5027123317832105,20250701 plate19 A05
20250701,plate19,A06,0,14,40C,high-salinity,0,20250701 plate19 A06
20250701,plate19,A06,1,14,40C,high-salinity,2.1224304786735924,20250701 plate19 A06
20250701,plate19,A06,2,14,40C,high-salinity,2.4170973151921546,20250701 plate19 A06
20250701,plate19,A06,3,14,40C,high-salinity,3.6775711007777976,20250701 plate19 A06
20250701,plate19,A06,4,14,40C,high-salinity,6.2799734536366145,20250701 plate19 A06
20250701,plate19,B02,0,39,40C,high-salinity,0,20250701 plate19 B02
20250701,plate19,B02,1,39,40C,high-salinity,2.2753033481792633,20250701 plate19 B02
20250701,plate19,B02,2,39,40C,high-salinity,2.6556073772022057,20250701 plate19 B02
20250701,plate19,B02,3,39,40C,high-salinity,4.37841770533198,20250701 plate19 B02
20250701,plate19,B02,4,39,40C,high-salinity,4.926094064826592,20250701 plate19 B02
20250701,plate19,B03,0,32,40C,high-salinity,0,20250701 plate19 B03
20250701,plate19,B03,1,32,40C,high-salinity,2.3394059993454395,20250701 plate19 B03
20250701,plate19,B03,2,32,40C,high-salinity,2.704200920580559,20250701 plate19 B03
20250701,plate19,B03,3,32,40C,high-salinity,2.9868412115898075,20250701 plate19 B03
20250701,plate19,B03,4,32,40C,high-salinity,3.3358163555332867,20250701 plate19 B03
20250701,plate19,B04,0,15,40C,high-salinity,0,20250701 plate19 B04
20250701,plate19,B04,1,15,40C,high-salinity,1.7482156239742472,20250701 plate19 B04
20250701,plate19,B04,2,15,40C,high-salinity,1.9651971517910913,20250701 plate19 B04
20250701,plate19,B04,3,15,40C,high-salinity,2.197962134556081,20250701 plate19 B04
20250701,plate19,B04,4,15,40C,high-salinity,2.411507895041919,20250701 plate19 B04
20250701,plate19,B05,0,19,40C,high-salinity,0,20250701 plate19 B05
20250701,plate19,B05,1,19,40C,high-salinity,3.3971247405806273,20250701 plate19 B05
20250701,plate19,B05,2,19,40C,high-salinity,4.216363916797513,20250701 plate19 B05
20250701,plate19,B05,3,19,40C,high-salinity,5.351792406460563,20250701 plate19 B05
20250701,plate19,B05,4,19,40C,high-salinity,5.75951130623661,20250701 plate19 B05
20250701,plate19,C02,0,39,40C,high-salinity,0,20250701 plate19 C02
20250701,plate19,C02,1,39,40C,high-salinity,1.4474997849207811,20250701 plate19 C02
20250701,plate19,C02,2,39,40C,high-salinity,1.7763356170646745,20250701 plate19 C02
20250701,plate19,C02,3,39,40C,high-salinity,2.486303295471723,20250701 plate19 C02
20250701,plate19,C02,4,39,40C,high-salinity,3.0208291971838666,20250701 plate19 C02
20250701,plate19,C04,0,15,40C,high-salinity,0,20250701 plate19 C04
20250701,plate19,C04,1,15,40C,high-salinity,1.6546048808855827,20250701 plate19 C04
20250701,plate19,C04,2,15,40C,high-salinity,2.2866169469302258,20250701 plate19 C04
20250701,plate19,C04,3,15,40C,high-salinity,2.651508010939969,20250701 plate19 C04
20250701,plate19,C04,4,15,40C,high-salinity,2.8627322149082053,20250701 plate19 C04
20250701,plate19,C05,0,19,40C,high-salinity,0,20250701 plate19 C05
20250701,plate19,C05,1,19,40C,high-salinity,1.6700408900688897,20250701 plate19 C05
20250701,plate19,C05,2,19,40C,high-salinity,1.9361391126739536,20250701 plate19 C05
20250701,plate19,C05,3,19,40C,high-salinity,2.4001667615599813,20250701 plate19 C05
20250701,plate19,C05,4,19,40C,high-salinity,2.8881463945946653,20250701 plate19 C05
20250701,plate19,C06,0,14,40C,high-salinity,0,20250701 plate19 C06
20250701,plate19,C06,1,14,40C,high-salinity,2.4639345862534943,20250701 plate19 C06
20250701,plate19,C06,2,14,40C,high-salinity,2.845445394979605,20250701 plate19 C06
20250701,plate19,C06,3,14,40C,high-salinity,5.076116527826283,20250701 plate19 C06
20250701,plate19,C06,4,14,40C,high-salinity,5.612946938990532,20250701 plate19 C06
20250701,plate19,D02,0,39,40C,high-salinity,0,20250701 plate19 D02
20250701,plate19,D02,1,39,40C,high-salinity,1.9286370236514556,20250701 plate19 D02
20250701,plate19,D02,2,39,40C,high-salinity,2.1923325306261483,20250701 plate19 D02
20250701,plate19,D02,3,39,40C,high-salinity,2.517183840706558,20250701 plate19 D02
20250701,plate19,D02,4,39,40C,high-salinity,3.553187127980898,20250701 plate19 D02
20250701,plate19,D03,0,32,40C,high-salinity,0,20250701 plate19 D03
20250701,plate19,D03,1,32,40C,high-salinity,2.909326420686513,20250701 plate19 D03
20250701,plate19,D03,2,32,40C,high-salinity,3.2846896918472694,20250701 plate19 D03
20250701,plate19,D03,3,32,40C,high-salinity,3.7511670113033246,20250701 plate19 D03
20250701,plate19,D03,4,32,40C,high-salinity,4.820578469456361,20250701 plate19 D03
20250701,plate19,D04,0,15,40C,high-salinity,0,20250701 plate19 D04
20250701,plate19,D04,1,15,40C,high-salinity,1.73357910829622,20250701 plate19 D04
20250701,plate19,D04,2,15,40C,high-salinity,1.9707889415889903,20250701 plate19 D04
20250701,plate19,D04,3,15,40C,high-salinity,3.2826785022297154,20250701 plate19 D04
20250701,plate19,D04,4,15,40C,high-salinity,3.544347699924156,20250701 plate19 D04
20250701,plate19,D06,0,14,40C,high-salinity,0,20250701 plate19 D06
20250701,plate19,D06,1,14,40C,high-salinity,3.1232975301524224,20250701 plate19 D06
20250701,plate19,D06,2,14,40C,high-salinity,3.4235543322364417,20250701 plate19 D06
20250701,plate19,D06,3,14,40C,high-salinity,4.261110939046435,20250701 plate19 D06
20250701,plate19,D06,4,14,40C,high-salinity,5.396101508596127,20250701 plate19 D06
20250701,plate2,A02,0,84,40C,low-salinity,0,20250701 plate2 A02
20250701,plate2,A02,1,84,40C,low-salinity,0.5642715987886578,20250701 plate2 A02
20250701,plate2,A02,2,84,40C,low-salinity,0.9575880240988274,20250701 plate2 A02
20250701,plate2,A02,3,84,40C,low-salinity,1.3440330630370516,20250701 plate2 A02
20250701,plate2,A02,4,84,40C,low-salinity,1.5052407496399338,20250701 plate2 A02
20250701,plate2,A03,0,74,40C,low-salinity,0,20250701 plate2 A03
20250701,plate2,A03,1,74,40C,low-salinity,4.154290353786643,20250701 plate2 A03
20250701,plate2,A03,2,74,40C,low-salinity,4.475766924399722,20250701 plate2 A03
20250701,plate2,A03,3,74,40C,low-salinity,7.856139237819138,20250701 plate2 A03
20250701,plate2,A03,4,74,40C,low-salinity,8.27602755434357,20250701 plate2 A03
20250701,plate2,A04,0,26,40C,high-salinity,0,20250701 plate2 A04
20250701,plate2,A04,1,26,40C,high-salinity,1.387152885632992,20250701 plate2 A04
20250701,plate2,A04,2,26,40C,high-salinity,1.840939490352782,20250701 plate2 A04
20250701,plate2,A04,3,26,40C,high-salinity,2.889669306150699,20250701 plate2 A04
20250701,plate2,A04,4,26,40C,high-salinity,3.038792995023704,20250701 plate2 A04
20250701,plate2,A05,0,70,40C,low-salinity,0,20250701 plate2 A05
20250701,plate2,A05,1,70,40C,low-salinity,0.9896448145848961,20250701 plate2 A05
20250701,plate2,A05,2,70,40C,low-salinity,1.430671194764119,20250701 plate2 A05
20250701,plate2,A05,3,70,40C,low-salinity,1.935686560286861,20250701 plate2 A05
20250701,plate2,A05,4,70,40C,low-salinity,2.1351277717033295,20250701 plate2 A05
20250701,plate2,A06,0,90,40C,low-salinity,0,20250701 plate2 A06
20250701,plate2,A06,1,90,40C,low-salinity,0.4995260020422276,20250701 plate2 A06
20250701,plate2,A06,2,90,40C,low-salinity,1.0153637044998964,20250701 plate2 A06
20250701,plate2,A06,3,90,40C,low-salinity,1.5042751806663288,20250701 plate2 A06
20250701,plate2,A06,4,90,40C,low-salinity,1.6378767000433674,20250701 plate2 A06
20250701,plate2,B02,0,84,40C,low-salinity,0,20250701 plate2 B02
20250701,plate2,B02,1,84,40C,low-salinity,2.6703156959096805,20250701 plate2 B02
20250701,plate2,B02,2,84,40C,low-salinity,2.949033399748164,20250701 plate2 B02
20250701,plate2,B02,3,84,40C,low-salinity,3.3345422644655853,20250701 plate2 B02
20250701,plate2,B02,4,84,40C,low-salinity,3.7279091661787813,20250701 plate2 B02
20250701,plate2,B03,0,74,40C,low-salinity,0,20250701 plate2 B03
20250701,plate2,B03,1,74,40C,low-salinity,3.575965795928164,20250701 plate2 B03
20250701,plate2,B03,2,74,40C,low-salinity,4.198970640020729,20250701 plate2 B03
20250701,plate2,B03,3,74,40C,low-salinity,5.0925806314610735,20250701 plate2 B03
20250701,plate2,B03,4,74,40C,low-salinity,6.610345479010094,20250701 plate2 B03
20250701,plate2,B04,0,26,40C,high-salinity,0,20250701 plate2 B04
20250701,plate2,B04,1,26,40C,high-salinity,5.097659480203148,20250701 plate2 B04
20250701,plate2,B04,2,26,40C,high-salinity,5.219641028549968,20250701 plate2 B04
20250701,plate2,B04,3,26,40C,high-salinity,7.053783215726891,20250701 plate2 B04
20250701,plate2,B04,4,26,40C,high-salinity,6.927172886658489,20250701 plate2 B04
20250701,plate2,B05,0,70,40C,low-salinity,0,20250701 plate2 B05
20250701,plate2,B05,1,70,40C,low-salinity,0.6827369105599419,20250701 plate2 B05
20250701,plate2,B05,2,70,40C,low-salinity,1.0767744850456429,20250701 plate2 B05
20250701,plate2,B05,3,70,40C,low-salinity,1.3985843102035442,20250701 plate2 B05
20250701,plate2,B05,4,70,40C,low-salinity,1.634870774725732,20250701 plate2 B05
20250701,plate2,B06,0,90,40C,low-salinity,0,20250701 plate2 B06
20250701,plate2,B06,1,90,40C,low-salinity,0.40526925119984,20250701 plate2 B06
20250701,plate2,B06,2,90,40C,low-salinity,0.8199889438818266,20250701 plate2 B06
20250701,plate2,B06,3,90,40C,low-salinity,2.510928132391289,20250701 plate2 B06
20250701,plate2,B06,4,90,40C,low-salinity,2.712482004146433,20250701 plate2 B06
20250701,plate2,C02,0,84,40C,low-salinity,0,20250701 plate2 C02
20250701,plate2,C02,1,84,40C,low-salinity,2.3104128113885176,20250701 plate2 C02
20250701,plate2,C02,2,84,40C,low-salinity,2.765451388768062,20250701 plate2 C02
20250701,plate2,C02,3,84,40C,low-salinity,3.3003387295972195,20250701 plate2 C02
20250701,plate2,C02,4,84,40C,low-salinity,3.512684944021972,20250701 plate2 C02
20250701,plate2,C03,0,74,40C,low-salinity,0,20250701 plate2 C03
20250701,plate2,C03,1,74,40C,low-salinity,3.386884577851589,20250701 plate2 C03
20250701,plate2,C03,2,74,40C,low-salinity,3.695548032297344,20250701 plate2 C03
20250701,plate2,C03,3,74,40C,low-salinity,4.225070657456706,20250701 plate2 C03
20250701,plate2,C03,4,74,40C,low-salinity,5.296433810241773,20250701 plate2 C03
20250701,plate2,C05,0,70,40C,low-salinity,0,20250701 plate2 C05
20250701,plate2,C05,1,70,40C,low-salinity,1.804591601424209,20250701 plate2 C05
20250701,plate2,C05,2,70,40C,low-salinity,2.15898451126283,20250701 plate2 C05
20250701,plate2,C05,3,70,40C,low-salinity,2.468564805693098,20250701 plate2 C05
20250701,plate2,C05,4,70,40C,low-salinity,2.59968318910763,20250701 plate2 C05
20250701,plate2,C06,0,90,40C,low-salinity,0,20250701 plate2 C06
20250701,plate2,C06,1,90,40C,low-salinity,2.7692311867684736,20250701 plate2 C06
20250701,plate2,C06,2,90,40C,low-salinity,4.824374392051868,20250701 plate2 C06
20250701,plate2,C06,3,90,40C,low-salinity,7.23737959111482,20250701 plate2 C06
20250701,plate2,C06,4,90,40C,low-salinity,7.467057814768343,20250701 plate2 C06
20250701,plate2,D02,0,84,40C,low-salinity,0,20250701 plate2 D02
20250701,plate2,D02,1,84,40C,low-salinity,0.7678639722629532,20250701 plate2 D02
20250701,plate2,D02,2,84,40C,low-salinity,1.1187477636384675,20250701 plate2 D02
20250701,plate2,D02,3,84,40C,low-salinity,1.4824090613506193,20250701 plate2 D02
20250701,plate2,D02,4,84,40C,low-salinity,1.650273529907054,20250701 plate2 D02
20250701,plate2,D03,0,74,40C,low-salinity,0,20250701 plate2 D03
20250701,plate2,D03,1,74,40C,low-salinity,2.4850913891342072,20250701 plate2 D03
20250701,plate2,D03,2,74,40C,low-salinity,2.971949938984436,20250701 plate2 D03
20250701,plate2,D03,3,74,40C,low-salinity,3.8240594260517713,20250701 plate2 D03
20250701,plate2,D03,4,74,40C,low-salinity,4.927784687901174,20250701 plate2 D03
20250701,plate2,D04,0,26,40C,high-salinity,0,20250701 plate2 D04
20250701,plate2,D04,1,26,40C,high-salinity,3.4926557599102956,20250701 plate2 D04
20250701,plate2,D04,2,26,40C,high-salinity,3.749832199488824,20250701 plate2 D04
20250701,plate2,D04,3,26,40C,high-salinity,5.324387642170535,20250701 plate2 D04
20250701,plate2,D04,4,26,40C,high-salinity,7.541759052169191,20250701 plate2 D04
20250701,plate2,D05,0,70,40C,low-salinity,0,20250701 plate2 D05
20250701,plate2,D05,1,70,40C,low-salinity,0.32345296666514106,20250701 plate2 D05
20250701,plate2,D05,2,70,40C,low-salinity,0.528225549187033,20250701 plate2 D05
20250701,plate2,D05,3,70,40C,low-salinity,0.7158769025707271,20250701 plate2 D05
20250701,plate2,D05,4,70,40C,low-salinity,0.7873435974273214,20250701 plate2 D05
20250701,plate2,D06,0,90,40C,low-salinity,0,20250701 plate2 D06
20250701,plate2,D06,1,90,40C,low-salinity,2.2605157304144825,20250701 plate2 D06
20250701,plate2,D06,2,90,40C,low-salinity,4.718501907406445,20250701 plate2 D06
20250701,plate2,D06,3,90,40C,low-salinity,5.423211938319394,20250701 plate2 D06
20250701,plate2,D06,4,90,40C,low-salinity,5.582830338727315,20250701 plate2 D06
20250701,plate20,A02,0,71,40C,low-salinity,0,20250701 plate20 A02
20250701,plate20,A02,1,71,40C,low-salinity,2.875587380921207,20250701 plate20 A02
20250701,plate20,A02,2,71,40C,low-salinity,3.2036749230011763,20250701 plate20 A02
20250701,plate20,A02,3,71,40C,low-salinity,3.4485800693713724,20250701 plate20 A02
20250701,plate20,A02,4,71,40C,low-salinity,3.5602916354346634,20250701 plate20 A02
20250701,plate20,A03,0,21,40C,high-salinity,0,20250701 plate20 A03
20250701,plate20,A03,1,21,40C,high-salinity,3.083703614516431,20250701 plate20 A03
20250701,plate20,A03,2,21,40C,high-salinity,3.4480150448468865,20250701 plate20 A03
20250701,plate20,A03,3,21,40C,high-salinity,3.732848380784523,20250701 plate20 A03
20250701,plate20,A03,4,21,40C,high-salinity,4.210301415590964,20250701 plate20 A03
20250701,plate20,A05,0,16,40C,high-salinity,0,20250701 plate20 A05
20250701,plate20,A05,1,16,40C,high-salinity,3.4334178910273043,20250701 plate20 A05
20250701,plate20,A05,2,16,40C,high-salinity,3.6737261566042716,20250701 plate20 A05
20250701,plate20,A05,3,16,40C,high-salinity,4.005976585864972,20250701 plate20 A05
20250701,plate20,A05,4,16,40C,high-salinity,5.646996010918694,20250701 plate20 A05
20250701,plate20,A06,0,15,40C,high-salinity,0,20250701 plate20 A06
20250701,plate20,A06,1,15,40C,high-salinity,3.1728640142254383,20250701 plate20 A06
20250701,plate20,A06,2,15,40C,high-salinity,3.480763453018235,20250701 plate20 A06
20250701,plate20,A06,3,15,40C,high-salinity,4.605774829383163,20250701 plate20 A06
20250701,plate20,A06,4,15,40C,high-salinity,4.8859240673735655,20250701 plate20 A06
20250701,plate20,B02,0,71,40C,low-salinity,0,20250701 plate20 B02
20250701,plate20,B02,1,71,40C,low-salinity,4.296344685999021,20250701 plate20 B02
20250701,plate20,B02,2,71,40C,low-salinity,4.579654643727429,20250701 plate20 B02
20250701,plate20,B02,3,71,40C,low-salinity,5.126915003816064,20250701 plate20 B02
20250701,plate20,B02,4,71,40C,low-salinity,7.20043875121478,20250701 plate20 B02
20250701,plate20,B03,0,21,40C,high-salinity,0,20250701 plate20 B03
20250701,plate20,B03,1,21,40C,high-salinity,1.7552462627354146,20250701 plate20 B03
20250701,plate20,B03,2,21,40C,high-salinity,2.741802236822947,20250701 plate20 B03
20250701,plate20,B03,3,21,40C,high-salinity,6.622707768953295,20250701 plate20 B03
20250701,plate20,B03,4,21,40C,high-salinity,7.084298063319767,20250701 plate20 B03
20250701,plate20,B04,0,84,40C,low-salinity,0,20250701 plate20 B04
20250701,plate20,B04,1,84,40C,low-salinity,3.5254227016413746,20250701 plate20 B04
20250701,plate20,B04,2,84,40C,low-salinity,3.8512466958980234,20250701 plate20 B04
20250701,plate20,B04,3,84,40C,low-salinity,5.499051612654386,20250701 plate20 B04
20250701,plate20,B04,4,84,40C,low-salinity,6.233936388683948,20250701 plate20 B04
20250701,plate20,B05,0,16,40C,high-salinity,0,20250701 plate20 B05
20250701,plate20,B05,1,16,40C,high-salinity,3.0310681955656333,20250701 plate20 B05
20250701,plate20,B05,2,16,40C,high-salinity,5.4144038955002545,20250701 plate20 B05
20250701,plate20,B05,3,16,40C,high-salinity,6.488643237540722,20250701 plate20 B05
20250701,plate20,B05,4,16,40C,high-salinity,9.056683084699861,20250701 plate20 B05
20250701,plate20,B06,0,15,40C,high-salinity,0,20250701 plate20 B06
20250701,plate20,B06,1,15,40C,high-salinity,1.0248676690795646,20250701 plate20 B06
20250701,plate20,B06,2,15,40C,high-salinity,1.4051821167196947,20250701 plate20 B06
20250701,plate20,B06,3,15,40C,high-salinity,2.1107921753589785,20250701 plate20 B06
20250701,plate20,B06,4,15,40C,high-salinity,2.3145507812689545,20250701 plate20 B06
20250701,plate20,C02,0,71,40C,low-salinity,0,20250701 plate20 C02
20250701,plate20,C02,1,71,40C,low-salinity,3.5544856030267358,20250701 plate20 C02
20250701,plate20,C02,2,71,40C,low-salinity,3.9056458500045728,20250701 plate20 C02
20250701,plate20,C02,3,71,40C,low-salinity,4.169843146637739,20250701 plate20 C02
20250701,plate20,C02,4,71,40C,low-salinity,4.280109978719189,20250701 plate20 C02
20250701,plate20,C04,0,84,40C,low-salinity,0,20250701 plate20 C04
20250701,plate20,C04,1,84,40C,low-salinity,2.407347513505545,20250701 plate20 C04
20250701,plate20,C04,2,84,40C,low-salinity,2.768936521846918,20250701 plate20 C04
20250701,plate20,C04,3,84,40C,low-salinity,3.230601843231369,20250701 plate20 C04
20250701,plate20,C04,4,84,40C,low-salinity,4.504464010597279,20250701 plate20 C04
20250701,plate20,C06,0,15,40C,high-salinity,0,20250701 plate20 C06
20250701,plate20,C06,1,15,40C,high-salinity,0.4461564746771147,20250701 plate20 C06
20250701,plate20,C06,2,15,40C,high-salinity,0.82192000282498,20250701 plate20 C06
20250701,plate20,C06,3,15,40C,high-salinity,1.2459079901387087,20250701 plate20 C06
20250701,plate20,C06,4,15,40C,high-salinity,1.4241184183583007,20250701 plate20 C06
20250701,plate20,D04,0,84,40C,low-salinity,0,20250701 plate20 D04
20250701,plate20,D04,1,84,40C,low-salinity,2.126814185906252,20250701 plate20 D04
20250701,plate20,D04,2,84,40C,low-salinity,2.494555976615487,20250701 plate20 D04
20250701,plate20,D04,3,84,40C,low-salinity,3.1380998631361074,20250701 plate20 D04
20250701,plate20,D04,4,84,40C,low-salinity,3.332426375434467,20250701 plate20 D04
20250701,plate20,D05,0,16,40C,high-salinity,0,20250701 plate20 D05
20250701,plate20,D05,1,16,40C,high-salinity,2.4239736774173517,20250701 plate20 D05
20250701,plate20,D05,2,16,40C,high-salinity,2.8078698033676894,20250701 plate20 D05
20250701,plate20,D05,3,16,40C,high-salinity,4.732598176862546,20250701 plate20 D05
20250701,plate20,D05,4,16,40C,high-salinity,4.681671959902688,20250701 plate20 D05
20250701,plate20,D06,0,15,40C,high-salinity,0,20250701 plate20 D06
20250701,plate20,D06,1,15,40C,high-salinity,1.341420641212075,20250701 plate20 D06
20250701,plate20,D06,2,15,40C,high-salinity,1.839102543013524,20250701 plate20 D06
20250701,plate20,D06,3,15,40C,high-salinity,2.2221970737562007,20250701 plate20 D06
20250701,plate20,D06,4,15,40C,high-salinity,2.3556232746994388,20250701 plate20 D06
20250701,plate21,A02,0,14,40C,high-salinity,0,20250701 plate21 A02
20250701,plate21,A02,1,14,40C,high-salinity,2.2722986059101373,20250701 plate21 A02
20250701,plate21,A02,2,14,40C,high-salinity,2.4878231807136952,20250701 plate21 A02
20250701,plate21,A02,3,14,40C,high-salinity,3.647678563653156,20250701 plate21 A02
20250701,plate21,A02,4,14,40C,high-salinity,4.190020760706932,20250701 plate21 A02
20250701,plate21,A03,0,24,40C,high-salinity,0,20250701 plate21 A03
20250701,plate21,A03,1,24,40C,high-salinity,2.3623309850601415,20250701 plate21 A03
20250701,plate21,A03,2,24,40C,high-salinity,3.5224522851089293,20250701 plate21 A03
20250701,plate21,A03,3,24,40C,high-salinity,8.258583224721937,20250701 plate21 A03
20250701,plate21,A03,4,24,40C,high-salinity,9.560601635659276,20250701 plate21 A03
20250701,plate21,A04,0,37,40C,high-salinity,0,20250701 plate21 A04
20250701,plate21,A04,1,37,40C,high-salinity,2.8892973581093617,20250701 plate21 A04
20250701,plate21,A04,2,37,40C,high-salinity,3.2407190096565857,20250701 plate21 A04
20250701,plate21,A04,3,37,40C,high-salinity,3.591409015128771,20250701 plate21 A04
20250701,plate21,A04,4,37,40C,high-salinity,3.7071677625294486,20250701 plate21 A04
20250701,plate21,A05,0,54,40C,low-salinity,0,20250701 plate21 A05
20250701,plate21,A05,1,54,40C,low-salinity,3.335376452970367,20250701 plate21 A05
20250701,plate21,A05,2,54,40C,low-salinity,3.837441966125725,20250701 plate21 A05
20250701,plate21,A05,3,54,40C,low-salinity,5.446042830069187,20250701 plate21 A05
20250701,plate21,A05,4,54,40C,low-salinity,5.397591270436196,20250701 plate21 A05
20250701,plate21,A06,0,6,40C,high-salinity,0,20250701 plate21 A06
20250701,plate21,A06,1,6,40C,high-salinity,2.6660761281861234,20250701 plate21 A06
20250701,plate21,A06,2,6,40C,high-salinity,2.9016921756379737,20250701 plate21 A06
20250701,plate21,A06,3,6,40C,high-salinity,3.311588668607414,20250701 plate21 A06
20250701,plate21,A06,4,6,40C,high-salinity,3.3398446805292448,20250701 plate21 A06
20250701,plate21,B02,0,14,40C,high-salinity,0,20250701 plate21 B02
20250701,plate21,B02,1,14,40C,high-salinity,1.6325650536269796,20250701 plate21 B02
20250701,plate21,B02,2,14,40C,high-salinity,1.936577358478725,20250701 plate21 B02
20250701,plate21,B02,3,14,40C,high-salinity,2.3578139178039805,20250701 plate21 B02
20250701,plate21,B02,4,14,40C,high-salinity,3.0595258962383376,20250701 plate21 B02
20250701,plate21,B03,0,24,40C,high-salinity,0,20250701 plate21 B03
20250701,plate21,B03,1,24,40C,high-salinity,2.39958557471965,20250701 plate21 B03
20250701,plate21,B03,2,24,40C,high-salinity,2.6087171223877337,20250701 plate21 B03
20250701,plate21,B03,3,24,40C,high-salinity,3.4830946339968043,20250701 plate21 B03
20250701,plate21,B03,4,24,40C,high-salinity,5.2941853137563,20250701 plate21 B03
20250701,plate21,B04,0,37,40C,high-salinity,0,20250701 plate21 B04
20250701,plate21,B04,1,37,40C,high-salinity,2.3953609943131964,20250701 plate21 B04
20250701,plate21,B04,2,37,40C,high-salinity,2.595859868074962,20250701 plate21 B04
20250701,plate21,B04,3,37,40C,high-salinity,2.8237562620756975,20250701 plate21 B04
20250701,plate21,B04,4,37,40C,high-salinity,2.9083674458509408,20250701 plate21 B04
20250701,plate21,B06,0,6,40C,high-salinity,0,20250701 plate21 B06
20250701,plate21,B06,1,6,40C,high-salinity,2.3054980792739936,20250701 plate21 B06
20250701,plate21,B06,2,6,40C,high-salinity,2.534533713551595,20250701 plate21 B06
20250701,plate21,B06,3,6,40C,high-salinity,3.388796696528216,20250701 plate21 B06
20250701,plate21,B06,4,6,40C,high-salinity,3.4214235507941204,20250701 plate21 B06
20250701,plate21,C02,0,14,40C,high-salinity,0,20250701 plate21 C02
20250701,plate21,C02,1,14,40C,high-salinity,2.757156586699877,20250701 plate21 C02
20250701,plate21,C02,2,14,40C,high-salinity,3.0093495609778422,20250701 plate21 C02
20250701,plate21,C02,3,14,40C,high-salinity,4.130310379398407,20250701 plate21 C02
20250701,plate21,C02,4,14,40C,high-salinity,4.058973639305256,20250701 plate21 C02
20250701,plate21,C03,0,24,40C,high-salinity,0,20250701 plate21 C03
20250701,plate21,C03,1,24,40C,high-salinity,0.26653735508753185,20250701 plate21 C03
20250701,plate21,C03,2,24,40C,high-salinity,0.46318318824065124,20250701 plate21 C03
20250701,plate21,C03,3,24,40C,high-salinity,1.3076814639493606,20250701 plate21 C03
20250701,plate21,C03,4,24,40C,high-salinity,1.4989969296129184,20250701 plate21 C03
20250701,plate21,C04,0,37,40C,high-salinity,0,20250701 plate21 C04
20250701,plate21,C04,1,37,40C,high-salinity,2.8304792129200615,20250701 plate21 C04
20250701,plate21,C04,2,37,40C,high-salinity,3.147576899398049,20250701 plate21 C04
20250701,plate21,C04,3,37,40C,high-salinity,4.342637527560145,20250701 plate21 C04
20250701,plate21,C04,4,37,40C,high-salinity,4.875108658073741,20250701 plate21 C04
20250701,plate21,C05,0,54,40C,low-salinity,0,20250701 plate21 C05
20250701,plate21,C05,1,54,40C,low-salinity,0.2941263829096261,20250701 plate21 C05
20250701,plate21,C05,2,54,40C,low-salinity,0.8771418994484208,20250701 plate21 C05
20250701,plate21,C05,3,54,40C,low-salinity,4.934754606636764,20250701 plate21 C05
20250701,plate21,C05,4,54,40C,low-salinity,5.124173422964756,20250701 plate21 C05
20250701,plate21,C06,0,6,40C,high-salinity,0,20250701 plate21 C06
20250701,plate21,C06,1,6,40C,high-salinity,3.17719832916144,20250701 plate21 C06
20250701,plate21,C06,2,6,40C,high-salinity,3.3430482523203513,20250701 plate21 C06
20250701,plate21,C06,3,6,40C,high-salinity,4.3151155161632735,20250701 plate21 C06
20250701,plate21,C06,4,6,40C,high-salinity,5.481461763396168,20250701 plate21 C06
20250701,plate21,D02,0,14,40C,high-salinity,0,20250701 plate21 D02
20250701,plate21,D02,1,14,40C,high-salinity,2.8400139765805976,20250701 plate21 D02
20250701,plate21,D02,2,14,40C,high-salinity,4.262120093632955,20250701 plate21 D02
20250701,plate21,D02,3,14,40C,high-salinity,7.833934736721424,20250701 plate21 D02
20250701,plate21,D02,4,14,40C,high-salinity,8.49597105331223,20250701 plate21 D02
20250701,plate21,D03,0,24,40C,high-salinity,0,20250701 plate21 D03
20250701,plate21,D03,1,24,40C,high-salinity,3.074279888878638,20250701 plate21 D03
20250701,plate21,D03,2,24,40C,high-salinity,5.384401020091989,20250701 plate21 D03
20250701,plate21,D03,3,24,40C,high-salinity,6.866516967473185,20250701 plate21 D03
20250701,plate21,D03,4,24,40C,high-salinity,7.38924172896613,20250701 plate21 D03
20250701,plate21,D04,0,37,40C,high-salinity,0,20250701 plate21 D04
20250701,plate21,D04,1,37,40C,high-salinity,1.7975910308193044,20250701 plate21 D04
20250701,plate21,D04,2,37,40C,high-salinity,2.1766063809079315,20250701 plate21 D04
20250701,plate21,D04,3,37,40C,high-salinity,2.400993487060846,20250701 plate21 D04
20250701,plate21,D04,4,37,40C,high-salinity,2.482746009576258,20250701 plate21 D04
20250701,plate22,A02,0,80,40C,low-salinity,0,20250701 plate22 A02
20250701,plate22,A02,1,80,40C,low-salinity,0.614470501139766,20250701 plate22 A02
20250701,plate22,A02,2,80,40C,low-salinity,1.0115005458625914,20250701 plate22 A02
20250701,plate22,A02,3,80,40C,low-salinity,1.349807547857109,20250701 plate22 A02
20250701,plate22,A02,4,80,40C,low-salinity,1.4856402646746432,20250701 plate22 A02
20250701,plate22,A03,0,61,40C,low-salinity,0,20250701 plate22 A03
20250701,plate22,A03,1,61,40C,low-salinity,2.63856127551835,20250701 plate22 A03
20250701,plate22,A03,2,61,40C,low-salinity,2.9278838733966914,20250701 plate22 A03
20250701,plate22,A03,3,61,40C,low-salinity,3.1590977604134,20250701 plate22 A03
20250701,plate22,A03,4,61,40C,low-salinity,3.2363842513300893,20250701 plate22 A03
20250701,plate22,A04,0,37,40C,high-salinity,0,20250701 plate22 A04
20250701,plate22,A04,1,37,40C,high-salinity,2.190277237276705,20250701 plate22 A04
20250701,plate22,A04,2,37,40C,high-salinity,2.477281014981221,20250701 plate22 A04
20250701,plate22,A04,3,37,40C,high-salinity,2.7773146084988296,20250701 plate22 A04
20250701,plate22,A04,4,37,40C,high-salinity,2.8832817857918913,20250701 plate22 A04
20250701,plate22,A05,0,72,40C,low-salinity,0,20250701 plate22 A05
20250701,plate22,A05,1,72,40C,low-salinity,1.5633102314891674,20250701 plate22 A05
20250701,plate22,A05,2,72,40C,low-salinity,1.8567692173105612,20250701 plate22 A05
20250701,plate22,A05,3,72,40C,low-salinity,2.0928046275306236,20250701 plate22 A05
20250701,plate22,A05,4,72,40C,low-salinity,2.223847488019362,20250701 plate22 A05
20250701,plate22,A06,0,36,40C,high-salinity,0,20250701 plate22 A06
20250701,plate22,A06,1,36,40C,high-salinity,1.6353632989253306,20250701 plate22 A06
20250701,plate22,A06,2,36,40C,high-salinity,3.4052987651070663,20250701 plate22 A06
20250701,plate22,A06,3,36,40C,high-salinity,4.740490390979324,20250701 plate22 A06
20250701,plate22,A06,4,36,40C,high-salinity,4.640010604299412,20250701 plate22 A06
20250701,plate22,B02,0,80,40C,low-salinity,0,20250701 plate22 B02
20250701,plate22,B02,1,80,40C,low-salinity,3.120078209246854,20250701 plate22 B02
20250701,plate22,B02,2,80,40C,low-salinity,3.3152901155496193,20250701 plate22 B02
20250701,plate22,B02,3,80,40C,low-salinity,3.620173159363041,20250701 plate22 B02
20250701,plate22,B02,4,80,40C,low-salinity,3.7558135855195363,20250701 plate22 B02
20250701,plate22,B03,0,61,40C,low-salinity,0,20250701 plate22 B03
20250701,plate22,B03,1,61,40C,low-salinity,4.452645274817303,20250701 plate22 B03
20250701,plate22,B03,2,61,40C,low-salinity,4.546559353380869,20250701 plate22 B03
20250701,plate22,B03,3,61,40C,low-salinity,4.937159757900651,20250701 plate22 B03
20250701,plate22,B03,4,61,40C,low-salinity,5.0709929498237125,20250701 plate22 B03
20250701,plate22,B04,0,37,40C,high-salinity,0,20250701 plate22 B04
20250701,plate22,B04,1,37,40C,high-salinity,2.3344956241392145,20250701 plate22 B04
20250701,plate22,B04,2,37,40C,high-salinity,2.838926204394137,20250701 plate22 B04
20250701,plate22,B04,3,37,40C,high-salinity,3.1013515112914773,20250701 plate22 B04
20250701,plate22,B04,4,37,40C,high-salinity,3.4400499585949564,20250701 plate22 B04
20250701,plate22,B05,0,72,40C,low-salinity,0,20250701 plate22 B05
20250701,plate22,B05,1,72,40C,low-salinity,2.028699286330473,20250701 plate22 B05
20250701,plate22,B05,2,72,40C,low-salinity,2.38790937151922,20250701 plate22 B05
20250701,plate22,B05,3,72,40C,low-salinity,3.110471259036433,20250701 plate22 B05
20250701,plate22,B05,4,72,40C,low-salinity,5.282300972623962,20250701 plate22 B05
20250701,plate22,B06,0,36,40C,high-salinity,0,20250701 plate22 B06
20250701,plate22,B06,1,36,40C,high-salinity,2.7790657603521893,20250701 plate22 B06
20250701,plate22,B06,2,36,40C,high-salinity,3.3542550329709275,20250701 plate22 B06
20250701,plate22,B06,3,36,40C,high-salinity,4.436439669262503,20250701 plate22 B06
20250701,plate22,B06,4,36,40C,high-salinity,4.483188479883459,20250701 plate22 B06
20250701,plate22,C02,0,80,40C,low-salinity,0,20250701 plate22 C02
20250701,plate22,C02,1,80,40C,low-salinity,3.597260810691695,20250701 plate22 C02
20250701,plate22,C02,2,80,40C,low-salinity,3.8514414458812496,20250701 plate22 C02
20250701,plate22,C02,3,80,40C,low-salinity,4.194178153462165,20250701 plate22 C02
20250701,plate22,C02,4,80,40C,low-salinity,4.338596876073562,20250701 plate22 C02
20250701,plate22,C03,0,61,40C,low-salinity,0,20250701 plate22 C03
20250701,plate22,C03,1,61,40C,low-salinity,2.4713752243333285,20250701 plate22 C03
20250701,plate22,C03,2,61,40C,low-salinity,2.7789206554200017,20250701 plate22 C03
20250701,plate22,C03,3,61,40C,low-salinity,2.992423055661439,20250701 plate22 C03
20250701,plate22,C03,4,61,40C,low-salinity,3.172196619536,20250701 plate22 C03
20250701,plate22,C04,0,37,40C,high-salinity,0,20250701 plate22 C04
20250701,plate22,C04,1,37,40C,high-salinity,3.1566663212325845,20250701 plate22 C04
20250701,plate22,C04,2,37,40C,high-salinity,3.623352363552751,20250701 plate22 C04
20250701,plate22,C04,3,37,40C,high-salinity,3.97355724199336,20250701 plate22 C04
20250701,plate22,C04,4,37,40C,high-salinity,4.110200976750094,20250701 plate22 C04
20250701,plate22,C06,0,36,40C,high-salinity,0,20250701 plate22 C06
20250701,plate22,C06,1,36,40C,high-salinity,2.4080304492982822,20250701 plate22 C06
20250701,plate22,C06,2,36,40C,high-salinity,2.663277589211655,20250701 plate22 C06
20250701,plate22,C06,3,36,40C,high-salinity,4.119932252723533,20250701 plate22 C06
20250701,plate22,C06,4,36,40C,high-salinity,4.214540550151216,20250701 plate22 C06
20250701,plate22,D02,0,80,40C,low-salinity,0,20250701 plate22 D02
20250701,plate22,D02,1,80,40C,low-salinity,2.8156029489672347,20250701 plate22 D02
20250701,plate22,D02,2,80,40C,low-salinity,2.9758598860251326,20250701 plate22 D02
20250701,plate22,D02,3,80,40C,low-salinity,3.474242995628396,20250701 plate22 D02
20250701,plate22,D02,4,80,40C,low-salinity,3.742481741264581,20250701 plate22 D02
20250701,plate22,D03,0,61,40C,low-salinity,0,20250701 plate22 D03
20250701,plate22,D03,1,61,40C,low-salinity,2.3213406689890745,20250701 plate22 D03
20250701,plate22,D03,2,61,40C,low-salinity,2.7712123193128084,20250701 plate22 D03
20250701,plate22,D03,3,61,40C,low-salinity,4.287968448484025,20250701 plate22 D03
20250701,plate22,D03,4,61,40C,low-salinity,5.737319201330382,20250701 plate22 D03
20250701,plate22,D04,0,37,40C,high-salinity,0,20250701 plate22 D04
20250701,plate22,D04,1,37,40C,high-salinity,2.764255689726747,20250701 plate22 D04
20250701,plate22,D04,2,37,40C,high-salinity,2.9478529757493033,20250701 plate22 D04
20250701,plate22,D04,3,37,40C,high-salinity,3.21023820246982,20250701 plate22 D04
20250701,plate22,D04,4,37,40C,high-salinity,3.9579656204224576,20250701 plate22 D04
20250701,plate22,D05,0,72,40C,low-salinity,0,20250701 plate22 D05
20250701,plate22,D05,1,72,40C,low-salinity,2.1913074287583623,20250701 plate22 D05
20250701,plate22,D05,2,72,40C,low-salinity,2.4566186364730953,20250701 plate22 D05
20250701,plate22,D05,3,72,40C,low-salinity,2.699653449517333,20250701 plate22 D05
20250701,plate22,D05,4,72,40C,low-salinity,2.795109564342694,20250701 plate22 D05
20250701,plate22,D06,0,36,40C,high-salinity,0,20250701 plate22 D06
20250701,plate22,D06,1,36,40C,high-salinity,3.0576309903122043,20250701 plate22 D06
20250701,plate22,D06,2,36,40C,high-salinity,3.291295376003738,20250701 plate22 D06
20250701,plate22,D06,3,36,40C,high-salinity,3.937370360342179,20250701 plate22 D06
20250701,plate22,D06,4,36,40C,high-salinity,4.403784230536029,20250701 plate22 D06
20250701,plate23,A02,0,51,40C,low-salinity,0,20250701 plate23 A02
20250701,plate23,A02,1,51,40C,low-salinity,2.3777988093618307,20250701 plate23 A02
20250701,plate23,A02,2,51,40C,low-salinity,2.7354555996483327,20250701 plate23 A02
20250701,plate23,A02,3,51,40C,low-salinity,6.203108915181677,20250701 plate23 A02
20250701,plate23,A02,4,51,40C,low-salinity,6.777505327335804,20250701 plate23 A02
20250701,plate23,A03,0,76,40C,low-salinity,0,20250701 plate23 A03
20250701,plate23,A03,1,76,40C,low-salinity,2.1856846342905203,20250701 plate23 A03
20250701,plate23,A03,2,76,40C,low-salinity,2.476278915474587,20250701 plate23 A03
20250701,plate23,A03,3,76,40C,low-salinity,3.021269330723533,20250701 plate23 A03
20250701,plate23,A03,4,76,40C,low-salinity,3.462628041446517,20250701 plate23 A03
20250701,plate23,A04,0,43,40C,high-salinity,0,20250701 plate23 A04
20250701,plate23,A04,1,43,40C,high-salinity,2.0736160196918147,20250701 plate23 A04
20250701,plate23,A04,2,43,40C,high-salinity,2.3752685948206897,20250701 plate23 A04
20250701,plate23,A04,3,43,40C,high-salinity,2.6178239827734453,20250701 plate23 A04
20250701,plate23,A04,4,43,40C,high-salinity,2.7600086715228334,20250701 plate23 A04
20250701,plate23,A05,0,77,40C,low-salinity,0,20250701 plate23 A05
20250701,plate23,A05,1,77,40C,low-salinity,1.2535137196632509,20250701 plate23 A05
20250701,plate23,A05,2,77,40C,low-salinity,1.52189652696434,20250701 plate23 A05
20250701,plate23,A05,3,77,40C,low-salinity,1.7330331207114544,20250701 plate23 A05
20250701,plate23,A05,4,77,40C,low-salinity,2.7138961057406488,20250701 plate23 A05
20250701,plate23,A06,0,80,40C,low-salinity,0,20250701 plate23 A06
20250701,plate23,A06,1,80,40C,low-salinity,2.6584689299796485,20250701 plate23 A06
20250701,plate23,A06,2,80,40C,low-salinity,2.843087701547156,20250701 plate23 A06
20250701,plate23,A06,3,80,40C,low-salinity,3.1006113899074763,20250701 plate23 A06
20250701,plate23,A06,4,80,40C,low-salinity,3.1854460905359017,20250701 plate23 A06
20250701,plate23,B02,0,51,40C,low-salinity,0,20250701 plate23 B02
20250701,plate23,B02,1,51,40C,low-salinity,3.5236024981432115,20250701 plate23 B02
20250701,plate23,B02,2,51,40C,low-salinity,3.813192447425249,20250701 plate23 B02
20250701,plate23,B02,3,51,40C,low-salinity,4.730800770925782,20250701 plate23 B02
20250701,plate23,B02,4,51,40C,low-salinity,6.667490093385844,20250701 plate23 B02
20250701,plate23,B03,0,76,40C,low-salinity,0,20250701 plate23 B03
20250701,plate23,B03,1,76,40C,low-salinity,2.1964288461546793,20250701 plate23 B03
20250701,plate23,B03,2,76,40C,low-salinity,2.448570483129959,20250701 plate23 B03
20250701,plate23,B03,3,76,40C,low-salinity,3.2170059673966356,20250701 plate23 B03
20250701,plate23,B03,4,76,40C,low-salinity,4.268865854171363,20250701 plate23 B03
20250701,plate23,B04,0,43,40C,high-salinity,0,20250701 plate23 B04
20250701,plate23,B04,1,43,40C,high-salinity,1.5627004865097955,20250701 plate23 B04
20250701,plate23,B04,2,43,40C,high-salinity,1.7763472153522577,20250701 plate23 B04
20250701,plate23,B04,3,43,40C,high-salinity,2.1175246870224145,20250701 plate23 B04
20250701,plate23,B04,4,43,40C,high-salinity,2.2400366954992728,20250701 plate23 B04
20250701,plate23,B05,0,77,40C,low-salinity,0,20250701 plate23 B05
20250701,plate23,B05,1,77,40C,low-salinity,3.048093962501792,20250701 plate23 B05
20250701,plate23,B05,2,77,40C,low-salinity,3.5303932736964017,20250701 plate23 B05
20250701,plate23,B05,3,77,40C,low-salinity,6.3586185136761175,20250701 plate23 B05
20250701,plate23,B05,4,77,40C,low-salinity,7.535531922699407,20250701 plate23 B05
20250701,plate23,B06,0,80,40C,low-salinity,0,20250701 plate23 B06
20250701,plate23,B06,1,80,40C,low-salinity,0.267939875611864,20250701 plate23 B06
20250701,plate23,B06,2,80,40C,low-salinity,0.4781627336781842,20250701 plate23 B06
20250701,plate23,B06,3,80,40C,low-salinity,0.8404948118928643,20250701 plate23 B06
20250701,plate23,B06,4,80,40C,low-salinity,1.0428377411321768,20250701 plate23 B06
20250701,plate23,C02,0,51,40C,low-salinity,0,20250701 plate23 C02
20250701,plate23,C02,1,51,40C,low-salinity,2.419624501861226,20250701 plate23 C02
20250701,plate23,C02,2,51,40C,low-salinity,2.6614272104500794,20250701 plate23 C02
20250701,plate23,C02,3,51,40C,low-salinity,2.870682007101085,20250701 plate23 C02
20250701,plate23,C02,4,51,40C,low-salinity,3.6421791060271334,20250701 plate23 C02
20250701,plate23,C04,0,43,40C,high-salinity,0,20250701 plate23 C04
20250701,plate23,C04,1,43,40C,high-salinity,2.8200403115674866,20250701 plate23 C04
20250701,plate23,C04,2,43,40C,high-salinity,3.2010035964348726,20250701 plate23 C04
20250701,plate23,C04,3,43,40C,high-salinity,6.200528443457624,20250701 plate23 C04
20250701,plate23,C04,4,43,40C,high-salinity,8.146544264327222,20250701 plate23 C04
20250701,plate23,C05,0,77,40C,low-salinity,0,20250701 plate23 C05
20250701,plate23,C05,1,77,40C,low-salinity,1.8947740564855327,20250701 plate23 C05
20250701,plate23,C05,2,77,40C,low-salinity,2.1421175952012037,20250701 plate23 C05
20250701,plate23,C05,3,77,40C,low-salinity,3.865226047750975,20250701 plate23 C05
20250701,plate23,C05,4,77,40C,low-salinity,4.013401489318061,20250701 plate23 C05
20250701,plate23,C06,0,80,40C,low-salinity,0,20250701 plate23 C06
20250701,plate23,C06,1,80,40C,low-salinity,2.850084267641691,20250701 plate23 C06
20250701,plate23,C06,2,80,40C,low-salinity,3.177371368494494,20250701 plate23 C06
20250701,plate23,C06,3,80,40C,low-salinity,4.026437532211745,20250701 plate23 C06
20250701,plate23,C06,4,80,40C,low-salinity,4.9315437072157025,20250701 plate23 C06
20250701,plate23,D02,0,51,40C,low-salinity,0,20250701 plate23 D02
20250701,plate23,D02,1,51,40C,low-salinity,2.2900670434531825,20250701 plate23 D02
20250701,plate23,D02,2,51,40C,low-salinity,2.9548627292635867,20250701 plate23 D02
20250701,plate23,D02,3,51,40C,low-salinity,4.634708150634699,20250701 plate23 D02
20250701,plate23,D02,4,51,40C,low-salinity,6.085835355852931,20250701 plate23 D02
20250701,plate23,D04,0,43,40C,high-salinity,0,20250701 plate23 D04
20250701,plate23,D04,1,43,40C,high-salinity,2.05920666464061,20250701 plate23 D04
20250701,plate23,D04,2,43,40C,high-salinity,2.339715572211971,20250701 plate23 D04
20250701,plate23,D04,3,43,40C,high-salinity,2.560822588665422,20250701 plate23 D04
20250701,plate23,D04,4,43,40C,high-salinity,2.6628716745178367,20250701 plate23 D04
20250701,plate23,D05,0,77,40C,low-salinity,0,20250701 plate23 D05
20250701,plate23,D05,1,77,40C,low-salinity,2.1660682236323656,20250701 plate23 D05
20250701,plate23,D05,2,77,40C,low-salinity,3.828418496036571,20250701 plate23 D05
20250701,plate23,D05,3,77,40C,low-salinity,5.5908663873423965,20250701 plate23 D05
20250701,plate23,D05,4,77,40C,low-salinity,5.585046415427639,20250701 plate23 D05
20250701,plate23,D06,0,80,40C,low-salinity,0,20250701 plate23 D06
20250701,plate23,D06,1,80,40C,low-salinity,2.463222763806059,20250701 plate23 D06
20250701,plate23,D06,2,80,40C,low-salinity,2.6628420758272986,20250701 plate23 D06
20250701,plate23,D06,3,80,40C,low-salinity,3.1758956020749642,20250701 plate23 D06
20250701,plate23,D06,4,80,40C,low-salinity,3.2297223425816557,20250701 plate23 D06
20250701,plate24,A03,0,5,40C,high-salinity,0,20250701 plate24 A03
20250701,plate24,A03,1,5,40C,high-salinity,2.278517352334487,20250701 plate24 A03
20250701,plate24,A03,2,5,40C,high-salinity,3.220608796789743,20250701 plate24 A03
20250701,plate24,A03,3,5,40C,high-salinity,5.36217055600834,20250701 plate24 A03
20250701,plate24,A03,4,5,40C,high-salinity,5.529048068658882,20250701 plate24 A03
20250701,plate24,A04,0,19,40C,high-salinity,0,20250701 plate24 A04
20250701,plate24,A04,1,19,40C,high-salinity,2.441829395271792,20250701 plate24 A04
20250701,plate24,A04,2,19,40C,high-salinity,2.6057901570684723,20250701 plate24 A04
20250701,plate24,A04,3,19,40C,high-salinity,2.4301917425915125,20250701 plate24 A04
20250701,plate24,A04,4,19,40C,high-salinity,3.504176875978279,20250701 plate24 A04
20250701,plate24,A05,0,80,40C,low-salinity,0,20250701 plate24 A05
20250701,plate24,A05,1,80,40C,low-salinity,3.068081304265617,20250701 plate24 A05
20250701,plate24,A05,2,80,40C,low-salinity,3.3618509188432624,20250701 plate24 A05
20250701,plate24,A05,3,80,40C,low-salinity,3.758488971420671,20250701 plate24 A05
20250701,plate24,A05,4,80,40C,low-salinity,3.9051505365890535,20250701 plate24 A05
20250701,plate24,A06,0,24,40C,high-salinity,0,20250701 plate24 A06
20250701,plate24,A06,1,24,40C,high-salinity,0.5770457926557712,20250701 plate24 A06
20250701,plate24,A06,2,24,40C,high-salinity,0.7290823450521073,20250701 plate24 A06
20250701,plate24,A06,3,24,40C,high-salinity,1.0291852750018236,20250701 plate24 A06
20250701,plate24,A06,4,24,40C,high-salinity,1.1640451477334728,20250701 plate24 A06
20250701,plate24,B02,0,7,40C,high-salinity,0,20250701 plate24 B02
20250701,plate24,B02,1,7,40C,high-salinity,1.206700676890815,20250701 plate24 B02
20250701,plate24,B02,2,7,40C,high-salinity,1.4753959107229258,20250701 plate24 B02
20250701,plate24,B02,3,7,40C,high-salinity,4.660392647210216,20250701 plate24 B02
20250701,plate24,B02,4,7,40C,high-salinity,4.884155201943979,20250701 plate24 B02
20250701,plate24,B04,0,19,40C,high-salinity,0,20250701 plate24 B04
20250701,plate24,B04,1,19,40C,high-salinity,2.633273957606901,20250701 plate24 B04
20250701,plate24,B04,2,19,40C,high-salinity,3.0211203088720904,20250701 plate24 B04
20250701,plate24,B04,3,19,40C,high-salinity,3.107139009995578,20250701 plate24 B04
20250701,plate24,B04,4,19,40C,high-salinity,3.2055412649364428,20250701 plate24 B04
20250701,plate24,B06,0,24,40C,high-salinity,0,20250701 plate24 B06
20250701,plate24,B06,1,24,40C,high-salinity,2.9476731414652155,20250701 plate24 B06
20250701,plate24,B06,2,24,40C,high-salinity,3.6464508493474885,20250701 plate24 B06
20250701,plate24,B06,3,24,40C,high-salinity,5.0067119655170265,20250701 plate24 B06
20250701,plate24,B06,4,24,40C,high-salinity,4.942919012589497,20250701 plate24 B06
20250701,plate24,C03,0,5,40C,high-salinity,0,20250701 plate24 C03
20250701,plate24,C03,1,5,40C,high-salinity,2.380104614837091,20250701 plate24 C03
20250701,plate24,C03,2,5,40C,high-salinity,2.8099638529070985,20250701 plate24 C03
20250701,plate24,C03,3,5,40C,high-salinity,2.038957417732523,20250701 plate24 C03
20250701,plate24,C03,4,5,40C,high-salinity,1.3771134067969792,20250701 plate24 C03
20250701,plate24,C04,0,19,40C,high-salinity,0,20250701 plate24 C04
20250701,plate24,C04,1,19,40C,high-salinity,2.691540366170792,20250701 plate24 C04
20250701,plate24,C04,2,19,40C,high-salinity,3.174505258912761,20250701 plate24 C04
20250701,plate24,C04,3,19,40C,high-salinity,3.7992222458837244,20250701 plate24 C04
20250701,plate24,C04,4,19,40C,high-salinity,5.211155110965333,20250701 plate24 C04
20250701,plate24,C05,0,80,40C,low-salinity,0,20250701 plate24 C05
20250701,plate24,C05,1,80,40C,low-salinity,0.41686312862382113,20250701 plate24 C05
20250701,plate24,C05,2,80,40C,low-salinity,0.7943103380056009,20250701 plate24 C05
20250701,plate24,C05,3,80,40C,low-salinity,1.1211679966800507,20250701 plate24 C05
20250701,plate24,C05,4,80,40C,low-salinity,1.3590924842282912,20250701 plate24 C05
20250701,plate24,D02,0,7,40C,high-salinity,0,20250701 plate24 D02
20250701,plate24,D02,1,7,40C,high-salinity,2.257147903611248,20250701 plate24 D02
20250701,plate24,D02,2,7,40C,high-salinity,2.4369585861430765,20250701 plate24 D02
20250701,plate24,D02,3,7,40C,high-salinity,3.2556300016690423,20250701 plate24 D02
20250701,plate24,D02,4,7,40C,high-salinity,4.114718089527668,20250701 plate24 D02
20250701,plate24,D03,0,5,40C,high-salinity,0,20250701 plate24 D03
20250701,plate24,D03,1,5,40C,high-salinity,1.6840190302437545,20250701 plate24 D03
20250701,plate24,D03,2,5,40C,high-salinity,1.9293415743088917,20250701 plate24 D03
20250701,plate24,D03,3,5,40C,high-salinity,2.241652620142214,20250701 plate24 D03
20250701,plate24,D03,4,5,40C,high-salinity,3.269101332669387,20250701 plate24 D03
20250701,plate24,D04,0,19,40C,high-salinity,0,20250701 plate24 D04
20250701,plate24,D04,1,19,40C,high-salinity,2.0147860180523454,20250701 plate24 D04
20250701,plate24,D04,2,19,40C,high-salinity,2.382757466679366,20250701 plate24 D04
20250701,plate24,D04,3,19,40C,high-salinity,4.792724528612026,20250701 plate24 D04
20250701,plate24,D04,4,19,40C,high-salinity,6.129580717829146,20250701 plate24 D04
20250701,plate24,D05,0,80,40C,low-salinity,0,20250701 plate24 D05
20250701,plate24,D05,1,80,40C,low-salinity,2.043275326521371,20250701 plate24 D05
20250701,plate24,D05,2,80,40C,low-salinity,2.3912147339795986,20250701 plate24 D05
20250701,plate24,D05,3,80,40C,low-salinity,2.6274273548157336,20250701 plate24 D05
20250701,plate24,D05,4,80,40C,low-salinity,2.725677104424543,20250701 plate24 D05
20250701,plate24,D06,0,24,40C,high-salinity,0,20250701 plate24 D06
20250701,plate24,D06,1,24,40C,high-salinity,1.67016709435632,20250701 plate24 D06
20250701,plate24,D06,2,24,40C,high-salinity,1.9158028546370278,20250701 plate24 D06
20250701,plate24,D06,3,24,40C,high-salinity,2.0909619360009204,20250701 plate24 D06
20250701,plate24,D06,4,24,40C,high-salinity,2.189978203879192,20250701 plate24 D06
20250701,plate3,A02,0,85,40C,low-salinity,0,20250701 plate3 A02
20250701,plate3,A02,1,85,40C,low-salinity,0.7373775344852341,20250701 plate3 A02
20250701,plate3,A02,2,85,40C,low-salinity,1.2115204466390412,20250701 plate3 A02
20250701,plate3,A02,3,85,40C,low-salinity,7.189775227998986,20250701 plate3 A02
20250701,plate3,A02,4,85,40C,low-salinity,7.1739018939489565,20250701 plate3 A02
20250701,plate3,A04,0,47,40C,low-salinity,0,20250701 plate3 A04
20250701,plate3,A04,1,47,40C,low-salinity,4.755462466281819,20250701 plate3 A04
20250701,plate3,A04,2,47,40C,low-salinity,5.530594393288729,20250701 plate3 A04
20250701,plate3,A04,3,47,40C,low-salinity,6.342517891133437,20250701 plate3 A04
20250701,plate3,A04,4,47,40C,low-salinity,6.0576442928818475,20250701 plate3 A04
20250701,plate3,A05,0,72,40C,low-salinity,0,20250701 plate3 A05
20250701,plate3,A05,1,72,40C,low-salinity,4.088001579928303,20250701 plate3 A05
20250701,plate3,A05,2,72,40C,low-salinity,4.479988551419056,20250701 plate3 A05
20250701,plate3,A05,3,72,40C,low-salinity,4.923676360887886,20250701 plate3 A05
20250701,plate3,A05,4,72,40C,low-salinity,6.342973812264814,20250701 plate3 A05
20250701,plate3,A06,0,37,40C,high-salinity,0,20250701 plate3 A06
20250701,plate3,A06,1,37,40C,high-salinity,2.4978929354426267,20250701 plate3 A06
20250701,plate3,A06,2,37,40C,high-salinity,3.962701461951192,20250701 plate3 A06
20250701,plate3,A06,3,37,40C,high-salinity,4.9871457589567205,20250701 plate3 A06
20250701,plate3,A06,4,37,40C,high-salinity,5.239815101704514,20250701 plate3 A06
20250701,plate3,B02,0,85,40C,low-salinity,0,20250701 plate3 B02
20250701,plate3,B02,1,85,40C,low-salinity,1.55522280044523,20250701 plate3 B02
20250701,plate3,B02,2,85,40C,low-salinity,1.8648077402315224,20250701 plate3 B02
20250701,plate3,B02,3,85,40C,low-salinity,5.691618680048253,20250701 plate3 B02
20250701,plate3,B02,4,85,40C,low-salinity,5.138768906453451,20250701 plate3 B02
20250701,plate3,B04,0,47,40C,low-salinity,0,20250701 plate3 B04
20250701,plate3,B04,1,47,40C,low-salinity,3.2774663984817978,20250701 plate3 B04
20250701,plate3,B04,2,47,40C,low-salinity,3.759854391468869,20250701 plate3 B04
20250701,plate3,B04,3,47,40C,low-salinity,4.875709962806518,20250701 plate3 B04
20250701,plate3,B04,4,47,40C,low-salinity,7.858389117253727,20250701 plate3 B04
20250701,plate3,B05,0,72,40C,low-salinity,0,20250701 plate3 B05
20250701,plate3,B05,1,72,40C,low-salinity,2.3492286922999575,20250701 plate3 B05
20250701,plate3,B05,2,72,40C,low-salinity,2.795870340586386,20250701 plate3 B05
20250701,plate3,B05,3,72,40C,low-salinity,5.157777168686926,20250701 plate3 B05
20250701,plate3,B05,4,72,40C,low-salinity,5.80497030517935,20250701 plate3 B05
20250701,plate3,B06,0,37,40C,high-salinity,0,20250701 plate3 B06
20250701,plate3,B06,1,37,40C,high-salinity,3.057903088195433,20250701 plate3 B06
20250701,plate3,B06,2,37,40C,high-salinity,3.4398335585541795,20250701 plate3 B06
20250701,plate3,B06,3,37,40C,high-salinity,4.237884621510405,20250701 plate3 B06
20250701,plate3,B06,4,37,40C,high-salinity,5.034682107437218,20250701 plate3 B06
20250701,plate3,C03,0,48,40C,low-salinity,0,20250701 plate3 C03
20250701,plate3,C03,1,48,40C,low-salinity,2.7293252998844673,20250701 plate3 C03
20250701,plate3,C03,2,48,40C,low-salinity,3.117592136097496,20250701 plate3 C03
20250701,plate3,C03,3,48,40C,low-salinity,6.220525667187743,20250701 plate3 C03
20250701,plate3,C03,4,48,40C,low-salinity,6.985330792040321,20250701 plate3 C03
20250701,plate3,C04,0,47,40C,low-salinity,0,20250701 plate3 C04
20250701,plate3,C04,1,47,40C,low-salinity,3.21815993820795,20250701 plate3 C04
20250701,plate3,C04,2,47,40C,low-salinity,3.7050455288187067,20250701 plate3 C04
20250701,plate3,C04,3,47,40C,low-salinity,4.467499732702231,20250701 plate3 C04
20250701,plate3,C04,4,47,40C,low-salinity,5.699113421416669,20250701 plate3 C04
20250701,plate3,C06,0,37,40C,high-salinity,0,20250701 plate3 C06
20250701,plate3,C06,1,37,40C,high-salinity,3.5247633330726527,20250701 plate3 C06
20250701,plate3,C06,2,37,40C,high-salinity,3.9623556204578843,20250701 plate3 C06
20250701,plate3,C06,3,37,40C,high-salinity,4.286281429774988,20250701 plate3 C06
20250701,plate3,C06,4,37,40C,high-salinity,4.484879024348704,20250701 plate3 C06
20250701,plate3,D02,0,85,40C,low-salinity,0,20250701 plate3 D02
20250701,plate3,D02,1,85,40C,low-salinity,0.5487781526445512,20250701 plate3 D02
20250701,plate3,D02,2,85,40C,low-salinity,0.9860470054625642,20250701 plate3 D02
20250701,plate3,D02,3,85,40C,low-salinity,1.499243987941824,20250701 plate3 D02
20250701,plate3,D02,4,85,40C,low-salinity,1.7454434561220133,20250701 plate3 D02
20250701,plate3,D04,0,47,40C,low-salinity,0,20250701 plate3 D04
20250701,plate3,D04,1,47,40C,low-salinity,3.4085729347008735,20250701 plate3 D04
20250701,plate3,D04,2,47,40C,low-salinity,3.9520782465294113,20250701 plate3 D04
20250701,plate3,D04,3,47,40C,low-salinity,5.346190187284888,20250701 plate3 D04
20250701,plate3,D04,4,47,40C,low-salinity,6.193326418887113,20250701 plate3 D04
20250701,plate3,D05,0,72,40C,low-salinity,0,20250701 plate3 D05
20250701,plate3,D05,1,72,40C,low-salinity,2.7687161185124745,20250701 plate3 D05
20250701,plate3,D05,2,72,40C,low-salinity,3.232099763417342,20250701 plate3 D05
20250701,plate3,D05,3,72,40C,low-salinity,5.213200645733624,20250701 plate3 D05
20250701,plate3,D05,4,72,40C,low-salinity,5.826163709395992,20250701 plate3 D05
20250701,plate3,D06,0,37,40C,high-salinity,0,20250701 plate3 D06
20250701,plate3,D06,1,37,40C,high-salinity,2.5591961846395135,20250701 plate3 D06
20250701,plate3,D06,2,37,40C,high-salinity,2.973546775461935,20250701 plate3 D06
20250701,plate3,D06,3,37,40C,high-salinity,3.246984727066092,20250701 plate3 D06
20250701,plate3,D06,4,37,40C,high-salinity,3.424246805523651,20250701 plate3 D06
20250701,plate4,A02,0,21,40C,high-salinity,0,20250701 plate4 A02
20250701,plate4,A02,1,21,40C,high-salinity,3.6172122190768046,20250701 plate4 A02
20250701,plate4,A02,2,21,40C,high-salinity,3.8101389122936404,20250701 plate4 A02
20250701,plate4,A02,3,21,40C,high-salinity,4.11095586739041,20250701 plate4 A02
20250701,plate4,A02,4,21,40C,high-salinity,4.377748959377077,20250701 plate4 A02
20250701,plate4,A03,0,51,40C,low-salinity,0,20250701 plate4 A03
20250701,plate4,A03,1,51,40C,low-salinity,2.2439173042865375,20250701 plate4 A03
20250701,plate4,A03,2,51,40C,low-salinity,2.5867760653464096,20250701 plate4 A03
20250701,plate4,A03,3,51,40C,low-salinity,3.041209022951279,20250701 plate4 A03
20250701,plate4,A03,4,51,40C,low-salinity,4.76110261762638,20250701 plate4 A03
20250701,plate4,A04,0,47,40C,low-salinity,0,20250701 plate4 A04
20250701,plate4,A04,1,47,40C,low-salinity,2.006092994291584,20250701 plate4 A04
20250701,plate4,A04,2,47,40C,low-salinity,2.3413292212203274,20250701 plate4 A04
20250701,plate4,A04,3,47,40C,low-salinity,2.9558556671509106,20250701 plate4 A04
20250701,plate4,A04,4,47,40C,low-salinity,3.3455614043641857,20250701 plate4 A04
20250701,plate4,A05,0,60,40C,low-salinity,0,20250701 plate4 A05
20250701,plate4,A05,1,60,40C,low-salinity,4.015940098049023,20250701 plate4 A05
20250701,plate4,A05,2,60,40C,low-salinity,4.193729866726834,20250701 plate4 A05
20250701,plate4,A05,3,60,40C,low-salinity,4.35124451715083,20250701 plate4 A05
20250701,plate4,A05,4,60,40C,low-salinity,6.404387827624418,20250701 plate4 A05
20250701,plate4,B02,0,21,40C,high-salinity,0,20250701 plate4 B02
20250701,plate4,B02,1,21,40C,high-salinity,3.722748026872706,20250701 plate4 B02
20250701,plate4,B02,2,21,40C,high-salinity,4.085943070326947,20250701 plate4 B02
20250701,plate4,B02,3,21,40C,high-salinity,7.29748133139309,20250701 plate4 B02
20250701,plate4,B02,4,21,40C,high-salinity,8.08975591267466,20250701 plate4 B02
20250701,plate4,B03,0,51,40C,low-salinity,0,20250701 plate4 B03
20250701,plate4,B03,1,51,40C,low-salinity,2.7812199079378406,20250701 plate4 B03
20250701,plate4,B03,2,51,40C,low-salinity,3.1560590896121106,20250701 plate4 B03
20250701,plate4,B03,3,51,40C,low-salinity,3.375433486294782,20250701 plate4 B03
20250701,plate4,B03,4,51,40C,low-salinity,3.646237379236231,20250701 plate4 B03
20250701,plate4,B04,0,47,40C,low-salinity,0,20250701 plate4 B04
20250701,plate4,B04,1,47,40C,low-salinity,3.330525146831241,20250701 plate4 B04
20250701,plate4,B04,2,47,40C,low-salinity,3.6935864811014567,20250701 plate4 B04
20250701,plate4,B04,3,47,40C,low-salinity,4.53013762963676,20250701 plate4 B04
20250701,plate4,B04,4,47,40C,low-salinity,5.705049933610161,20250701 plate4 B04
20250701,plate4,B05,0,60,40C,low-salinity,0,20250701 plate4 B05
20250701,plate4,B05,1,60,40C,low-salinity,3.030314332040533,20250701 plate4 B05
20250701,plate4,B05,2,60,40C,low-salinity,3.4565204361635984,20250701 plate4 B05
20250701,plate4,B05,3,60,40C,low-salinity,3.735762429335864,20250701 plate4 B05
20250701,plate4,B05,4,60,40C,low-salinity,5.614936822104104,20250701 plate4 B05
20250701,plate4,B06,0,74,40C,low-salinity,0,20250701 plate4 B06
20250701,plate4,B06,1,74,40C,low-salinity,0.8403464387470982,20250701 plate4 B06
20250701,plate4,B06,2,74,40C,low-salinity,1.2955790469578192,20250701 plate4 B06
20250701,plate4,B06,3,74,40C,low-salinity,1.7748231396044227,20250701 plate4 B06
20250701,plate4,B06,4,74,40C,low-salinity,2.0902619402289133,20250701 plate4 B06
20250701,plate4,C02,0,21,40C,high-salinity,0,20250701 plate4 C02
20250701,plate4,C02,1,21,40C,high-salinity,2.8395823250197467,20250701 plate4 C02
20250701,plate4,C02,2,21,40C,high-salinity,3.061485531202879,20250701 plate4 C02
20250701,plate4,C02,3,21,40C,high-salinity,3.301713718718647,20250701 plate4 C02
20250701,plate4,C02,4,21,40C,high-salinity,3.5527911491968394,20250701 plate4 C02
20250701,plate4,C03,0,51,40C,low-salinity,0,20250701 plate4 C03
20250701,plate4,C03,1,51,40C,low-salinity,2.0468801886659,20250701 plate4 C03
20250701,plate4,C03,2,51,40C,low-salinity,2.38081236504576,20250701 plate4 C03
20250701,plate4,C03,3,51,40C,low-salinity,3.009947595583282,20250701 plate4 C03
20250701,plate4,C03,4,51,40C,low-salinity,4.908147067681623,20250701 plate4 C03
20250701,plate4,C04,0,47,40C,low-salinity,0,20250701 plate4 C04
20250701,plate4,C04,1,47,40C,low-salinity,2.115000699863717,20250701 plate4 C04
20250701,plate4,C04,2,47,40C,low-salinity,2.471846773189124,20250701 plate4 C04
20250701,plate4,C04,3,47,40C,low-salinity,5.287365059055573,20250701 plate4 C04
20250701,plate4,C04,4,47,40C,low-salinity,5.168788078995678,20250701 plate4 C04
20250701,plate4,C05,0,60,40C,low-salinity,0,20250701 plate4 C05
20250701,plate4,C05,1,60,40C,low-salinity,3.233818314951082,20250701 plate4 C05
20250701,plate4,C05,2,60,40C,low-salinity,3.54145571645492,20250701 plate4 C05
20250701,plate4,C05,3,60,40C,low-salinity,4.278166559635841,20250701 plate4 C05
20250701,plate4,C05,4,60,40C,low-salinity,5.867035875647939,20250701 plate4 C05
20250701,plate4,C06,0,74,40C,low-salinity,0,20250701 plate4 C06
20250701,plate4,C06,1,74,40C,low-salinity,3.4863581537614334,20250701 plate4 C06
20250701,plate4,C06,2,74,40C,low-salinity,4.027439953610772,20250701 plate4 C06
20250701,plate4,C06,3,74,40C,low-salinity,4.3783007033427745,20250701 plate4 C06
20250701,plate4,C06,4,74,40C,low-salinity,4.604096321780721,20250701 plate4 C06
20250701,plate4,D02,0,21,40C,high-salinity,0,20250701 plate4 D02
20250701,plate4,D02,1,21,40C,high-salinity,3.0950040987486895,20250701 plate4 D02
20250701,plate4,D02,2,21,40C,high-salinity,3.4867354571752878,20250701 plate4 D02
20250701,plate4,D02,3,21,40C,high-salinity,5.585276794877776,20250701 plate4 D02
20250701,plate4,D02,4,21,40C,high-salinity,7.059363584972892,20250701 plate4 D02
20250701,plate4,D03,0,51,40C,low-salinity,0,20250701 plate4 D03
20250701,plate4,D03,1,51,40C,low-salinity,0.8025493917918002,20250701 plate4 D03
20250701,plate4,D03,2,51,40C,low-salinity,1.1566411958226617,20250701 plate4 D03
20250701,plate4,D03,3,51,40C,low-salinity,2.661665280122668,20250701 plate4 D03
20250701,plate4,D03,4,51,40C,low-salinity,5.4853097497372545,20250701 plate4 D03
20250701,plate4,D04,0,47,40C,low-salinity,0,20250701 plate4 D04
20250701,plate4,D04,1,47,40C,low-salinity,1.9356188722243666,20250701 plate4 D04
20250701,plate4,D04,2,47,40C,low-salinity,2.2652560234194836,20250701 plate4 D04
20250701,plate4,D04,3,47,40C,low-salinity,3.7856774828648514,20250701 plate4 D04
20250701,plate4,D04,4,47,40C,low-salinity,4.342625280951417,20250701 plate4 D04
20250701,plate4,D05,0,60,40C,low-salinity,0,20250701 plate4 D05
20250701,plate4,D05,1,60,40C,low-salinity,2.7411789789356416,20250701 plate4 D05
20250701,plate4,D05,2,60,40C,low-salinity,3.0506016644498484,20250701 plate4 D05
20250701,plate4,D05,3,60,40C,low-salinity,3.2512765357008973,20250701 plate4 D05
20250701,plate4,D05,4,60,40C,low-salinity,4.05998519098065,20250701 plate4 D05
20250701,plate4,D06,0,74,40C,low-salinity,0,20250701 plate4 D06
20250701,plate4,D06,1,74,40C,low-salinity,2.137971305046731,20250701 plate4 D06
20250701,plate4,D06,2,74,40C,low-salinity,2.47634672279001,20250701 plate4 D06
20250701,plate4,D06,3,74,40C,low-salinity,2.693456562513754,20250701 plate4 D06
20250701,plate4,D06,4,74,40C,low-salinity,2.7811539820904083,20250701 plate4 D06
20250701,plate5,A02,0,2,40C,high-salinity,0,20250701 plate5 A02
20250701,plate5,A02,1,2,40C,high-salinity,2.6327019046119147,20250701 plate5 A02
20250701,plate5,A02,2,2,40C,high-salinity,2.8382668298025973,20250701 plate5 A02
20250701,plate5,A02,3,2,40C,high-salinity,3.055599429253895,20250701 plate5 A02
20250701,plate5,A02,4,2,40C,high-salinity,3.712074976215912,20250701 plate5 A02
20250701,plate5,A04,0,88,40C,low-salinity,0,20250701 plate5 A04
20250701,plate5,A04,1,88,40C,low-salinity,2.450416474165546,20250701 plate5 A04
20250701,plate5,A04,2,88,40C,low-salinity,2.7732678826166204,20250701 plate5 A04
20250701,plate5,A04,3,88,40C,low-salinity,2.9675878512160283,20250701 plate5 A04
20250701,plate5,A04,4,88,40C,low-salinity,4.1919330846980385,20250701 plate5 A04
20250701,plate5,A05,0,50,40C,low-salinity,0,20250701 plate5 A05
20250701,plate5,A05,1,50,40C,low-salinity,4.280463851420545,20250701 plate5 A05
20250701,plate5,A05,2,50,40C,low-salinity,4.637859516323967,20250701 plate5 A05
20250701,plate5,A05,3,50,40C,low-salinity,5.262714344066596,20250701 plate5 A05
20250701,plate5,A05,4,50,40C,low-salinity,6.623687094500658,20250701 plate5 A05
20250701,plate5,A06,0,24,40C,high-salinity,0,20250701 plate5 A06
20250701,plate5,A06,1,24,40C,high-salinity,2.3605449527411952,20250701 plate5 A06
20250701,plate5,A06,2,24,40C,high-salinity,2.7010744248813707,20250701 plate5 A06
20250701,plate5,A06,3,24,40C,high-salinity,3.0147165971263883,20250701 plate5 A06
20250701,plate5,A06,4,24,40C,high-salinity,3.088199803986287,20250701 plate5 A06
20250701,plate5,B04,0,88,40C,low-salinity,0,20250701 plate5 B04
20250701,plate5,B04,1,88,40C,low-salinity,2.9469673262630676,20250701 plate5 B04
20250701,plate5,B04,2,88,40C,low-salinity,5.10443212189281,20250701 plate5 B04
20250701,plate5,B04,3,88,40C,low-salinity,6.589468201089967,20250701 plate5 B04
20250701,plate5,B04,4,88,40C,low-salinity,6.575954949504361,20250701 plate5 B04
20250701,plate5,B06,0,24,40C,high-salinity,0,20250701 plate5 B06
20250701,plate5,B06,1,24,40C,high-salinity,2.9145543992900045,20250701 plate5 B06
20250701,plate5,B06,2,24,40C,high-salinity,3.427819145511189,20250701 plate5 B06
20250701,plate5,B06,3,24,40C,high-salinity,4.143458117373322,20250701 plate5 B06
20250701,plate5,B06,4,24,40C,high-salinity,4.258747871040727,20250701 plate5 B06
20250701,plate5,C02,0,2,40C,high-salinity,0,20250701 plate5 C02
20250701,plate5,C02,1,2,40C,high-salinity,0.773395641192296,20250701 plate5 C02
20250701,plate5,C02,2,2,40C,high-salinity,0.9981128755703236,20250701 plate5 C02
20250701,plate5,C02,3,2,40C,high-salinity,1.2892919821199351,20250701 plate5 C02
20250701,plate5,C02,4,2,40C,high-salinity,1.8817280879037823,20250701 plate5 C02
20250701,plate5,C04,0,88,40C,low-salinity,0,20250701 plate5 C04
20250701,plate5,C04,1,88,40C,low-salinity,2.934030634313123,20250701 plate5 C04
20250701,plate5,C04,2,88,40C,low-salinity,3.338019803186192,20250701 plate5 C04
20250701,plate5,C04,3,88,40C,low-salinity,4.274973551952218,20250701 plate5 C04
20250701,plate5,C04,4,88,40C,low-salinity,5.21689355796824,20250701 plate5 C04
20250701,plate5,C05,0,50,40C,low-salinity,0,20250701 plate5 C05
20250701,plate5,C05,1,50,40C,low-salinity,1.9881838012316624,20250701 plate5 C05
20250701,plate5,C05,2,50,40C,low-salinity,2.076456552924826,20250701 plate5 C05
20250701,plate5,C05,3,50,40C,low-salinity,5.589929680560358,20250701 plate5 C05
20250701,plate5,C05,4,50,40C,low-salinity,5.603551166538523,20250701 plate5 C05
20250701,plate5,D02,0,2,40C,high-salinity,0,20250701 plate5 D02
20250701,plate5,D02,1,2,40C,high-salinity,2.2678552056293326,20250701 plate5 D02
20250701,plate5,D02,2,2,40C,high-salinity,2.4489022686465023,20250701 plate5 D02
20250701,plate5,D02,3,2,40C,high-salinity,2.7104418857207064,20250701 plate5 D02
20250701,plate5,D02,4,2,40C,high-salinity,2.7656710873388133,20250701 plate5 D02
20250701,plate5,D04,0,88,40C,low-salinity,0,20250701 plate5 D04
20250701,plate5,D04,1,88,40C,low-salinity,2.4422278865279115,20250701 plate5 D04
20250701,plate5,D04,2,88,40C,low-salinity,2.7529617711610754,20250701 plate5 D04
20250701,plate5,D04,3,88,40C,low-salinity,3.7592519931115076,20250701 plate5 D04
20250701,plate5,D04,4,88,40C,low-salinity,4.464486399979206,20250701 plate5 D04
20250701,plate5,D05,0,50,40C,low-salinity,0,20250701 plate5 D05
20250701,plate5,D05,1,50,40C,low-salinity,2.7645401947173074,20250701 plate5 D05
20250701,plate5,D05,2,50,40C,low-salinity,3.072743147719441,20250701 plate5 D05
20250701,plate5,D05,3,50,40C,low-salinity,3.2881293417722075,20250701 plate5 D05
20250701,plate5,D05,4,50,40C,low-salinity,4.22557262877514,20250701 plate5 D05
20250701,plate5,D06,0,24,40C,high-salinity,0,20250701 plate5 D06
20250701,plate5,D06,1,24,40C,high-salinity,1.9596390035255158,20250701 plate5 D06
20250701,plate5,D06,2,24,40C,high-salinity,2.178478394409374,20250701 plate5 D06
20250701,plate5,D06,3,24,40C,high-salinity,2.375556789579962,20250701 plate5 D06
20250701,plate5,D06,4,24,40C,high-salinity,2.4270433790904855,20250701 plate5 D06
20250701,plate6,A02,0,48,40C,low-salinity,0,20250701 plate6 A02
20250701,plate6,A02,1,48,40C,low-salinity,3.6822472716966463,20250701 plate6 A02
20250701,plate6,A02,2,48,40C,low-salinity,4.446036336621308,20250701 plate6 A02
20250701,plate6,A02,3,48,40C,low-salinity,6.2347144784557145,20250701 plate6 A02
20250701,plate6,A02,4,48,40C,low-salinity,6.523610614875061,20250701 plate6 A02
20250701,plate6,A03,0,76,40C,low-salinity,0,20250701 plate6 A03
20250701,plate6,A03,1,76,40C,low-salinity,1.270950529180437,20250701 plate6 A03
20250701,plate6,A03,2,76,40C,low-salinity,1.9818810730023966,20250701 plate6 A03
20250701,plate6,A03,3,76,40C,low-salinity,4.859829183969775,20250701 plate6 A03
20250701,plate6,A03,4,76,40C,low-salinity,6.335462089695431,20250701 plate6 A03
20250701,plate6,A04,0,74,40C,low-salinity,0,20250701 plate6 A04
20250701,plate6,A04,1,74,40C,low-salinity,3.05059332083797,20250701 plate6 A04
20250701,plate6,A04,2,74,40C,low-salinity,3.5664924795772017,20250701 plate6 A04
20250701,plate6,A04,3,74,40C,low-salinity,3.98299026955977,20250701 plate6 A04
20250701,plate6,A04,4,74,40C,low-salinity,4.173438052195761,20250701 plate6 A04
20250701,plate6,A05,0,78,40C,low-salinity,0,20250701 plate6 A05
20250701,plate6,A05,1,78,40C,low-salinity,2.3405159340598995,20250701 plate6 A05
20250701,plate6,A05,2,78,40C,low-salinity,2.9303187904727666,20250701 plate6 A05
20250701,plate6,A05,3,78,40C,low-salinity,3.5030381674549136,20250701 plate6 A05
20250701,plate6,A05,4,78,40C,low-salinity,3.0966052187454443,20250701 plate6 A05
20250701,plate6,B02,0,48,40C,low-salinity,0,20250701 plate6 B02
20250701,plate6,B02,1,48,40C,low-salinity,5.924953887202977,20250701 plate6 B02
20250701,plate6,B02,2,48,40C,low-salinity,6.617230771712966,20250701 plate6 B02
20250701,plate6,B02,3,48,40C,low-salinity,7.9911447300393865,20250701 plate6 B02
20250701,plate6,B02,4,48,40C,low-salinity,8.227329961723676,20250701 plate6 B02
20250701,plate6,B03,0,76,40C,low-salinity,0,20250701 plate6 B03
20250701,plate6,B03,1,76,40C,low-salinity,3.1411096552185236,20250701 plate6 B03
20250701,plate6,B03,2,76,40C,low-salinity,5.445066850594656,20250701 plate6 B03
20250701,plate6,B03,3,76,40C,low-salinity,7.478246388227645,20250701 plate6 B03
20250701,plate6,B03,4,76,40C,low-salinity,8.07697570422627,20250701 plate6 B03
20250701,plate6,B04,0,74,40C,low-salinity,0,20250701 plate6 B04
20250701,plate6,B04,1,74,40C,low-salinity,1.6482796003873117,20250701 plate6 B04
20250701,plate6,B04,2,74,40C,low-salinity,3.402313647798265,20250701 plate6 B04
20250701,plate6,B04,3,74,40C,low-salinity,4.992937842371656,20250701 plate6 B04
20250701,plate6,B04,4,74,40C,low-salinity,5.177803863917397,20250701 plate6 B04
20250701,plate6,C03,0,76,40C,low-salinity,0,20250701 plate6 C03
20250701,plate6,C03,1,76,40C,low-salinity,3.3055901793369156,20250701 plate6 C03
20250701,plate6,C03,2,76,40C,low-salinity,3.7936404064125337,20250701 plate6 C03
20250701,plate6,C03,3,76,40C,low-salinity,4.194593079159407,20250701 plate6 C03
20250701,plate6,C03,4,76,40C,low-salinity,4.381175858946789,20250701 plate6 C03
20250701,plate6,C05,0,78,40C,low-salinity,0,20250701 plate6 C05
20250701,plate6,C05,1,78,40C,low-salinity,4.302357855567705,20250701 plate6 C05
20250701,plate6,C05,2,78,40C,low-salinity,4.218463378124616,20250701 plate6 C05
20250701,plate6,C05,3,78,40C,low-salinity,6.264845105617749,20250701 plate6 C05
20250701,plate6,C05,4,78,40C,low-salinity,5.188025432797617,20250701 plate6 C05
20250701,plate6,C06,0,34,40C,high-salinity,0,20250701 plate6 C06
20250701,plate6,C06,1,34,40C,high-salinity,2.893891111839602,20250701 plate6 C06
20250701,plate6,C06,2,34,40C,high-salinity,3.4200491790199474,20250701 plate6 C06
20250701,plate6,C06,3,34,40C,high-salinity,6.513493957182947,20250701 plate6 C06
20250701,plate6,C06,4,34,40C,high-salinity,6.695365701166662,20250701 plate6 C06
20250701,plate6,D02,0,48,40C,low-salinity,0,20250701 plate6 D02
20250701,plate6,D02,1,48,40C,low-salinity,3.197791583808599,20250701 plate6 D02
20250701,plate6,D02,2,48,40C,low-salinity,3.6472224751731144,20250701 plate6 D02
20250701,plate6,D02,3,48,40C,low-salinity,7.441574132822746,20250701 plate6 D02
20250701,plate6,D02,4,48,40C,low-salinity,8.363091066653572,20250701 plate6 D02
20250701,plate6,D03,0,76,40C,low-salinity,0,20250701 plate6 D03
20250701,plate6,D03,1,76,40C,low-salinity,0.39899628374625706,20250701 plate6 D03
20250701,plate6,D03,2,76,40C,low-salinity,0.7542564795577977,20250701 plate6 D03
20250701,plate6,D03,3,76,40C,low-salinity,1.0327078908871323,20250701 plate6 D03
20250701,plate6,D03,4,76,40C,low-salinity,1.3704397133996056,20250701 plate6 D03
20250701,plate6,D04,0,74,40C,low-salinity,0,20250701 plate6 D04
20250701,plate6,D04,1,74,40C,low-salinity,2.4958240312473934,20250701 plate6 D04
20250701,plate6,D04,2,74,40C,low-salinity,3.0413753776028747,20250701 plate6 D04
20250701,plate6,D04,3,74,40C,low-salinity,3.9625518682904617,20250701 plate6 D04
20250701,plate6,D04,4,74,40C,low-salinity,5.041634390107521,20250701 plate6 D04
20250701,plate6,D05,0,78,40C,low-salinity,0,20250701 plate6 D05
20250701,plate6,D05,1,78,40C,low-salinity,4.28556030369853,20250701 plate6 D05
20250701,plate6,D05,2,78,40C,low-salinity,4.55429177163442,20250701 plate6 D05
20250701,plate6,D05,3,78,40C,low-salinity,5.828563249561079,20250701 plate6 D05
20250701,plate6,D05,4,78,40C,low-salinity,5.963247715135563,20250701 plate6 D05
20250701,plate6,D06,0,34,40C,high-salinity,0,20250701 plate6 D06
20250701,plate6,D06,1,34,40C,high-salinity,2.6382274789605824,20250701 plate6 D06
20250701,plate6,D06,2,34,40C,high-salinity,2.992022503532929,20250701 plate6 D06
20250701,plate6,D06,3,34,40C,high-salinity,3.3870074331788937,20250701 plate6 D06
20250701,plate6,D06,4,34,40C,high-salinity,3.383803225462753,20250701 plate6 D06
20250701,plate7,A03,0,38,40C,high-salinity,0,20250701 plate7 A03
20250701,plate7,A03,1,38,40C,high-salinity,0.5450455237598223,20250701 plate7 A03
20250701,plate7,A03,2,38,40C,high-salinity,1.0430872295579179,20250701 plate7 A03
20250701,plate7,A03,3,38,40C,high-salinity,1.4916839424130925,20250701 plate7 A03
20250701,plate7,A03,4,38,40C,high-salinity,1.7610747392366595,20250701 plate7 A03
20250701,plate7,A04,0,49,40C,low-salinity,0,20250701 plate7 A04
20250701,plate7,A04,1,49,40C,low-salinity,4.108306046203346,20250701 plate7 A04
20250701,plate7,A04,2,49,40C,low-salinity,4.444952672024828,20250701 plate7 A04
20250701,plate7,A04,3,49,40C,low-salinity,4.793965595290527,20250701 plate7 A04
20250701,plate7,A04,4,49,40C,low-salinity,7.259538107139871,20250701 plate7 A04
20250701,plate7,A05,0,32,40C,high-salinity,0,20250701 plate7 A05
20250701,plate7,A05,1,32,40C,high-salinity,0.6119043013691585,20250701 plate7 A05
20250701,plate7,A05,2,32,40C,high-salinity,0.8886191255492913,20250701 plate7 A05
20250701,plate7,A05,3,32,40C,high-salinity,2.524470791186937,20250701 plate7 A05
20250701,plate7,A05,4,32,40C,high-salinity,2.970741674739962,20250701 plate7 A05
20250701,plate7,A06,0,74,40C,low-salinity,0,20250701 plate7 A06
20250701,plate7,A06,1,74,40C,low-salinity,0.5780025546925441,20250701 plate7 A06
20250701,plate7,A06,2,74,40C,low-salinity,0.995099155805376,20250701 plate7 A06
20250701,plate7,A06,3,74,40C,low-salinity,1.4089042041541342,20250701 plate7 A06
20250701,plate7,A06,4,74,40C,low-salinity,1.7402926621647374,20250701 plate7 A06
20250701,plate7,B02,0,36,40C,high-salinity,0,20250701 plate7 B02
20250701,plate7,B02,1,36,40C,high-salinity,2.387755782260706,20250701 plate7 B02
20250701,plate7,B02,2,36,40C,high-salinity,2.7173808049388333,20250701 plate7 B02
20250701,plate7,B02,3,36,40C,high-salinity,2.9234244455892435,20250701 plate7 B02
20250701,plate7,B02,4,36,40C,high-salinity,3.2284041556426266,20250701 plate7 B02
20250701,plate7,B04,0,49,40C,low-salinity,0,20250701 plate7 B04
20250701,plate7,B04,1,49,40C,low-salinity,2.294324540109525,20250701 plate7 B04
20250701,plate7,B04,2,49,40C,low-salinity,2.555891505890973,20250701 plate7 B04
20250701,plate7,B04,3,49,40C,low-salinity,2.7926678012021298,20250701 plate7 B04
20250701,plate7,B04,4,49,40C,low-salinity,3.841021387779378,20250701 plate7 B04
20250701,plate7,B05,0,32,40C,high-salinity,0,20250701 plate7 B05
20250701,plate7,B05,1,32,40C,high-salinity,2.3849026050305384,20250701 plate7 B05
20250701,plate7,B05,2,32,40C,high-salinity,2.6566972876524506,20250701 plate7 B05
20250701,plate7,B05,3,32,40C,high-salinity,7.200492867652329,20250701 plate7 B05
20250701,plate7,B05,4,32,40C,high-salinity,8.541283232947723,20250701 plate7 B05
20250701,plate7,B06,0,74,40C,low-salinity,0,20250701 plate7 B06
20250701,plate7,B06,1,74,40C,low-salinity,3.0813402493778708,20250701 plate7 B06
20250701,plate7,B06,2,74,40C,low-salinity,3.2353826460130475,20250701 plate7 B06
20250701,plate7,B06,3,74,40C,low-salinity,3.757609356821787,20250701 plate7 B06
20250701,plate7,B06,4,74,40C,low-salinity,3.97078159874688,20250701 plate7 B06
20250701,plate7,C02,0,36,40C,high-salinity,0,20250701 plate7 C02
20250701,plate7,C02,1,36,40C,high-salinity,3.2364902714304704,20250701 plate7 C02
20250701,plate7,C02,2,36,40C,high-salinity,3.594616949086964,20250701 plate7 C02
20250701,plate7,C02,3,36,40C,high-salinity,3.9197523682999287,20250701 plate7 C02
20250701,plate7,C02,4,36,40C,high-salinity,5.080008403034485,20250701 plate7 C02
20250701,plate7,C03,0,38,40C,high-salinity,0,20250701 plate7 C03
20250701,plate7,C03,1,38,40C,high-salinity,0.8601275841673043,20250701 plate7 C03
20250701,plate7,C03,2,38,40C,high-salinity,1.1389753797975037,20250701 plate7 C03
20250701,plate7,C03,3,38,40C,high-salinity,4.2763601488457565,20250701 plate7 C03
20250701,plate7,C03,4,38,40C,high-salinity,4.425231325008047,20250701 plate7 C03
20250701,plate7,C04,0,49,40C,low-salinity,0,20250701 plate7 C04
20250701,plate7,C04,1,49,40C,low-salinity,3.353582304335366,20250701 plate7 C04
20250701,plate7,C04,2,49,40C,low-salinity,3.821655724001542,20250701 plate7 C04
20250701,plate7,C04,3,49,40C,low-salinity,6.440038671840239,20250701 plate7 C04
20250701,plate7,C04,4,49,40C,low-salinity,7.9664714942462345,20250701 plate7 C04
20250701,plate7,C05,0,32,40C,high-salinity,0,20250701 plate7 C05
20250701,plate7,C05,1,32,40C,high-salinity,0.20100274250395092,20250701 plate7 C05
20250701,plate7,C05,2,32,40C,high-salinity,0.31714456904554755,20250701 plate7 C05
20250701,plate7,C05,3,32,40C,high-salinity,0.5043681141989343,20250701 plate7 C05
20250701,plate7,C05,4,32,40C,high-salinity,0.6367628916473848,20250701 plate7 C05
20250701,plate7,C06,0,74,40C,low-salinity,0,20250701 plate7 C06
20250701,plate7,C06,1,74,40C,low-salinity,0.6225401758553969,20250701 plate7 C06
20250701,plate7,C06,2,74,40C,low-salinity,1.123975712636924,20250701 plate7 C06
20250701,plate7,C06,3,74,40C,low-salinity,1.4969008677310458,20250701 plate7 C06
20250701,plate7,C06,4,74,40C,low-salinity,1.6961666655974366,20250701 plate7 C06
20250701,plate7,D02,0,36,40C,high-salinity,0,20250701 plate7 D02
20250701,plate7,D02,1,36,40C,high-salinity,3.406135238530274,20250701 plate7 D02
20250701,plate7,D02,2,36,40C,high-salinity,3.6987135241530327,20250701 plate7 D02
20250701,plate7,D02,3,36,40C,high-salinity,5.581260386086624,20250701 plate7 D02
20250701,plate7,D02,4,36,40C,high-salinity,5.768266650652364,20250701 plate7 D02
20250701,plate7,D05,0,32,40C,high-salinity,0,20250701 plate7 D05
20250701,plate7,D05,1,32,40C,high-salinity,0.4132170805189944,20250701 plate7 D05
20250701,plate7,D05,2,32,40C,high-salinity,0.7061998313327874,20250701 plate7 D05
20250701,plate7,D05,3,32,40C,high-salinity,0.9806125053014249,20250701 plate7 D05
20250701,plate7,D05,4,32,40C,high-salinity,1.107264646449115,20250701 plate7 D05
20250701,plate7,D06,0,74,40C,low-salinity,0,20250701 plate7 D06
20250701,plate7,D06,1,74,40C,low-salinity,1.2291694763546228,20250701 plate7 D06
20250701,plate7,D06,2,74,40C,low-salinity,1.8464364044401262,20250701 plate7 D06
20250701,plate7,D06,3,74,40C,low-salinity,5.556444487535735,20250701 plate7 D06
20250701,plate7,D06,4,74,40C,low-salinity,5.519817504870327,20250701 plate7 D06
20250701,plate8,A02,0,32,40C,high-salinity,0,20250701 plate8 A02
20250701,plate8,A02,1,32,40C,high-salinity,2.7975007602010806,20250701 plate8 A02
20250701,plate8,A02,2,32,40C,high-salinity,5.15962589997387,20250701 plate8 A02
20250701,plate8,A02,3,32,40C,high-salinity,5.732962241902489,20250701 plate8 A02
20250701,plate8,A02,4,32,40C,high-salinity,5.416589094207114,20250701 plate8 A02
20250701,plate8,A03,0,41,40C,high-salinity,0,20250701 plate8 A03
20250701,plate8,A03,1,41,40C,high-salinity,2.5438990781698045,20250701 plate8 A03
20250701,plate8,A03,2,41,40C,high-salinity,2.9199423587365883,20250701 plate8 A03
20250701,plate8,A03,3,41,40C,high-salinity,3.857877275341539,20250701 plate8 A03
20250701,plate8,A03,4,41,40C,high-salinity,6.444605760439149,20250701 plate8 A03
20250701,plate8,A04,0,7,40C,high-salinity,0,20250701 plate8 A04
20250701,plate8,A04,1,7,40C,high-salinity,3.41076911373506,20250701 plate8 A04
20250701,plate8,A04,2,7,40C,high-salinity,3.638756284522675,20250701 plate8 A04
20250701,plate8,A04,3,7,40C,high-salinity,6.022559023836664,20250701 plate8 A04
20250701,plate8,A04,4,7,40C,high-salinity,6.556630190311796,20250701 plate8 A04
20250701,plate8,A05,0,70,40C,low-salinity,0,20250701 plate8 A05
20250701,plate8,A05,1,70,40C,low-salinity,4.011050426361392,20250701 plate8 A05
20250701,plate8,A05,2,70,40C,low-salinity,4.457157962092531,20250701 plate8 A05
20250701,plate8,A05,3,70,40C,low-salinity,6.376100549790529,20250701 plate8 A05
20250701,plate8,A05,4,70,40C,low-salinity,6.82827621149657,20250701 plate8 A05
20250701,plate8,B02,0,32,40C,high-salinity,0,20250701 plate8 B02
20250701,plate8,B02,1,32,40C,high-salinity,4.162619991567072,20250701 plate8 B02
20250701,plate8,B02,2,32,40C,high-salinity,4.74091524898288,20250701 plate8 B02
20250701,plate8,B02,3,32,40C,high-salinity,7.7012288727635525,20250701 plate8 B02
20250701,plate8,B02,4,32,40C,high-salinity,7.761016008958742,20250701 plate8 B02
20250701,plate8,B03,0,41,40C,high-salinity,0,20250701 plate8 B03
20250701,plate8,B03,1,41,40C,high-salinity,1.6028840548046033,20250701 plate8 B03
20250701,plate8,B03,2,41,40C,high-salinity,2.199697556489091,20250701 plate8 B03
20250701,plate8,B03,3,41,40C,high-salinity,5.010657234512065,20250701 plate8 B03
20250701,plate8,B03,4,41,40C,high-salinity,3.829510791806084,20250701 plate8 B03
20250701,plate8,B05,0,70,40C,low-salinity,0,20250701 plate8 B05
20250701,plate8,B05,1,70,40C,low-salinity,0.6617931754724826,20250701 plate8 B05
20250701,plate8,B05,2,70,40C,low-salinity,1.105877129760196,20250701 plate8 B05
20250701,plate8,B05,3,70,40C,low-salinity,1.4315220718614705,20250701 plate8 B05
20250701,plate8,B05,4,70,40C,low-salinity,1.647370246202389,20250701 plate8 B05
20250701,plate8,B06,0,88,40C,low-salinity,0,20250701 plate8 B06
20250701,plate8,B06,1,88,40C,low-salinity,3.4419102623491082,20250701 plate8 B06
20250701,plate8,B06,2,88,40C,low-salinity,3.869634951458809,20250701 plate8 B06
20250701,plate8,B06,3,88,40C,low-salinity,5.382614930871257,20250701 plate8 B06
20250701,plate8,B06,4,88,40C,low-salinity,6.3610063407421285,20250701 plate8 B06
20250701,plate8,C03,0,41,40C,high-salinity,0,20250701 plate8 C03
20250701,plate8,C03,1,41,40C,high-salinity,3.1445899122775787,20250701 plate8 C03
20250701,plate8,C03,2,41,40C,high-salinity,3.63779849396333,20250701 plate8 C03
20250701,plate8,C03,3,41,40C,high-salinity,6.282413641708693,20250701 plate8 C03
20250701,plate8,C03,4,41,40C,high-salinity,6.681913147989537,20250701 plate8 C03
20250701,plate8,C05,0,70,40C,low-salinity,0,20250701 plate8 C05
20250701,plate8,C05,1,70,40C,low-salinity,0.3240993617613718,20250701 plate8 C05
20250701,plate8,C05,2,70,40C,low-salinity,0.703864987049998,20250701 plate8 C05
20250701,plate8,C05,3,70,40C,low-salinity,0.963899869321804,20250701 plate8 C05
20250701,plate8,C05,4,70,40C,low-salinity,1.0930152550633345,20250701 plate8 C05
20250701,plate8,C06,0,88,40C,low-salinity,0,20250701 plate8 C06
20250701,plate8,C06,1,88,40C,low-salinity,2.948990272481079,20250701 plate8 C06
20250701,plate8,C06,2,88,40C,low-salinity,3.4081144491463333,20250701 plate8 C06
20250701,plate8,C06,3,88,40C,low-salinity,5.433754252682591,20250701 plate8 C06
20250701,plate8,C06,4,88,40C,low-salinity,6.610031507350452,20250701 plate8 C06
20250701,plate8,D02,0,32,40C,high-salinity,0,20250701 plate8 D02
20250701,plate8,D02,1,32,40C,high-salinity,2.3612419109751355,20250701 plate8 D02
20250701,plate8,D02,2,32,40C,high-salinity,2.7124175303669262,20250701 plate8 D02
20250701,plate8,D02,3,32,40C,high-salinity,3.267280555218925,20250701 plate8 D02
20250701,plate8,D02,4,32,40C,high-salinity,4.313190952416737,20250701 plate8 D02
20250701,plate8,D03,0,41,40C,high-salinity,0,20250701 plate8 D03
20250701,plate8,D03,1,41,40C,high-salinity,2.0456634158978244,20250701 plate8 D03
20250701,plate8,D03,2,41,40C,high-salinity,2.375771009038079,20250701 plate8 D03
20250701,plate8,D03,3,41,40C,high-salinity,2.705663983043717,20250701 plate8 D03
20250701,plate8,D03,4,41,40C,high-salinity,2.8414745980820366,20250701 plate8 D03
20250701,plate8,D04,0,7,40C,high-salinity,0,20250701 plate8 D04
20250701,plate8,D04,1,7,40C,high-salinity,4.602742499011471,20250701 plate8 D04
20250701,plate8,D04,2,7,40C,high-salinity,5.208232716147383,20250701 plate8 D04
20250701,plate8,D04,3,7,40C,high-salinity,7.429091874892302,20250701 plate8 D04
20250701,plate8,D04,4,7,40C,high-salinity,7.959281760225196,20250701 plate8 D04
20250701,plate8,D05,0,70,40C,low-salinity,0,20250701 plate8 D05
20250701,plate8,D05,1,70,40C,low-salinity,2.0456318436360656,20250701 plate8 D05
20250701,plate8,D05,2,70,40C,low-salinity,2.59989968709049,20250701 plate8 D05
20250701,plate8,D05,3,70,40C,low-salinity,3.0385023979761914,20250701 plate8 D05
20250701,plate8,D05,4,70,40C,low-salinity,3.9685322521338793,20250701 plate8 D05
20250701,plate9,A02,0,39,40C,high-salinity,0,20250701 plate9 A02
20250701,plate9,A02,1,39,40C,high-salinity,0.5284661736083389,20250701 plate9 A02
20250701,plate9,A02,2,39,40C,high-salinity,0.766795251727946,20250701 plate9 A02
20250701,plate9,A02,3,39,40C,high-salinity,1.0569338647094324,20250701 plate9 A02
20250701,plate9,A02,4,39,40C,high-salinity,1.1310569273921476,20250701 plate9 A02
20250701,plate9,A03,0,76,40C,low-salinity,0,20250701 plate9 A03
20250701,plate9,A03,1,76,40C,low-salinity,4.285095474867092,20250701 plate9 A03
20250701,plate9,A03,2,76,40C,low-salinity,6.23500465673407,20250701 plate9 A03
20250701,plate9,A03,3,76,40C,low-salinity,6.444908138820927,20250701 plate9 A03
20250701,plate9,A03,4,76,40C,low-salinity,5.276095634276017,20250701 plate9 A03
20250701,plate9,A04,0,25,40C,high-salinity,0,20250701 plate9 A04
20250701,plate9,A04,1,25,40C,high-salinity,2.5797819480572795,20250701 plate9 A04
20250701,plate9,A04,2,25,40C,high-salinity,2.8812728489920203,20250701 plate9 A04
20250701,plate9,A04,3,25,40C,high-salinity,3.1430400382534063,20250701 plate9 A04
20250701,plate9,A04,4,25,40C,high-salinity,3.2327042037381517,20250701 plate9 A04
20250701,plate9,A05,0,31,40C,high-salinity,0,20250701 plate9 A05
20250701,plate9,A05,1,31,40C,high-salinity,0.238340309645445,20250701 plate9 A05
20250701,plate9,A05,2,31,40C,high-salinity,0.48110359137984376,20250701 plate9 A05
20250701,plate9,A05,3,31,40C,high-salinity,0.6875723736203269,20250701 plate9 A05
20250701,plate9,A05,4,31,40C,high-salinity,0.7546996745536433,20250701 plate9 A05
20250701,plate9,A06,0,90,40C,low-salinity,0,20250701 plate9 A06
20250701,plate9,A06,1,90,40C,low-salinity,0.992114281759792,20250701 plate9 A06
20250701,plate9,A06,2,90,40C,low-salinity,1.3138039456477517,20250701 plate9 A06
20250701,plate9,A06,3,90,40C,low-salinity,1.7670338311901599,20250701 plate9 A06
20250701,plate9,A06,4,90,40C,low-salinity,1.8535317533161495,20250701 plate9 A06
20250701,plate9,B02,0,39,40C,high-salinity,0,20250701 plate9 B02
20250701,plate9,B02,1,39,40C,high-salinity,3.539604178536222,20250701 plate9 B02
20250701,plate9,B02,2,39,40C,high-salinity,3.773925883712008,20250701 plate9 B02
20250701,plate9,B02,3,39,40C,high-salinity,5.169752392996937,20250701 plate9 B02
20250701,plate9,B02,4,39,40C,high-salinity,7.751357775305935,20250701 plate9 B02
20250701,plate9,B03,0,76,40C,low-salinity,0,20250701 plate9 B03
20250701,plate9,B03,1,76,40C,low-salinity,2.8720083176492706,20250701 plate9 B03
20250701,plate9,B03,2,76,40C,low-salinity,3.1052176148886512,20250701 plate9 B03
20250701,plate9,B03,3,76,40C,low-salinity,3.7057987700652504,20250701 plate9 B03
20250701,plate9,B03,4,76,40C,low-salinity,4.63134343744198,20250701 plate9 B03
20250701,plate9,B04,0,25,40C,high-salinity,0,20250701 plate9 B04
20250701,plate9,B04,1,25,40C,high-salinity,2.3274788249979035,20250701 plate9 B04
20250701,plate9,B04,2,25,40C,high-salinity,3.076793739206194,20250701 plate9 B04
20250701,plate9,B04,3,25,40C,high-salinity,3.77856094302485,20250701 plate9 B04
20250701,plate9,B04,4,25,40C,high-salinity,4.456425964090286,20250701 plate9 B04
20250701,plate9,B05,0,31,40C,high-salinity,0,20250701 plate9 B05
20250701,plate9,B05,1,31,40C,high-salinity,1.6652696222983323,20250701 plate9 B05
20250701,plate9,B05,2,31,40C,high-salinity,1.9905534993872587,20250701 plate9 B05
20250701,plate9,B05,3,31,40C,high-salinity,5.954095515189858,20250701 plate9 B05
20250701,plate9,B05,4,31,40C,high-salinity,5.9015332350861724,20250701 plate9 B05
20250701,plate9,C02,0,39,40C,high-salinity,0,20250701 plate9 C02
20250701,plate9,C02,1,39,40C,high-salinity,2.2106307318309475,20250701 plate9 C02
20250701,plate9,C02,2,39,40C,high-salinity,2.5323740008115765,20250701 plate9 C02
20250701,plate9,C02,3,39,40C,high-salinity,3.2607710983045712,20250701 plate9 C02
20250701,plate9,C02,4,39,40C,high-salinity,3.9325796188722704,20250701 plate9 C02
20250701,plate9,C03,0,76,40C,low-salinity,0,20250701 plate9 C03
20250701,plate9,C03,1,76,40C,low-salinity,3.1072585394366645,20250701 plate9 C03
20250701,plate9,C03,2,76,40C,low-salinity,3.6198893920309945,20250701 plate9 C03
20250701,plate9,C03,3,76,40C,low-salinity,6.234967433739766,20250701 plate9 C03
20250701,plate9,C03,4,76,40C,low-salinity,6.541897170128755,20250701 plate9 C03
20250701,plate9,C04,0,25,40C,high-salinity,0,20250701 plate9 C04
20250701,plate9,C04,1,25,40C,high-salinity,0.3818649277819836,20250701 plate9 C04
20250701,plate9,C04,2,25,40C,high-salinity,0.5395238536291258,20250701 plate9 C04
20250701,plate9,C04,3,25,40C,high-salinity,1.3874554541889104,20250701 plate9 C04
20250701,plate9,C04,4,25,40C,high-salinity,1.8297779274758663,20250701 plate9 C04
20250701,plate9,C05,0,31,40C,high-salinity,0,20250701 plate9 C05
20250701,plate9,C05,1,31,40C,high-salinity,1.741616908327365,20250701 plate9 C05
20250701,plate9,C05,2,31,40C,high-salinity,1.9634629056010853,20250701 plate9 C05
20250701,plate9,C05,3,31,40C,high-salinity,2.8283091869498413,20250701 plate9 C05
20250701,plate9,C05,4,31,40C,high-salinity,2.927834604795346,20250701 plate9 C05
20250701,plate9,D02,0,39,40C,high-salinity,0,20250701 plate9 D02
20250701,plate9,D02,1,39,40C,high-salinity,0.5800138785503061,20250701 plate9 D02
20250701,plate9,D02,2,39,40C,high-salinity,0.8779013393310664,20250701 plate9 D02
20250701,plate9,D02,3,39,40C,high-salinity,1.3624039738144635,20250701 plate9 D02
20250701,plate9,D02,4,39,40C,high-salinity,1.593421184176802,20250701 plate9 D02
20250701,plate9,D03,0,76,40C,low-salinity,0,20250701 plate9 D03
20250701,plate9,D03,1,76,40C,low-salinity,2.9914623407890946,20250701 plate9 D03
20250701,plate9,D03,2,76,40C,low-salinity,4.155272805509617,20250701 plate9 D03
20250701,plate9,D03,3,76,40C,low-salinity,4.441121042250274,20250701 plate9 D03
20250701,plate9,D03,4,76,40C,low-salinity,4.1151868226108865,20250701 plate9 D03
20250701,plate9,D05,0,31,40C,high-salinity,0,20250701 plate9 D05
20250701,plate9,D05,1,31,40C,high-salinity,3.3040313499248946,20250701 plate9 D05
20250701,plate9,D05,2,31,40C,high-salinity,4.499057179752333,20250701 plate9 D05
20250701,plate9,D05,3,31,40C,high-salinity,5.2954434828974035,20250701 plate9 D05
20250701,plate9,D05,4,31,40C,high-salinity,5.505688997490834,20250701 plate9 D05
20250701,plate9,D06,0,90,40C,low-salinity,0,20250701 plate9 D06
20250701,plate9,D06,1,90,40C,low-salinity,3.55983212162158,20250701 plate9 D06
20250701,plate9,D06,2,90,40C,low-salinity,4.114758940400071,20250701 plate9 D06
20250701,plate9,D06,3,90,40C,low-salinity,6.05552023815908,20250701 plate9 D06
20250701,plate9,D06,4,90,40C,low-salinity,6.081077140230176,20250701 plate9 D06
20250702,plate25,A02,0,33,40C,high-salinity,0,20250702 plate25 A02
20250702,plate25,A02,1,33,40C,high-salinity,0.31758367077858335,20250702 plate25 A02
20250702,plate25,A02,2,33,40C,high-salinity,0.4189330352339068,20250702 plate25 A02
20250702,plate25,A02,3,33,40C,high-salinity,1.292437786464719,20250702 plate25 A02
20250702,plate25,A02,4,33,40C,high-salinity,1.7518669376364777,20250702 plate25 A02
20250702,plate25,A03,0,60,40C,low-salinity,0,20250702 plate25 A03
20250702,plate25,A03,1,60,40C,low-salinity,2.106406860786026,20250702 plate25 A03
20250702,plate25,A03,2,60,40C,low-salinity,2.307190655691369,20250702 plate25 A03
20250702,plate25,A03,3,60,40C,low-salinity,2.6894902474437488,20250702 plate25 A03
20250702,plate25,A03,4,60,40C,low-salinity,3.1507603833724978,20250702 plate25 A03
20250702,plate25,A04,0,48,40C,low-salinity,0,20250702 plate25 A04
20250702,plate25,A04,1,48,40C,low-salinity,2.772964612867603,20250702 plate25 A04
20250702,plate25,A04,2,48,40C,low-salinity,3.2596366441509894,20250702 plate25 A04
20250702,plate25,A04,3,48,40C,low-salinity,4.754647982120288,20250702 plate25 A04
20250702,plate25,A04,4,48,40C,low-salinity,4.949342416436856,20250702 plate25 A04
20250702,plate25,A05,0,7,40C,high-salinity,0,20250702 plate25 A05
20250702,plate25,A05,1,7,40C,high-salinity,1.6568945455618305,20250702 plate25 A05
20250702,plate25,A05,2,7,40C,high-salinity,1.6540030374161394,20250702 plate25 A05
20250702,plate25,A05,3,7,40C,high-salinity,2.3321377155444027,20250702 plate25 A05
20250702,plate25,A05,4,7,40C,high-salinity,2.3526906341782827,20250702 plate25 A05
20250702,plate25,A06,0,6,40C,high-salinity,0,20250702 plate25 A06
20250702,plate25,A06,1,6,40C,high-salinity,1.0720140602651465,20250702 plate25 A06
20250702,plate25,A06,2,6,40C,high-salinity,1.096565593960176,20250702 plate25 A06
20250702,plate25,A06,3,6,40C,high-salinity,1.1206531252622054,20250702 plate25 A06
20250702,plate25,A06,4,6,40C,high-salinity,1.1361281176204066,20250702 plate25 A06
20250702,plate25,B02,0,33,40C,high-salinity,0,20250702 plate25 B02
20250702,plate25,B02,1,33,40C,high-salinity,0.1479438178463793,20250702 plate25 B02
20250702,plate25,B02,2,33,40C,high-salinity,0.20026298773084383,20250702 plate25 B02
20250702,plate25,B02,3,33,40C,high-salinity,0.4998130609776438,20250702 plate25 B02
20250702,plate25,B02,4,33,40C,high-salinity,0.6186193810659172,20250702 plate25 B02
20250702,plate25,B03,0,60,40C,low-salinity,0,20250702 plate25 B03
20250702,plate25,B03,1,60,40C,low-salinity,1.0721792837926567,20250702 plate25 B03
20250702,plate25,B03,2,60,40C,low-salinity,1.0136501179413424,20250702 plate25 B03
20250702,plate25,B03,3,60,40C,low-salinity,3.313885797288044,20250702 plate25 B03
20250702,plate25,B03,4,60,40C,low-salinity,5.126254333738734,20250702 plate25 B03
20250702,plate25,B04,0,48,40C,low-salinity,0,20250702 plate25 B04
20250702,plate25,B04,1,48,40C,low-salinity,1.3253593317671877,20250702 plate25 B04
20250702,plate25,B04,2,48,40C,low-salinity,1.5744168374549348,20250702 plate25 B04
20250702,plate25,B04,3,48,40C,low-salinity,5.752357595522886,20250702 plate25 B04
20250702,plate25,B04,4,48,40C,low-salinity,5.736029982264636,20250702 plate25 B04
20250702,plate25,B05,0,7,40C,high-salinity,0,20250702 plate25 B05
20250702,plate25,B05,1,7,40C,high-salinity,0.6516775827741781,20250702 plate25 B05
20250702,plate25,B05,2,7,40C,high-salinity,0.5284896251748674,20250702 plate25 B05
20250702,plate25,B05,3,7,40C,high-salinity,3.1565336357549922,20250702 plate25 B05
20250702,plate25,B05,4,7,40C,high-salinity,3.3243742843164656,20250702 plate25 B05
20250702,plate25,B06,0,6,40C,high-salinity,0,20250702 plate25 B06
20250702,plate25,B06,1,6,40C,high-salinity,0.021563232928290252,20250702 plate25 B06
20250702,plate25,B06,2,6,40C,high-salinity,0.03159339427500655,20250702 plate25 B06
20250702,plate25,B06,3,6,40C,high-salinity,0.33120079124161145,20250702 plate25 B06
20250702,plate25,B06,4,6,40C,high-salinity,0.4769899672059264,20250702 plate25 B06
20250702,plate25,C02,0,33,40C,high-salinity,0,20250702 plate25 C02
20250702,plate25,C02,1,33,40C,high-salinity,0.5443329408598282,20250702 plate25 C02
20250702,plate25,C02,2,33,40C,high-salinity,0.4216049533441194,20250702 plate25 C02
20250702,plate25,C02,3,33,40C,high-salinity,3.08273561907879,20250702 plate25 C02
20250702,plate25,C02,4,33,40C,high-salinity,4.435562079044813,20250702 plate25 C02
20250702,plate25,C03,0,60,40C,low-salinity,0,20250702 plate25 C03
20250702,plate25,C03,1,60,40C,low-salinity,0.08932421526608537,20250702 plate25 C03
20250702,plate25,C03,2,60,40C,low-salinity,0.20577221052495479,20250702 plate25 C03
20250702,plate25,C03,3,60,40C,low-salinity,2.477593074303053,20250702 plate25 C03
20250702,plate25,C03,4,60,40C,low-salinity,3.242727835895891,20250702 plate25 C03
20250702,plate25,C04,0,48,40C,low-salinity,0,20250702 plate25 C04
20250702,plate25,C04,1,48,40C,low-salinity,0.5734720310026236,20250702 plate25 C04
20250702,plate25,C04,2,48,40C,low-salinity,0.43014656313144806,20250702 plate25 C04
20250702,plate25,C04,3,48,40C,low-salinity,3.914398307998733,20250702 plate25 C04
20250702,plate25,C04,4,48,40C,low-salinity,4.010190483815336,20250702 plate25 C04
20250702,plate25,C05,0,7,40C,high-salinity,0,20250702 plate25 C05
20250702,plate25,C05,1,7,40C,high-salinity,0.20846099301095097,20250702 plate25 C05
20250702,plate25,C05,2,7,40C,high-salinity,0.16479049965123752,20250702 plate25 C05
20250702,plate25,C05,3,7,40C,high-salinity,1.4810488605338727,20250702 plate25 C05
20250702,plate25,C05,4,7,40C,high-salinity,2.1953297521544894,20250702 plate25 C05
20250702,plate25,C06,0,6,40C,high-salinity,0,20250702 plate25 C06
20250702,plate25,C06,1,6,40C,high-salinity,-0.013403346435711987,20250702 plate25 C06
20250702,plate25,C06,2,6,40C,high-salinity,-0.0069251455344929045,20250702 plate25 C06
20250702,plate25,C06,3,6,40C,high-salinity,0.20421426227701955,20250702 plate25 C06
20250702,plate25,C06,4,6,40C,high-salinity,0.2251418596227787,20250702 plate25 C06
20250702,plate25,D02,0,33,40C,high-salinity,0,20250702 plate25 D02
20250702,plate25,D02,1,33,40C,high-salinity,0.35484278203778147,20250702 plate25 D02
20250702,plate25,D02,2,33,40C,high-salinity,0.32607075683405923,20250702 plate25 D02
20250702,plate25,D02,3,33,40C,high-salinity,2.565583661102979,20250702 plate25 D02
20250702,plate25,D02,4,33,40C,high-salinity,2.7905219520454083,20250702 plate25 D02
20250702,plate25,D03,0,60,40C,low-salinity,0,20250702 plate25 D03
20250702,plate25,D03,1,60,40C,low-salinity,0.3427543404559154,20250702 plate25 D03
20250702,plate25,D03,2,60,40C,low-salinity,0.36039278130025965,20250702 plate25 D03
20250702,plate25,D03,3,60,40C,low-salinity,5.027409811721853,20250702 plate25 D03
20250702,plate25,D03,4,60,40C,low-salinity,7.076541587170384,20250702 plate25 D03
20250702,plate25,D04,0,48,40C,low-salinity,0,20250702 plate25 D04
20250702,plate25,D04,1,48,40C,low-salinity,0.5594468996496557,20250702 plate25 D04
20250702,plate25,D04,2,48,40C,low-salinity,0.576941482179836,20250702 plate25 D04
20250702,plate25,D04,3,48,40C,low-salinity,7.150717683689271,20250702 plate25 D04
20250702,plate25,D04,4,48,40C,low-salinity,9.343755827640909,20250702 plate25 D04
20250702,plate25,D05,0,7,40C,high-salinity,0,20250702 plate25 D05
20250702,plate25,D05,1,7,40C,high-salinity,0.19453685996805248,20250702 plate25 D05
20250702,plate25,D05,2,7,40C,high-salinity,0.16627388550994507,20250702 plate25 D05
20250702,plate25,D05,3,7,40C,high-salinity,1.3761687270609388,20250702 plate25 D05
20250702,plate25,D05,4,7,40C,high-salinity,1.5900546417448298,20250702 plate25 D05
20250702,plate25,D06,0,6,40C,high-salinity,0,20250702 plate25 D06
20250702,plate25,D06,1,6,40C,high-salinity,0.16037143103180154,20250702 plate25 D06
20250702,plate25,D06,2,6,40C,high-salinity,0.151456669387878,20250702 plate25 D06
20250702,plate25,D06,3,6,40C,high-salinity,1.1094679963165421,20250702 plate25 D06
20250702,plate25,D06,4,6,40C,high-salinity,1.1932843219865834,20250702 plate25 D06
20250702,plate26,A02,0,34,40C,high-salinity,0,20250702 plate26 A02
20250702,plate26,A02,1,34,40C,high-salinity,1.107292298115406,20250702 plate26 A02
20250702,plate26,A02,2,34,40C,high-salinity,1.1128252331154933,20250702 plate26 A02
20250702,plate26,A02,3,34,40C,high-salinity,1.2663470351174466,20250702 plate26 A02
20250702,plate26,A02,4,34,40C,high-salinity,1.2818259428162884,20250702 plate26 A02
20250702,plate26,A03,0,49,40C,low-salinity,0,20250702 plate26 A03
20250702,plate26,A03,1,49,40C,low-salinity,2.3154229312466614,20250702 plate26 A03
20250702,plate26,A03,2,49,40C,low-salinity,2.7212897400311085,20250702 plate26 A03
20250702,plate26,A03,3,49,40C,low-salinity,3.24414349340406,20250702 plate26 A03
20250702,plate26,A03,4,49,40C,low-salinity,3.851816560049542,20250702 plate26 A03
20250702,plate26,A04,0,61,40C,low-salinity,0,20250702 plate26 A04
20250702,plate26,A04,1,61,40C,low-salinity,1.5426748052663986,20250702 plate26 A04
20250702,plate26,A04,2,61,40C,low-salinity,1.8017102288653704,20250702 plate26 A04
20250702,plate26,A04,3,61,40C,low-salinity,2.440448756028206,20250702 plate26 A04
20250702,plate26,A04,4,61,40C,low-salinity,3.184467895314722,20250702 plate26 A04
20250702,plate26,A05,0,55,40C,low-salinity,0,20250702 plate26 A05
20250702,plate26,A05,1,55,40C,low-salinity,1.6710361170374055,20250702 plate26 A05
20250702,plate26,A05,2,55,40C,low-salinity,1.7528177013902728,20250702 plate26 A05
20250702,plate26,A05,3,55,40C,low-salinity,2.076667276386363,20250702 plate26 A05
20250702,plate26,A05,4,55,40C,low-salinity,2.6393439047873968,20250702 plate26 A05
20250702,plate26,A06,0,7,40C,high-salinity,0,20250702 plate26 A06
20250702,plate26,A06,1,7,40C,high-salinity,1.5470134452190762,20250702 plate26 A06
20250702,plate26,A06,2,7,40C,high-salinity,1.7027790702919374,20250702 plate26 A06
20250702,plate26,A06,3,7,40C,high-salinity,1.7842619947046636,20250702 plate26 A06
20250702,plate26,A06,4,7,40C,high-salinity,1.8297588858092646,20250702 plate26 A06
20250702,plate26,B02,0,34,40C,high-salinity,0,20250702 plate26 B02
20250702,plate26,B02,1,34,40C,high-salinity,1.0089520865877957,20250702 plate26 B02
20250702,plate26,B02,2,34,40C,high-salinity,1.206090931406919,20250702 plate26 B02
20250702,plate26,B02,3,34,40C,high-salinity,2.748845551508776,20250702 plate26 B02
20250702,plate26,B02,4,34,40C,high-salinity,2.8460698105824123,20250702 plate26 B02
20250702,plate26,B03,0,49,40C,low-salinity,0,20250702 plate26 B03
20250702,plate26,B03,1,49,40C,low-salinity,0.856955003070688,20250702 plate26 B03
20250702,plate26,B03,2,49,40C,low-salinity,1.1956214229953042,20250702 plate26 B03
20250702,plate26,B03,3,49,40C,low-salinity,5.810318857261484,20250702 plate26 B03
20250702,plate26,B03,4,49,40C,low-salinity,7.98849124118108,20250702 plate26 B03
20250702,plate26,B04,0,61,40C,low-salinity,0,20250702 plate26 B04
20250702,plate26,B04,1,61,40C,low-salinity,0.8921278856940427,20250702 plate26 B04
20250702,plate26,B04,2,61,40C,low-salinity,1.4011312843104815,20250702 plate26 B04
20250702,plate26,B04,3,61,40C,low-salinity,6.6207081220865,20250702 plate26 B04
20250702,plate26,B04,4,61,40C,low-salinity,8.733508938379519,20250702 plate26 B04
20250702,plate26,B05,0,55,40C,low-salinity,0,20250702 plate26 B05
20250702,plate26,B05,1,55,40C,low-salinity,0.7038679804411927,20250702 plate26 B05
20250702,plate26,B05,2,55,40C,low-salinity,0.7918537257897597,20250702 plate26 B05
20250702,plate26,B05,3,55,40C,low-salinity,2.8372532184058787,20250702 plate26 B05
20250702,plate26,B05,4,55,40C,low-salinity,3.617122984883668,20250702 plate26 B05
20250702,plate26,B06,0,7,40C,high-salinity,0,20250702 plate26 B06
20250702,plate26,B06,1,7,40C,high-salinity,0.5108567285007497,20250702 plate26 B06
20250702,plate26,B06,2,7,40C,high-salinity,0.5850865727091984,20250702 plate26 B06
20250702,plate26,B06,3,7,40C,high-salinity,1.5320421841468619,20250702 plate26 B06
20250702,plate26,B06,4,7,40C,high-salinity,1.800938460751739,20250702 plate26 B06
20250702,plate26,C02,0,34,40C,high-salinity,0,20250702 plate26 C02
20250702,plate26,C02,1,34,40C,high-salinity,0.770514095023278,20250702 plate26 C02
20250702,plate26,C02,2,34,40C,high-salinity,1.4635339737909838,20250702 plate26 C02
20250702,plate26,C02,3,34,40C,high-salinity,4.109767439542492,20250702 plate26 C02
20250702,plate26,C02,4,34,40C,high-salinity,4.258889060536378,20250702 plate26 C02
20250702,plate26,C03,0,49,40C,low-salinity,0,20250702 plate26 C03
20250702,plate26,C03,1,49,40C,low-salinity,0.4961196237410042,20250702 plate26 C03
20250702,plate26,C03,2,49,40C,low-salinity,0.6767839717184332,20250702 plate26 C03
20250702,plate26,C03,3,49,40C,low-salinity,2.528599903197832,20250702 plate26 C03
20250702,plate26,C03,4,49,40C,low-salinity,3.001671799561577,20250702 plate26 C03
20250702,plate26,C04,0,61,40C,low-salinity,0,20250702 plate26 C04
20250702,plate26,C04,1,61,40C,low-salinity,0.5266445356388747,20250702 plate26 C04
20250702,plate26,C04,2,61,40C,low-salinity,0.6561947040146116,20250702 plate26 C04
20250702,plate26,C04,3,61,40C,low-salinity,2.479462432760978,20250702 plate26 C04
20250702,plate26,C04,4,61,40C,low-salinity,2.8329348651663695,20250702 plate26 C04
20250702,plate26,C05,0,55,40C,low-salinity,0,20250702 plate26 C05
20250702,plate26,C05,1,55,40C,low-salinity,0.47920892571252643,20250702 plate26 C05
20250702,plate26,C05,2,55,40C,low-salinity,0.665448701882047,20250702 plate26 C05
20250702,plate26,C05,3,55,40C,low-salinity,1.9428114391702729,20250702 plate26 C05
20250702,plate26,C05,4,55,40C,low-salinity,2.331546158054395,20250702 plate26 C05
20250702,plate26,C06,0,7,40C,high-salinity,0,20250702 plate26 C06
20250702,plate26,C06,1,7,40C,high-salinity,0.42974304532981683,20250702 plate26 C06
20250702,plate26,C06,2,7,40C,high-salinity,1.119922187606397,20250702 plate26 C06
20250702,plate26,C06,3,7,40C,high-salinity,5.030934242791161,20250702 plate26 C06
20250702,plate26,C06,4,7,40C,high-salinity,5.734513594607973,20250702 plate26 C06
20250702,plate26,D02,0,34,40C,high-salinity,0,20250702 plate26 D02
20250702,plate26,D02,1,34,40C,high-salinity,0.012410529475995268,20250702 plate26 D02
20250702,plate26,D02,2,34,40C,high-salinity,0.06053686697816711,20250702 plate26 D02
20250702,plate26,D02,3,34,40C,high-salinity,0.2537394707543152,20250702 plate26 D02
20250702,plate26,D02,4,34,40C,high-salinity,0.27992182037479685,20250702 plate26 D02
20250702,plate26,D03,0,49,40C,low-salinity,0,20250702 plate26 D03
20250702,plate26,D03,1,49,40C,low-salinity,0.9937366333168163,20250702 plate26 D03
20250702,plate26,D03,2,49,40C,low-salinity,1.5818300775038505,20250702 plate26 D03
20250702,plate26,D03,3,49,40C,low-salinity,7.483922595259922,20250702 plate26 D03
20250702,plate26,D03,4,49,40C,low-salinity,8.028768193070514,20250702 plate26 D03
20250702,plate26,D04,0,61,40C,low-salinity,0,20250702 plate26 D04
20250702,plate26,D04,1,61,40C,low-salinity,1.1347384335228137,20250702 plate26 D04
20250702,plate26,D04,2,61,40C,low-salinity,3.1378017295450378,20250702 plate26 D04
20250702,plate26,D04,3,61,40C,low-salinity,7.462806910995763,20250702 plate26 D04
20250702,plate26,D04,4,61,40C,low-salinity,6.591812283600938,20250702 plate26 D04
20250702,plate26,D05,0,55,40C,low-salinity,0,20250702 plate26 D05
20250702,plate26,D05,1,55,40C,low-salinity,0.4864413977091851,20250702 plate26 D05
20250702,plate26,D05,2,55,40C,low-salinity,0.717962282446712,20250702 plate26 D05
20250702,plate26,D05,3,55,40C,low-salinity,1.9830740086240086,20250702 plate26 D05
20250702,plate26,D05,4,55,40C,low-salinity,2.2867450876934643,20250702 plate26 D05
20250702,plate26,D06,0,7,40C,high-salinity,0,20250702 plate26 D06
20250702,plate26,D06,1,7,40C,high-salinity,0.05508570087054793,20250702 plate26 D06
20250702,plate26,D06,2,7,40C,high-salinity,0.13832438505980643,20250702 plate26 D06
20250702,plate26,D06,3,7,40C,high-salinity,1.11312524003101,20250702 plate26 D06
20250702,plate26,D06,4,7,40C,high-salinity,2.084752480170326,20250702 plate26 D06
20250702,plate27,A02,0,20,40C,high-salinity,0,20250702 plate27 A02
20250702,plate27,A02,1,20,40C,high-salinity,2.6219312945738387,20250702 plate27 A02
20250702,plate27,A02,2,20,40C,high-salinity,6.833900498600892,20250702 plate27 A02
20250702,plate27,A02,3,20,40C,high-salinity,9.172539550349079,20250702 plate27 A02
20250702,plate27,A02,4,20,40C,high-salinity,9.928131136783477,20250702 plate27 A02
20250702,plate27,A03,0,83,40C,low-salinity,0,20250702 plate27 A03
20250702,plate27,A03,1,83,40C,low-salinity,1.752886208509789,20250702 plate27 A03
20250702,plate27,A03,2,83,40C,low-salinity,2.9036752157507872,20250702 plate27 A03
20250702,plate27,A03,3,83,40C,low-salinity,4.064491164925462,20250702 plate27 A03
20250702,plate27,A03,4,83,40C,low-salinity,4.352726002282658,20250702 plate27 A03
20250702,plate27,A04,0,33,40C,high-salinity,0,20250702 plate27 A04
20250702,plate27,A04,1,33,40C,high-salinity,0.17277142701933423,20250702 plate27 A04
20250702,plate27,A04,2,33,40C,high-salinity,0.28234040040134173,20250702 plate27 A04
20250702,plate27,A04,3,33,40C,high-salinity,0.39423157853422225,20250702 plate27 A04
20250702,plate27,A04,4,33,40C,high-salinity,0.4472302214013281,20250702 plate27 A04
20250702,plate27,A05,0,43,40C,high-salinity,0,20250702 plate27 A05
20250702,plate27,A05,1,43,40C,high-salinity,1.805834952784379,20250702 plate27 A05
20250702,plate27,A05,2,43,40C,high-salinity,3.127775186765918,20250702 plate27 A05
20250702,plate27,A05,3,43,40C,high-salinity,6.1705474472182615,20250702 plate27 A05
20250702,plate27,A05,4,43,40C,high-salinity,7.1262339931113,20250702 plate27 A05
20250702,plate27,A06,0,57,40C,low-salinity,0,20250702 plate27 A06
20250702,plate27,A06,1,57,40C,low-salinity,1.0938199377887123,20250702 plate27 A06
20250702,plate27,A06,2,57,40C,low-salinity,1.3752464803529765,20250702 plate27 A06
20250702,plate27,A06,3,57,40C,low-salinity,1.9555882861030023,20250702 plate27 A06
20250702,plate27,A06,4,57,40C,low-salinity,2.0471255845133083,20250702 plate27 A06
20250702,plate27,B02,0,20,40C,high-salinity,0,20250702 plate27 B02
20250702,plate27,B02,1,20,40C,high-salinity,0.049969859794996,20250702 plate27 B02
20250702,plate27,B02,2,20,40C,high-salinity,0.17133151923702256,20250702 plate27 B02
20250702,plate27,B02,3,20,40C,high-salinity,0.4140414426562923,20250702 plate27 B02
20250702,plate27,B02,4,20,40C,high-salinity,0.5412357703173938,20250702 plate27 B02
20250702,plate27,B03,0,83,40C,low-salinity,0,20250702 plate27 B03
20250702,plate27,B03,1,83,40C,low-salinity,0.0010419209682089024,20250702 plate27 B03
20250702,plate27,B03,2,83,40C,low-salinity,0.11704510522756725,20250702 plate27 B03
20250702,plate27,B03,3,83,40C,low-salinity,3.1823561048111664,20250702 plate27 B03
20250702,plate27,B03,4,83,40C,low-salinity,4.342056548495007,20250702 plate27 B03
20250702,plate27,B04,0,33,40C,high-salinity,0,20250702 plate27 B04
20250702,plate27,B04,1,33,40C,high-salinity,0.3661339235659035,20250702 plate27 B04
20250702,plate27,B04,2,33,40C,high-salinity,0.3957593057345556,20250702 plate27 B04
20250702,plate27,B04,3,33,40C,high-salinity,0.9642257744156015,20250702 plate27 B04
20250702,plate27,B04,4,33,40C,high-salinity,0.965064314366181,20250702 plate27 B04
20250702,plate27,B05,0,43,40C,high-salinity,0,20250702 plate27 B05
20250702,plate27,B05,1,43,40C,high-salinity,0.2194253612115973,20250702 plate27 B05
20250702,plate27,B05,2,43,40C,high-salinity,0.26289496681991625,20250702 plate27 B05
20250702,plate27,B05,3,43,40C,high-salinity,0.663790917663069,20250702 plate27 B05
20250702,plate27,B05,4,43,40C,high-salinity,0.6954714036991553,20250702 plate27 B05
20250702,plate27,B06,0,57,40C,low-salinity,0,20250702 plate27 B06
20250702,plate27,B06,1,57,40C,low-salinity,0.5257481256092744,20250702 plate27 B06
20250702,plate27,B06,2,57,40C,low-salinity,0.7936554733894525,20250702 plate27 B06
20250702,plate27,B06,3,57,40C,low-salinity,2.619459741399187,20250702 plate27 B06
20250702,plate27,B06,4,57,40C,low-salinity,2.737952310086054,20250702 plate27 B06
20250702,plate27,C02,0,20,40C,high-salinity,0,20250702 plate27 C02
20250702,plate27,C02,1,20,40C,high-salinity,0.3103389304037588,20250702 plate27 C02
20250702,plate27,C02,2,20,40C,high-salinity,0.35870110694217894,20250702 plate27 C02
20250702,plate27,C02,3,20,40C,high-salinity,1.2005610766630026,20250702 plate27 C02
20250702,plate27,C02,4,20,40C,high-salinity,1.6214055995026255,20250702 plate27 C02
20250702,plate27,C03,0,83,40C,low-salinity,0,20250702 plate27 C03
20250702,plate27,C03,1,83,40C,low-salinity,-0.017058327829360405,20250702 plate27 C03
20250702,plate27,C03,2,83,40C,low-salinity,0.04579428423554859,20250702 plate27 C03
20250702,plate27,C03,3,83,40C,low-salinity,0.23409368492146884,20250702 plate27 C03
20250702,plate27,C03,4,83,40C,low-salinity,0.3013225455874957,20250702 plate27 C03
20250702,plate27,C04,0,33,40C,high-salinity,0,20250702 plate27 C04
20250702,plate27,C04,1,33,40C,high-salinity,-0.013527851515049953,20250702 plate27 C04
20250702,plate27,C04,2,33,40C,high-salinity,0.04385261766663073,20250702 plate27 C04
20250702,plate27,C04,3,33,40C,high-salinity,0.21395580012448148,20250702 plate27 C04
20250702,plate27,C04,4,33,40C,high-salinity,0.2977984138274441,20250702 plate27 C04
20250702,plate27,C05,0,43,40C,high-salinity,0,20250702 plate27 C05
20250702,plate27,C05,1,43,40C,high-salinity,0.07918477844897885,20250702 plate27 C05
20250702,plate27,C05,2,43,40C,high-salinity,0.2538685580315778,20250702 plate27 C05
20250702,plate27,C05,3,43,40C,high-salinity,1.0523098123494579,20250702 plate27 C05
20250702,plate27,C05,4,43,40C,high-salinity,1.0897138484314721,20250702 plate27 C05
20250702,plate27,C06,0,57,40C,low-salinity,0,20250702 plate27 C06
20250702,plate27,C06,1,57,40C,low-salinity,0.023325072733337938,20250702 plate27 C06
20250702,plate27,C06,2,57,40C,low-salinity,0.12097348443072738,20250702 plate27 C06
20250702,plate27,C06,3,57,40C,low-salinity,0.5229256567419451,20250702 plate27 C06
20250702,plate27,C06,4,57,40C,low-salinity,0.6005544067048931,20250702 plate27 C06
20250702,plate27,D02,0,20,40C,high-salinity,0,20250702 plate27 D02
20250702,plate27,D02,1,20,40C,high-salinity,0.03376791634146625,20250702 plate27 D02
20250702,plate27,D02,2,20,40C,high-salinity,0.1927696121268557,20250702 plate27 D02
20250702,plate27,D02,3,20,40C,high-salinity,0.7034280068327977,20250702 plate27 D02
20250702,plate27,D02,4,20,40C,high-salinity,0.7811619455403901,20250702 plate27 D02
20250702,plate27,D03,0,83,40C,low-salinity,0,20250702 plate27 D03
20250702,plate27,D03,1,83,40C,low-salinity,0.03077244394460651,20250702 plate27 D03
20250702,plate27,D03,2,83,40C,low-salinity,0.18687730820560206,20250702 plate27 D03
20250702,plate27,D03,3,83,40C,low-salinity,1.9593868946165955,20250702 plate27 D03
20250702,plate27,D03,4,83,40C,low-salinity,3.4022401979538563,20250702 plate27 D03
20250702,plate27,D04,0,33,40C,high-salinity,0,20250702 plate27 D04
20250702,plate27,D04,1,33,40C,high-salinity,0.24494712592372522,20250702 plate27 D04
20250702,plate27,D04,2,33,40C,high-salinity,0.6142771062625636,20250702 plate27 D04
20250702,plate27,D04,3,33,40C,high-salinity,3.061540563316667,20250702 plate27 D04
20250702,plate27,D04,4,33,40C,high-salinity,4.570763288786097,20250702 plate27 D04
20250702,plate27,D05,0,43,40C,high-salinity,0,20250702 plate27 D05
20250702,plate27,D05,1,43,40C,high-salinity,-0.0036568036898452236,20250702 plate27 D05
20250702,plate27,D05,2,43,40C,high-salinity,0.064644824952482,20250702 plate27 D05
20250702,plate27,D05,3,43,40C,high-salinity,0.2990700816420213,20250702 plate27 D05
20250702,plate27,D05,4,43,40C,high-salinity,0.3312172068114669,20250702 plate27 D05
20250702,plate27,D06,0,57,40C,low-salinity,0,20250702 plate27 D06
20250702,plate27,D06,1,57,40C,low-salinity,0.3470552702801968,20250702 plate27 D06
20250702,plate27,D06,2,57,40C,low-salinity,0.7142924070544678,20250702 plate27 D06
20250702,plate27,D06,3,57,40C,low-salinity,1.9659318212619608,20250702 plate27 D06
20250702,plate27,D06,4,57,40C,low-salinity,2.0143291216572212,20250702 plate27 D06
20250702,plate28,A02,0,79,40C,low-salinity,0,20250702 plate28 A02
20250702,plate28,A02,1,79,40C,low-salinity,2.5058743711492024,20250702 plate28 A02
20250702,plate28,A02,2,79,40C,low-salinity,2.714000666288707,20250702 plate28 A02
20250702,plate28,A02,3,79,40C,low-salinity,2.7983352442531233,20250702 plate28 A02
20250702,plate28,A02,4,79,40C,low-salinity,2.844567761801885,20250702 plate28 A02
20250702,plate28,A03,0,57,40C,low-salinity,0,20250702 plate28 A03
20250702,plate28,A03,1,57,40C,low-salinity,1.6446055860938347,20250702 plate28 A03
20250702,plate28,A03,2,57,40C,low-salinity,1.9807399797274736,20250702 plate28 A03
20250702,plate28,A03,3,57,40C,low-salinity,2.1001732883293642,20250702 plate28 A03
20250702,plate28,A03,4,57,40C,low-salinity,2.3001481832867596,20250702 plate28 A03
20250702,plate28,A04,0,49,40C,low-salinity,0,20250702 plate28 A04
20250702,plate28,A04,1,49,40C,low-salinity,1.7249160497761231,20250702 plate28 A04
20250702,plate28,A04,2,49,40C,low-salinity,1.9741600974522957,20250702 plate28 A04
20250702,plate28,A04,3,49,40C,low-salinity,5.056968872620225,20250702 plate28 A04
20250702,plate28,A04,4,49,40C,low-salinity,10.256393063202712,20250702 plate28 A04
20250702,plate28,A05,0,82,40C,low-salinity,0,20250702 plate28 A05
20250702,plate28,A05,1,82,40C,low-salinity,3.425102483807746,20250702 plate28 A05
20250702,plate28,A05,2,82,40C,low-salinity,6.770569413715971,20250702 plate28 A05
20250702,plate28,A05,3,82,40C,low-salinity,9.641871516415021,20250702 plate28 A05
20250702,plate28,A05,4,82,40C,low-salinity,10.353718328103811,20250702 plate28 A05
20250702,plate28,A06,0,16,40C,high-salinity,0,20250702 plate28 A06
20250702,plate28,A06,1,16,40C,high-salinity,0.8346457799763645,20250702 plate28 A06
20250702,plate28,A06,2,16,40C,high-salinity,3.368911774035009,20250702 plate28 A06
20250702,plate28,A06,3,16,40C,high-salinity,6.578518478911424,20250702 plate28 A06
20250702,plate28,A06,4,16,40C,high-salinity,7.530942841303915,20250702 plate28 A06
20250702,plate28,B02,0,79,40C,low-salinity,0,20250702 plate28 B02
20250702,plate28,B02,1,79,40C,low-salinity,0.9783341661093415,20250702 plate28 B02
20250702,plate28,B02,2,79,40C,low-salinity,1.192148906903528,20250702 plate28 B02
20250702,plate28,B02,3,79,40C,low-salinity,1.9454515967181238,20250702 plate28 B02
20250702,plate28,B02,4,79,40C,low-salinity,2.093485445479151,20250702 plate28 B02
20250702,plate28,B04,0,49,40C,low-salinity,0,20250702 plate28 B04
20250702,plate28,B04,1,49,40C,low-salinity,1.0244581626587497,20250702 plate28 B04
20250702,plate28,B04,2,49,40C,low-salinity,1.3686585431737732,20250702 plate28 B04
20250702,plate28,B04,3,49,40C,low-salinity,6.666324569933126,20250702 plate28 B04
20250702,plate28,B04,4,49,40C,low-salinity,7.853415851672787,20250702 plate28 B04
20250702,plate28,B05,0,82,40C,low-salinity,0,20250702 plate28 B05
20250702,plate28,B05,1,82,40C,low-salinity,1.2848464660535268,20250702 plate28 B05
20250702,plate28,B05,2,82,40C,low-salinity,2.099687366162334,20250702 plate28 B05
20250702,plate28,B05,3,82,40C,low-salinity,6.368881390796343,20250702 plate28 B05
20250702,plate28,B05,4,82,40C,low-salinity,7.729182147531987,20250702 plate28 B05
20250702,plate28,B06,0,16,40C,high-salinity,0,20250702 plate28 B06
20250702,plate28,B06,1,16,40C,high-salinity,0.9977561594266249,20250702 plate28 B06
20250702,plate28,B06,2,16,40C,high-salinity,1.5855815523586225,20250702 plate28 B06
20250702,plate28,B06,3,16,40C,high-salinity,5.932332834548931,20250702 plate28 B06
20250702,plate28,B06,4,16,40C,high-salinity,6.94668779666498,20250702 plate28 B06
20250702,plate28,C02,0,79,40C,low-salinity,0,20250702 plate28 C02
20250702,plate28,C02,1,79,40C,low-salinity,0.18674190709997104,20250702 plate28 C02
20250702,plate28,C02,2,79,40C,low-salinity,0.2707940420994113,20250702 plate28 C02
20250702,plate28,C02,3,79,40C,low-salinity,0.9136612901364067,20250702 plate28 C02
20250702,plate28,C02,4,79,40C,low-salinity,1.1194846056010783,20250702 plate28 C02
20250702,plate28,C03,0,57,40C,low-salinity,0,20250702 plate28 C03
20250702,plate28,C03,1,57,40C,low-salinity,0.3666848023311968,20250702 plate28 C03
20250702,plate28,C03,2,57,40C,low-salinity,0.55730981571683,20250702 plate28 C03
20250702,plate28,C03,3,57,40C,low-salinity,1.5615896029083007,20250702 plate28 C03
20250702,plate28,C03,4,57,40C,low-salinity,1.6089034296962599,20250702 plate28 C03
20250702,plate28,C04,0,49,40C,low-salinity,0,20250702 plate28 C04
20250702,plate28,C04,1,49,40C,low-salinity,0.628969461376556,20250702 plate28 C04
20250702,plate28,C04,2,49,40C,low-salinity,1.2794715551220128,20250702 plate28 C04
20250702,plate28,C04,3,49,40C,low-salinity,8.713974155284227,20250702 plate28 C04
20250702,plate28,C04,4,49,40C,low-salinity,8.000011447791913,20250702 plate28 C04
20250702,plate28,C06,0,16,40C,high-salinity,0,20250702 plate28 C06
20250702,plate28,C06,1,16,40C,high-salinity,0.29405414832422877,20250702 plate28 C06
20250702,plate28,C06,2,16,40C,high-salinity,0.4802260204968024,20250702 plate28 C06
20250702,plate28,C06,3,16,40C,high-salinity,2.704676122662852,20250702 plate28 C06
20250702,plate28,C06,4,16,40C,high-salinity,3.3087346992108406,20250702 plate28 C06
20250702,plate28,D02,0,79,40C,low-salinity,0,20250702 plate28 D02
20250702,plate28,D02,1,79,40C,low-salinity,0.46603754194146,20250702 plate28 D02
20250702,plate28,D02,2,79,40C,low-salinity,0.867262795169811,20250702 plate28 D02
20250702,plate28,D02,3,79,40C,low-salinity,3.401026627325642,20250702 plate28 D02
20250702,plate28,D02,4,79,40C,low-salinity,3.705416343938345,20250702 plate28 D02
20250702,plate28,D03,0,57,40C,low-salinity,0,20250702 plate28 D03
20250702,plate28,D03,1,57,40C,low-salinity,0.29807044711725394,20250702 plate28 D03
20250702,plate28,D03,2,57,40C,low-salinity,0.5536225699422034,20250702 plate28 D03
20250702,plate28,D03,3,57,40C,low-salinity,1.6374324000967342,20250702 plate28 D03
20250702,plate28,D03,4,57,40C,low-salinity,1.727149456317542,20250702 plate28 D03
20250702,plate28,D04,0,49,40C,low-salinity,0,20250702 plate28 D04
20250702,plate28,D04,1,49,40C,low-salinity,0.29906345054509353,20250702 plate28 D04
20250702,plate28,D04,2,49,40C,low-salinity,0.5521465203725611,20250702 plate28 D04
20250702,plate28,D04,3,49,40C,low-salinity,1.8035457101298236,20250702 plate28 D04
20250702,plate28,D04,4,49,40C,low-salinity,2.741224284043828,20250702 plate28 D04
20250702,plate28,D06,0,16,40C,high-salinity,0,20250702 plate28 D06
20250702,plate28,D06,1,16,40C,high-salinity,0.26219768940325217,20250702 plate28 D06
20250702,plate28,D06,2,16,40C,high-salinity,0.5274339012594563,20250702 plate28 D06
20250702,plate28,D06,3,16,40C,high-salinity,1.7258486966910356,20250702 plate28 D06
20250702,plate28,D06,4,16,40C,high-salinity,2.08711505737751,20250702 plate28 D06
20250702,plate29,A02,0,79,40C,low-salinity,0,20250702 plate29 A02
20250702,plate29,A02,1,79,40C,low-salinity,1.506706062340342,20250702 plate29 A02
20250702,plate29,A02,2,79,40C,low-salinity,1.6462658849978562,20250702 plate29 A02
20250702,plate29,A02,3,79,40C,low-salinity,2.150612339127394,20250702 plate29 A02
20250702,plate29,A02,4,79,40C,low-salinity,2.155803095611207,20250702 plate29 A02
20250702,plate29,A03,0,57,40C,low-salinity,0,20250702 plate29 A03
20250702,plate29,A03,1,57,40C,low-salinity,0.26098365811627033,20250702 plate29 A03
20250702,plate29,A03,2,57,40C,low-salinity,0.3658177854868779,20250702 plate29 A03
20250702,plate29,A03,3,57,40C,low-salinity,1.4050801573088227,20250702 plate29 A03
20250702,plate29,A03,4,57,40C,low-salinity,1.4816230755509066,20250702 plate29 A03
20250702,plate29,A04,0,49,40C,low-salinity,0,20250702 plate29 A04
20250702,plate29,A04,1,49,40C,low-salinity,1.4837180434358437,20250702 plate29 A04
20250702,plate29,A04,2,49,40C,low-salinity,2.1292321236970144,20250702 plate29 A04
20250702,plate29,A04,3,49,40C,low-salinity,3.3826974667925813,20250702 plate29 A04
20250702,plate29,A04,4,49,40C,low-salinity,3.4207019445675555,20250702 plate29 A04
20250702,plate29,A05,0,82,40C,low-salinity,0,20250702 plate29 A05
20250702,plate29,A05,1,82,40C,low-salinity,0.5634262465050259,20250702 plate29 A05
20250702,plate29,A05,2,82,40C,low-salinity,0.846334677783955,20250702 plate29 A05
20250702,plate29,A05,3,82,40C,low-salinity,2.2454527185637336,20250702 plate29 A05
20250702,plate29,A05,4,82,40C,low-salinity,2.4780457432156107,20250702 plate29 A05
20250702,plate29,A06,0,16,40C,high-salinity,0,20250702 plate29 A06
20250702,plate29,A06,1,16,40C,high-salinity,2.2513355385235716,20250702 plate29 A06
20250702,plate29,A06,2,16,40C,high-salinity,3.3023731438079857,20250702 plate29 A06
20250702,plate29,A06,3,16,40C,high-salinity,4.711081889590398,20250702 plate29 A06
20250702,plate29,A06,4,16,40C,high-salinity,4.6459752965858705,20250702 plate29 A06
20250702,plate29,B02,0,79,40C,low-salinity,0,20250702 plate29 B02
20250702,plate29,B02,1,79,40C,low-salinity,0.6862714104873715,20250702 plate29 B02
20250702,plate29,B02,2,79,40C,low-salinity,0.557503661358578,20250702 plate29 B02
20250702,plate29,B02,3,79,40C,low-salinity,2.9917319817432064,20250702 plate29 B02
20250702,plate29,B02,4,79,40C,low-salinity,3.2731860211340202,20250702 plate29 B02
20250702,plate29,B03,0,57,40C,low-salinity,0,20250702 plate29 B03
20250702,plate29,B03,1,57,40C,low-salinity,0.5192530576310583,20250702 plate29 B03
20250702,plate29,B03,2,57,40C,low-salinity,0.37704208951610957,20250702 plate29 B03
20250702,plate29,B03,3,57,40C,low-salinity,1.3405235504241488,20250702 plate29 B03
20250702,plate29,B03,4,57,40C,low-salinity,1.5125095821293943,20250702 plate29 B03
20250702,plate29,B04,0,49,40C,low-salinity,0,20250702 plate29 B04
20250702,plate29,B04,1,49,40C,low-salinity,0.7108577696096638,20250702 plate29 B04
20250702,plate29,B04,2,49,40C,low-salinity,0.5019433668231245,20250702 plate29 B04
20250702,plate29,B04,3,49,40C,low-salinity,2.0654142663549373,20250702 plate29 B04
20250702,plate29,B04,4,49,40C,low-salinity,2.65900137211785,20250702 plate29 B04
20250702,plate29,B05,0,82,40C,low-salinity,0,20250702 plate29 B05
20250702,plate29,B05,1,82,40C,low-salinity,0.07446836926882555,20250702 plate29 B05
20250702,plate29,B05,2,82,40C,low-salinity,0.05543917651696754,20250702 plate29 B05
20250702,plate29,B05,3,82,40C,low-salinity,1.1684465875056678,20250702 plate29 B05
20250702,plate29,B05,4,82,40C,low-salinity,1.6236550700582706,20250702 plate29 B05
20250702,plate29,B06,0,16,40C,high-salinity,0,20250702 plate29 B06
20250702,plate29,B06,1,16,40C,high-salinity,0.6835433814224463,20250702 plate29 B06
20250702,plate29,B06,2,16,40C,high-salinity,0.5064785640544874,20250702 plate29 B06
20250702,plate29,B06,3,16,40C,high-salinity,2.2045569196874686,20250702 plate29 B06
20250702,plate29,B06,4,16,40C,high-salinity,2.21658898507006,20250702 plate29 B06
20250702,plate29,C02,0,79,40C,low-salinity,0,20250702 plate29 C02
20250702,plate29,C02,1,79,40C,low-salinity,0.8087070091307413,20250702 plate29 C02
20250702,plate29,C02,2,79,40C,low-salinity,0.47366937191291275,20250702 plate29 C02
20250702,plate29,C02,3,79,40C,low-salinity,3.0708305786147374,20250702 plate29 C02
20250702,plate29,C02,4,79,40C,low-salinity,4.893641053870366,20250702 plate29 C02
20250702,plate29,C03,0,57,40C,low-salinity,0,20250702 plate29 C03
20250702,plate29,C03,1,57,40C,low-salinity,-0.004254670770090762,20250702 plate29 C03
20250702,plate29,C03,2,57,40C,low-salinity,-3.8279628900825735e-4,20250702 plate29 C03
20250702,plate29,C03,3,57,40C,low-salinity,0.2362714227572649,20250702 plate29 C03
20250702,plate29,C03,4,57,40C,low-salinity,0.2833111993073342,20250702 plate29 C03
20250702,plate29,C04,0,49,40C,low-salinity,0,20250702 plate29 C04
20250702,plate29,C04,1,49,40C,low-salinity,-0.0028141461535866686,20250702 plate29 C04
20250702,plate29,C04,2,49,40C,low-salinity,0.027064755372278627,20250702 plate29 C04
20250702,plate29,C04,3,49,40C,low-salinity,1.2794482830423382,20250702 plate29 C04
20250702,plate29,C04,4,49,40C,low-salinity,2.081907400857237,20250702 plate29 C04
20250702,plate29,C05,0,82,40C,low-salinity,0,20250702 plate29 C05
20250702,plate29,C05,1,82,40C,low-salinity,0.2985851041938085,20250702 plate29 C05
20250702,plate29,C05,2,82,40C,low-salinity,0.15785557952684287,20250702 plate29 C05
20250702,plate29,C05,3,82,40C,low-salinity,1.3447628390451418,20250702 plate29 C05
20250702,plate29,C05,4,82,40C,low-salinity,1.5598206482008647,20250702 plate29 C05
20250702,plate29,C06,0,16,40C,high-salinity,0,20250702 plate29 C06
20250702,plate29,C06,1,16,40C,high-salinity,0.34436638321467455,20250702 plate29 C06
20250702,plate29,C06,2,16,40C,high-salinity,0.21645706118806782,20250702 plate29 C06
20250702,plate29,C06,3,16,40C,high-salinity,2.9161235005787707,20250702 plate29 C06
20250702,plate29,C06,4,16,40C,high-salinity,3.0991321504782046,20250702 plate29 C06
20250702,plate29,D02,0,79,40C,low-salinity,0,20250702 plate29 D02
20250702,plate29,D02,1,79,40C,low-salinity,0.48690576821189246,20250702 plate29 D02
20250702,plate29,D02,2,79,40C,low-salinity,0.27157767442264785,20250702 plate29 D02
20250702,plate29,D02,3,79,40C,low-salinity,2.2391596457824585,20250702 plate29 D02
20250702,plate29,D02,4,79,40C,low-salinity,2.322687476397418,20250702 plate29 D02
20250702,plate29,D03,0,57,40C,low-salinity,0,20250702 plate29 D03
20250702,plate29,D03,1,57,40C,low-salinity,0.38382052663378896,20250702 plate29 D03
20250702,plate29,D03,2,57,40C,low-salinity,0.229291827842144,20250702 plate29 D03
20250702,plate29,D03,3,57,40C,low-salinity,2.941822167598132,20250702 plate29 D03
20250702,plate29,D03,4,57,40C,low-salinity,3.181182070859564,20250702 plate29 D03
20250702,plate29,D04,0,49,40C,low-salinity,0,20250702 plate29 D04
20250702,plate29,D04,1,49,40C,low-salinity,0.49003806580654635,20250702 plate29 D04
20250702,plate29,D04,2,49,40C,low-salinity,0.35329432208627465,20250702 plate29 D04
20250702,plate29,D04,3,49,40C,low-salinity,5.167627167628685,20250702 plate29 D04
20250702,plate29,D04,4,49,40C,low-salinity,6.201751818191233,20250702 plate29 D04
20250702,plate29,D05,0,82,40C,low-salinity,0,20250702 plate29 D05
20250702,plate29,D05,1,82,40C,low-salinity,0.3061916947635551,20250702 plate29 D05
20250702,plate29,D05,2,82,40C,low-salinity,0.18539733350493215,20250702 plate29 D05
20250702,plate29,D05,3,82,40C,low-salinity,2.456246836677835,20250702 plate29 D05
20250702,plate29,D05,4,82,40C,low-salinity,3.9790345080030756,20250702 plate29 D05
20250702,plate29,D06,0,16,40C,high-salinity,0,20250702 plate29 D06
20250702,plate29,D06,1,16,40C,high-salinity,0.6557729969591047,20250702 plate29 D06
20250702,plate29,D06,2,16,40C,high-salinity,0.45865002409363625,20250702 plate29 D06
20250702,plate29,D06,3,16,40C,high-salinity,3.86045192058826,20250702 plate29 D06
20250702,plate29,D06,4,16,40C,high-salinity,4.043952074141408,20250702 plate29 D06
20250702,plate30,A02,0,50,40C,low-salinity,0,20250702 plate30 A02
20250702,plate30,A02,1,50,40C,low-salinity,0.3187885117943664,20250702 plate30 A02
20250702,plate30,A02,2,50,40C,low-salinity,0.45254165694337634,20250702 plate30 A02
20250702,plate30,A02,3,50,40C,low-salinity,0.7753892911112289,20250702 plate30 A02
20250702,plate30,A02,4,50,40C,low-salinity,0.8820213518068092,20250702 plate30 A02
20250702,plate30,A03,0,74,40C,low-salinity,0,20250702 plate30 A03
20250702,plate30,A03,1,74,40C,low-salinity,0.13704924851626535,20250702 plate30 A03
20250702,plate30,A03,2,74,40C,low-salinity,0.24451418465133798,20250702 plate30 A03
20250702,plate30,A03,3,74,40C,low-salinity,0.3044427390969478,20250702 plate30 A03
20250702,plate30,A03,4,74,40C,low-salinity,0.355986358559523,20250702 plate30 A03
20250702,plate30,A04,0,90,40C,low-salinity,0,20250702 plate30 A04
20250702,plate30,A04,1,90,40C,low-salinity,2.3204313615857415,20250702 plate30 A04
20250702,plate30,A04,2,90,40C,low-salinity,2.433326214947293,20250702 plate30 A04
20250702,plate30,A04,3,90,40C,low-salinity,3.174161199056061,20250702 plate30 A04
20250702,plate30,A04,4,90,40C,low-salinity,3.353153031149001,20250702 plate30 A04
20250702,plate30,A05,0,16,40C,high-salinity,0,20250702 plate30 A05
20250702,plate30,A05,1,16,40C,high-salinity,0.2517052557593512,20250702 plate30 A05
20250702,plate30,A05,2,16,40C,high-salinity,0.33496600039154634,20250702 plate30 A05
20250702,plate30,A05,3,16,40C,high-salinity,0.3842597415047877,20250702 plate30 A05
20250702,plate30,A05,4,16,40C,high-salinity,0.42527524781209397,20250702 plate30 A05
20250702,plate30,A06,0,48,40C,low-salinity,0,20250702 plate30 A06
20250702,plate30,A06,1,48,40C,low-salinity,2.1981999126247236,20250702 plate30 A06
20250702,plate30,A06,2,48,40C,low-salinity,3.2061092901849717,20250702 plate30 A06
20250702,plate30,A06,3,48,40C,low-salinity,4.579004232389102,20250702 plate30 A06
20250702,plate30,A06,4,48,40C,low-salinity,4.546705735463495,20250702 plate30 A06
20250702,plate30,B02,0,50,40C,low-salinity,0,20250702 plate30 B02
20250702,plate30,B02,1,50,40C,low-salinity,0.0471149656716842,20250702 plate30 B02
20250702,plate30,B02,2,50,40C,low-salinity,0.2948513959489762,20250702 plate30 B02
20250702,plate30,B02,3,50,40C,low-salinity,1.5479005828835706,20250702 plate30 B02
20250702,plate30,B02,4,50,40C,low-salinity,3.074881638729274,20250702 plate30 B02
20250702,plate30,B03,0,74,40C,low-salinity,0,20250702 plate30 B03
20250702,plate30,B03,1,74,40C,low-salinity,0.029493095334706135,20250702 plate30 B03
20250702,plate30,B03,2,74,40C,low-salinity,0.07437038330582486,20250702 plate30 B03
20250702,plate30,B03,3,74,40C,low-salinity,0.2729957375394613,20250702 plate30 B03
20250702,plate30,B03,4,74,40C,low-salinity,0.31364199150525723,20250702 plate30 B03
20250702,plate30,B04,0,90,40C,low-salinity,0,20250702 plate30 B04
20250702,plate30,B04,1,90,40C,low-salinity,0.13594342459062242,20250702 plate30 B04
20250702,plate30,B04,2,90,40C,low-salinity,0.8370162225588005,20250702 plate30 B04
20250702,plate30,B04,3,90,40C,low-salinity,4.067135268389478,20250702 plate30 B04
20250702,plate30,B04,4,90,40C,low-salinity,4.770349097007595,20250702 plate30 B04
20250702,plate30,B06,0,48,40C,low-salinity,0,20250702 plate30 B06
20250702,plate30,B06,1,48,40C,low-salinity,1.0272435049130797,20250702 plate30 B06
20250702,plate30,B06,2,48,40C,low-salinity,1.100924968333602,20250702 plate30 B06
20250702,plate30,B06,3,48,40C,low-salinity,4.128359769930038,20250702 plate30 B06
20250702,plate30,B06,4,48,40C,low-salinity,4.218259748962712,20250702 plate30 B06
20250702,plate30,C02,0,50,40C,low-salinity,0,20250702 plate30 C02
20250702,plate30,C02,1,50,40C,low-salinity,0.3309238915376165,20250702 plate30 C02
20250702,plate30,C02,2,50,40C,low-salinity,0.4515488172935028,20250702 plate30 C02
20250702,plate30,C02,3,50,40C,low-salinity,2.2732255950433036,20250702 plate30 C02
20250702,plate30,C02,4,50,40C,low-salinity,2.7733403334314035,20250702 plate30 C02
20250702,plate30,C03,0,74,40C,low-salinity,0,20250702 plate30 C03
20250702,plate30,C03,1,74,40C,low-salinity,0.4645551735568641,20250702 plate30 C03
20250702,plate30,C03,2,74,40C,low-salinity,0.44777845700455055,20250702 plate30 C03
20250702,plate30,C03,3,74,40C,low-salinity,2.586696818461755,20250702 plate30 C03
20250702,plate30,C03,4,74,40C,low-salinity,3.8191014991378296,20250702 plate30 C03
20250702,plate30,C04,0,90,40C,low-salinity,0,20250702 plate30 C04
20250702,plate30,C04,1,90,40C,low-salinity,-0.025953215380712755,20250702 plate30 C04
20250702,plate30,C04,2,90,40C,low-salinity,0.0029608776878576847,20250702 plate30 C04
20250702,plate30,C04,3,90,40C,low-salinity,0.1716105443163206,20250702 plate30 C04
20250702,plate30,C04,4,90,40C,low-salinity,0.2279719789178723,20250702 plate30 C04
20250702,plate30,C06,0,48,40C,low-salinity,0,20250702 plate30 C06
20250702,plate30,C06,1,48,40C,low-salinity,0.6806028490894344,20250702 plate30 C06
20250702,plate30,C06,2,48,40C,low-salinity,0.96410478886333,20250702 plate30 C06
20250702,plate30,C06,3,48,40C,low-salinity,7.497656335156012,20250702 plate30 C06
20250702,plate30,C06,4,48,40C,low-salinity,8.402096719291375,20250702 plate30 C06
20250702,plate30,D02,0,50,40C,low-salinity,0,20250702 plate30 D02
20250702,plate30,D02,1,50,40C,low-salinity,0.3423609355258688,20250702 plate30 D02
20250702,plate30,D02,2,50,40C,low-salinity,0.31080833304064875,20250702 plate30 D02
20250702,plate30,D02,3,50,40C,low-salinity,1.7180778622597714,20250702 plate30 D02
20250702,plate30,D02,4,50,40C,low-salinity,2.315165645172815,20250702 plate30 D02
20250702,plate30,D03,0,74,40C,low-salinity,0,20250702 plate30 D03
20250702,plate30,D03,1,74,40C,low-salinity,0.3078657047783893,20250702 plate30 D03
20250702,plate30,D03,2,74,40C,low-salinity,0.275701775688023,20250702 plate30 D03
20250702,plate30,D03,3,74,40C,low-salinity,1.9130445417389692,20250702 plate30 D03
20250702,plate30,D03,4,74,40C,low-salinity,2.3297666021440873,20250702 plate30 D03
20250702,plate30,D04,0,90,40C,low-salinity,0,20250702 plate30 D04
20250702,plate30,D04,1,90,40C,low-salinity,0.21136265303590823,20250702 plate30 D04
20250702,plate30,D04,2,90,40C,low-salinity,0.19878390948860336,20250702 plate30 D04
20250702,plate30,D04,3,90,40C,low-salinity,3.2050529760738478,20250702 plate30 D04
20250702,plate30,D04,4,90,40C,low-salinity,3.8131097636586797,20250702 plate30 D04
20250702,plate30,D06,0,48,40C,low-salinity,0,20250702 plate30 D06
20250702,plate30,D06,1,48,40C,low-salinity,0.31906709775058767,20250702 plate30 D06
20250702,plate30,D06,2,48,40C,low-salinity,0.36040373255276714,20250702 plate30 D06
20250702,plate30,D06,3,48,40C,low-salinity,2.4755237388016673,20250702 plate30 D06
20250702,plate30,D06,4,48,40C,low-salinity,2.5011749136571177,20250702 plate30 D06
20250702,plate31,A02,0,47,40C,low-salinity,0,20250702 plate31 A02
20250702,plate31,A02,1,47,40C,low-salinity,0.9884190184974418,20250702 plate31 A02
20250702,plate31,A02,2,47,40C,low-salinity,1.1020387473336115,20250702 plate31 A02
20250702,plate31,A02,3,47,40C,low-salinity,1.2062547810016222,20250702 plate31 A02
20250702,plate31,A02,4,47,40C,low-salinity,1.3016598121379526,20250702 plate31 A02
20250702,plate31,A03,0,85,40C,low-salinity,0,20250702 plate31 A03
20250702,plate31,A03,1,85,40C,low-salinity,0.39685893330778305,20250702 plate31 A03
20250702,plate31,A03,2,85,40C,low-salinity,0.8102625728157472,20250702 plate31 A03
20250702,plate31,A03,3,85,40C,low-salinity,1.43220101614147,20250702 plate31 A03
20250702,plate31,A03,4,85,40C,low-salinity,1.605300392980342,20250702 plate31 A03
20250702,plate31,A05,0,60,40C,low-salinity,0,20250702 plate31 A05
20250702,plate31,A05,1,60,40C,low-salinity,0.8755817895786968,20250702 plate31 A05
20250702,plate31,A05,2,60,40C,low-salinity,0.9420671910235378,20250702 plate31 A05
20250702,plate31,A05,3,60,40C,low-salinity,0.9753108623294904,20250702 plate31 A05
20250702,plate31,A05,4,60,40C,low-salinity,1.0077316276240487,20250702 plate31 A05
20250702,plate31,A06,0,16,40C,high-salinity,0,20250702 plate31 A06
20250702,plate31,A06,1,16,40C,high-salinity,1.295252958256075,20250702 plate31 A06
20250702,plate31,A06,2,16,40C,high-salinity,2.200249696196949,20250702 plate31 A06
20250702,plate31,A06,3,16,40C,high-salinity,3.110339607885314,20250702 plate31 A06
20250702,plate31,A06,4,16,40C,high-salinity,3.2196873257629237,20250702 plate31 A06
20250702,plate31,B02,0,47,40C,low-salinity,0,20250702 plate31 B02
20250702,plate31,B02,1,47,40C,low-salinity,1.1469866929247459,20250702 plate31 B02
20250702,plate31,B02,2,47,40C,low-salinity,1.133841629434749,20250702 plate31 B02
20250702,plate31,B02,3,47,40C,low-salinity,1.9866683165200825,20250702 plate31 B02
20250702,plate31,B02,4,47,40C,low-salinity,2.062091023617296,20250702 plate31 B02
20250702,plate31,B03,0,85,40C,low-salinity,0,20250702 plate31 B03
20250702,plate31,B03,1,85,40C,low-salinity,0.01480683115749819,20250702 plate31 B03
20250702,plate31,B03,2,85,40C,low-salinity,0.07126775306179528,20250702 plate31 B03
20250702,plate31,B03,3,85,40C,low-salinity,0.19881937852156129,20250702 plate31 B03
20250702,plate31,B03,4,85,40C,low-salinity,0.23140569058038338,20250702 plate31 B03
20250702,plate31,B04,0,77,40C,low-salinity,0,20250702 plate31 B04
20250702,plate31,B04,1,77,40C,low-salinity,0.9585032968826128,20250702 plate31 B04
20250702,plate31,B04,2,77,40C,low-salinity,1.0471843261654,20250702 plate31 B04
20250702,plate31,B04,3,77,40C,low-salinity,3.8633399154836985,20250702 plate31 B04
20250702,plate31,B04,4,77,40C,low-salinity,4.781707557811541,20250702 plate31 B04
20250702,plate31,B05,0,60,40C,low-salinity,0,20250702 plate31 B05
20250702,plate31,B05,1,60,40C,low-salinity,0.9384512356107205,20250702 plate31 B05
20250702,plate31,B05,2,60,40C,low-salinity,1.1929571028062915,20250702 plate31 B05
20250702,plate31,B05,3,60,40C,low-salinity,5.640185034245576,20250702 plate31 B05
20250702,plate31,B05,4,60,40C,low-salinity,7.902310988663194,20250702 plate31 B05
20250702,plate31,B06,0,16,40C,high-salinity,0,20250702 plate31 B06
20250702,plate31,B06,1,16,40C,high-salinity,0.57775409596729,20250702 plate31 B06
20250702,plate31,B06,2,16,40C,high-salinity,0.6427893747014664,20250702 plate31 B06
20250702,plate31,B06,3,16,40C,high-salinity,2.7787519250447628,20250702 plate31 B06
20250702,plate31,B06,4,16,40C,high-salinity,3.2079206542024443,20250702 plate31 B06
20250702,plate31,C02,0,47,40C,low-salinity,0,20250702 plate31 C02
20250702,plate31,C02,1,47,40C,low-salinity,0.5536459338181166,20250702 plate31 C02
20250702,plate31,C02,2,47,40C,low-salinity,0.7042486754214142,20250702 plate31 C02
20250702,plate31,C02,3,47,40C,low-salinity,2.485320072343641,20250702 plate31 C02
20250702,plate31,C02,4,47,40C,low-salinity,3.078891435103041,20250702 plate31 C02
20250702,plate31,C03,0,85,40C,low-salinity,0,20250702 plate31 C03
20250702,plate31,C03,1,85,40C,low-salinity,0.29006114311421705,20250702 plate31 C03
20250702,plate31,C03,2,85,40C,low-salinity,0.33886204415814863,20250702 plate31 C03
20250702,plate31,C03,3,85,40C,low-salinity,1.34161074844723,20250702 plate31 C03
20250702,plate31,C03,4,85,40C,low-salinity,1.5452236528815433,20250702 plate31 C03
20250702,plate31,C04,0,77,40C,low-salinity,0,20250702 plate31 C04
20250702,plate31,C04,1,77,40C,low-salinity,0.4574227818623542,20250702 plate31 C04
20250702,plate31,C04,2,77,40C,low-salinity,0.5638904805643741,20250702 plate31 C04
20250702,plate31,C04,3,77,40C,low-salinity,3.114558076510044,20250702 plate31 C04
20250702,plate31,C04,4,77,40C,low-salinity,4.359705350560691,20250702 plate31 C04
20250702,plate31,C05,0,60,40C,low-salinity,0,20250702 plate31 C05
20250702,plate31,C05,1,60,40C,low-salinity,0.03145008824685205,20250702 plate31 C05
20250702,plate31,C05,2,60,40C,low-salinity,0.13694463795937806,20250702 plate31 C05
20250702,plate31,C05,3,60,40C,low-salinity,0.6886016810424593,20250702 plate31 C05
20250702,plate31,C05,4,60,40C,low-salinity,0.7841082718463656,20250702 plate31 C05
20250702,plate31,C06,0,16,40C,high-salinity,0,20250702 plate31 C06
20250702,plate31,C06,1,16,40C,high-salinity,0.5826226286901084,20250702 plate31 C06
20250702,plate31,C06,2,16,40C,high-salinity,0.7778897541431984,20250702 plate31 C06
20250702,plate31,C06,3,16,40C,high-salinity,2.939581608085046,20250702 plate31 C06
20250702,plate31,C06,4,16,40C,high-salinity,4.102593985807081,20250702 plate31 C06
20250702,plate31,D02,0,47,40C,low-salinity,0,20250702 plate31 D02
20250702,plate31,D02,1,47,40C,low-salinity,0.132094647054648,20250702 plate31 D02
20250702,plate31,D02,2,47,40C,low-salinity,0.18931387271939648,20250702 plate31 D02
20250702,plate31,D02,3,47,40C,low-salinity,0.7736522755381432,20250702 plate31 D02
20250702,plate31,D02,4,47,40C,low-salinity,1.0125438047598068,20250702 plate31 D02
20250702,plate31,D03,0,85,40C,low-salinity,0,20250702 plate31 D03
20250702,plate31,D03,1,85,40C,low-salinity,0.4286092133781649,20250702 plate31 D03
20250702,plate31,D03,2,85,40C,low-salinity,1.1523120661607884,20250702 plate31 D03
20250702,plate31,D03,3,85,40C,low-salinity,5.084115920780425,20250702 plate31 D03
20250702,plate31,D03,4,85,40C,low-salinity,5.415712804721605,20250702 plate31 D03
20250702,plate31,D04,0,77,40C,low-salinity,0,20250702 plate31 D04
20250702,plate31,D04,1,77,40C,low-salinity,0.5051204871414133,20250702 plate31 D04
20250702,plate31,D04,2,77,40C,low-salinity,1.5883462170097473,20250702 plate31 D04
20250702,plate31,D04,3,77,40C,low-salinity,8.174614991253453,20250702 plate31 D04
20250702,plate31,D04,4,77,40C,low-salinity,9.219669457659165,20250702 plate31 D04
20250702,plate31,D05,0,60,40C,low-salinity,0,20250702 plate31 D05
20250702,plate31,D05,1,60,40C,low-salinity,0.05974117861180872,20250702 plate31 D05
20250702,plate31,D05,2,60,40C,low-salinity,0.12651530791705654,20250702 plate31 D05
20250702,plate31,D05,3,60,40C,low-salinity,0.5297682452111806,20250702 plate31 D05
20250702,plate31,D05,4,60,40C,low-salinity,0.6165398853141649,20250702 plate31 D05
20250702,plate31,D06,0,16,40C,high-salinity,0,20250702 plate31 D06
20250702,plate31,D06,1,16,40C,high-salinity,1.0634220797639569,20250702 plate31 D06
20250702,plate31,D06,2,16,40C,high-salinity,2.7683413573120554,20250702 plate31 D06
20250702,plate31,D06,3,16,40C,high-salinity,10.270720584056667,20250702 plate31 D06
20250702,plate31,D06,4,16,40C,high-salinity,12.628171469877127,20250702 plate31 D06
20250702,plate32,A02,0,48,40C,low-salinity,0,20250702 plate32 A02
20250702,plate32,A02,1,48,40C,low-salinity,1.6729631580977025,20250702 plate32 A02
20250702,plate32,A02,2,48,40C,low-salinity,1.7886226925490798,20250702 plate32 A02
20250702,plate32,A02,3,48,40C,low-salinity,3.182756589577757,20250702 plate32 A02
20250702,plate32,A02,4,48,40C,low-salinity,3.596829866418297,20250702 plate32 A02
20250702,plate32,A03,0,80,40C,low-salinity,0,20250702 plate32 A03
20250702,plate32,A03,1,80,40C,low-salinity,0.28738550953647496,20250702 plate32 A03
20250702,plate32,A03,2,80,40C,low-salinity,0.43043982339397835,20250702 plate32 A03
20250702,plate32,A03,3,80,40C,low-salinity,0.7745752565502162,20250702 plate32 A03
20250702,plate32,A03,4,80,40C,low-salinity,1.7459194327807095,20250702 plate32 A03
20250702,plate32,A04,0,20,40C,high-salinity,0,20250702 plate32 A04
20250702,plate32,A04,1,20,40C,high-salinity,1.0499800553670111,20250702 plate32 A04
20250702,plate32,A04,2,20,40C,high-salinity,1.127532459353094,20250702 plate32 A04
20250702,plate32,A04,3,20,40C,high-salinity,1.1612509933582462,20250702 plate32 A04
20250702,plate32,A04,4,20,40C,high-salinity,1.345444196363639,20250702 plate32 A04
20250702,plate32,A05,0,77,40C,low-salinity,0,20250702 plate32 A05
20250702,plate32,A05,1,77,40C,low-salinity,3.0137930149678644,20250702 plate32 A05
20250702,plate32,A05,2,77,40C,low-salinity,5.673324017861007,20250702 plate32 A05
20250702,plate32,A05,3,77,40C,low-salinity,8.127883583278335,20250702 plate32 A05
20250702,plate32,A05,4,77,40C,low-salinity,9.28393444748884,20250702 plate32 A05
20250702,plate32,A06,0,55,40C,low-salinity,0,20250702 plate32 A06
20250702,plate32,A06,1,55,40C,low-salinity,1.8146329938342574,20250702 plate32 A06
20250702,plate32,A06,2,55,40C,low-salinity,2.7491994564365076,20250702 plate32 A06
20250702,plate32,A06,3,55,40C,low-salinity,3.6819288132905506,20250702 plate32 A06
20250702,plate32,A06,4,55,40C,low-salinity,4.457428930025373,20250702 plate32 A06
20250702,plate32,B02,0,48,40C,low-salinity,0,20250702 plate32 B02
20250702,plate32,B02,1,48,40C,low-salinity,0.12888821681341697,20250702 plate32 B02
20250702,plate32,B02,2,48,40C,low-salinity,0.9596433067568074,20250702 plate32 B02
20250702,plate32,B02,3,48,40C,low-salinity,1.5684811243927288,20250702 plate32 B02
20250702,plate32,B02,4,48,40C,low-salinity,1.7648940382776832,20250702 plate32 B02
20250702,plate32,B03,0,80,40C,low-salinity,0,20250702 plate32 B03
20250702,plate32,B03,1,80,40C,low-salinity,0.02838232505662901,20250702 plate32 B03
20250702,plate32,B03,2,80,40C,low-salinity,0.21317920459492518,20250702 plate32 B03
20250702,plate32,B03,3,80,40C,low-salinity,0.49464212509746375,20250702 plate32 B03
20250702,plate32,B03,4,80,40C,low-salinity,0.6191653776109904,20250702 plate32 B03
20250702,plate32,B04,0,20,40C,high-salinity,0,20250702 plate32 B04
20250702,plate32,B04,1,20,40C,high-salinity,1.0511787116229208,20250702 plate32 B04
20250702,plate32,B04,2,20,40C,high-salinity,1.444832309028741,20250702 plate32 B04
20250702,plate32,B04,3,20,40C,high-salinity,2.8488950959890222,20250702 plate32 B04
20250702,plate32,B04,4,20,40C,high-salinity,7.106600496339586,20250702 plate32 B04
20250702,plate32,B05,0,77,40C,low-salinity,0,20250702 plate32 B05
20250702,plate32,B05,1,77,40C,low-salinity,0.9915066254245275,20250702 plate32 B05
20250702,plate32,B05,2,77,40C,low-salinity,2.168416764701749,20250702 plate32 B05
20250702,plate32,B05,3,77,40C,low-salinity,5.146476085614355,20250702 plate32 B05
20250702,plate32,B05,4,77,40C,low-salinity,5.499437264475313,20250702 plate32 B05
20250702,plate32,B06,0,55,40C,low-salinity,0,20250702 plate32 B06
20250702,plate32,B06,1,55,40C,low-salinity,0.7111872105610839,20250702 plate32 B06
20250702,plate32,B06,2,55,40C,low-salinity,0.9831073358290853,20250702 plate32 B06
20250702,plate32,B06,3,55,40C,low-salinity,2.2221793321800933,20250702 plate32 B06
20250702,plate32,B06,4,55,40C,low-salinity,2.9523586365501187,20250702 plate32 B06
20250702,plate32,C02,0,48,40C,low-salinity,0,20250702 plate32 C02
20250702,plate32,C02,1,48,40C,low-salinity,0.7062398802669848,20250702 plate32 C02
20250702,plate32,C02,2,48,40C,low-salinity,1.0853883621207148,20250702 plate32 C02
20250702,plate32,C02,3,48,40C,low-salinity,3.700912393906536,20250702 plate32 C02
20250702,plate32,C02,4,48,40C,low-salinity,4.852820799012643,20250702 plate32 C02
20250702,plate32,C03,0,80,40C,low-salinity,0,20250702 plate32 C03
20250702,plate32,C03,1,80,40C,low-salinity,0.05014893646359532,20250702 plate32 C03
20250702,plate32,C03,2,80,40C,low-salinity,0.18114947933954686,20250702 plate32 C03
20250702,plate32,C03,3,80,40C,low-salinity,0.6077819692534859,20250702 plate32 C03
20250702,plate32,C03,4,80,40C,low-salinity,0.7416066377497931,20250702 plate32 C03
20250702,plate32,C04,0,20,40C,high-salinity,0,20250702 plate32 C04
20250702,plate32,C04,1,20,40C,high-salinity,0.6126735379395325,20250702 plate32 C04
20250702,plate32,C04,2,20,40C,high-salinity,1.0035915370298187,20250702 plate32 C04
20250702,plate32,C04,3,20,40C,high-salinity,4.528712019949839,20250702 plate32 C04
20250702,plate32,C04,4,20,40C,high-salinity,6.362945617612711,20250702 plate32 C04
20250702,plate32,C05,0,77,40C,low-salinity,0,20250702 plate32 C05
20250702,plate32,C05,1,77,40C,low-salinity,0.014490009455991375,20250702 plate32 C05
20250702,plate32,C05,2,77,40C,low-salinity,0.06494120152344723,20250702 plate32 C05
20250702,plate32,C05,3,77,40C,low-salinity,0.3836473196862669,20250702 plate32 C05
20250702,plate32,C05,4,77,40C,low-salinity,0.438652653771293,20250702 plate32 C05
20250702,plate32,C06,0,55,40C,low-salinity,0,20250702 plate32 C06
20250702,plate32,C06,1,55,40C,low-salinity,0.3850235616646421,20250702 plate32 C06
20250702,plate32,C06,2,55,40C,low-salinity,0.6830596621126201,20250702 plate32 C06
20250702,plate32,C06,3,55,40C,low-salinity,1.650337933237956,20250702 plate32 C06
20250702,plate32,C06,4,55,40C,low-salinity,1.7827016343375497,20250702 plate32 C06
20250702,plate32,D02,0,48,40C,low-salinity,0,20250702 plate32 D02
20250702,plate32,D02,1,48,40C,low-salinity,0.8831135138761094,20250702 plate32 D02
20250702,plate32,D02,2,48,40C,low-salinity,1.8387788377090841,20250702 plate32 D02
20250702,plate32,D02,3,48,40C,low-salinity,4.845507307318853,20250702 plate32 D02
20250702,plate32,D02,4,48,40C,low-salinity,5.341349076321549,20250702 plate32 D02
20250702,plate32,D03,0,80,40C,low-salinity,0,20250702 plate32 D03
20250702,plate32,D03,1,80,40C,low-salinity,0.013881291416006709,20250702 plate32 D03
20250702,plate32,D03,2,80,40C,low-salinity,0.07837368348071856,20250702 plate32 D03
20250702,plate32,D03,3,80,40C,low-salinity,0.251785512013128,20250702 plate32 D03
20250702,plate32,D03,4,80,40C,low-salinity,0.3440844972071838,20250702 plate32 D03
20250702,plate32,D04,0,20,40C,high-salinity,0,20250702 plate32 D04
20250702,plate32,D04,1,20,40C,high-salinity,0.4386120094701318,20250702 plate32 D04
20250702,plate32,D04,2,20,40C,high-salinity,0.8083228655319429,20250702 plate32 D04
20250702,plate32,D04,3,20,40C,high-salinity,1.6387952998144224,20250702 plate32 D04
20250702,plate32,D04,4,20,40C,high-salinity,1.8395467668307257,20250702 plate32 D04
20250702,plate32,D05,0,77,40C,low-salinity,0,20250702 plate32 D05
20250702,plate32,D05,1,77,40C,low-salinity,0.5452964898518948,20250702 plate32 D05
20250702,plate32,D05,2,77,40C,low-salinity,1.9815414298864784,20250702 plate32 D05
20250702,plate32,D05,3,77,40C,low-salinity,4.3330280322517964,20250702 plate32 D05
20250702,plate32,D05,4,77,40C,low-salinity,4.463873506734673,20250702 plate32 D05
20250702,plate32,D06,0,55,40C,low-salinity,0,20250702 plate32 D06
20250702,plate32,D06,1,55,40C,low-salinity,0.5490988365963888,20250702 plate32 D06
20250702,plate32,D06,2,55,40C,low-salinity,1.3682763807955545,20250702 plate32 D06
20250702,plate32,D06,3,55,40C,low-salinity,6.518548880633737,20250702 plate32 D06
20250702,plate32,D06,4,55,40C,low-salinity,10.725956244476441,20250702 plate32 D06
20250702,plate33,A02,0,33,40C,high-salinity,0,20250702 plate33 A02
20250702,plate33,A02,1,33,40C,high-salinity,1.9290211201563536,20250702 plate33 A02
20250702,plate33,A02,2,33,40C,high-salinity,2.025227901010939,20250702 plate33 A02
20250702,plate33,A02,3,33,40C,high-salinity,2.2995762480369644,20250702 plate33 A02
20250702,plate33,A02,4,33,40C,high-salinity,2.320488406546027,20250702 plate33 A02
20250702,plate33,A03,0,5,40C,high-salinity,0,20250702 plate33 A03
20250702,plate33,A03,1,5,40C,high-salinity,4.4104065262435626,20250702 plate33 A03
20250702,plate33,A03,2,5,40C,high-salinity,4.380386143239369,20250702 plate33 A03
20250702,plate33,A03,3,5,40C,high-salinity,5.498014529565797,20250702 plate33 A03
20250702,plate33,A03,4,5,40C,high-salinity,2.0787467281098815,20250702 plate33 A03
20250702,plate33,A04,0,25,40C,high-salinity,0,20250702 plate33 A04
20250702,plate33,A04,1,25,40C,high-salinity,1.4074444162164532,20250702 plate33 A04
20250702,plate33,A04,2,25,40C,high-salinity,1.9657130662974627,20250702 plate33 A04
20250702,plate33,A04,3,25,40C,high-salinity,4.625301148379069,20250702 plate33 A04
20250702,plate33,A04,4,25,40C,high-salinity,5.517642940572088,20250702 plate33 A04
20250702,plate33,A05,0,26,40C,high-salinity,0,20250702 plate33 A05
20250702,plate33,A05,1,26,40C,high-salinity,2.4377875281182617,20250702 plate33 A05
20250702,plate33,A05,2,26,40C,high-salinity,2.4070418692365045,20250702 plate33 A05
20250702,plate33,A05,3,26,40C,high-salinity,5.120990118208506,20250702 plate33 A05
20250702,plate33,A05,4,26,40C,high-salinity,5.762337248243004,20250702 plate33 A05
20250702,plate33,A06,0,20,40C,high-salinity,0,20250702 plate33 A06
20250702,plate33,A06,1,20,40C,high-salinity,1.4408287283402157,20250702 plate33 A06
20250702,plate33,A06,2,20,40C,high-salinity,1.5062338890231168,20250702 plate33 A06
20250702,plate33,A06,3,20,40C,high-salinity,1.7420090499761665,20250702 plate33 A06
20250702,plate33,A06,4,20,40C,high-salinity,2.033719294233189,20250702 plate33 A06
20250702,plate33,B02,0,33,40C,high-salinity,0,20250702 plate33 B02
20250702,plate33,B02,1,33,40C,high-salinity,0.10574273063029102,20250702 plate33 B02
20250702,plate33,B02,2,33,40C,high-salinity,0.1287378179727034,20250702 plate33 B02
20250702,plate33,B02,3,33,40C,high-salinity,0.4370531204094464,20250702 plate33 B02
20250702,plate33,B02,4,33,40C,high-salinity,0.51364814606337,20250702 plate33 B02
20250702,plate33,B03,0,5,40C,high-salinity,0,20250702 plate33 B03
20250702,plate33,B03,1,5,40C,high-salinity,0.7078935043301635,20250702 plate33 B03
20250702,plate33,B03,2,5,40C,high-salinity,0.6548561280855316,20250702 plate33 B03
20250702,plate33,B03,3,5,40C,high-salinity,2.1159935938724006,20250702 plate33 B03
20250702,plate33,B03,4,5,40C,high-salinity,3.125548581995905,20250702 plate33 B03
20250702,plate33,B04,0,25,40C,high-salinity,0,20250702 plate33 B04
20250702,plate33,B04,1,25,40C,high-salinity,1.5973479386161222,20250702 plate33 B04
20250702,plate33,B04,2,25,40C,high-salinity,1.6062728641425863,20250702 plate33 B04
20250702,plate33,B04,3,25,40C,high-salinity,8.061742712096947,20250702 plate33 B04
20250702,plate33,B04,4,25,40C,high-salinity,9.623190141277409,20250702 plate33 B04
20250702,plate33,B05,0,26,40C,high-salinity,0,20250702 plate33 B05
20250702,plate33,B05,1,26,40C,high-salinity,0.5089561426015985,20250702 plate33 B05
20250702,plate33,B05,2,26,40C,high-salinity,0.3735797348773865,20250702 plate33 B05
20250702,plate33,B05,3,26,40C,high-salinity,1.4936281243858014,20250702 plate33 B05
20250702,plate33,B05,4,26,40C,high-salinity,1.9818024863317345,20250702 plate33 B05
20250702,plate33,B06,0,20,40C,high-salinity,0,20250702 plate33 B06
20250702,plate33,B06,1,20,40C,high-salinity,0.6516705001550814,20250702 plate33 B06
20250702,plate33,B06,2,20,40C,high-salinity,0.6080534604078626,20250702 plate33 B06
20250702,plate33,B06,3,20,40C,high-salinity,3.226751200970039,20250702 plate33 B06
20250702,plate33,B06,4,20,40C,high-salinity,3.3775740185893546,20250702 plate33 B06
20250702,plate33,C02,0,33,40C,high-salinity,0,20250702 plate33 C02
20250702,plate33,C02,1,33,40C,high-salinity,0.2818672737405083,20250702 plate33 C02
20250702,plate33,C02,2,33,40C,high-salinity,0.1666134256828394,20250702 plate33 C02
20250702,plate33,C02,3,33,40C,high-salinity,1.0514959877979033,20250702 plate33 C02
20250702,plate33,C02,4,33,40C,high-salinity,1.1351100346367937,20250702 plate33 C02
20250702,plate33,C03,0,5,40C,high-salinity,0,20250702 plate33 C03
20250702,plate33,C03,1,5,40C,high-salinity,0.27935571692034056,20250702 plate33 C03
20250702,plate33,C03,2,5,40C,high-salinity,0.18171272316320888,20250702 plate33 C03
20250702,plate33,C03,3,5,40C,high-salinity,1.5696997633220713,20250702 plate33 C03
20250702,plate33,C03,4,5,40C,high-salinity,1.7617497401889846,20250702 plate33 C03
20250702,plate33,C04,0,25,40C,high-salinity,0,20250702 plate33 C04
20250702,plate33,C04,1,25,40C,high-salinity,0.7358664166741055,20250702 plate33 C04
20250702,plate33,C04,2,25,40C,high-salinity,0.40442191261503535,20250702 plate33 C04
20250702,plate33,C04,3,25,40C,high-salinity,3.12511556260096,20250702 plate33 C04
20250702,plate33,C04,4,25,40C,high-salinity,3.5023394071529697,20250702 plate33 C04
20250702,plate33,C05,0,26,40C,high-salinity,0,20250702 plate33 C05
20250702,plate33,C05,1,26,40C,high-salinity,0.385561564982802,20250702 plate33 C05
20250702,plate33,C05,2,26,40C,high-salinity,0.20870745417468511,20250702 plate33 C05
20250702,plate33,C05,3,26,40C,high-salinity,1.989809699749954,20250702 plate33 C05
20250702,plate33,C05,4,26,40C,high-salinity,2.569541205918622,20250702 plate33 C05
20250702,plate33,C06,0,20,40C,high-salinity,0,20250702 plate33 C06
20250702,plate33,C06,1,20,40C,high-salinity,0.21680592310393892,20250702 plate33 C06
20250702,plate33,C06,2,20,40C,high-salinity,0.11588957800404441,20250702 plate33 C06
20250702,plate33,C06,3,20,40C,high-salinity,1.5728382375622973,20250702 plate33 C06
20250702,plate33,C06,4,20,40C,high-salinity,2.0337672676028693,20250702 plate33 C06
20250702,plate33,D02,0,33,40C,high-salinity,0,20250702 plate33 D02
20250702,plate33,D02,1,33,40C,high-salinity,0.7144763021215637,20250702 plate33 D02
20250702,plate33,D02,2,33,40C,high-salinity,0.4212890937665319,20250702 plate33 D02
20250702,plate33,D02,3,33,40C,high-salinity,5.299741501876543,20250702 plate33 D02
20250702,plate33,D02,4,33,40C,high-salinity,5.747834800844495,20250702 plate33 D02
20250702,plate33,D03,0,5,40C,high-salinity,0,20250702 plate33 D03
20250702,plate33,D03,1,5,40C,high-salinity,0.07318832109230844,20250702 plate33 D03
20250702,plate33,D03,2,5,40C,high-salinity,0.046695173827042365,20250702 plate33 D03
20250702,plate33,D03,3,5,40C,high-salinity,1.1770636085461559,20250702 plate33 D03
20250702,plate33,D03,4,5,40C,high-salinity,2.2907366398757945,20250702 plate33 D03
20250702,plate33,D04,0,25,40C,high-salinity,0,20250702 plate33 D04
20250702,plate33,D04,1,25,40C,high-salinity,0.6928606569319821,20250702 plate33 D04
20250702,plate33,D04,2,25,40C,high-salinity,0.432372292621011,20250702 plate33 D04
20250702,plate33,D04,3,25,40C,high-salinity,5.4592918733006615,20250702 plate33 D04
20250702,plate33,D04,4,25,40C,high-salinity,6.09894243105629,20250702 plate33 D04
20250702,plate33,D05,0,26,40C,high-salinity,0,20250702 plate33 D05
20250702,plate33,D05,1,26,40C,high-salinity,0.29548759612890907,20250702 plate33 D05
20250702,plate33,D05,2,26,40C,high-salinity,0.14622345220674032,20250702 plate33 D05
20250702,plate33,D05,3,26,40C,high-salinity,2.4264538780910194,20250702 plate33 D05
20250702,plate33,D05,4,26,40C,high-salinity,2.727141838811616,20250702 plate33 D05
20250702,plate33,D06,0,20,40C,high-salinity,0,20250702 plate33 D06
20250702,plate33,D06,1,20,40C,high-salinity,0.38391034200069357,20250702 plate33 D06
20250702,plate33,D06,2,20,40C,high-salinity,0.31501461326456637,20250702 plate33 D06
20250702,plate33,D06,3,20,40C,high-salinity,2.8601947684762434,20250702 plate33 D06
20250702,plate33,D06,4,20,40C,high-salinity,2.935340888584331,20250702 plate33 D06
20250702,plate34,A02,0,25,40C,high-salinity,0,20250702 plate34 A02
20250702,plate34,A02,1,25,40C,high-salinity,1.5388682100127995,20250702 plate34 A02
20250702,plate34,A02,2,25,40C,high-salinity,3.8864525138624986,20250702 plate34 A02
20250702,plate34,A02,3,25,40C,high-salinity,6.652037146810273,20250702 plate34 A02
20250702,plate34,A02,4,25,40C,high-salinity,6.702169518140193,20250702 plate34 A02
20250702,plate34,A03,0,72,40C,low-salinity,0,20250702 plate34 A03
20250702,plate34,A03,1,72,40C,low-salinity,2.939400729854597,20250702 plate34 A03
20250702,plate34,A03,2,72,40C,low-salinity,4.772570500544524,20250702 plate34 A03
20250702,plate34,A03,3,72,40C,low-salinity,6.271371791785392,20250702 plate34 A03
20250702,plate34,A03,4,72,40C,low-salinity,6.216863565515353,20250702 plate34 A03
20250702,plate34,A04,0,71,40C,low-salinity,0,20250702 plate34 A04
20250702,plate34,A04,1,71,40C,low-salinity,3.347977092032935,20250702 plate34 A04
20250702,plate34,A04,2,71,40C,low-salinity,3.539488048472124,20250702 plate34 A04
20250702,plate34,A04,3,71,40C,low-salinity,3.8805296918427565,20250702 plate34 A04
20250702,plate34,A04,4,71,40C,low-salinity,3.9490149098998555,20250702 plate34 A04
20250702,plate34,A05,0,16,40C,high-salinity,0,20250702 plate34 A05
20250702,plate34,A05,1,16,40C,high-salinity,3.1330309034665227,20250702 plate34 A05
20250702,plate34,A05,2,16,40C,high-salinity,5.537003848314341,20250702 plate34 A05
20250702,plate34,A05,3,16,40C,high-salinity,8.40686666791971,20250702 plate34 A05
20250702,plate34,A05,4,16,40C,high-salinity,8.670050991330083,20250702 plate34 A05
20250702,plate34,A06,0,33,40C,high-salinity,0,20250702 plate34 A06
20250702,plate34,A06,1,33,40C,high-salinity,0.2733949182669632,20250702 plate34 A06
20250702,plate34,A06,2,33,40C,high-salinity,0.4127454311017361,20250702 plate34 A06
20250702,plate34,A06,3,33,40C,high-salinity,0.6769808070363879,20250702 plate34 A06
20250702,plate34,A06,4,33,40C,high-salinity,0.714338303568649,20250702 plate34 A06
20250702,plate34,B02,0,25,40C,high-salinity,0,20250702 plate34 B02
20250702,plate34,B02,1,25,40C,high-salinity,1.258017015781362,20250702 plate34 B02
20250702,plate34,B02,2,25,40C,high-salinity,1.2060881215999242,20250702 plate34 B02
20250702,plate34,B02,3,25,40C,high-salinity,2.510307060958041,20250702 plate34 B02
20250702,plate34,B02,4,25,40C,high-salinity,3.3835179173035566,20250702 plate34 B02
20250702,plate34,B03,0,72,40C,low-salinity,0,20250702 plate34 B03
20250702,plate34,B03,1,72,40C,low-salinity,1.3337831127828186,20250702 plate34 B03
20250702,plate34,B03,2,72,40C,low-salinity,1.290628459902432,20250702 plate34 B03
20250702,plate34,B03,3,72,40C,low-salinity,4.151530944323084,20250702 plate34 B03
20250702,plate34,B03,4,72,40C,low-salinity,4.585795633710765,20250702 plate34 B03
20250702,plate34,B04,0,71,40C,low-salinity,0,20250702 plate34 B04
20250702,plate34,B04,1,71,40C,low-salinity,0.9063506653153649,20250702 plate34 B04
20250702,plate34,B04,2,71,40C,low-salinity,0.9056557144137531,20250702 plate34 B04
20250702,plate34,B04,3,71,40C,low-salinity,2.222613660221519,20250702 plate34 B04
20250702,plate34,B04,4,71,40C,low-salinity,2.358344817386792,20250702 plate34 B04
20250702,plate34,B06,0,33,40C,high-salinity,0,20250702 plate34 B06
20250702,plate34,B06,1,33,40C,high-salinity,1.4433688344720008,20250702 plate34 B06
20250702,plate34,B06,2,33,40C,high-salinity,2.538322526088263,20250702 plate34 B06
20250702,plate34,B06,3,33,40C,high-salinity,9.967807611595859,20250702 plate34 B06
20250702,plate34,B06,4,33,40C,high-salinity,9.817244706567656,20250702 plate34 B06
20250702,plate34,C02,0,25,40C,high-salinity,0,20250702 plate34 C02
20250702,plate34,C02,1,25,40C,high-salinity,0.5730028523389182,20250702 plate34 C02
20250702,plate34,C02,2,25,40C,high-salinity,0.5500559828577151,20250702 plate34 C02
20250702,plate34,C02,3,25,40C,high-salinity,2.0773911203373547,20250702 plate34 C02
20250702,plate34,C02,4,25,40C,high-salinity,2.3367766706587947,20250702 plate34 C02
20250702,plate34,C03,0,72,40C,low-salinity,0,20250702 plate34 C03
20250702,plate34,C03,1,72,40C,low-salinity,0.8303172311447393,20250702 plate34 C03
20250702,plate34,C03,2,72,40C,low-salinity,0.9497785444909668,20250702 plate34 C03
20250702,plate34,C03,3,72,40C,low-salinity,4.838424732786946,20250702 plate34 C03
20250702,plate34,C03,4,72,40C,low-salinity,4.943975153662921,20250702 plate34 C03
20250702,plate34,C04,0,71,40C,low-salinity,0,20250702 plate34 C04
20250702,plate34,C04,1,71,40C,low-salinity,0.6490408300768279,20250702 plate34 C04
20250702,plate34,C04,2,71,40C,low-salinity,0.708995079071465,20250702 plate34 C04
20250702,plate34,C04,3,71,40C,low-salinity,2.503917507434921,20250702 plate34 C04
20250702,plate34,C04,4,71,40C,low-salinity,2.56985002186053,20250702 plate34 C04
20250702,plate34,C05,0,16,40C,high-salinity,0,20250702 plate34 C05
20250702,plate34,C05,1,16,40C,high-salinity,0.7438045326506074,20250702 plate34 C05
20250702,plate34,C05,2,16,40C,high-salinity,0.7572769095853598,20250702 plate34 C05
20250702,plate34,C05,3,16,40C,high-salinity,8.869700441692064,20250702 plate34 C05
20250702,plate34,C05,4,16,40C,high-salinity,10.206326570442153,20250702 plate34 C05
20250702,plate34,C06,0,33,40C,high-salinity,0,20250702 plate34 C06
20250702,plate34,C06,1,33,40C,high-salinity,0.6563222218495678,20250702 plate34 C06
20250702,plate34,C06,2,33,40C,high-salinity,1.2063205623414537,20250702 plate34 C06
20250702,plate34,C06,3,33,40C,high-salinity,5.922215969247768,20250702 plate34 C06
20250702,plate34,C06,4,33,40C,high-salinity,6.399685892655397,20250702 plate34 C06
20250702,plate34,D02,0,25,40C,high-salinity,0,20250702 plate34 D02
20250702,plate34,D02,1,25,40C,high-salinity,0.5524979899482575,20250702 plate34 D02
20250702,plate34,D02,2,25,40C,high-salinity,1.8327192308175433,20250702 plate34 D02
20250702,plate34,D02,3,25,40C,high-salinity,8.02343441119933,20250702 plate34 D02
20250702,plate34,D02,4,25,40C,high-salinity,8.53096332200235,20250702 plate34 D02
20250702,plate34,D03,0,72,40C,low-salinity,0,20250702 plate34 D03
20250702,plate34,D03,1,72,40C,low-salinity,0.9734661600712983,20250702 plate34 D03
20250702,plate34,D03,2,72,40C,low-salinity,1.052681460813845,20250702 plate34 D03
20250702,plate34,D03,3,72,40C,low-salinity,5.080903080292437,20250702 plate34 D03
20250702,plate34,D03,4,72,40C,low-salinity,5.8149433681355776,20250702 plate34 D03
20250702,plate34,D04,0,71,40C,low-salinity,0,20250702 plate34 D04
20250702,plate34,D04,1,71,40C,low-salinity,0.5785774639741116,20250702 plate34 D04
20250702,plate34,D04,2,71,40C,low-salinity,0.6213842829150882,20250702 plate34 D04
20250702,plate34,D04,3,71,40C,low-salinity,2.3932518183479834,20250702 plate34 D04
20250702,plate34,D04,4,71,40C,low-salinity,3.0699998886047983,20250702 plate34 D04
20250702,plate34,D05,0,16,40C,high-salinity,0,20250702 plate34 D05
20250702,plate34,D05,1,16,40C,high-salinity,0.6296033834092857,20250702 plate34 D05
20250702,plate34,D05,2,16,40C,high-salinity,1.1576321217475334,20250702 plate34 D05
20250702,plate34,D05,3,16,40C,high-salinity,5.51461726368432,20250702 plate34 D05
20250702,plate34,D05,4,16,40C,high-salinity,8.459923740300457,20250702 plate34 D05
20250702,plate34,D06,0,33,40C,high-salinity,0,20250702 plate34 D06
20250702,plate34,D06,1,33,40C,high-salinity,0.5101177183879947,20250702 plate34 D06
20250702,plate34,D06,2,33,40C,high-salinity,0.5403150965260024,20250702 plate34 D06
20250702,plate34,D06,3,33,40C,high-salinity,2.6546284686796655,20250702 plate34 D06
20250702,plate34,D06,4,33,40C,high-salinity,2.7162185761001703,20250702 plate34 D06
20250702,plate35,A02,0,33,40C,high-salinity,0,20250702 plate35 A02
20250702,plate35,A02,1,33,40C,high-salinity,2.4940245135558645,20250702 plate35 A02
20250702,plate35,A02,2,33,40C,high-salinity,3.077851690533223,20250702 plate35 A02
20250702,plate35,A02,3,33,40C,high-salinity,4.929881365616767,20250702 plate35 A02
20250702,plate35,A02,4,33,40C,high-salinity,5.23630286587819,20250702 plate35 A02
20250702,plate35,A03,0,84,40C,low-salinity,0,20250702 plate35 A03
20250702,plate35,A03,1,84,40C,low-salinity,0.18096367252494777,20250702 plate35 A03
20250702,plate35,A03,2,84,40C,low-salinity,0.5225133601308769,20250702 plate35 A03
20250702,plate35,A03,3,84,40C,low-salinity,0.7823172996951984,20250702 plate35 A03
20250702,plate35,A03,4,84,40C,low-salinity,0.9179168935864469,20250702 plate35 A03
20250702,plate35,A04,0,82,40C,low-salinity,0,20250702 plate35 A04
20250702,plate35,A04,1,82,40C,low-salinity,2.2144573043697737,20250702 plate35 A04
20250702,plate35,A04,2,82,40C,low-salinity,2.4796966057876353,20250702 plate35 A04
20250702,plate35,A04,3,82,40C,low-salinity,3.9679468233018413,20250702 plate35 A04
20250702,plate35,A04,4,82,40C,low-salinity,8.370051294626059,20250702 plate35 A04
20250702,plate35,A05,0,72,40C,low-salinity,0,20250702 plate35 A05
20250702,plate35,A05,1,72,40C,low-salinity,0.7135229076511406,20250702 plate35 A05
20250702,plate35,A05,2,72,40C,low-salinity,0.9775079527591828,20250702 plate35 A05
20250702,plate35,A05,3,72,40C,low-salinity,3.88928602500321,20250702 plate35 A05
20250702,plate35,A05,4,72,40C,low-salinity,6.7444013013626165,20250702 plate35 A05
20250702,plate35,A06,0,25,40C,high-salinity,0,20250702 plate35 A06
20250702,plate35,A06,1,25,40C,high-salinity,1.6996828412259952,20250702 plate35 A06
20250702,plate35,A06,2,25,40C,high-salinity,4.165473775989216,20250702 plate35 A06
20250702,plate35,A06,3,25,40C,high-salinity,7.639044292113032,20250702 plate35 A06
20250702,plate35,A06,4,25,40C,high-salinity,8.761958174196765,20250702 plate35 A06
20250702,plate35,B02,0,33,40C,high-salinity,0,20250702 plate35 B02
20250702,plate35,B02,1,33,40C,high-salinity,0.9348932545417055,20250702 plate35 B02
20250702,plate35,B02,2,33,40C,high-salinity,1.1081731804247916,20250702 plate35 B02
20250702,plate35,B02,3,33,40C,high-salinity,2.7283121748592136,20250702 plate35 B02
20250702,plate35,B02,4,33,40C,high-salinity,3.088714919341645,20250702 plate35 B02
20250702,plate35,B03,0,84,40C,low-salinity,0,20250702 plate35 B03
20250702,plate35,B03,1,84,40C,low-salinity,0.6949447076787889,20250702 plate35 B03
20250702,plate35,B03,2,84,40C,low-salinity,0.660660823424331,20250702 plate35 B03
20250702,plate35,B03,3,84,40C,low-salinity,1.5077267903349285,20250702 plate35 B03
20250702,plate35,B03,4,84,40C,low-salinity,1.5679428539349034,20250702 plate35 B03
20250702,plate35,B04,0,82,40C,low-salinity,0,20250702 plate35 B04
20250702,plate35,B04,1,82,40C,low-salinity,0.7222972063851189,20250702 plate35 B04
20250702,plate35,B04,2,82,40C,low-salinity,0.833586594934598,20250702 plate35 B04
20250702,plate35,B04,3,82,40C,low-salinity,2.1242332638107695,20250702 plate35 B04
20250702,plate35,B04,4,82,40C,low-salinity,2.858386458928902,20250702 plate35 B04
20250702,plate35,B05,0,72,40C,low-salinity,0,20250702 plate35 B05
20250702,plate35,B05,1,72,40C,low-salinity,1.0017455676331555,20250702 plate35 B05
20250702,plate35,B05,2,72,40C,low-salinity,2.187647440579001,20250702 plate35 B05
20250702,plate35,B05,3,72,40C,low-salinity,10.33641975632488,20250702 plate35 B05
20250702,plate35,B05,4,72,40C,low-salinity,11.629918678802584,20250702 plate35 B05
20250702,plate35,B06,0,25,40C,high-salinity,0,20250702 plate35 B06
20250702,plate35,B06,1,25,40C,high-salinity,0.7463012634183372,20250702 plate35 B06
20250702,plate35,B06,2,25,40C,high-salinity,0.8813449905032797,20250702 plate35 B06
20250702,plate35,B06,3,25,40C,high-salinity,2.3662252387086196,20250702 plate35 B06
20250702,plate35,B06,4,25,40C,high-salinity,2.902724489611172,20250702 plate35 B06
20250702,plate35,C02,0,33,40C,high-salinity,0,20250702 plate35 C02
20250702,plate35,C02,1,33,40C,high-salinity,0.6495972706183711,20250702 plate35 C02
20250702,plate35,C02,2,33,40C,high-salinity,1.7360484252818151,20250702 plate35 C02
20250702,plate35,C02,3,33,40C,high-salinity,8.52416799466616,20250702 plate35 C02
20250702,plate35,C02,4,33,40C,high-salinity,9.122122335575083,20250702 plate35 C02
20250702,plate35,C03,0,84,40C,low-salinity,0,20250702 plate35 C03
20250702,plate35,C03,1,84,40C,low-salinity,0.3340842314705991,20250702 plate35 C03
20250702,plate35,C03,2,84,40C,low-salinity,0.42208629314345875,20250702 plate35 C03
20250702,plate35,C03,3,84,40C,low-salinity,1.6209856473609505,20250702 plate35 C03
20250702,plate35,C03,4,84,40C,low-salinity,1.7557557084850328,20250702 plate35 C03
20250702,plate35,C04,0,82,40C,low-salinity,0,20250702 plate35 C04
20250702,plate35,C04,1,82,40C,low-salinity,0.46710146232158234,20250702 plate35 C04
20250702,plate35,C04,2,82,40C,low-salinity,0.5551895951639843,20250702 plate35 C04
20250702,plate35,C04,3,82,40C,low-salinity,3.1188968322727524,20250702 plate35 C04
20250702,plate35,C04,4,82,40C,low-salinity,3.2697980753778344,20250702 plate35 C04
20250702,plate35,C05,0,72,40C,low-salinity,0,20250702 plate35 C05
20250702,plate35,C05,1,72,40C,low-salinity,0.4567635829676405,20250702 plate35 C05
20250702,plate35,C05,2,72,40C,low-salinity,0.7349394999182695,20250702 plate35 C05
20250702,plate35,C05,3,72,40C,low-salinity,3.488402109064451,20250702 plate35 C05
20250702,plate35,C05,4,72,40C,low-salinity,3.7430026754775385,20250702 plate35 C05
20250702,plate35,C06,0,25,40C,high-salinity,0,20250702 plate35 C06
20250702,plate35,C06,1,25,40C,high-salinity,0.8176847801715782,20250702 plate35 C06
20250702,plate35,C06,2,25,40C,high-salinity,2.288959257646463,20250702 plate35 C06
20250702,plate35,C06,3,25,40C,high-salinity,7.192194287769017,20250702 plate35 C06
20250702,plate35,C06,4,25,40C,high-salinity,5.767297043669952,20250702 plate35 C06
20250702,plate35,D02,0,33,40C,high-salinity,0,20250702 plate35 D02
20250702,plate35,D02,1,33,40C,high-salinity,0.20643701726096103,20250702 plate35 D02
20250702,plate35,D02,2,33,40C,high-salinity,0.28904027880815847,20250702 plate35 D02
20250702,plate35,D02,3,33,40C,high-salinity,1.2277508372670662,20250702 plate35 D02
20250702,plate35,D02,4,33,40C,high-salinity,1.3538231560926413,20250702 plate35 D02
20250702,plate35,D03,0,84,40C,low-salinity,0,20250702 plate35 D03
20250702,plate35,D03,1,84,40C,low-salinity,0.20793049568197478,20250702 plate35 D03
20250702,plate35,D03,2,84,40C,low-salinity,0.3335963513708801,20250702 plate35 D03
20250702,plate35,D03,3,84,40C,low-salinity,2.7590636416234533,20250702 plate35 D03
20250702,plate35,D03,4,84,40C,low-salinity,2.909168214068502,20250702 plate35 D03
20250702,plate35,D04,0,82,40C,low-salinity,0,20250702 plate35 D04
20250702,plate35,D04,1,82,40C,low-salinity,0.24613172090726307,20250702 plate35 D04
20250702,plate35,D04,2,82,40C,low-salinity,0.4527885464895084,20250702 plate35 D04
20250702,plate35,D04,3,82,40C,low-salinity,2.858253182507912,20250702 plate35 D04
20250702,plate35,D04,4,82,40C,low-salinity,2.9580263894167786,20250702 plate35 D04
20250702,plate35,D05,0,72,40C,low-salinity,0,20250702 plate35 D05
20250702,plate35,D05,1,72,40C,low-salinity,0.36419607079155425,20250702 plate35 D05
20250702,plate35,D05,2,72,40C,low-salinity,1.4001701727239733,20250702 plate35 D05
20250702,plate35,D05,3,72,40C,low-salinity,5.508555406615811,20250702 plate35 D05
20250702,plate35,D05,4,72,40C,low-salinity,5.635095813107838,20250702 plate35 D05
20250702,plate35,D06,0,25,40C,high-salinity,0,20250702 plate35 D06
20250702,plate35,D06,1,25,40C,high-salinity,0.5354545369457554,20250702 plate35 D06
20250702,plate35,D06,2,25,40C,high-salinity,1.7766387466880706,20250702 plate35 D06
20250702,plate35,D06,3,25,40C,high-salinity,8.763656364577457,20250702 plate35 D06
20250702,plate35,D06,4,25,40C,high-salinity,9.99589895704714,20250702 plate35 D06
20250702,plate36,A02,0,24,40C,high-salinity,0,20250702 plate36 A02
20250702,plate36,A02,1,24,40C,high-salinity,1.4613493029937221,20250702 plate36 A02
20250702,plate36,A02,2,24,40C,high-salinity,1.5617833482360164,20250702 plate36 A02
20250702,plate36,A02,3,24,40C,high-salinity,1.9291264125406606,20250702 plate36 A02
20250702,plate36,A02,4,24,40C,high-salinity,2.2175594177308127,20250702 plate36 A02
20250702,plate36,A03,0,12,40C,high-salinity,0,20250702 plate36 A03
20250702,plate36,A03,1,12,40C,high-salinity,1.8748112503668526,20250702 plate36 A03
20250702,plate36,A03,2,12,40C,high-salinity,2.041215382965934,20250702 plate36 A03
20250702,plate36,A03,3,12,40C,high-salinity,4.050483389443535,20250702 plate36 A03
20250702,plate36,A03,4,12,40C,high-salinity,4.4715403924124155,20250702 plate36 A03
20250702,plate36,A04,0,70,40C,low-salinity,0,20250702 plate36 A04
20250702,plate36,A04,1,70,40C,low-salinity,0.48900121843251676,20250702 plate36 A04
20250702,plate36,A04,2,70,40C,low-salinity,0.609352621107346,20250702 plate36 A04
20250702,plate36,A04,3,70,40C,low-salinity,0.9391001504909503,20250702 plate36 A04
20250702,plate36,A04,4,70,40C,low-salinity,1.6375310874563285,20250702 plate36 A04
20250702,plate36,A05,0,2,40C,high-salinity,0,20250702 plate36 A05
20250702,plate36,A05,1,2,40C,high-salinity,1.4934867198917674,20250702 plate36 A05
20250702,plate36,A05,2,2,40C,high-salinity,1.731174297492668,20250702 plate36 A05
20250702,plate36,A05,3,2,40C,high-salinity,2.345776840713436,20250702 plate36 A05
20250702,plate36,A05,4,2,40C,high-salinity,2.8492803322354106,20250702 plate36 A05
20250702,plate36,A06,0,71,40C,low-salinity,0,20250702 plate36 A06
20250702,plate36,A06,1,71,40C,low-salinity,1.9221097717191764,20250702 plate36 A06
20250702,plate36,A06,2,71,40C,low-salinity,2.12722133864069,20250702 plate36 A06
20250702,plate36,A06,3,71,40C,low-salinity,2.429431124373455,20250702 plate36 A06
20250702,plate36,A06,4,71,40C,low-salinity,3.020472040745483,20250702 plate36 A06
20250702,plate36,B02,0,24,40C,high-salinity,0,20250702 plate36 B02
20250702,plate36,B02,1,24,40C,high-salinity,1.5765708948014343,20250702 plate36 B02
20250702,plate36,B02,2,24,40C,high-salinity,2.37398628369313,20250702 plate36 B02
20250702,plate36,B02,3,24,40C,high-salinity,4.040425710544802,20250702 plate36 B02
20250702,plate36,B02,4,24,40C,high-salinity,5.979323413811216,20250702 plate36 B02
20250702,plate36,B03,0,12,40C,high-salinity,0,20250702 plate36 B03
20250702,plate36,B03,1,12,40C,high-salinity,0.6375974136582772,20250702 plate36 B03
20250702,plate36,B03,2,12,40C,high-salinity,1.024717517129811,20250702 plate36 B03
20250702,plate36,B03,3,12,40C,high-salinity,1.4419735060250622,20250702 plate36 B03
20250702,plate36,B03,4,12,40C,high-salinity,2.3880944373744786,20250702 plate36 B03
20250702,plate36,B04,0,70,40C,low-salinity,0,20250702 plate36 B04
20250702,plate36,B04,1,70,40C,low-salinity,0.9552095381576976,20250702 plate36 B04
20250702,plate36,B04,2,70,40C,low-salinity,1.4228404309457554,20250702 plate36 B04
20250702,plate36,B04,3,70,40C,low-salinity,2.6134696617144866,20250702 plate36 B04
20250702,plate36,B04,4,70,40C,low-salinity,3.290181807408734,20250702 plate36 B04
20250702,plate36,B05,0,2,40C,high-salinity,0,20250702 plate36 B05
20250702,plate36,B05,1,2,40C,high-salinity,0.7510732963767728,20250702 plate36 B05
20250702,plate36,B05,2,2,40C,high-salinity,1.1602462053897595,20250702 plate36 B05
20250702,plate36,B05,3,2,40C,high-salinity,1.8168296812218003,20250702 plate36 B05
20250702,plate36,B05,4,2,40C,high-salinity,2.2863669053059756,20250702 plate36 B05
20250702,plate36,B06,0,71,40C,low-salinity,0,20250702 plate36 B06
20250702,plate36,B06,1,71,40C,low-salinity,1.3259824071940514,20250702 plate36 B06
20250702,plate36,B06,2,71,40C,low-salinity,2.094393157642337,20250702 plate36 B06
20250702,plate36,B06,3,71,40C,low-salinity,2.999133943295959,20250702 plate36 B06
20250702,plate36,B06,4,71,40C,low-salinity,3.0467795129941715,20250702 plate36 B06
20250702,plate36,C03,0,12,40C,high-salinity,0,20250702 plate36 C03
20250702,plate36,C03,1,12,40C,high-salinity,0.8398672425452328,20250702 plate36 C03
20250702,plate36,C03,2,12,40C,high-salinity,1.3275268424769449,20250702 plate36 C03
20250702,plate36,C03,3,12,40C,high-salinity,5.555860568780715,20250702 plate36 C03
20250702,plate36,C03,4,12,40C,high-salinity,8.062264052072221,20250702 plate36 C03
20250702,plate36,C04,0,70,40C,low-salinity,0,20250702 plate36 C04
20250702,plate36,C04,1,70,40C,low-salinity,0.31455314044025856,20250702 plate36 C04
20250702,plate36,C04,2,70,40C,low-salinity,0.7507468878013653,20250702 plate36 C04
20250702,plate36,C04,3,70,40C,low-salinity,4.2383789029725865,20250702 plate36 C04
20250702,plate36,C04,4,70,40C,low-salinity,6.6983969105496834,20250702 plate36 C04
20250702,plate36,C05,0,2,40C,high-salinity,0,20250702 plate36 C05
20250702,plate36,C05,1,2,40C,high-salinity,0.5601519391134686,20250702 plate36 C05
20250702,plate36,C05,2,2,40C,high-salinity,1.0882827437185723,20250702 plate36 C05
20250702,plate36,C05,3,2,40C,high-salinity,3.536067024365275,20250702 plate36 C05
20250702,plate36,C05,4,2,40C,high-salinity,5.34082322669217,20250702 plate36 C05
20250702,plate36,C06,0,71,40C,low-salinity,0,20250702 plate36 C06
20250702,plate36,C06,1,71,40C,low-salinity,0.5079466981648724,20250702 plate36 C06
20250702,plate36,C06,2,71,40C,low-salinity,1.3528381833129108,20250702 plate36 C06
20250702,plate36,C06,3,71,40C,low-salinity,5.003882027436738,20250702 plate36 C06
20250702,plate36,C06,4,71,40C,low-salinity,5.923807913295211,20250702 plate36 C06
20250702,plate36,D02,0,24,40C,high-salinity,0,20250702 plate36 D02
20250702,plate36,D02,1,24,40C,high-salinity,0.6767103974277063,20250702 plate36 D02
20250702,plate36,D02,2,24,40C,high-salinity,1.148606104985592,20250702 plate36 D02
20250702,plate36,D02,3,24,40C,high-salinity,3.7068489715695385,20250702 plate36 D02
20250702,plate36,D02,4,24,40C,high-salinity,5.033410942392583,20250702 plate36 D02
20250702,plate36,D03,0,12,40C,high-salinity,0,20250702 plate36 D03
20250702,plate36,D03,1,12,40C,high-salinity,0.3181222220004842,20250702 plate36 D03
20250702,plate36,D03,2,12,40C,high-salinity,0.5129374213261182,20250702 plate36 D03
20250702,plate36,D03,3,12,40C,high-salinity,1.1443793168685308,20250702 plate36 D03
20250702,plate36,D03,4,12,40C,high-salinity,1.216356324623737,20250702 plate36 D03
20250702,plate36,D04,0,70,40C,low-salinity,0,20250702 plate36 D04
20250702,plate36,D04,1,70,40C,low-salinity,0.4631072586861189,20250702 plate36 D04
20250702,plate36,D04,2,70,40C,low-salinity,0.8148589081868775,20250702 plate36 D04
20250702,plate36,D04,3,70,40C,low-salinity,1.6791617578943159,20250702 plate36 D04
20250702,plate36,D04,4,70,40C,low-salinity,1.7357536604503845,20250702 plate36 D04
20250702,plate36,D05,0,2,40C,high-salinity,0,20250702 plate36 D05
20250702,plate36,D05,1,2,40C,high-salinity,0.5226626322981132,20250702 plate36 D05
20250702,plate36,D05,2,2,40C,high-salinity,0.886508174298491,20250702 plate36 D05
20250702,plate36,D05,3,2,40C,high-salinity,1.7507671936507656,20250702 plate36 D05
20250702,plate36,D05,4,2,40C,high-salinity,1.803055864769198,20250702 plate36 D05
20250702,plate36,D06,0,71,40C,low-salinity,0,20250702 plate36 D06
20250702,plate36,D06,1,71,40C,low-salinity,0.8694630633301685,20250702 plate36 D06
20250702,plate36,D06,2,71,40C,low-salinity,2.367308777737577,20250702 plate36 D06
20250702,plate36,D06,3,71,40C,low-salinity,4.813933454787489,20250702 plate36 D06
20250702,plate36,D06,4,71,40C,low-salinity,5.276626370373444,20250702 plate36 D06
20250702,plate37,A02,0,14,40C,high-salinity,0,20250702 plate37 A02
20250702,plate37,A02,1,14,40C,high-salinity,2.1519935499930005,20250702 plate37 A02
20250702,plate37,A02,2,14,40C,high-salinity,2.2330479416620825,20250702 plate37 A02
20250702,plate37,A02,3,14,40C,high-salinity,2.981410244025708,20250702 plate37 A02
20250702,plate37,A02,4,14,40C,high-salinity,3.6008181258448007,20250702 plate37 A02
20250702,plate37,A03,0,77,40C,low-salinity,0,20250702 plate37 A03
20250702,plate37,A03,1,77,40C,low-salinity,2.7736784537025883,20250702 plate37 A03
20250702,plate37,A03,2,77,40C,low-salinity,4.675976707201599,20250702 plate37 A03
20250702,plate37,A03,3,77,40C,low-salinity,7.7748556061882335,20250702 plate37 A03
20250702,plate37,A03,4,77,40C,low-salinity,8.045525596687343,20250702 plate37 A03
20250702,plate37,A04,0,82,40C,low-salinity,0,20250702 plate37 A04
20250702,plate37,A04,1,82,40C,low-salinity,2.8360697713911547,20250702 plate37 A04
20250702,plate37,A04,2,82,40C,low-salinity,5.190048955922423,20250702 plate37 A04
20250702,plate37,A04,3,82,40C,low-salinity,8.686827772387252,20250702 plate37 A04
20250702,plate37,A04,4,82,40C,low-salinity,9.510680414313901,20250702 plate37 A04
20250702,plate37,A05,0,2,40C,high-salinity,0,20250702 plate37 A05
20250702,plate37,A05,1,2,40C,high-salinity,0.22188738727448448,20250702 plate37 A05
20250702,plate37,A05,2,2,40C,high-salinity,0.30928832623646707,20250702 plate37 A05
20250702,plate37,A05,3,2,40C,high-salinity,0.3859014725059903,20250702 plate37 A05
20250702,plate37,A05,4,2,40C,high-salinity,0.4155571082802246,20250702 plate37 A05
20250702,plate37,A06,0,72,40C,low-salinity,0,20250702 plate37 A06
20250702,plate37,A06,1,72,40C,low-salinity,2.1951716645456445,20250702 plate37 A06
20250702,plate37,A06,2,72,40C,low-salinity,2.3793369494552925,20250702 plate37 A06
20250702,plate37,A06,3,72,40C,low-salinity,2.43163447950981,20250702 plate37 A06
20250702,plate37,A06,4,72,40C,low-salinity,2.4261031253243206,20250702 plate37 A06
20250702,plate37,B02,0,14,40C,high-salinity,0,20250702 plate37 B02
20250702,plate37,B02,1,14,40C,high-salinity,1.1788314475863204,20250702 plate37 B02
20250702,plate37,B02,2,14,40C,high-salinity,1.4136728462432322,20250702 plate37 B02
20250702,plate37,B02,3,14,40C,high-salinity,2.855789836213782,20250702 plate37 B02
20250702,plate37,B02,4,14,40C,high-salinity,3.0349820651557873,20250702 plate37 B02
20250702,plate37,B03,0,77,40C,low-salinity,0,20250702 plate37 B03
20250702,plate37,B03,1,77,40C,low-salinity,0.651283264928735,20250702 plate37 B03
20250702,plate37,B03,2,77,40C,low-salinity,0.7345405404834782,20250702 plate37 B03
20250702,plate37,B03,3,77,40C,low-salinity,2.018937310461188,20250702 plate37 B03
20250702,plate37,B03,4,77,40C,low-salinity,3.438266810119856,20250702 plate37 B03
20250702,plate37,B04,0,82,40C,low-salinity,0,20250702 plate37 B04
20250702,plate37,B04,1,82,40C,low-salinity,0.987324424989163,20250702 plate37 B04
20250702,plate37,B04,2,82,40C,low-salinity,0.9527743378295603,20250702 plate37 B04
20250702,plate37,B04,3,82,40C,low-salinity,6.3632504105928795,20250702 plate37 B04
20250702,plate37,B04,4,82,40C,low-salinity,6.95166998228502,20250702 plate37 B04
20250702,plate37,B05,0,2,40C,high-salinity,0,20250702 plate37 B05
20250702,plate37,B05,1,2,40C,high-salinity,0.7168602810704359,20250702 plate37 B05
20250702,plate37,B05,2,2,40C,high-salinity,0.8841977404314965,20250702 plate37 B05
20250702,plate37,B05,3,2,40C,high-salinity,2.7331899335388736,20250702 plate37 B05
20250702,plate37,B05,4,2,40C,high-salinity,3.0722271371054304,20250702 plate37 B05
20250702,plate37,B06,0,72,40C,low-salinity,0,20250702 plate37 B06
20250702,plate37,B06,1,72,40C,low-salinity,0.7029331741412381,20250702 plate37 B06
20250702,plate37,B06,2,72,40C,low-salinity,0.7571279410456623,20250702 plate37 B06
20250702,plate37,B06,3,72,40C,low-salinity,2.0647745038597725,20250702 plate37 B06
20250702,plate37,B06,4,72,40C,low-salinity,2.1000777850104924,20250702 plate37 B06
20250702,plate37,C02,0,14,40C,high-salinity,0,20250702 plate37 C02
20250702,plate37,C02,1,14,40C,high-salinity,0.8162361601128177,20250702 plate37 C02
20250702,plate37,C02,2,14,40C,high-salinity,0.7109326578774109,20250702 plate37 C02
20250702,plate37,C02,3,14,40C,high-salinity,5.3195661729829995,20250702 plate37 C02
20250702,plate37,C02,4,14,40C,high-salinity,6.0343564714485085,20250702 plate37 C02
20250702,plate37,C05,0,2,40C,high-salinity,0,20250702 plate37 C05
20250702,plate37,C05,1,2,40C,high-salinity,0.4291851395609587,20250702 plate37 C05
20250702,plate37,C05,2,2,40C,high-salinity,0.34469463128343625,20250702 plate37 C05
20250702,plate37,C05,3,2,40C,high-salinity,1.8477377705385736,20250702 plate37 C05
20250702,plate37,C05,4,2,40C,high-salinity,2.1581736653008035,20250702 plate37 C05
20250702,plate37,C06,0,72,40C,low-salinity,0,20250702 plate37 C06
20250702,plate37,C06,1,72,40C,low-salinity,0.5474266503937558,20250702 plate37 C06
20250702,plate37,C06,2,72,40C,low-salinity,0.47580897086951107,20250702 plate37 C06
20250702,plate37,C06,3,72,40C,low-salinity,3.1800445085013727,20250702 plate37 C06
20250702,plate37,C06,4,72,40C,low-salinity,4.136224799859572,20250702 plate37 C06
20250702,plate37,D02,0,14,40C,high-salinity,0,20250702 plate37 D02
20250702,plate37,D02,1,14,40C,high-salinity,0.6737141318975408,20250702 plate37 D02
20250702,plate37,D02,2,14,40C,high-salinity,0.548949313360318,20250702 plate37 D02
20250702,plate37,D02,3,14,40C,high-salinity,2.6988136091865518,20250702 plate37 D02
20250702,plate37,D02,4,14,40C,high-salinity,2.76223335808705,20250702 plate37 D02
20250702,plate37,D03,0,77,40C,low-salinity,0,20250702 plate37 D03
20250702,plate37,D03,1,77,40C,low-salinity,0.6993995870704978,20250702 plate37 D03
20250702,plate37,D03,2,77,40C,low-salinity,0.9127768960292486,20250702 plate37 D03
20250702,plate37,D03,3,77,40C,low-salinity,5.9570585221912316,20250702 plate37 D03
20250702,plate37,D03,4,77,40C,low-salinity,6.123402974405624,20250702 plate37 D03
20250702,plate37,D05,0,2,40C,high-salinity,0,20250702 plate37 D05
20250702,plate37,D05,1,2,40C,high-salinity,0.3759146841493067,20250702 plate37 D05
20250702,plate37,D05,2,2,40C,high-salinity,0.30997860181217773,20250702 plate37 D05
20250702,plate37,D05,3,2,40C,high-salinity,3.3808174385947223,20250702 plate37 D05
20250702,plate37,D05,4,2,40C,high-salinity,4.904882184402544,20250702 plate37 D05
20250702,plate37,D06,0,72,40C,low-salinity,0,20250702 plate37 D06
20250702,plate37,D06,1,72,40C,low-salinity,0.5255531193520961,20250702 plate37 D06
20250702,plate37,D06,2,72,40C,low-salinity,0.44296024014784013,20250702 plate37 D06
20250702,plate37,D06,3,72,40C,low-salinity,2.1624211904457717,20250702 plate37 D06
20250702,plate37,D06,4,72,40C,low-salinity,2.194216813552103,20250702 plate37 D06
20250702,plate38,A02,0,25,40C,high-salinity,0,20250702 plate38 A02
20250702,plate38,A02,1,25,40C,high-salinity,1.9569870560010356,20250702 plate38 A02
20250702,plate38,A02,2,25,40C,high-salinity,2.052573875477811,20250702 plate38 A02
20250702,plate38,A02,3,25,40C,high-salinity,2.150210995174105,20250702 plate38 A02
20250702,plate38,A02,4,25,40C,high-salinity,2.1556634257401988,20250702 plate38 A02
20250702,plate38,A03,0,79,40C,low-salinity,0,20250702 plate38 A03
20250702,plate38,A03,1,79,40C,low-salinity,2.1420665761703566,20250702 plate38 A03
20250702,plate38,A03,2,79,40C,low-salinity,2.4510804138384006,20250702 plate38 A03
20250702,plate38,A03,3,79,40C,low-salinity,2.9524191877250687,20250702 plate38 A03
20250702,plate38,A03,4,79,40C,low-salinity,3.0926120396422094,20250702 plate38 A03
20250702,plate38,A04,0,54,40C,low-salinity,0,20250702 plate38 A04
20250702,plate38,A04,1,54,40C,low-salinity,5.137126716358513,20250702 plate38 A04
20250702,plate38,A04,2,54,40C,low-salinity,5.567612165369953,20250702 plate38 A04
20250702,plate38,A04,3,54,40C,low-salinity,9.251697017496149,20250702 plate38 A04
20250702,plate38,A04,4,54,40C,low-salinity,9.219922205946654,20250702 plate38 A04
20250702,plate38,A05,0,55,40C,low-salinity,0,20250702 plate38 A05
20250702,plate38,A05,1,55,40C,low-salinity,1.5127929169299477,20250702 plate38 A05
20250702,plate38,A05,2,55,40C,low-salinity,1.592445436488424,20250702 plate38 A05
20250702,plate38,A05,3,55,40C,low-salinity,1.935476494038065,20250702 plate38 A05
20250702,plate38,A05,4,55,40C,low-salinity,2.4046004449659337,20250702 plate38 A05
20250702,plate38,A06,0,71,40C,low-salinity,0,20250702 plate38 A06
20250702,plate38,A06,1,71,40C,low-salinity,1.615224103388233,20250702 plate38 A06
20250702,plate38,A06,2,71,40C,low-salinity,1.829718791330965,20250702 plate38 A06
20250702,plate38,A06,3,71,40C,low-salinity,2.1523240277247666,20250702 plate38 A06
20250702,plate38,A06,4,71,40C,low-salinity,2.490031867785584,20250702 plate38 A06
20250702,plate38,B02,0,25,40C,high-salinity,0,20250702 plate38 B02
20250702,plate38,B02,1,25,40C,high-salinity,1.3945590093488802,20250702 plate38 B02
20250702,plate38,B02,2,25,40C,high-salinity,1.399885799447615,20250702 plate38 B02
20250702,plate38,B02,3,25,40C,high-salinity,3.012155308289243,20250702 plate38 B02
20250702,plate38,B02,4,25,40C,high-salinity,3.859569010561227,20250702 plate38 B02
20250702,plate38,B03,0,79,40C,low-salinity,0,20250702 plate38 B03
20250702,plate38,B03,1,79,40C,low-salinity,0.1231971137332734,20250702 plate38 B03
20250702,plate38,B03,2,79,40C,low-salinity,0.2878599183055104,20250702 plate38 B03
20250702,plate38,B03,3,79,40C,low-salinity,2.466528105168967,20250702 plate38 B03
20250702,plate38,B03,4,79,40C,low-salinity,2.9814164712317694,20250702 plate38 B03
20250702,plate38,B04,0,54,40C,low-salinity,0,20250702 plate38 B04
20250702,plate38,B04,1,54,40C,low-salinity,0.9167949179536237,20250702 plate38 B04
20250702,plate38,B04,2,54,40C,low-salinity,1.6483117823612663,20250702 plate38 B04
20250702,plate38,B04,3,54,40C,low-salinity,6.261781733237431,20250702 plate38 B04
20250702,plate38,B04,4,54,40C,low-salinity,7.119993534872878,20250702 plate38 B04
20250702,plate38,B05,0,55,40C,low-salinity,0,20250702 plate38 B05
20250702,plate38,B05,1,55,40C,low-salinity,0.8380776792924292,20250702 plate38 B05
20250702,plate38,B05,2,55,40C,low-salinity,0.7790890652122789,20250702 plate38 B05
20250702,plate38,B05,3,55,40C,low-salinity,3.643050560357325,20250702 plate38 B05
20250702,plate38,B05,4,55,40C,low-salinity,4.3437277952408255,20250702 plate38 B05
20250702,plate38,B06,0,71,40C,low-salinity,0,20250702 plate38 B06
20250702,plate38,B06,1,71,40C,low-salinity,0.7060131003752128,20250702 plate38 B06
20250702,plate38,B06,2,71,40C,low-salinity,0.6886426338674012,20250702 plate38 B06
20250702,plate38,B06,3,71,40C,low-salinity,2.111286167478596,20250702 plate38 B06
20250702,plate38,B06,4,71,40C,low-salinity,2.1195010086168224,20250702 plate38 B06
20250702,plate38,C02,0,25,40C,high-salinity,0,20250702 plate38 C02
20250702,plate38,C02,1,25,40C,high-salinity,0.5163093776286936,20250702 plate38 C02
20250702,plate38,C02,2,25,40C,high-salinity,0.4594515668054156,20250702 plate38 C02
20250702,plate38,C02,3,25,40C,high-salinity,1.8422981046475624,20250702 plate38 C02
20250702,plate38,C02,4,25,40C,high-salinity,1.9675128849699153,20250702 plate38 C02
20250702,plate38,C03,0,79,40C,low-salinity,0,20250702 plate38 C03
20250702,plate38,C03,1,79,40C,low-salinity,0.012610784758462045,20250702 plate38 C03
20250702,plate38,C03,2,79,40C,low-salinity,0.02858011659342554,20250702 plate38 C03
20250702,plate38,C03,3,79,40C,low-salinity,0.2509031248854589,20250702 plate38 C03
20250702,plate38,C03,4,79,40C,low-salinity,0.2836936909497056,20250702 plate38 C03
20250702,plate38,C04,0,54,40C,low-salinity,0,20250702 plate38 C04
20250702,plate38,C04,1,54,40C,low-salinity,0.2894953325358591,20250702 plate38 C04
20250702,plate38,C04,2,54,40C,low-salinity,0.5387627222770998,20250702 plate38 C04
20250702,plate38,C04,3,54,40C,low-salinity,5.783466977067371,20250702 plate38 C04
20250702,plate38,C04,4,54,40C,low-salinity,7.3561302185805095,20250702 plate38 C04
20250702,plate38,C05,0,55,40C,low-salinity,0,20250702 plate38 C05
20250702,plate38,C05,1,55,40C,low-salinity,0.49083027809450375,20250702 plate38 C05
20250702,plate38,C05,2,55,40C,low-salinity,0.44722154525724445,20250702 plate38 C05
20250702,plate38,C05,3,55,40C,low-salinity,2.707864327736654,20250702 plate38 C05
20250702,plate38,C05,4,55,40C,low-salinity,3.566212564463849,20250702 plate38 C05
20250702,plate38,C06,0,71,40C,low-salinity,0,20250702 plate38 C06
20250702,plate38,C06,1,71,40C,low-salinity,0.41269720477623695,20250702 plate38 C06
20250702,plate38,C06,2,71,40C,low-salinity,0.4246524267115233,20250702 plate38 C06
20250702,plate38,C06,3,71,40C,low-salinity,2.1345607286813637,20250702 plate38 C06
20250702,plate38,C06,4,71,40C,low-salinity,2.1497686334275063,20250702 plate38 C06
20250702,plate38,D02,0,25,40C,high-salinity,0,20250702 plate38 D02
20250702,plate38,D02,1,25,40C,high-salinity,0.37877287904005014,20250702 plate38 D02
20250702,plate38,D02,2,25,40C,high-salinity,0.45210230039026444,20250702 plate38 D02
20250702,plate38,D02,3,25,40C,high-salinity,4.373325879552169,20250702 plate38 D02
20250702,plate38,D02,4,25,40C,high-salinity,4.802140170974846,20250702 plate38 D02
20250702,plate38,D03,0,79,40C,low-salinity,0,20250702 plate38 D03
20250702,plate38,D03,1,79,40C,low-salinity,0.6027264308665373,20250702 plate38 D03
20250702,plate38,D03,2,79,40C,low-salinity,0.6944456866348628,20250702 plate38 D03
20250702,plate38,D03,3,79,40C,low-salinity,3.1429183748284104,20250702 plate38 D03
20250702,plate38,D03,4,79,40C,low-salinity,3.480218444148642,20250702 plate38 D03
20250702,plate38,D04,0,54,40C,low-salinity,0,20250702 plate38 D04
20250702,plate38,D04,1,54,40C,low-salinity,0.6377994574286876,20250702 plate38 D04
20250702,plate38,D04,2,54,40C,low-salinity,1.1570468797906197,20250702 plate38 D04
20250702,plate38,D04,3,54,40C,low-salinity,5.865251603770979,20250702 plate38 D04
20250702,plate38,D04,4,54,40C,low-salinity,6.130855114419283,20250702 plate38 D04
20250702,plate38,D05,0,55,40C,low-salinity,0,20250702 plate38 D05
20250702,plate38,D05,1,55,40C,low-salinity,0.3011542073550861,20250702 plate38 D05
20250702,plate38,D05,2,55,40C,low-salinity,0.39491735794671506,20250702 plate38 D05
20250702,plate38,D05,3,55,40C,low-salinity,1.7529472658416718,20250702 plate38 D05
20250702,plate38,D05,4,55,40C,low-salinity,1.82225403340705,20250702 plate38 D05
20250702,plate38,D06,0,71,40C,low-salinity,0,20250702 plate38 D06
20250702,plate38,D06,1,71,40C,low-salinity,0.3353627449709698,20250702 plate38 D06
20250702,plate38,D06,2,71,40C,low-salinity,0.42968617917874097,20250702 plate38 D06
20250702,plate38,D06,3,71,40C,low-salinity,1.6115981595662754,20250702 plate38 D06
20250702,plate38,D06,4,71,40C,low-salinity,1.684640216639513,20250702 plate38 D06
20250702,plate39,A02,0,14,40C,high-salinity,0,20250702 plate39 A02
20250702,plate39,A02,1,14,40C,high-salinity,0.2908394796256818,20250702 plate39 A02
20250702,plate39,A02,2,14,40C,high-salinity,1.1045088493432227,20250702 plate39 A02
20250702,plate39,A02,3,14,40C,high-salinity,2.9321717133523837,20250702 plate39 A02
20250702,plate39,A02,4,14,40C,high-salinity,4.4984141987149675,20250702 plate39 A02
20250702,plate39,A03,0,49,40C,low-salinity,0,20250702 plate39 A03
20250702,plate39,A03,1,49,40C,low-salinity,1.6666809721089813,20250702 plate39 A03
20250702,plate39,A03,2,49,40C,low-salinity,1.8741965772762907,20250702 plate39 A03
20250702,plate39,A03,3,49,40C,low-salinity,2.0389632255069503,20250702 plate39 A03
20250702,plate39,A03,4,49,40C,low-salinity,2.189075575421119,20250702 plate39 A03
20250702,plate39,A04,0,2,40C,high-salinity,0,20250702 plate39 A04
20250702,plate39,A04,1,2,40C,high-salinity,1.1036824560704939,20250702 plate39 A04
20250702,plate39,A04,2,2,40C,high-salinity,1.2440360945087656,20250702 plate39 A04
20250702,plate39,A04,3,2,40C,high-salinity,1.424084481876535,20250702 plate39 A04
20250702,plate39,A04,4,2,40C,high-salinity,1.5103728684316855,20250702 plate39 A04
20250702,plate39,A05,0,24,40C,high-salinity,0,20250702 plate39 A05
20250702,plate39,A05,1,24,40C,high-salinity,1.4341909622279232,20250702 plate39 A05
20250702,plate39,A05,2,24,40C,high-salinity,1.508776667608974,20250702 plate39 A05
20250702,plate39,A05,3,24,40C,high-salinity,1.8980676425670266,20250702 plate39 A05
20250702,plate39,A05,4,24,40C,high-salinity,1.9787659931585244,20250702 plate39 A05
20250702,plate39,A06,0,85,40C,low-salinity,0,20250702 plate39 A06
20250702,plate39,A06,1,85,40C,low-salinity,1.5571771890318438,20250702 plate39 A06
20250702,plate39,A06,2,85,40C,low-salinity,2.001055246187745,20250702 plate39 A06
20250702,plate39,A06,3,85,40C,low-salinity,2.9328626197598644,20250702 plate39 A06
20250702,plate39,A06,4,85,40C,low-salinity,3.1363258556517946,20250702 plate39 A06
20250702,plate39,B02,0,14,40C,high-salinity,0,20250702 plate39 B02
20250702,plate39,B02,1,14,40C,high-salinity,1.4681311953422205,20250702 plate39 B02
20250702,plate39,B02,2,14,40C,high-salinity,1.604824469965431,20250702 plate39 B02
20250702,plate39,B02,3,14,40C,high-salinity,3.5925154234304197,20250702 plate39 B02
20250702,plate39,B02,4,14,40C,high-salinity,3.8782570904171565,20250702 plate39 B02
20250702,plate39,B03,0,49,40C,low-salinity,0,20250702 plate39 B03
20250702,plate39,B03,1,49,40C,low-salinity,0.8431998757838269,20250702 plate39 B03
20250702,plate39,B03,2,49,40C,low-salinity,2.0269199784251284,20250702 plate39 B03
20250702,plate39,B03,3,49,40C,low-salinity,5.582956364884365,20250702 plate39 B03
20250702,plate39,B03,4,49,40C,low-salinity,6.795485416541327,20250702 plate39 B03
20250702,plate39,B04,0,2,40C,high-salinity,0,20250702 plate39 B04
20250702,plate39,B04,1,2,40C,high-salinity,0.018768506201143544,20250702 plate39 B04
20250702,plate39,B04,2,2,40C,high-salinity,0.05168887702914283,20250702 plate39 B04
20250702,plate39,B04,3,2,40C,high-salinity,0.17886800866558364,20250702 plate39 B04
20250702,plate39,B04,4,2,40C,high-salinity,0.20477032360092207,20250702 plate39 B04
20250702,plate39,B05,0,24,40C,high-salinity,0,20250702 plate39 B05
20250702,plate39,B05,1,24,40C,high-salinity,0.037113722532679,20250702 plate39 B05
20250702,plate39,B05,2,24,40C,high-salinity,0.12136990917035947,20250702 plate39 B05
20250702,plate39,B05,3,24,40C,high-salinity,0.3543485473082059,20250702 plate39 B05
20250702,plate39,B05,4,24,40C,high-salinity,0.42133814420780774,20250702 plate39 B05
20250702,plate39,B06,0,85,40C,low-salinity,0,20250702 plate39 B06
20250702,plate39,B06,1,85,40C,low-salinity,0.7238681574285571,20250702 plate39 B06
20250702,plate39,B06,2,85,40C,low-salinity,0.9059529446743708,20250702 plate39 B06
20250702,plate39,B06,3,85,40C,low-salinity,1.966128162325639,20250702 plate39 B06
20250702,plate39,B06,4,85,40C,low-salinity,2.0226545199516717,20250702 plate39 B06
20250702,plate39,C02,0,14,40C,high-salinity,0,20250702 plate39 C02
20250702,plate39,C02,1,14,40C,high-salinity,0.5356163084683768,20250702 plate39 C02
20250702,plate39,C02,2,14,40C,high-salinity,0.7709485938217576,20250702 plate39 C02
20250702,plate39,C02,3,14,40C,high-salinity,3.354744090381329,20250702 plate39 C02
20250702,plate39,C02,4,14,40C,high-salinity,5.017499337869931,20250702 plate39 C02
20250702,plate39,C03,0,49,40C,low-salinity,0,20250702 plate39 C03
20250702,plate39,C03,1,49,40C,low-salinity,0.5506668576322098,20250702 plate39 C03
20250702,plate39,C03,2,49,40C,low-salinity,0.7393067716821856,20250702 plate39 C03
20250702,plate39,C03,3,49,40C,low-salinity,1.8918681276842446,20250702 plate39 C03
20250702,plate39,C03,4,49,40C,low-salinity,2.0027691639092047,20250702 plate39 C03
20250702,plate39,C04,0,2,40C,high-salinity,0,20250702 plate39 C04
20250702,plate39,C04,1,2,40C,high-salinity,0.4554810449486257,20250702 plate39 C04
20250702,plate39,C04,2,2,40C,high-salinity,0.5987870774208857,20250702 plate39 C04
20250702,plate39,C04,3,2,40C,high-salinity,1.5612104421790323,20250702 plate39 C04
20250702,plate39,C04,4,2,40C,high-salinity,1.7728306795731752,20250702 plate39 C04
20250702,plate39,C05,0,24,40C,high-salinity,0,20250702 plate39 C05
20250702,plate39,C05,1,24,40C,high-salinity,0.6030556138781428,20250702 plate39 C05
20250702,plate39,C05,2,24,40C,high-salinity,0.9354050561195074,20250702 plate39 C05
20250702,plate39,C05,3,24,40C,high-salinity,2.726001231291792,20250702 plate39 C05
20250702,plate39,C05,4,24,40C,high-salinity,3.30925853653074,20250702 plate39 C05
20250702,plate39,D02,0,14,40C,high-salinity,0,20250702 plate39 D02
20250702,plate39,D02,1,14,40C,high-salinity,0.7072882101414112,20250702 plate39 D02
20250702,plate39,D02,2,14,40C,high-salinity,2.12685681626524,20250702 plate39 D02
20250702,plate39,D02,3,14,40C,high-salinity,6.3018339626109015,20250702 plate39 D02
20250702,plate39,D02,4,14,40C,high-salinity,6.436158315673284,20250702 plate39 D02
20250702,plate39,D03,0,49,40C,low-salinity,0,20250702 plate39 D03
20250702,plate39,D03,1,49,40C,low-salinity,0.7044089458514845,20250702 plate39 D03
20250702,plate39,D03,2,49,40C,low-salinity,1.2105047639714104,20250702 plate39 D03
20250702,plate39,D03,3,49,40C,low-salinity,6.826163968726515,20250702 plate39 D03
20250702,plate39,D03,4,49,40C,low-salinity,7.916301210929824,20250702 plate39 D03
20250702,plate39,D04,0,2,40C,high-salinity,0,20250702 plate39 D04
20250702,plate39,D04,1,2,40C,high-salinity,0.4393075443925783,20250702 plate39 D04
20250702,plate39,D04,2,2,40C,high-salinity,1.6932906020720104,20250702 plate39 D04
20250702,plate39,D04,3,2,40C,high-salinity,6.397119857573841,20250702 plate39 D04
20250702,plate39,D04,4,2,40C,high-salinity,6.982485025761001,20250702 plate39 D04
20250702,plate39,D05,0,24,40C,high-salinity,0,20250702 plate39 D05
20250702,plate39,D05,1,24,40C,high-salinity,0.44664686207549226,20250702 plate39 D05
20250702,plate39,D05,2,24,40C,high-salinity,0.6960121656801428,20250702 plate39 D05
20250702,plate39,D05,3,24,40C,high-salinity,2.0958770135566565,20250702 plate39 D05
20250702,plate39,D05,4,24,40C,high-salinity,2.573390808947498,20250702 plate39 D05
20250702,plate39,D06,0,85,40C,low-salinity,0,20250702 plate39 D06
20250702,plate39,D06,1,85,40C,low-salinity,0.10739398502728599,20250702 plate39 D06
20250702,plate39,D06,2,85,40C,low-salinity,0.24547317681091985,20250702 plate39 D06
20250702,plate39,D06,3,85,40C,low-salinity,0.5857272602123624,20250702 plate39 D06
20250702,plate39,D06,4,85,40C,low-salinity,1.0541195464909558,20250702 plate39 D06
20250702,plate40,A02,0,34,40C,high-salinity,0,20250702 plate40 A02
20250702,plate40,A02,1,34,40C,high-salinity,0.10037056207414718,20250702 plate40 A02
20250702,plate40,A02,2,34,40C,high-salinity,0.14090364411934847,20250702 plate40 A02
20250702,plate40,A02,3,34,40C,high-salinity,0.17405201961846284,20250702 plate40 A02
20250702,plate40,A02,4,34,40C,high-salinity,0.2134959893824829,20250702 plate40 A02
20250702,plate40,A03,0,37,40C,high-salinity,0,20250702 plate40 A03
20250702,plate40,A03,1,37,40C,high-salinity,2.0822097876311125,20250702 plate40 A03
20250702,plate40,A03,2,37,40C,high-salinity,2.331096165341799,20250702 plate40 A03
20250702,plate40,A03,3,37,40C,high-salinity,2.577006000749817,20250702 plate40 A03
20250702,plate40,A03,4,37,40C,high-salinity,3.0796927982542828,20250702 plate40 A03
20250702,plate40,A05,0,61,40C,low-salinity,0,20250702 plate40 A05
20250702,plate40,A05,1,61,40C,low-salinity,1.4103261374750458,20250702 plate40 A05
20250702,plate40,A05,2,61,40C,low-salinity,1.4439069737325967,20250702 plate40 A05
20250702,plate40,A05,3,61,40C,low-salinity,1.4714172951976723,20250702 plate40 A05
20250702,plate40,A05,4,61,40C,low-salinity,1.4806546891634693,20250702 plate40 A05
20250702,plate40,A06,0,57,40C,low-salinity,0,20250702 plate40 A06
20250702,plate40,A06,1,57,40C,low-salinity,1.7585606063006465,20250702 plate40 A06
20250702,plate40,A06,2,57,40C,low-salinity,3.483403729678436,20250702 plate40 A06
20250702,plate40,A06,3,57,40C,low-salinity,5.154804579658986,20250702 plate40 A06
20250702,plate40,A06,4,57,40C,low-salinity,5.423346024913532,20250702 plate40 A06
20250702,plate40,B02,0,34,40C,high-salinity,0,20250702 plate40 B02
20250702,plate40,B02,1,34,40C,high-salinity,0.01929931457389802,20250702 plate40 B02
20250702,plate40,B02,2,34,40C,high-salinity,0.10982281038086004,20250702 plate40 B02
20250702,plate40,B02,3,34,40C,high-salinity,0.24534148727846208,20250702 plate40 B02
20250702,plate40,B02,4,34,40C,high-salinity,0.4678267031959057,20250702 plate40 B02
20250702,plate40,B03,0,37,40C,high-salinity,0,20250702 plate40 B03
20250702,plate40,B03,1,37,40C,high-salinity,0.5269894121053812,20250702 plate40 B03
20250702,plate40,B03,2,37,40C,high-salinity,0.6522536471625017,20250702 plate40 B03
20250702,plate40,B03,3,37,40C,high-salinity,0.9090316580572344,20250702 plate40 B03
20250702,plate40,B03,4,37,40C,high-salinity,2.0487733325492394,20250702 plate40 B03
20250702,plate40,B04,0,47,40C,low-salinity,0,20250702 plate40 B04
20250702,plate40,B04,1,47,40C,low-salinity,1.6667834448812746,20250702 plate40 B04
20250702,plate40,B04,2,47,40C,low-salinity,2.2504876300383665,20250702 plate40 B04
20250702,plate40,B04,3,47,40C,low-salinity,4.7559283860806625,20250702 plate40 B04
20250702,plate40,B04,4,47,40C,low-salinity,4.964251794524008,20250702 plate40 B04
20250702,plate40,B05,0,61,40C,low-salinity,0,20250702 plate40 B05
20250702,plate40,B05,1,61,40C,low-salinity,0.07976797750508828,20250702 plate40 B05
20250702,plate40,B05,2,61,40C,low-salinity,0.24952285312539008,20250702 plate40 B05
20250702,plate40,B05,3,61,40C,low-salinity,2.1582698198042283,20250702 plate40 B05
20250702,plate40,B05,4,61,40C,low-salinity,3.1204498951041764,20250702 plate40 B05
20250702,plate40,B06,0,57,40C,low-salinity,0,20250702 plate40 B06
20250702,plate40,B06,1,57,40C,low-salinity,1.0366695109945658,20250702 plate40 B06
20250702,plate40,B06,2,57,40C,low-salinity,1.7002606132980331,20250702 plate40 B06
20250702,plate40,B06,3,57,40C,low-salinity,3.8612707292890414,20250702 plate40 B06
20250702,plate40,B06,4,57,40C,low-salinity,4.355713698727863,20250702 plate40 B06
20250702,plate40,C02,0,34,40C,high-salinity,0,20250702 plate40 C02
20250702,plate40,C02,1,34,40C,high-salinity,0.5807667960850718,20250702 plate40 C02
20250702,plate40,C02,2,34,40C,high-salinity,0.8617119936283422,20250702 plate40 C02
20250702,plate40,C02,3,34,40C,high-salinity,2.1592241187372894,20250702 plate40 C02
20250702,plate40,C02,4,34,40C,high-salinity,2.7129291774842303,20250702 plate40 C02
20250702,plate40,C03,0,37,40C,high-salinity,0,20250702 plate40 C03
20250702,plate40,C03,1,37,40C,high-salinity,0.5480736709842902,20250702 plate40 C03
20250702,plate40,C03,2,37,40C,high-salinity,0.8259502676352306,20250702 plate40 C03
20250702,plate40,C03,3,37,40C,high-salinity,2.243651425459975,20250702 plate40 C03
20250702,plate40,C03,4,37,40C,high-salinity,2.821434547350143,20250702 plate40 C03
20250702,plate40,C04,0,47,40C,low-salinity,0,20250702 plate40 C04
20250702,plate40,C04,1,47,40C,low-salinity,0.16580048219415539,20250702 plate40 C04
20250702,plate40,C04,2,47,40C,low-salinity,0.30186284378687506,20250702 plate40 C04
20250702,plate40,C04,3,47,40C,low-salinity,1.3638157277672955,20250702 plate40 C04
20250702,plate40,C04,4,47,40C,low-salinity,2.528817198934666,20250702 plate40 C04
20250702,plate40,C05,0,61,40C,low-salinity,0,20250702 plate40 C05
20250702,plate40,C05,1,61,40C,low-salinity,0.6051960147054013,20250702 plate40 C05
20250702,plate40,C05,2,61,40C,low-salinity,0.8560863114188104,20250702 plate40 C05
20250702,plate40,C05,3,61,40C,low-salinity,1.9049428172045453,20250702 plate40 C05
20250702,plate40,C05,4,61,40C,low-salinity,1.9544330549606037,20250702 plate40 C05
20250702,plate40,C06,0,57,40C,low-salinity,0,20250702 plate40 C06
20250702,plate40,C06,1,57,40C,low-salinity,0.5032059103639693,20250702 plate40 C06
20250702,plate40,C06,2,57,40C,low-salinity,0.7449130010457445,20250702 plate40 C06
20250702,plate40,C06,3,57,40C,low-salinity,1.7231280240537856,20250702 plate40 C06
20250702,plate40,C06,4,57,40C,low-salinity,1.7553624818529383,20250702 plate40 C06
20250702,plate40,D02,0,34,40C,high-salinity,0,20250702 plate40 D02
20250702,plate40,D02,1,34,40C,high-salinity,0.7777243200826661,20250702 plate40 D02
20250702,plate40,D02,2,34,40C,high-salinity,1.9510860880355632,20250702 plate40 D02
20250702,plate40,D02,3,34,40C,high-salinity,4.87557776327651,20250702 plate40 D02
20250702,plate40,D02,4,34,40C,high-salinity,4.937319663238582,20250702 plate40 D02
20250702,plate40,D03,0,37,40C,high-salinity,0,20250702 plate40 D03
20250702,plate40,D03,1,37,40C,high-salinity,0.577336408622831,20250702 plate40 D03
20250702,plate40,D03,2,37,40C,high-salinity,1.484500089909999,20250702 plate40 D03
20250702,plate40,D03,3,37,40C,high-salinity,5.249704227586421,20250702 plate40 D03
20250702,plate40,D03,4,37,40C,high-salinity,5.63382605898838,20250702 plate40 D03
20250702,plate40,D04,0,47,40C,low-salinity,0,20250702 plate40 D04
20250702,plate40,D04,1,47,40C,low-salinity,1.350048019346153,20250702 plate40 D04
20250702,plate40,D04,2,47,40C,low-salinity,3.3677834249000766,20250702 plate40 D04
20250702,plate40,D04,3,47,40C,low-salinity,8.629525371732498,20250702 plate40 D04
20250702,plate40,D04,4,47,40C,low-salinity,9.17784068274995,20250702 plate40 D04
20250702,plate40,D05,0,61,40C,low-salinity,0,20250702 plate40 D05
20250702,plate40,D05,1,61,40C,low-salinity,0.33823408256819304,20250702 plate40 D05
20250702,plate40,D05,2,61,40C,low-salinity,0.7714595805253189,20250702 plate40 D05
20250702,plate40,D05,3,61,40C,low-salinity,2.258352905439539,20250702 plate40 D05
20250702,plate40,D05,4,61,40C,low-salinity,3.6508256734204116,20250702 plate40 D05
20250702,plate40,D06,0,57,40C,low-salinity,0,20250702 plate40 D06
20250702,plate40,D06,1,57,40C,low-salinity,1.2423583058060474,20250702 plate40 D06
20250702,plate40,D06,2,57,40C,low-salinity,5.473278209329334,20250702 plate40 D06
20250702,plate40,D06,3,57,40C,low-salinity,9.445020133378652,20250702 plate40 D06
20250702,plate40,D06,4,57,40C,low-salinity,9.599897664668548,20250702 plate40 D06
20250702,plate41,A02,0,84,40C,low-salinity,0,20250702 plate41 A02
20250702,plate41,A02,1,84,40C,low-salinity,0.15031042282513662,20250702 plate41 A02
20250702,plate41,A02,2,84,40C,low-salinity,0.31015006761215114,20250702 plate41 A02
20250702,plate41,A02,3,84,40C,low-salinity,0.5018438944122542,20250702 plate41 A02
20250702,plate41,A02,4,84,40C,low-salinity,0.5479246209189362,20250702 plate41 A02
20250702,plate41,A03,0,42,40C,high-salinity,0,20250702 plate41 A03
20250702,plate41,A03,1,42,40C,high-salinity,1.0331954019946312,20250702 plate41 A03
20250702,plate41,A03,2,42,40C,high-salinity,1.1467102805997225,20250702 plate41 A03
20250702,plate41,A03,3,42,40C,high-salinity,1.5049667634004416,20250702 plate41 A03
20250702,plate41,A03,4,42,40C,high-salinity,1.5268094582004639,20250702 plate41 A03
20250702,plate41,A04,0,60,40C,low-salinity,0,20250702 plate41 A04
20250702,plate41,A04,1,60,40C,low-salinity,2.288939575318409,20250702 plate41 A04
20250702,plate41,A04,2,60,40C,low-salinity,2.499600912239489,20250702 plate41 A04
20250702,plate41,A04,3,60,40C,low-salinity,2.60390047873946,20250702 plate41 A04
20250702,plate41,A04,4,60,40C,low-salinity,2.5868349396250947,20250702 plate41 A04
20250702,plate41,A05,0,61,40C,low-salinity,0,20250702 plate41 A05
20250702,plate41,A05,1,61,40C,low-salinity,1.6175998259622721,20250702 plate41 A05
20250702,plate41,A05,2,61,40C,low-salinity,1.7343237313062245,20250702 plate41 A05
20250702,plate41,A05,3,61,40C,low-salinity,1.799046256533291,20250702 plate41 A05
20250702,plate41,A05,4,61,40C,low-salinity,1.884958390850907,20250702 plate41 A05
20250702,plate41,A06,0,88,40C,low-salinity,0,20250702 plate41 A06
20250702,plate41,A06,1,88,40C,low-salinity,1.8753763750117975,20250702 plate41 A06
20250702,plate41,A06,2,88,40C,low-salinity,1.9944507481846114,20250702 plate41 A06
20250702,plate41,A06,3,88,40C,low-salinity,3.0427226361249753,20250702 plate41 A06
20250702,plate41,A06,4,88,40C,low-salinity,3.1809419922556845,20250702 plate41 A06
20250702,plate41,B02,0,84,40C,low-salinity,0,20250702 plate41 B02
20250702,plate41,B02,1,84,40C,low-salinity,1.2825101462195276,20250702 plate41 B02
20250702,plate41,B02,2,84,40C,low-salinity,2.0118708680483754,20250702 plate41 B02
20250702,plate41,B02,3,84,40C,low-salinity,6.058145517214899,20250702 plate41 B02
20250702,plate41,B02,4,84,40C,low-salinity,6.438962142375685,20250702 plate41 B02
20250702,plate41,B03,0,42,40C,high-salinity,0,20250702 plate41 B03
20250702,plate41,B03,1,42,40C,high-salinity,0.0733540904694763,20250702 plate41 B03
20250702,plate41,B03,2,42,40C,high-salinity,0.15172646898245928,20250702 plate41 B03
20250702,plate41,B03,3,42,40C,high-salinity,0.7759566216942914,20250702 plate41 B03
20250702,plate41,B03,4,42,40C,high-salinity,0.9378414293219502,20250702 plate41 B03
20250702,plate41,B04,0,60,40C,low-salinity,0,20250702 plate41 B04
20250702,plate41,B04,1,60,40C,low-salinity,0.03065536105907039,20250702 plate41 B04
20250702,plate41,B04,2,60,40C,low-salinity,0.04271933478238252,20250702 plate41 B04
20250702,plate41,B04,3,60,40C,low-salinity,0.19953123033385398,20250702 plate41 B04
20250702,plate41,B04,4,60,40C,low-salinity,0.21146278693081483,20250702 plate41 B04
20250702,plate41,B05,0,61,40C,low-salinity,0,20250702 plate41 B05
20250702,plate41,B05,1,61,40C,low-salinity,0.6760229037823449,20250702 plate41 B05
20250702,plate41,B05,2,61,40C,low-salinity,0.5620628386889734,20250702 plate41 B05
20250702,plate41,B05,3,61,40C,low-salinity,2.406882580445122,20250702 plate41 B05
20250702,plate41,B05,4,61,40C,low-salinity,2.541296836630679,20250702 plate41 B05
20250702,plate41,B06,0,88,40C,low-salinity,0,20250702 plate41 B06
20250702,plate41,B06,1,88,40C,low-salinity,0.3302435440590284,20250702 plate41 B06
20250702,plate41,B06,2,88,40C,low-salinity,0.26964875060499516,20250702 plate41 B06
20250702,plate41,B06,3,88,40C,low-salinity,0.8240727885268897,20250702 plate41 B06
20250702,plate41,B06,4,88,40C,low-salinity,0.8371727117900717,20250702 plate41 B06
20250702,plate41,C02,0,84,40C,low-salinity,0,20250702 plate41 C02
20250702,plate41,C02,1,84,40C,low-salinity,4.726482427012643e-5,20250702 plate41 C02
20250702,plate41,C02,2,84,40C,low-salinity,0.015691833174445734,20250702 plate41 C02
20250702,plate41,C02,3,84,40C,low-salinity,0.22117589090508316,20250702 plate41 C02
20250702,plate41,C02,4,84,40C,low-salinity,0.24920102492436905,20250702 plate41 C02
20250702,plate41,C03,0,42,40C,high-salinity,0,20250702 plate41 C03
20250702,plate41,C03,1,42,40C,high-salinity,0.3066436522540489,20250702 plate41 C03
20250702,plate41,C03,2,42,40C,high-salinity,0.4029822241310711,20250702 plate41 C03
20250702,plate41,C03,3,42,40C,high-salinity,2.777855113850753,20250702 plate41 C03
20250702,plate41,C03,4,42,40C,high-salinity,4.196374913459144,20250702 plate41 C03
20250702,plate41,C04,0,60,40C,low-salinity,0,20250702 plate41 C04
20250702,plate41,C04,1,60,40C,low-salinity,-0.012780208642019559,20250702 plate41 C04
20250702,plate41,C04,2,60,40C,low-salinity,-0.009191258743774385,20250702 plate41 C04
20250702,plate41,C04,3,60,40C,low-salinity,0.12970170283769245,20250702 plate41 C04
20250702,plate41,C04,4,60,40C,low-salinity,0.16264370852362714,20250702 plate41 C04
20250702,plate41,C05,0,61,40C,low-salinity,0,20250702 plate41 C05
20250702,plate41,C05,1,61,40C,low-salinity,0.593116610186098,20250702 plate41 C05
20250702,plate41,C05,2,61,40C,low-salinity,0.3988657470110277,20250702 plate41 C05
20250702,plate41,C05,3,61,40C,low-salinity,1.9026403576547923,20250702 plate41 C05
20250702,plate41,C05,4,61,40C,low-salinity,1.945819162968246,20250702 plate41 C05
20250702,plate41,C06,0,88,40C,low-salinity,0,20250702 plate41 C06
20250702,plate41,C06,1,88,40C,low-salinity,0.3519563955624492,20250702 plate41 C06
20250702,plate41,C06,2,88,40C,low-salinity,0.22214688081272485,20250702 plate41 C06
20250702,plate41,C06,3,88,40C,low-salinity,2.4331105943256324,20250702 plate41 C06
20250702,plate41,C06,4,88,40C,low-salinity,2.743652106185525,20250702 plate41 C06
20250702,plate41,D02,0,84,40C,low-salinity,0,20250702 plate41 D02
20250702,plate41,D02,1,84,40C,low-salinity,0.4353613164648073,20250702 plate41 D02
20250702,plate41,D02,2,84,40C,low-salinity,0.3303617157876544,20250702 plate41 D02
20250702,plate41,D02,3,84,40C,low-salinity,1.835411767221434,20250702 plate41 D02
20250702,plate41,D02,4,84,40C,low-salinity,1.8535576894956187,20250702 plate41 D02
20250702,plate41,D03,0,42,40C,high-salinity,0,20250702 plate41 D03
20250702,plate41,D03,1,42,40C,high-salinity,0.04089397706039767,20250702 plate41 D03
20250702,plate41,D03,2,42,40C,high-salinity,0.029708688661865885,20250702 plate41 D03
20250702,plate41,D03,3,42,40C,high-salinity,0.4781416993371421,20250702 plate41 D03
20250702,plate41,D03,4,42,40C,high-salinity,0.5244898407730255,20250702 plate41 D03
20250702,plate41,D04,0,60,40C,low-salinity,0,20250702 plate41 D04
20250702,plate41,D04,1,60,40C,low-salinity,-9.002354571732338e-5,20250702 plate41 D04
20250702,plate41,D04,2,60,40C,low-salinity,0.008931368827404623,20250702 plate41 D04
20250702,plate41,D04,3,60,40C,low-salinity,0.14098666292559076,20250702 plate41 D04
20250702,plate41,D04,4,60,40C,low-salinity,0.16386730720878398,20250702 plate41 D04
20250702,plate41,D05,0,61,40C,low-salinity,0,20250702 plate41 D05
20250702,plate41,D05,1,61,40C,low-salinity,0.018314722243440114,20250702 plate41 D05
20250702,plate41,D05,2,61,40C,low-salinity,0.03862494196264084,20250702 plate41 D05
20250702,plate41,D05,3,61,40C,low-salinity,0.3265430182105824,20250702 plate41 D05
20250702,plate41,D05,4,61,40C,low-salinity,0.36364817053574183,20250702 plate41 D05
20250702,plate41,D06,0,88,40C,low-salinity,0,20250702 plate41 D06
20250702,plate41,D06,1,88,40C,low-salinity,0.10851858819610283,20250702 plate41 D06
20250702,plate41,D06,2,88,40C,low-salinity,0.09040182383455354,20250702 plate41 D06
20250702,plate41,D06,3,88,40C,low-salinity,0.5009317697947941,20250702 plate41 D06
20250702,plate41,D06,4,88,40C,low-salinity,0.53079814226078,20250702 plate41 D06
20250702,plate42,A02,0,83,40C,low-salinity,0,20250702 plate42 A02
20250702,plate42,A02,1,83,40C,low-salinity,1.3162369242810996,20250702 plate42 A02
20250702,plate42,A02,2,83,40C,low-salinity,1.5652630251908013,20250702 plate42 A02
20250702,plate42,A02,3,83,40C,low-salinity,1.6578330418648488,20250702 plate42 A02
20250702,plate42,A02,4,83,40C,low-salinity,1.6543837890822222,20250702 plate42 A02
20250702,plate42,A04,0,76,40C,low-salinity,0,20250702 plate42 A04
20250702,plate42,A04,1,76,40C,low-salinity,0.09364361427845935,20250702 plate42 A04
20250702,plate42,A04,2,76,40C,low-salinity,0.20297942555942994,20250702 plate42 A04
20250702,plate42,A04,3,76,40C,low-salinity,0.23411119309568207,20250702 plate42 A04
20250702,plate42,A04,4,76,40C,low-salinity,0.24386504254334423,20250702 plate42 A04
20250702,plate42,A05,0,31,40C,high-salinity,0,20250702 plate42 A05
20250702,plate42,A05,1,31,40C,high-salinity,1.27522745095472,20250702 plate42 A05
20250702,plate42,A05,2,31,40C,high-salinity,1.5017332785641235,20250702 plate42 A05
20250702,plate42,A05,3,31,40C,high-salinity,3.3673314300600348,20250702 plate42 A05
20250702,plate42,A05,4,31,40C,high-salinity,3.1994728219454935,20250702 plate42 A05
20250702,plate42,A06,0,43,40C,high-salinity,0,20250702 plate42 A06
20250702,plate42,A06,1,43,40C,high-salinity,0.6050471320881362,20250702 plate42 A06
20250702,plate42,A06,2,43,40C,high-salinity,0.6540091934978228,20250702 plate42 A06
20250702,plate42,A06,3,43,40C,high-salinity,0.6820110305490015,20250702 plate42 A06
20250702,plate42,A06,4,43,40C,high-salinity,0.6809423864160871,20250702 plate42 A06
20250702,plate42,B02,0,83,40C,low-salinity,0,20250702 plate42 B02
20250702,plate42,B02,1,83,40C,low-salinity,1.3739171180860288,20250702 plate42 B02
20250702,plate42,B02,2,83,40C,low-salinity,2.3304701026266925,20250702 plate42 B02
20250702,plate42,B02,3,83,40C,low-salinity,6.730468468133202,20250702 plate42 B02
20250702,plate42,B02,4,83,40C,low-salinity,7.4140194715471495,20250702 plate42 B02
20250702,plate42,B04,0,76,40C,low-salinity,0,20250702 plate42 B04
20250702,plate42,B04,1,76,40C,low-salinity,1.0445808049041148,20250702 plate42 B04
20250702,plate42,B04,2,76,40C,low-salinity,0.7121979842309387,20250702 plate42 B04
20250702,plate42,B04,3,76,40C,low-salinity,2.6570006140132314,20250702 plate42 B04
20250702,plate42,B04,4,76,40C,low-salinity,3.339641296569649,20250702 plate42 B04
20250702,plate42,B05,0,31,40C,high-salinity,0,20250702 plate42 B05
20250702,plate42,B05,1,31,40C,high-salinity,-0.003804590389714258,20250702 plate42 B05
20250702,plate42,B05,2,31,40C,high-salinity,0.013495974355791161,20250702 plate42 B05
20250702,plate42,B05,3,31,40C,high-salinity,0.1962386703195202,20250702 plate42 B05
20250702,plate42,B05,4,31,40C,high-salinity,0.2224428482031184,20250702 plate42 B05
20250702,plate42,B06,0,43,40C,high-salinity,0,20250702 plate42 B06
20250702,plate42,B06,1,43,40C,high-salinity,0.7111401473630997,20250702 plate42 B06
20250702,plate42,B06,2,43,40C,high-salinity,0.6165753086049238,20250702 plate42 B06
20250702,plate42,B06,3,43,40C,high-salinity,1.9602971890885592,20250702 plate42 B06
20250702,plate42,B06,4,43,40C,high-salinity,1.9801083829852504,20250702 plate42 B06
20250702,plate42,C02,0,83,40C,low-salinity,0,20250702 plate42 C02
20250702,plate42,C02,1,83,40C,low-salinity,-0.019678971751518018,20250702 plate42 C02
20250702,plate42,C02,2,83,40C,low-salinity,-0.015057994719250161,20250702 plate42 C02
20250702,plate42,C02,3,83,40C,low-salinity,0.08956464353286167,20250702 plate42 C02
20250702,plate42,C02,4,83,40C,low-salinity,0.11136903659946952,20250702 plate42 C02
20250702,plate42,C03,0,82,40C,low-salinity,0,20250702 plate42 C03
20250702,plate42,C03,1,82,40C,low-salinity,-0.018975930405898733,20250702 plate42 C03
20250702,plate42,C03,2,82,40C,low-salinity,0.0014185286232219904,20250702 plate42 C03
20250702,plate42,C03,3,82,40C,low-salinity,1.7986453782099998,20250702 plate42 C03
20250702,plate42,C03,4,82,40C,low-salinity,3.5726693150028224,20250702 plate42 C03
20250702,plate42,C04,0,76,40C,low-salinity,0,20250702 plate42 C04
20250702,plate42,C04,1,76,40C,low-salinity,0.5769904102085163,20250702 plate42 C04
20250702,plate42,C04,2,76,40C,low-salinity,1.0506834226450759,20250702 plate42 C04
20250702,plate42,C04,3,76,40C,low-salinity,7.197811707200585,20250702 plate42 C04
20250702,plate42,C04,4,76,40C,low-salinity,8.086852233297046,20250702 plate42 C04
20250702,plate42,C05,0,31,40C,high-salinity,0,20250702 plate42 C05
20250702,plate42,C05,1,31,40C,high-salinity,0.02445711168965558,20250702 plate42 C05
20250702,plate42,C05,2,31,40C,high-salinity,0.03192921425739036,20250702 plate42 C05
20250702,plate42,C05,3,31,40C,high-salinity,0.4599982477191118,20250702 plate42 C05
20250702,plate42,C05,4,31,40C,high-salinity,0.5049174346537809,20250702 plate42 C05
20250702,plate42,C06,0,43,40C,high-salinity,0,20250702 plate42 C06
20250702,plate42,C06,1,43,40C,high-salinity,0.39672601709473976,20250702 plate42 C06
20250702,plate42,C06,2,43,40C,high-salinity,0.27459926024494075,20250702 plate42 C06
20250702,plate42,C06,3,43,40C,high-salinity,1.5426686817681854,20250702 plate42 C06
20250702,plate42,C06,4,43,40C,high-salinity,1.53528193444429,20250702 plate42 C06
20250702,plate42,D02,0,83,40C,low-salinity,0,20250702 plate42 D02
20250702,plate42,D02,1,83,40C,low-salinity,5.2913378564517604e-5,20250702 plate42 D02
20250702,plate42,D02,2,83,40C,low-salinity,0.02834313571067318,20250702 plate42 D02
20250702,plate42,D02,3,83,40C,low-salinity,0.4611946832834836,20250702 plate42 D02
20250702,plate42,D02,4,83,40C,low-salinity,0.5306013432759208,20250702 plate42 D02
20250702,plate42,D03,0,82,40C,low-salinity,0,20250702 plate42 D03
20250702,plate42,D03,1,82,40C,low-salinity,0.5517640544010733,20250702 plate42 D03
20250702,plate42,D03,2,82,40C,low-salinity,0.4517899142465266,20250702 plate42 D03
20250702,plate42,D03,3,82,40C,low-salinity,3.920458374658263,20250702 plate42 D03
20250702,plate42,D03,4,82,40C,low-salinity,4.145375270307617,20250702 plate42 D03
20250702,plate42,D05,0,31,40C,high-salinity,0,20250702 plate42 D05
20250702,plate42,D05,1,31,40C,high-salinity,0.029456963784197054,20250702 plate42 D05
20250702,plate42,D05,2,31,40C,high-salinity,0.028408937243977427,20250702 plate42 D05
20250702,plate42,D05,3,31,40C,high-salinity,0.3179809574953731,20250702 plate42 D05
20250702,plate42,D05,4,31,40C,high-salinity,0.3444288674394777,20250702 plate42 D05
20250702,plate42,D06,0,43,40C,high-salinity,0,20250702 plate42 D06
20250702,plate42,D06,1,43,40C,high-salinity,0.3215996359416391,20250702 plate42 D06
20250702,plate42,D06,2,43,40C,high-salinity,0.2265956379208568,20250702 plate42 D06
20250702,plate42,D06,3,43,40C,high-salinity,1.3017176296975415,20250702 plate42 D06
20250702,plate42,D06,4,43,40C,high-salinity,1.2992897425841514,20250702 plate42 D06
20250702,plate43,A02,0,43,40C,high-salinity,0,20250702 plate43 A02
20250702,plate43,A02,1,43,40C,high-salinity,0.08305836288135027,20250702 plate43 A02
20250702,plate43,A02,2,43,40C,high-salinity,0.12919939484362977,20250702 plate43 A02
20250702,plate43,A02,3,43,40C,high-salinity,0.12427340887739924,20250702 plate43 A02
20250702,plate43,A02,4,43,40C,high-salinity,0.13209982303423048,20250702 plate43 A02
20250702,plate43,A03,0,76,40C,low-salinity,0,20250702 plate43 A03
20250702,plate43,A03,1,76,40C,low-salinity,0.9468601415951677,20250702 plate43 A03
20250702,plate43,A03,2,76,40C,low-salinity,1.1387498894409944,20250702 plate43 A03
20250702,plate43,A03,3,76,40C,low-salinity,1.862249744755787,20250702 plate43 A03
20250702,plate43,A03,4,76,40C,low-salinity,2.1550365745493374,20250702 plate43 A03
20250702,plate43,A04,0,2,40C,high-salinity,0,20250702 plate43 A04
20250702,plate43,A04,1,2,40C,high-salinity,0.14969178558072868,20250702 plate43 A04
20250702,plate43,A04,2,2,40C,high-salinity,0.1769130628100872,20250702 plate43 A04
20250702,plate43,A04,3,2,40C,high-salinity,0.1691404768057397,20250702 plate43 A04
20250702,plate43,A04,4,2,40C,high-salinity,0.17522579109853637,20250702 plate43 A04
20250702,plate43,A05,0,42,40C,high-salinity,0,20250702 plate43 A05
20250702,plate43,A05,1,42,40C,high-salinity,0.16864788920516038,20250702 plate43 A05
20250702,plate43,A05,2,42,40C,high-salinity,0.22389714474695918,20250702 plate43 A05
20250702,plate43,A05,3,42,40C,high-salinity,0.3670099308242261,20250702 plate43 A05
20250702,plate43,A05,4,42,40C,high-salinity,0.41421266111680666,20250702 plate43 A05
20250702,plate43,A06,0,12,40C,high-salinity,0,20250702 plate43 A06
20250702,plate43,A06,1,12,40C,high-salinity,0.07647770616035172,20250702 plate43 A06
20250702,plate43,A06,2,12,40C,high-salinity,0.12792032981760118,20250702 plate43 A06
20250702,plate43,A06,3,12,40C,high-salinity,0.48083218666869865,20250702 plate43 A06
20250702,plate43,A06,4,12,40C,high-salinity,0.5260326536308436,20250702 plate43 A06
20250702,plate43,B02,0,43,40C,high-salinity,0,20250702 plate43 B02
20250702,plate43,B02,1,43,40C,high-salinity,0.71253199062056,20250702 plate43 B02
20250702,plate43,B02,2,43,40C,high-salinity,0.5796329711246339,20250702 plate43 B02
20250702,plate43,B02,3,43,40C,high-salinity,0.9542822278812678,20250702 plate43 B02
20250702,plate43,B02,4,43,40C,high-salinity,0.9694835210595053,20250702 plate43 B02
20250702,plate43,B03,0,76,40C,low-salinity,0,20250702 plate43 B03
20250702,plate43,B03,1,76,40C,low-salinity,0.15375303378163285,20250702 plate43 B03
20250702,plate43,B03,2,76,40C,low-salinity,0.3157860857925863,20250702 plate43 B03
20250702,plate43,B03,3,76,40C,low-salinity,3.22182877256204,20250702 plate43 B03
20250702,plate43,B03,4,76,40C,low-salinity,4.210352199819086,20250702 plate43 B03
20250702,plate43,B04,0,2,40C,high-salinity,0,20250702 plate43 B04
20250702,plate43,B04,1,2,40C,high-salinity,0.6834965412141079,20250702 plate43 B04
20250702,plate43,B04,2,2,40C,high-salinity,0.5277769577159301,20250702 plate43 B04
20250702,plate43,B04,3,2,40C,high-salinity,1.1587961494895935,20250702 plate43 B04
20250702,plate43,B04,4,2,40C,high-salinity,1.168210377047088,20250702 plate43 B04
20250702,plate43,B05,0,42,40C,high-salinity,0,20250702 plate43 B05
20250702,plate43,B05,1,42,40C,high-salinity,0.692296039700432,20250702 plate43 B05
20250702,plate43,B05,2,42,40C,high-salinity,0.5272361316649901,20250702 plate43 B05
20250702,plate43,B05,3,42,40C,high-salinity,1.3010570183446806,20250702 plate43 B05
20250702,plate43,B05,4,42,40C,high-salinity,1.3455038615343824,20250702 plate43 B05
20250702,plate43,B06,0,12,40C,high-salinity,0,20250702 plate43 B06
20250702,plate43,B06,1,12,40C,high-salinity,0.07330595642209234,20250702 plate43 B06
20250702,plate43,B06,2,12,40C,high-salinity,0.08487669062122276,20250702 plate43 B06
20250702,plate43,B06,3,12,40C,high-salinity,0.29372587026298036,20250702 plate43 B06
20250702,plate43,B06,4,12,40C,high-salinity,0.32250902280519855,20250702 plate43 B06
20250702,plate43,C02,0,43,40C,high-salinity,0,20250702 plate43 C02
20250702,plate43,C02,1,43,40C,high-salinity,0.0768044814763145,20250702 plate43 C02
20250702,plate43,C02,2,43,40C,high-salinity,0.10819230450385914,20250702 plate43 C02
20250702,plate43,C02,3,43,40C,high-salinity,0.36086819379631496,20250702 plate43 C02
20250702,plate43,C02,4,43,40C,high-salinity,0.3765829735518466,20250702 plate43 C02
20250702,plate43,C03,0,76,40C,low-salinity,0,20250702 plate43 C03
20250702,plate43,C03,1,76,40C,low-salinity,0.4048514800600974,20250702 plate43 C03
20250702,plate43,C03,2,76,40C,low-salinity,0.21050159225979992,20250702 plate43 C03
20250702,plate43,C03,3,76,40C,low-salinity,1.0874399187506236,20250702 plate43 C03
20250702,plate43,C03,4,76,40C,low-salinity,2.0892791732191847,20250702 plate43 C03
20250702,plate43,C04,0,2,40C,high-salinity,0,20250702 plate43 C04
20250702,plate43,C04,1,2,40C,high-salinity,0.20654010856172617,20250702 plate43 C04
20250702,plate43,C04,2,2,40C,high-salinity,0.14918802874649423,20250702 plate43 C04
20250702,plate43,C04,3,2,40C,high-salinity,0.5856869527209716,20250702 plate43 C04
20250702,plate43,C04,4,2,40C,high-salinity,0.6017827715297652,20250702 plate43 C04
20250702,plate43,C05,0,42,40C,high-salinity,0,20250702 plate43 C05
20250702,plate43,C05,1,42,40C,high-salinity,0.037346386249873534,20250702 plate43 C05
20250702,plate43,C05,2,42,40C,high-salinity,0.052055787469351904,20250702 plate43 C05
20250702,plate43,C05,3,42,40C,high-salinity,0.511092628429826,20250702 plate43 C05
20250702,plate43,C05,4,42,40C,high-salinity,0.5728480565278364,20250702 plate43 C05
20250702,plate43,C06,0,12,40C,high-salinity,0,20250702 plate43 C06
20250702,plate43,C06,1,12,40C,high-salinity,-0.011047888140189158,20250702 plate43 C06
20250702,plate43,C06,2,12,40C,high-salinity,-0.029339684151387255,20250702 plate43 C06
20250702,plate43,C06,3,12,40C,high-salinity,0.11611874430478046,20250702 plate43 C06
20250702,plate43,C06,4,12,40C,high-salinity,0.11888130239204554,20250702 plate43 C06
20250702,plate43,D02,0,43,40C,high-salinity,0,20250702 plate43 D02
20250702,plate43,D02,1,43,40C,high-salinity,0.14224487733875546,20250702 plate43 D02
20250702,plate43,D02,2,43,40C,high-salinity,0.13925004247258627,20250702 plate43 D02
20250702,plate43,D02,3,43,40C,high-salinity,0.590042011052499,20250702 plate43 D02
20250702,plate43,D02,4,43,40C,high-salinity,0.6201833481724209,20250702 plate43 D02
20250702,plate43,D03,0,76,40C,low-salinity,0,20250702 plate43 D03
20250702,plate43,D03,1,76,40C,low-salinity,0.7191673076628317,20250702 plate43 D03
20250702,plate43,D03,2,76,40C,low-salinity,0.49182734427284125,20250702 plate43 D03
20250702,plate43,D03,3,76,40C,low-salinity,2.893639344408182,20250702 plate43 D03
20250702,plate43,D03,4,76,40C,low-salinity,2.908198165431874,20250702 plate43 D03
20250702,plate43,D04,0,2,40C,high-salinity,0,20250702 plate43 D04
20250702,plate43,D04,1,2,40C,high-salinity,0.37104249022343705,20250702 plate43 D04
20250702,plate43,D04,2,2,40C,high-salinity,0.2760517300553829,20250702 plate43 D04
20250702,plate43,D04,3,2,40C,high-salinity,1.0767307168602593,20250702 plate43 D04
20250702,plate43,D04,4,2,40C,high-salinity,1.0771937402594458,20250702 plate43 D04
20250702,plate43,D05,0,42,40C,high-salinity,0,20250702 plate43 D05
20250702,plate43,D05,1,42,40C,high-salinity,0.1714600134947863,20250702 plate43 D05
20250702,plate43,D05,2,42,40C,high-salinity,0.12193536383196896,20250702 plate43 D05
20250702,plate43,D05,3,42,40C,high-salinity,1.439069964764933,20250702 plate43 D05
20250702,plate43,D05,4,42,40C,high-salinity,1.8400792576332454,20250702 plate43 D05
20250702,plate43,D06,0,12,40C,high-salinity,0,20250702 plate43 D06
20250702,plate43,D06,1,12,40C,high-salinity,0.05425875056318529,20250702 plate43 D06
20250702,plate43,D06,2,12,40C,high-salinity,0.04979215715435826,20250702 plate43 D06
20250702,plate43,D06,3,12,40C,high-salinity,0.29573789000616096,20250702 plate43 D06
20250702,plate43,D06,4,12,40C,high-salinity,0.3047054360018216,20250702 plate43 D06
20250702,plate44,A02,0,51,40C,low-salinity,0,20250702 plate44 A02
20250702,plate44,A02,1,51,40C,low-salinity,1.51456766572022,20250702 plate44 A02
20250702,plate44,A02,2,51,40C,low-salinity,1.6336616871314005,20250702 plate44 A02
20250702,plate44,A02,3,51,40C,low-salinity,1.7852879139484357,20250702 plate44 A02
20250702,plate44,A02,4,51,40C,low-salinity,1.8120389472626186,20250702 plate44 A02
20250702,plate44,A03,0,74,40C,low-salinity,0,20250702 plate44 A03
20250702,plate44,A03,1,74,40C,low-salinity,0.08256030623737845,20250702 plate44 A03
20250702,plate44,A03,2,74,40C,low-salinity,0.12695155250465906,20250702 plate44 A03
20250702,plate44,A03,3,74,40C,low-salinity,0.13918685269221817,20250702 plate44 A03
20250702,plate44,A03,4,74,40C,low-salinity,0.16996912183595633,20250702 plate44 A03
20250702,plate44,A04,0,41,40C,high-salinity,0,20250702 plate44 A04
20250702,plate44,A04,1,41,40C,high-salinity,1.7722841500691358,20250702 plate44 A04
20250702,plate44,A04,2,41,40C,high-salinity,1.9916854117709462,20250702 plate44 A04
20250702,plate44,A04,3,41,40C,high-salinity,2.501520796378131,20250702 plate44 A04
20250702,plate44,A04,4,41,40C,high-salinity,3.8791326474683614,20250702 plate44 A04
20250702,plate44,A05,0,38,40C,high-salinity,0,20250702 plate44 A05
20250702,plate44,A05,1,38,40C,high-salinity,0.07569627196838888,20250702 plate44 A05
20250702,plate44,A05,2,38,40C,high-salinity,0.11475413123283375,20250702 plate44 A05
20250702,plate44,A05,3,38,40C,high-salinity,0.1229540822960987,20250702 plate44 A05
20250702,plate44,A05,4,38,40C,high-salinity,0.12916941874658752,20250702 plate44 A05
20250702,plate44,A06,0,12,40C,high-salinity,0,20250702 plate44 A06
20250702,plate44,A06,1,12,40C,high-salinity,1.1507573811849503,20250702 plate44 A06
20250702,plate44,A06,2,12,40C,high-salinity,1.2021460796501833,20250702 plate44 A06
20250702,plate44,A06,3,12,40C,high-salinity,1.8709559478813655,20250702 plate44 A06
20250702,plate44,A06,4,12,40C,high-salinity,1.9336538567123616,20250702 plate44 A06
20250702,plate44,B02,0,51,40C,low-salinity,0,20250702 plate44 B02
20250702,plate44,B02,1,51,40C,low-salinity,1.14808929963969,20250702 plate44 B02
20250702,plate44,B02,2,51,40C,low-salinity,0.9042702250226499,20250702 plate44 B02
20250702,plate44,B02,3,51,40C,low-salinity,2.171923424007013,20250702 plate44 B02
20250702,plate44,B02,4,51,40C,low-salinity,4.17510166571098,20250702 plate44 B02
20250702,plate44,B03,0,74,40C,low-salinity,0,20250702 plate44 B03
20250702,plate44,B03,1,74,40C,low-salinity,0.8571677275099708,20250702 plate44 B03
20250702,plate44,B03,2,74,40C,low-salinity,0.6455046166683404,20250702 plate44 B03
20250702,plate44,B03,3,74,40C,low-salinity,1.2117976379555793,20250702 plate44 B03
20250702,plate44,B03,4,74,40C,low-salinity,1.7646767965762575,20250702 plate44 B03
20250702,plate44,B04,0,41,40C,high-salinity,0,20250702 plate44 B04
20250702,plate44,B04,1,41,40C,high-salinity,1.5678254017339694,20250702 plate44 B04
20250702,plate44,B04,2,41,40C,high-salinity,1.3376453240969997,20250702 plate44 B04
20250702,plate44,B04,3,41,40C,high-salinity,5.1133078038183575,20250702 plate44 B04
20250702,plate44,B04,4,41,40C,high-salinity,6.196824193329607,20250702 plate44 B04
20250702,plate44,B05,0,38,40C,high-salinity,0,20250702 plate44 B05
20250702,plate44,B05,1,38,40C,high-salinity,0.1480125784231338,20250702 plate44 B05
20250702,plate44,B05,2,38,40C,high-salinity,0.1391830669094859,20250702 plate44 B05
20250702,plate44,B05,3,38,40C,high-salinity,0.3986105893508632,20250702 plate44 B05
20250702,plate44,B05,4,38,40C,high-salinity,0.43176911751926256,20250702 plate44 B05
20250702,plate44,B06,0,12,40C,high-salinity,0,20250702 plate44 B06
20250702,plate44,B06,1,12,40C,high-salinity,0.024296773396402765,20250702 plate44 B06
20250702,plate44,B06,2,12,40C,high-salinity,0.015460300951182364,20250702 plate44 B06
20250702,plate44,B06,3,12,40C,high-salinity,0.10790152346681874,20250702 plate44 B06
20250702,plate44,B06,4,12,40C,high-salinity,0.11579978313619642,20250702 plate44 B06
20250702,plate44,C02,0,51,40C,low-salinity,0,20250702 plate44 C02
20250702,plate44,C02,1,51,40C,low-salinity,0.11508316919600393,20250702 plate44 C02
20250702,plate44,C02,2,51,40C,low-salinity,0.25812166680912824,20250702 plate44 C02
20250702,plate44,C02,3,51,40C,low-salinity,1.4526648613317148,20250702 plate44 C02
20250702,plate44,C02,4,51,40C,low-salinity,2.2951737487956536,20250702 plate44 C02
20250702,plate44,C03,0,74,40C,low-salinity,0,20250702 plate44 C03
20250702,plate44,C03,1,74,40C,low-salinity,1.639036996472244,20250702 plate44 C03
20250702,plate44,C03,2,74,40C,low-salinity,1.4105191985160388,20250702 plate44 C03
20250702,plate44,C03,3,74,40C,low-salinity,4.3347646731255605,20250702 plate44 C03
20250702,plate44,C03,4,74,40C,low-salinity,5.960808140341602,20250702 plate44 C03
20250702,plate44,C04,0,41,40C,high-salinity,0,20250702 plate44 C04
20250702,plate44,C04,1,41,40C,high-salinity,0.14023947983249307,20250702 plate44 C04
20250702,plate44,C04,2,41,40C,high-salinity,0.12398463647031772,20250702 plate44 C04
20250702,plate44,C04,3,41,40C,high-salinity,0.42280833974023824,20250702 plate44 C04
20250702,plate44,C04,4,41,40C,high-salinity,0.42965540271946556,20250702 plate44 C04
20250702,plate44,C05,0,38,40C,high-salinity,0,20250702 plate44 C05
20250702,plate44,C05,1,38,40C,high-salinity,0.06034446597161813,20250702 plate44 C05
20250702,plate44,C05,2,38,40C,high-salinity,0.07678922866311136,20250702 plate44 C05
20250702,plate44,C05,3,38,40C,high-salinity,0.39460743748353455,20250702 plate44 C05
20250702,plate44,C05,4,38,40C,high-salinity,0.4138808612395999,20250702 plate44 C05
20250702,plate44,C06,0,12,40C,high-salinity,0,20250702 plate44 C06
20250702,plate44,C06,1,12,40C,high-salinity,0.51148451724019794,20250702 plate44 C06
20250702,plate44,C06,2,12,40C,high-salinity,0.4177336355199167,20250702 plate44 C06
20250702,plate44,C06,3,12,40C,high-salinity,1.4193904338801686,20250702 plate44 C06
20250702,plate44,C06,4,12,40C,high-salinity,2.0079780627814414,20250702 plate44 C06
20250702,plate44,D02,0,51,40C,low-salinity,0,20250702 plate44 D02
20250702,plate44,D02,1,51,40C,low-salinity,0.5469071783009698,20250702 plate44 D02
20250702,plate44,D02,2,51,40C,low-salinity,0.5735277411064078,20250702 plate44 D02
20250702,plate44,D02,3,51,40C,low-salinity,2.0663404027770302,20250702 plate44 D02
20250702,plate44,D02,4,51,40C,low-salinity,3.141658659497943,20250702 plate44 D02
20250702,plate44,D03,0,74,40C,low-salinity,0,20250702 plate44 D03
20250702,plate44,D03,1,74,40C,low-salinity,-0.015500790344090588,20250702 plate44 D03
20250702,plate44,D03,2,74,40C,low-salinity,-0.010080351072291754,20250702 plate44 D03
20250702,plate44,D03,3,74,40C,low-salinity,0.05219622749924619,20250702 plate44 D03
20250702,plate44,D03,4,74,40C,low-salinity,0.05670332298925338,20250702 plate44 D03
20250702,plate44,D04,0,41,40C,high-salinity,0,20250702 plate44 D04
20250702,plate44,D04,1,41,40C,high-salinity,0.7980555584796918,20250702 plate44 D04
20250702,plate44,D04,2,41,40C,high-salinity,0.7468099206702982,20250702 plate44 D04
20250702,plate44,D04,3,41,40C,high-salinity,2.198516774261668,20250702 plate44 D04
20250702,plate44,D04,4,41,40C,high-salinity,3.2777192693480264,20250702 plate44 D04
20250702,plate44,D05,0,38,40C,high-salinity,0,20250702 plate44 D05
20250702,plate44,D05,1,38,40C,high-salinity,0.08739401988164189,20250702 plate44 D05
20250702,plate44,D05,2,38,40C,high-salinity,0.13715622241620565,20250702 plate44 D05
20250702,plate44,D05,3,38,40C,high-salinity,1.55973080739296,20250702 plate44 D05
20250702,plate44,D05,4,38,40C,high-salinity,1.8127152753405698,20250702 plate44 D05
20250702,plate44,D06,0,12,40C,high-salinity,0,20250702 plate44 D06
20250702,plate44,D06,1,12,40C,high-salinity,0.23156001873767726,20250702 plate44 D06
20250702,plate44,D06,2,12,40C,high-salinity,0.18840503460650057,20250702 plate44 D06
20250702,plate44,D06,3,12,40C,high-salinity,1.7793194318209864,20250702 plate44 D06
20250702,plate44,D06,4,12,40C,high-salinity,1.7763547706391711,20250702 plate44 D06
20250702,plate45,A02,0,41,40C,high-salinity,0,20250702 plate45 A02
20250702,plate45,A02,1,41,40C,high-salinity,1.4602739705377048,20250702 plate45 A02
20250702,plate45,A02,2,41,40C,high-salinity,1.568693807754489,20250702 plate45 A02
20250702,plate45,A02,3,41,40C,high-salinity,2.5843451580345214,20250702 plate45 A02
20250702,plate45,A02,4,41,40C,high-salinity,2.8643166809499196,20250702 plate45 A02
20250702,plate45,A03,0,57,40C,low-salinity,0,20250702 plate45 A03
20250702,plate45,A03,1,57,40C,low-salinity,1.8180087192440373,20250702 plate45 A03
20250702,plate45,A03,2,57,40C,low-salinity,1.8566924783234473,20250702 plate45 A03
20250702,plate45,A03,3,57,40C,low-salinity,1.8939735890938725,20250702 plate45 A03
20250702,plate45,A03,4,57,40C,low-salinity,1.8824900584944977,20250702 plate45 A03
20250702,plate45,A04,0,38,40C,high-salinity,0,20250702 plate45 A04
20250702,plate45,A04,1,38,40C,high-salinity,0.0769174796801648,20250702 plate45 A04
20250702,plate45,A04,2,38,40C,high-salinity,0.14943908590068364,20250702 plate45 A04
20250702,plate45,A04,3,38,40C,high-salinity,0.17984679733601136,20250702 plate45 A04
20250702,plate45,A04,4,38,40C,high-salinity,0.1947960603822262,20250702 plate45 A04
20250702,plate45,A05,0,83,40C,low-salinity,0,20250702 plate45 A05
20250702,plate45,A05,1,83,40C,low-salinity,2.185794656617696,20250702 plate45 A05
20250702,plate45,A05,2,83,40C,low-salinity,3.373190241738281,20250702 plate45 A05
20250702,plate45,A05,3,83,40C,low-salinity,5.927696605041762,20250702 plate45 A05
20250702,plate45,A05,4,83,40C,low-salinity,5.801386918402164,20250702 plate45 A05
20250702,plate45,A06,0,25,40C,high-salinity,0,20250702 plate45 A06
20250702,plate45,A06,1,25,40C,high-salinity,0.3726784555358656,20250702 plate45 A06
20250702,plate45,A06,2,25,40C,high-salinity,0.4645356303402984,20250702 plate45 A06
20250702,plate45,A06,3,25,40C,high-salinity,0.5382353844199355,20250702 plate45 A06
20250702,plate45,A06,4,25,40C,high-salinity,0.5527404969767934,20250702 plate45 A06
20250702,plate45,B02,0,41,40C,high-salinity,0,20250702 plate45 B02
20250702,plate45,B02,1,41,40C,high-salinity,1.2944371888880148,20250702 plate45 B02
20250702,plate45,B02,2,41,40C,high-salinity,1.048730975776437,20250702 plate45 B02
20250702,plate45,B02,3,41,40C,high-salinity,2.1977430514942045,20250702 plate45 B02
20250702,plate45,B02,4,41,40C,high-salinity,2.227460246645154,20250702 plate45 B02
20250702,plate45,B03,0,57,40C,low-salinity,0,20250702 plate45 B03
20250702,plate45,B03,1,57,40C,low-salinity,0.6140029654086332,20250702 plate45 B03
20250702,plate45,B03,2,57,40C,low-salinity,0.5216170705096226,20250702 plate45 B03
20250702,plate45,B03,3,57,40C,low-salinity,2.078095704176051,20250702 plate45 B03
20250702,plate45,B03,4,57,40C,low-salinity,2.2077586286677033,20250702 plate45 B03
20250702,plate45,B04,0,38,40C,high-salinity,0,20250702 plate45 B04
20250702,plate45,B04,1,38,40C,high-salinity,0.10109755179769365,20250702 plate45 B04
20250702,plate45,B04,2,38,40C,high-salinity,0.08296944523904445,20250702 plate45 B04
20250702,plate45,B04,3,38,40C,high-salinity,0.26244353560719486,20250702 plate45 B04
20250702,plate45,B04,4,38,40C,high-salinity,0.2903617415914142,20250702 plate45 B04
20250702,plate45,B05,0,83,40C,low-salinity,0,20250702 plate45 B05
20250702,plate45,B05,1,83,40C,low-salinity,-0.006163393751069666,20250702 plate45 B05
20250702,plate45,B05,2,83,40C,low-salinity,0.0070649563261297905,20250702 plate45 B05
20250702,plate45,B05,3,83,40C,low-salinity,0.08076700789439892,20250702 plate45 B05
20250702,plate45,B05,4,83,40C,low-salinity,0.0888780517965888,20250702 plate45 B05
20250702,plate45,B06,0,25,40C,high-salinity,0,20250702 plate45 B06
20250702,plate45,B06,1,25,40C,high-salinity,0.8617408301500872,20250702 plate45 B06
20250702,plate45,B06,2,25,40C,high-salinity,0.6135233660682474,20250702 plate45 B06
20250702,plate45,B06,3,25,40C,high-salinity,2.112377893728512,20250702 plate45 B06
20250702,plate45,B06,4,25,40C,high-salinity,2.2133662576839446,20250702 plate45 B06
20250702,plate45,C02,0,41,40C,high-salinity,0,20250702 plate45 C02
20250702,plate45,C02,1,41,40C,high-salinity,0.37717047572564527,20250702 plate45 C02
20250702,plate45,C02,2,41,40C,high-salinity,0.26659862418339114,20250702 plate45 C02
20250702,plate45,C02,3,41,40C,high-salinity,1.9530987215896158,20250702 plate45 C02
20250702,plate45,C02,4,41,40C,high-salinity,2.4723181265372776,20250702 plate45 C02
20250702,plate45,C03,0,57,40C,low-salinity,0,20250702 plate45 C03
20250702,plate45,C03,1,57,40C,low-salinity,0.04315443664633583,20250702 plate45 C03
20250702,plate45,C03,2,57,40C,low-salinity,0.07637284687303295,20250702 plate45 C03
20250702,plate45,C03,3,57,40C,low-salinity,0.7600797199585129,20250702 plate45 C03
20250702,plate45,C03,4,57,40C,low-salinity,0.859461154746425,20250702 plate45 C03
20250702,plate45,C04,0,38,40C,high-salinity,0,20250702 plate45 C04
20250702,plate45,C04,1,38,40C,high-salinity,-0.013158272045509995,20250702 plate45 C04
20250702,plate45,C04,2,38,40C,high-salinity,0.0013060884099429179,20250702 plate45 C04
20250702,plate45,C04,3,38,40C,high-salinity,0.19089012850978954,20250702 plate45 C04
20250702,plate45,C04,4,38,40C,high-salinity,0.2197235519199266,20250702 plate45 C04
20250702,plate45,C05,0,83,40C,low-salinity,0,20250702 plate45 C05
20250702,plate45,C05,1,83,40C,low-salinity,-0.017052845248304388,20250702 plate45 C05
20250702,plate45,C05,2,83,40C,low-salinity,0.26634875751197645,20250702 plate45 C05
20250702,plate45,C05,3,83,40C,low-salinity,6.979281752767358,20250702 plate45 C05
20250702,plate45,C05,4,83,40C,low-salinity,9.702862938951348,20250702 plate45 C05
20250702,plate45,C06,0,25,40C,high-salinity,0,20250702 plate45 C06
20250702,plate45,C06,1,25,40C,high-salinity,0.03657547367343242,20250702 plate45 C06
20250702,plate45,C06,2,25,40C,high-salinity,0.013433608972523601,20250702 plate45 C06
20250702,plate45,C06,3,25,40C,high-salinity,0.7633662672079081,20250702 plate45 C06
20250702,plate45,C06,4,25,40C,high-salinity,0.9681787971009467,20250702 plate45 C06
20250702,plate45,D02,0,41,40C,high-salinity,0,20250702 plate45 D02
20250702,plate45,D02,1,41,40C,high-salinity,0.01864992372781327,20250702 plate45 D02
20250702,plate45,D02,2,41,40C,high-salinity,0.0051930345652124255,20250702 plate45 D02
20250702,plate45,D02,3,41,40C,high-salinity,0.2500898693385725,20250702 plate45 D02
20250702,plate45,D02,4,41,40C,high-salinity,0.291494199585713,20250702 plate45 D02
20250702,plate45,D03,0,57,40C,low-salinity,0,20250702 plate45 D03
20250702,plate45,D03,1,57,40C,low-salinity,0.37228581297841756,20250702 plate45 D03
20250702,plate45,D03,2,57,40C,low-salinity,0.36931293576968055,20250702 plate45 D03
20250702,plate45,D03,3,57,40C,low-salinity,4.750494123424938,20250702 plate45 D03
20250702,plate45,D03,4,57,40C,low-salinity,4.825358653812577,20250702 plate45 D03
20250702,plate45,D04,0,38,40C,high-salinity,0,20250702 plate45 D04
20250702,plate45,D04,1,38,40C,high-salinity,0.018931214508282446,20250702 plate45 D04
20250702,plate45,D04,2,38,40C,high-salinity,0.008812589319295783,20250702 plate45 D04
20250702,plate45,D04,3,38,40C,high-salinity,0.30806273455317185,20250702 plate45 D04
20250702,plate45,D04,4,38,40C,high-salinity,0.3369954732605464,20250702 plate45 D04
20250702,plate45,D05,0,83,40C,low-salinity,0,20250702 plate45 D05
20250702,plate45,D05,1,83,40C,low-salinity,0.6511688046322812,20250702 plate45 D05
20250702,plate45,D05,2,83,40C,low-salinity,0.5158630473521089,20250702 plate45 D05
20250702,plate45,D05,3,83,40C,low-salinity,4.406444219388505,20250702 plate45 D05
20250702,plate45,D05,4,83,40C,low-salinity,4.502057612274247,20250702 plate45 D05
20250702,plate45,D06,0,25,40C,high-salinity,0,20250702 plate45 D06
20250702,plate45,D06,1,25,40C,high-salinity,0.6725784698071469,20250702 plate45 D06
20250702,plate45,D06,2,25,40C,high-salinity,0.33302492421206503,20250702 plate45 D06
20250702,plate45,D06,3,25,40C,high-salinity,2.4546016265898265,20250702 plate45 D06
20250702,plate45,D06,4,25,40C,high-salinity,2.6471445890833216,20250702 plate45 D06
20250702,plate46,A02,0,6,40C,high-salinity,0,20250702 plate46 A02
20250702,plate46,A02,1,6,40C,high-salinity,1.1855816830996915,20250702 plate46 A02
20250702,plate46,A02,2,6,40C,high-salinity,1.228763305914773,20250702 plate46 A02
20250702,plate46,A02,3,6,40C,high-salinity,1.097090494889141,20250702 plate46 A02
20250702,plate46,A02,4,6,40C,high-salinity,1.221996842506965,20250702 plate46 A02
20250702,plate46,A03,0,2,40C,high-salinity,0,20250702 plate46 A03
20250702,plate46,A03,1,2,40C,high-salinity,0.6716289561488175,20250702 plate46 A03
20250702,plate46,A03,2,2,40C,high-salinity,0.8010968647621058,20250702 plate46 A03
20250702,plate46,A03,3,2,40C,high-salinity,0.8834738344726744,20250702 plate46 A03
20250702,plate46,A03,4,2,40C,high-salinity,0.8937155972111456,20250702 plate46 A03
20250702,plate46,A04,0,60,40C,low-salinity,0,20250702 plate46 A04
20250702,plate46,A04,1,60,40C,low-salinity,1.6837407883505904,20250702 plate46 A04
20250702,plate46,A04,2,60,40C,low-salinity,1.7763777737590098,20250702 plate46 A04
20250702,plate46,A04,3,60,40C,low-salinity,1.8093775387469346,20250702 plate46 A04
20250702,plate46,A04,4,60,40C,low-salinity,1.8073012355705977,20250702 plate46 A04
20250702,plate46,A05,0,25,40C,high-salinity,0,20250702 plate46 A05
20250702,plate46,A05,1,25,40C,high-salinity,0.26841171286290993,20250702 plate46 A05
20250702,plate46,A05,2,25,40C,high-salinity,0.3548175071479375,20250702 plate46 A05
20250702,plate46,A05,3,25,40C,high-salinity,0.4383799577385968,20250702 plate46 A05
20250702,plate46,A05,4,25,40C,high-salinity,0.45021005688368365,20250702 plate46 A05
20250702,plate46,B02,0,6,40C,high-salinity,0,20250702 plate46 B02
20250702,plate46,B02,1,6,40C,high-salinity,0.7611437123548204,20250702 plate46 B02
20250702,plate46,B02,2,6,40C,high-salinity,0.7092747564998252,20250702 plate46 B02
20250702,plate46,B02,3,6,40C,high-salinity,1.2349630364189164,20250702 plate46 B02
20250702,plate46,B02,4,6,40C,high-salinity,1.4396557392287246,20250702 plate46 B02
20250702,plate46,B03,0,2,40C,high-salinity,0,20250702 plate46 B03
20250702,plate46,B03,1,2,40C,high-salinity,1.2816611088574383,20250702 plate46 B03
20250702,plate46,B03,2,2,40C,high-salinity,1.3316699801943563,20250702 plate46 B03
20250702,plate46,B03,3,2,40C,high-salinity,5.206881524009793,20250702 plate46 B03
20250702,plate46,B03,4,2,40C,high-salinity,5.695103184136892,20250702 plate46 B03
20250702,plate46,B04,0,60,40C,low-salinity,0,20250702 plate46 B04
20250702,plate46,B04,1,60,40C,low-salinity,1.1320788708961462,20250702 plate46 B04
20250702,plate46,B04,2,60,40C,low-salinity,1.077023997645323,20250702 plate46 B04
20250702,plate46,B04,3,60,40C,low-salinity,2.4798529369228905,20250702 plate46 B04
20250702,plate46,B04,4,60,40C,low-salinity,2.5991024460489216,20250702 plate46 B04
20250702,plate46,B05,0,25,40C,high-salinity,0,20250702 plate46 B05
20250702,plate46,B05,1,25,40C,high-salinity,0.865941263894421,20250702 plate46 B05
20250702,plate46,B05,2,25,40C,high-salinity,0.8276867856144527,20250702 plate46 B05
20250702,plate46,B05,3,25,40C,high-salinity,3.25145960178227,20250702 plate46 B05
20250702,plate46,B05,4,25,40C,high-salinity,3.2346362666479527,20250702 plate46 B05
20250702,plate46,B06,0,55,40C,low-salinity,0,20250702 plate46 B06
20250702,plate46,B06,1,55,40C,low-salinity,0.754186251189202,20250702 plate46 B06
20250702,plate46,B06,2,55,40C,low-salinity,0.8010988539766494,20250702 plate46 B06
20250702,plate46,B06,3,55,40C,low-salinity,1.9302762158104763,20250702 plate46 B06
20250702,plate46,B06,4,55,40C,low-salinity,2.3842436848311217,20250702 plate46 B06
20250702,plate46,C02,0,6,40C,high-salinity,0,20250702 plate46 C02
20250702,plate46,C02,1,6,40C,high-salinity,-0.008893397054601128,20250702 plate46 C02
20250702,plate46,C02,2,6,40C,high-salinity,0.020287921669847265,20250702 plate46 C02
20250702,plate46,C02,3,6,40C,high-salinity,0.12668267788308624,20250702 plate46 C02
20250702,plate46,C02,4,6,40C,high-salinity,0.13204517511102598,20250702 plate46 C02
20250702,plate46,C03,0,2,40C,high-salinity,0,20250702 plate46 C03
20250702,plate46,C03,1,2,40C,high-salinity,0.3805665883107733,20250702 plate46 C03
20250702,plate46,C03,2,2,40C,high-salinity,0.40067470540476496,20250702 plate46 C03
20250702,plate46,C03,3,2,40C,high-salinity,1.4732980141872436,20250702 plate46 C03
20250702,plate46,C03,4,2,40C,high-salinity,1.5396379692511202,20250702 plate46 C03
20250702,plate46,C04,0,60,40C,low-salinity,0,20250702 plate46 C04
20250702,plate46,C04,1,60,40C,low-salinity,0.27150723758216616,20250702 plate46 C04
20250702,plate46,C04,2,60,40C,low-salinity,0.2573205041916512,20250702 plate46 C04
20250702,plate46,C04,3,60,40C,low-salinity,0.841618469322645,20250702 plate46 C04
20250702,plate46,C04,4,60,40C,low-salinity,0.9547121288644935,20250702 plate46 C04
20250702,plate46,C05,0,25,40C,high-salinity,0,20250702 plate46 C05
20250702,plate46,C05,1,25,40C,high-salinity,0.6190957122750189,20250702 plate46 C05
20250702,plate46,C05,2,25,40C,high-salinity,0.6017458185557532,20250702 plate46 C05
20250702,plate46,C05,3,25,40C,high-salinity,1.8635703480972352,20250702 plate46 C05
20250702,plate46,C05,4,25,40C,high-salinity,1.8686160347385277,20250702 plate46 C05
20250702,plate46,C06,0,55,40C,low-salinity,0,20250702 plate46 C06
20250702,plate46,C06,1,55,40C,low-salinity,0.3305652939547413,20250702 plate46 C06
20250702,plate46,C06,2,55,40C,low-salinity,0.35390004477138204,20250702 plate46 C06
20250702,plate46,C06,3,55,40C,low-salinity,1.1893349305413021,20250702 plate46 C06
20250702,plate46,C06,4,55,40C,low-salinity,1.3730796429261922,20250702 plate46 C06
20250702,plate46,D02,0,6,40C,high-salinity,0,20250702 plate46 D02
20250702,plate46,D02,1,6,40C,high-salinity,0.3251282861423912,20250702 plate46 D02
20250702,plate46,D02,2,6,40C,high-salinity,0.3398194153774813,20250702 plate46 D02
20250702,plate46,D02,3,6,40C,high-salinity,1.914387830731494,20250702 plate46 D02
20250702,plate46,D02,4,6,40C,high-salinity,2.0094628321814865,20250702 plate46 D02
20250702,plate46,D03,0,2,40C,high-salinity,0,20250702 plate46 D03
20250702,plate46,D03,1,2,40C,high-salinity,0.08742134243444868,20250702 plate46 D03
20250702,plate46,D03,2,2,40C,high-salinity,0.16126860970551896,20250702 plate46 D03
20250702,plate46,D03,3,2,40C,high-salinity,1.9868102042267894,20250702 plate46 D03
20250702,plate46,D03,4,2,40C,high-salinity,2.0285657720264387,20250702 plate46 D03
20250702,plate46,D04,0,60,40C,low-salinity,0,20250702 plate46 D04
20250702,plate46,D04,1,60,40C,low-salinity,0.7992748964065013,20250702 plate46 D04
20250702,plate46,D04,2,60,40C,low-salinity,1.0484547421659958,20250702 plate46 D04
20250702,plate46,D04,3,60,40C,low-salinity,5.624179286215774,20250702 plate46 D04
20250702,plate46,D04,4,60,40C,low-salinity,5.560720173888595,20250702 plate46 D04
20250702,plate46,D05,0,25,40C,high-salinity,0,20250702 plate46 D05
20250702,plate46,D05,1,25,40C,high-salinity,0.4943009200892808,20250702 plate46 D05
20250702,plate46,D05,2,25,40C,high-salinity,0.50263825781859806,20250702 plate46 D05
20250702,plate46,D05,3,25,40C,high-salinity,2.821114130977892,20250702 plate46 D05
20250702,plate46,D05,4,25,40C,high-salinity,2.887475354873627,20250702 plate46 D05
20250702,plate46,D06,0,55,40C,low-salinity,0,20250702 plate46 D06
20250702,plate46,D06,1,55,40C,low-salinity,0.5603779851186296,20250702 plate46 D06
20250702,plate46,D06,2,55,40C,low-salinity,0.5857451306306639,20250702 plate46 D06
20250702,plate46,D06,3,55,40C,low-salinity,2.352152274430824,20250702 plate46 D06
20250702,plate46,D06,4,55,40C,low-salinity,2.795098231200493,20250702 plate46 D06
20250702,plate47,A02,0,83,40C,low-salinity,0,20250702 plate47 A02
20250702,plate47,A02,1,83,40C,low-salinity,0.12471410786911657,20250702 plate47 A02
20250702,plate47,A02,2,83,40C,low-salinity,0.1685415354832667,20250702 plate47 A02
20250702,plate47,A02,3,83,40C,low-salinity,0.21853606623308536,20250702 plate47 A02
20250702,plate47,A02,4,83,40C,low-salinity,0.22836552429129073,20250702 plate47 A02
20250702,plate47,A03,0,36,40C,high-salinity,0,20250702 plate47 A03
20250702,plate47,A03,1,36,40C,high-salinity,2.909855498829352,20250702 plate47 A03
20250702,plate47,A03,2,36,40C,high-salinity,3.1085657733519745,20250702 plate47 A03
20250702,plate47,A03,3,36,40C,high-salinity,4.966796748595625,20250702 plate47 A03
20250702,plate47,A03,4,36,40C,high-salinity,5.083993396228048,20250702 plate47 A03
20250702,plate47,A04,0,16,40C,high-salinity,0,20250702 plate47 A04
20250702,plate47,A04,1,16,40C,high-salinity,1.637002293890161,20250702 plate47 A04
20250702,plate47,A04,2,16,40C,high-salinity,2.2363104605480006,20250702 plate47 A04
20250702,plate47,A04,3,16,40C,high-salinity,3.473661811261064,20250702 plate47 A04
20250702,plate47,A04,4,16,40C,high-salinity,4.099886863397671,20250702 plate47 A04
20250702,plate47,A05,0,12,40C,high-salinity,0,20250702 plate47 A05
20250702,plate47,A05,1,12,40C,high-salinity,0.11543877061430917,20250702 plate47 A05
20250702,plate47,A05,2,12,40C,high-salinity,0.18158667936649514,20250702 plate47 A05
20250702,plate47,A05,3,12,40C,high-salinity,0.19906843970199442,20250702 plate47 A05
20250702,plate47,A05,4,12,40C,high-salinity,0.21747421639593337,20250702 plate47 A05
20250702,plate47,A06,0,15,40C,high-salinity,0,20250702 plate47 A06
20250702,plate47,A06,1,15,40C,high-salinity,0.17320351886765395,20250702 plate47 A06
20250702,plate47,A06,2,15,40C,high-salinity,0.2635012984522082,20250702 plate47 A06
20250702,plate47,A06,3,15,40C,high-salinity,0.32286588524968907,20250702 plate47 A06
20250702,plate47,A06,4,15,40C,high-salinity,0.3507346923461034,20250702 plate47 A06
20250702,plate47,B02,0,83,40C,low-salinity,0,20250702 plate47 B02
20250702,plate47,B02,1,83,40C,low-salinity,0.013584573992055938,20250702 plate47 B02
20250702,plate47,B02,2,83,40C,low-salinity,0.027965880190064976,20250702 plate47 B02
20250702,plate47,B02,3,83,40C,low-salinity,0.09112734789016977,20250702 plate47 B02
20250702,plate47,B02,4,83,40C,low-salinity,0.10998050114129286,20250702 plate47 B02
20250702,plate47,B03,0,36,40C,high-salinity,0,20250702 plate47 B03
20250702,plate47,B03,1,36,40C,high-salinity,1.0928658795927815,20250702 plate47 B03
20250702,plate47,B03,2,36,40C,high-salinity,0.9457102321101027,20250702 plate47 B03
20250702,plate47,B03,3,36,40C,high-salinity,1.670385500841106,20250702 plate47 B03
20250702,plate47,B03,4,36,40C,high-salinity,1.6865301235080958,20250702 plate47 B03
20250702,plate47,B04,0,16,40C,high-salinity,0,20250702 plate47 B04
20250702,plate47,B04,1,16,40C,high-salinity,1.3409266388227399,20250702 plate47 B04
20250702,plate47,B04,2,16,40C,high-salinity,2.3696084028490354,20250702 plate47 B04
20250702,plate47,B04,3,16,40C,high-salinity,8.79580068463426,20250702 plate47 B04
20250702,plate47,B04,4,16,40C,high-salinity,10.256012455165868,20250702 plate47 B04
20250702,plate47,B05,0,12,40C,high-salinity,0,20250702 plate47 B05
20250702,plate47,B05,1,12,40C,high-salinity,0.02016340035574413,20250702 plate47 B05
20250702,plate47,B05,2,12,40C,high-salinity,0.03298191495624863,20250702 plate47 B05
20250702,plate47,B05,3,12,40C,high-salinity,0.1268826533961937,20250702 plate47 B05
20250702,plate47,B05,4,12,40C,high-salinity,0.15197785162767774,20250702 plate47 B05
20250702,plate47,B06,0,15,40C,high-salinity,0,20250702 plate47 B06
20250702,plate47,B06,1,15,40C,high-salinity,0.015102446476682475,20250702 plate47 B06
20250702,plate47,B06,2,15,40C,high-salinity,0.04424623846907077,20250702 plate47 B06
20250702,plate47,B06,3,15,40C,high-salinity,0.1480316164474823,20250702 plate47 B06
20250702,plate47,B06,4,15,40C,high-salinity,0.16192427418511793,20250702 plate47 B06
20250702,plate47,C02,0,83,40C,low-salinity,0,20250702 plate47 C02
20250702,plate47,C02,1,83,40C,low-salinity,1.4458857144498156,20250702 plate47 C02
20250702,plate47,C02,2,83,40C,low-salinity,1.9924315378738977,20250702 plate47 C02
20250702,plate47,C02,3,83,40C,low-salinity,9.632058686222258,20250702 plate47 C02
20250702,plate47,C02,4,83,40C,low-salinity,10.174219870081076,20250702 plate47 C02
20250702,plate47,C03,0,36,40C,high-salinity,0,20250702 plate47 C03
20250702,plate47,C03,1,36,40C,high-salinity,0.8740327972529066,20250702 plate47 C03
20250702,plate47,C03,2,36,40C,high-salinity,0.8694283524824884,20250702 plate47 C03
20250702,plate47,C03,3,36,40C,high-salinity,2.9825429626142475,20250702 plate47 C03
20250702,plate47,C03,4,36,40C,high-salinity,3.531053925504415,20250702 plate47 C03
20250702,plate47,C04,0,16,40C,high-salinity,0,20250702 plate47 C04
20250702,plate47,C04,1,16,40C,high-salinity,0.5882375333704563,20250702 plate47 C04
20250702,plate47,C04,2,16,40C,high-salinity,0.5236499461004331,20250702 plate47 C04
20250702,plate47,C04,3,16,40C,high-salinity,2.950299763633334,20250702 plate47 C04
20250702,plate47,C04,4,16,40C,high-salinity,3.134117180350565,20250702 plate47 C04
20250702,plate47,C05,0,12,40C,high-salinity,0,20250702 plate47 C05
20250702,plate47,C05,1,12,40C,high-salinity,0.0075083261576732434,20250702 plate47 C05
20250702,plate47,C05,2,12,40C,high-salinity,0.02689870495060512,20250702 plate47 C05
20250702,plate47,C05,3,12,40C,high-salinity,0.20669987830387582,20250702 plate47 C05
20250702,plate47,C05,4,12,40C,high-salinity,0.23550348830471732,20250702 plate47 C05
20250702,plate47,C06,0,15,40C,high-salinity,0,20250702 plate47 C06
20250702,plate47,C06,1,15,40C,high-salinity,-0.00171206754551422,20250702 plate47 C06
20250702,plate47,C06,2,15,40C,high-salinity,0.01700363939802109,20250702 plate47 C06
20250702,plate47,C06,3,15,40C,high-salinity,0.1552235814918881,20250702 plate47 C06
20250702,plate47,C06,4,15,40C,high-salinity,0.18559086497691002,20250702 plate47 C06
20250702,plate47,D02,0,83,40C,low-salinity,0,20250702 plate47 D02
20250702,plate47,D02,1,83,40C,low-salinity,-1.7021664820938997e-4,20250702 plate47 D02
20250702,plate47,D02,2,83,40C,low-salinity,0.02547644107244952,20250702 plate47 D02
20250702,plate47,D02,3,83,40C,low-salinity,0.22868127934756924,20250702 plate47 D02
20250702,plate47,D02,4,83,40C,low-salinity,0.327543697553257,20250702 plate47 D02
20250702,plate47,D03,0,36,40C,high-salinity,0,20250702 plate47 D03
20250702,plate47,D03,1,36,40C,high-salinity,0.9165125639958237,20250702 plate47 D03
20250702,plate47,D03,2,36,40C,high-salinity,0.9717627618006168,20250702 plate47 D03
20250702,plate47,D03,3,36,40C,high-salinity,3.5699102979878607,20250702 plate47 D03
20250702,plate47,D03,4,36,40C,high-salinity,3.703769302948042,20250702 plate47 D03
20250702,plate47,D04,0,16,40C,high-salinity,0,20250702 plate47 D04
20250702,plate47,D04,1,16,40C,high-salinity,0.495431738159653,20250702 plate47 D04
20250702,plate47,D04,2,16,40C,high-salinity,0.4914337562488737,20250702 plate47 D04
20250702,plate47,D04,3,16,40C,high-salinity,1.4347535552947224,20250702 plate47 D04
20250702,plate47,D04,4,16,40C,high-salinity,1.5405702221835107,20250702 plate47 D04
20250702,plate47,D05,0,12,40C,high-salinity,0,20250702 plate47 D05
20250702,plate47,D05,1,12,40C,high-salinity,0.19716930899748528,20250702 plate47 D05
20250702,plate47,D05,2,12,40C,high-salinity,0.24369822936594543,20250702 plate47 D05
20250702,plate47,D05,3,12,40C,high-salinity,2.17723537467916,20250702 plate47 D05
20250702,plate47,D05,4,12,40C,high-salinity,2.423760099604358,20250702 plate47 D05
20250702,plate47,D06,0,15,40C,high-salinity,0,20250702 plate47 D06
20250702,plate47,D06,1,15,40C,high-salinity,0.6724468910915431,20250702 plate47 D06
20250702,plate47,D06,2,15,40C,high-salinity,0.6140664358309077,20250702 plate47 D06
20250702,plate47,D06,3,15,40C,high-salinity,1.6579830429183466,20250702 plate47 D06
20250702,plate47,D06,4,15,40C,high-salinity,1.6825330026902798,20250702 plate47 D06
20250702,plate48,A02,0,37,40C,high-salinity,0,20250702 plate48 A02
20250702,plate48,A02,1,37,40C,high-salinity,0.1035351059676767,20250702 plate48 A02
20250702,plate48,A02,2,37,40C,high-salinity,0.1745706301983,20250702 plate48 A02
20250702,plate48,A02,3,37,40C,high-salinity,0.2013546479036974,20250702 plate48 A02
20250702,plate48,A02,4,37,40C,high-salinity,0.22438695744378984,20250702 plate48 A02
20250702,plate48,A03,0,12,40C,high-salinity,0,20250702 plate48 A03
20250702,plate48,A03,1,12,40C,high-salinity,0.5854031328677278,20250702 plate48 A03
20250702,plate48,A03,2,12,40C,high-salinity,0.6558765257601983,20250702 plate48 A03
20250702,plate48,A03,3,12,40C,high-salinity,0.8621429317911523,20250702 plate48 A03
20250702,plate48,A03,4,12,40C,high-salinity,0.9619244822305063,20250702 plate48 A03
20250702,plate48,A04,0,70,40C,low-salinity,0,20250702 plate48 A04
20250702,plate48,A04,1,70,40C,low-salinity,1.6204325634840904,20250702 plate48 A04
20250702,plate48,A04,2,70,40C,low-salinity,1.814201899703412,20250702 plate48 A04
20250702,plate48,A04,3,70,40C,low-salinity,1.824106217410624,20250702 plate48 A04
20250702,plate48,A04,4,70,40C,low-salinity,2.090819771430678,20250702 plate48 A04
20250702,plate48,A05,0,51,40C,low-salinity,0,20250702 plate48 A05
20250702,plate48,A05,1,51,40C,low-salinity,0.14772756879258328,20250702 plate48 A05
20250702,plate48,A05,2,51,40C,low-salinity,0.21011008899011097,20250702 plate48 A05
20250702,plate48,A05,3,51,40C,low-salinity,0.2624550017983823,20250702 plate48 A05
20250702,plate48,A05,4,51,40C,low-salinity,0.28291421619743173,20250702 plate48 A05
20250702,plate48,A06,0,33,40C,high-salinity,0,20250702 plate48 A06
20250702,plate48,A06,1,33,40C,high-salinity,1.5445681057903806,20250702 plate48 A06
20250702,plate48,A06,2,33,40C,high-salinity,2.0125568564021226,20250702 plate48 A06
20250702,plate48,A06,3,33,40C,high-salinity,3.343964644237968,20250702 plate48 A06
20250702,plate48,A06,4,33,40C,high-salinity,3.3151257866340083,20250702 plate48 A06
20250702,plate48,B02,0,37,40C,high-salinity,0,20250702 plate48 B02
20250702,plate48,B02,1,37,40C,high-salinity,0.23914519174735363,20250702 plate48 B02
20250702,plate48,B02,2,37,40C,high-salinity,0.3348487329989588,20250702 plate48 B02
20250702,plate48,B02,3,37,40C,high-salinity,0.7644634517915913,20250702 plate48 B02
20250702,plate48,B02,4,37,40C,high-salinity,0.8544740831897212,20250702 plate48 B02
20250702,plate48,B03,0,12,40C,high-salinity,0,20250702 plate48 B03
20250702,plate48,B03,1,12,40C,high-salinity,1.3440158321103914,20250702 plate48 B03
20250702,plate48,B03,2,12,40C,high-salinity,1.0111756974825978,20250702 plate48 B03
20250702,plate48,B03,3,12,40C,high-salinity,4.15128589639052,20250702 plate48 B03
20250702,plate48,B03,4,12,40C,high-salinity,4.820006177538077,20250702 plate48 B03
20250702,plate48,B04,0,70,40C,low-salinity,0,20250702 plate48 B04
20250702,plate48,B04,1,70,40C,low-salinity,0.01004762352291152,20250702 plate48 B04
20250702,plate48,B04,2,70,40C,low-salinity,0.01857219839149589,20250702 plate48 B04
20250702,plate48,B04,3,70,40C,low-salinity,0.10266834824215064,20250702 plate48 B04
20250702,plate48,B04,4,70,40C,low-salinity,0.14075954474527202,20250702 plate48 B04
20250702,plate48,B05,0,51,40C,low-salinity,0,20250702 plate48 B05
20250702,plate48,B05,1,51,40C,low-salinity,0.8788949109914888,20250702 plate48 B05
20250702,plate48,B05,2,51,40C,low-salinity,0.725612437131991,20250702 plate48 B05
20250702,plate48,B05,3,51,40C,low-salinity,3.0943327298876717,20250702 plate48 B05
20250702,plate48,B05,4,51,40C,low-salinity,4.5110436148589335,20250702 plate48 B05
20250702,plate48,B06,0,33,40C,high-salinity,0,20250702 plate48 B06
20250702,plate48,B06,1,33,40C,high-salinity,1.6956125085101068,20250702 plate48 B06
20250702,plate48,B06,2,33,40C,high-salinity,1.3694179033584597,20250702 plate48 B06
20250702,plate48,B06,3,33,40C,high-salinity,4.211885077281256,20250702 plate48 B06
20250702,plate48,B06,4,33,40C,high-salinity,4.550234203089595,20250702 plate48 B06
20250702,plate48,C02,0,37,40C,high-salinity,0,20250702 plate48 C02
20250702,plate48,C02,1,37,40C,high-salinity,0.5977151997198632,20250702 plate48 C02
20250702,plate48,C02,2,37,40C,high-salinity,0.445708378674792,20250702 plate48 C02
20250702,plate48,C02,3,37,40C,high-salinity,2.262464711463719,20250702 plate48 C02
20250702,plate48,C02,4,37,40C,high-salinity,2.4028142929153495,20250702 plate48 C02
20250702,plate48,C03,0,12,40C,high-salinity,0,20250702 plate48 C03
20250702,plate48,C03,1,12,40C,high-salinity,0.1595342420134921,20250702 plate48 C03
20250702,plate48,C03,2,12,40C,high-salinity,0.07900047105738241,20250702 plate48 C03
20250702,plate48,C03,3,12,40C,high-salinity,0.2790036172786775,20250702 plate48 C03
20250702,plate48,C03,4,12,40C,high-salinity,0.3283617250256635,20250702 plate48 C03
20250702,plate48,C04,0,70,40C,low-salinity,0,20250702 plate48 C04
20250702,plate48,C04,1,70,40C,low-salinity,0.04519394753814378,20250702 plate48 C04
20250702,plate48,C04,2,70,40C,low-salinity,0.0495687882450323,20250702 plate48 C04
20250702,plate48,C04,3,70,40C,low-salinity,0.31077854167767116,20250702 plate48 C04
20250702,plate48,C04,4,70,40C,low-salinity,0.369727753755101,20250702 plate48 C04
20250702,plate48,C05,0,51,40C,low-salinity,0,20250702 plate48 C05
20250702,plate48,C05,1,51,40C,low-salinity,0.06554021585153323,20250702 plate48 C05
20250702,plate48,C05,2,51,40C,low-salinity,0.059911059126480974,20250702 plate48 C05
20250702,plate48,C05,3,51,40C,low-salinity,0.2508221604645774,20250702 plate48 C05
20250702,plate48,C05,4,51,40C,low-salinity,0.2974798090481257,20250702 plate48 C05
20250702,plate48,C06,0,33,40C,high-salinity,0,20250702 plate48 C06
20250702,plate48,C06,1,33,40C,high-salinity,0.6861020277831158,20250702 plate48 C06
20250702,plate48,C06,2,33,40C,high-salinity,0.9109167801313856,20250702 plate48 C06
20250702,plate48,C06,3,33,40C,high-salinity,3.73206661201302,20250702 plate48 C06
20250702,plate48,C06,4,33,40C,high-salinity,3.836523160023264,20250702 plate48 C06
20250702,plate48,D02,0,37,40C,high-salinity,0,20250702 plate48 D02
20250702,plate48,D02,1,37,40C,high-salinity,0.4954227191563633,20250702 plate48 D02
20250702,plate48,D02,2,37,40C,high-salinity,0.38963613427721494,20250702 plate48 D02
20250702,plate48,D02,3,37,40C,high-salinity,1.5362091050344304,20250702 plate48 D02
20250702,plate48,D02,4,37,40C,high-salinity,1.9562758447781867,20250702 plate48 D02
20250702,plate48,D03,0,12,40C,high-salinity,0,20250702 plate48 D03
20250702,plate48,D03,1,12,40C,high-salinity,0.6038562059942276,20250702 plate48 D03
20250702,plate48,D03,2,12,40C,high-salinity,0.393006443467053,20250702 plate48 D03
20250702,plate48,D03,3,12,40C,high-salinity,1.1826740866146201,20250702 plate48 D03
20250702,plate48,D03,4,12,40C,high-salinity,1.4793136775320834,20250702 plate48 D03
20250702,plate48,D04,0,70,40C,low-salinity,0,20250702 plate48 D04
20250702,plate48,D04,1,70,40C,low-salinity,0.1820282475174135,20250702 plate48 D04
20250702,plate48,D04,2,70,40C,low-salinity,0.1564680583986335,20250702 plate48 D04
20250702,plate48,D04,3,70,40C,low-salinity,0.6841273800438772,20250702 plate48 D04
20250702,plate48,D04,4,70,40C,low-salinity,0.739231872700289,20250702 plate48 D04
20250702,plate48,D05,0,51,40C,low-salinity,0,20250702 plate48 D05
20250702,plate48,D05,1,51,40C,low-salinity,0.3240910046111294,20250702 plate48 D05
20250702,plate48,D05,2,51,40C,low-salinity,0.21688160997228126,20250702 plate48 D05
20250702,plate48,D05,3,51,40C,low-salinity,0.9329310224718881,20250702 plate48 D05
20250702,plate48,D05,4,51,40C,low-salinity,0.9724846825537641,20250702 plate48 D05
20250702,plate48,D06,0,33,40C,high-salinity,0,20250702 plate48 D06
20250702,plate48,D06,1,33,40C,high-salinity,0.028505785469536665,20250702 plate48 D06
20250702,plate48,D06,2,33,40C,high-salinity,0.012697274539734744,20250702 plate48 D06
20250702,plate48,D06,3,33,40C,high-salinity,0.10311903090346869,20250702 plate48 D06
20250702,plate48,D06,4,33,40C,high-salinity,0.11155002680218627,20250702 plate48 D06
20250703,plate49,A02,0,85,40C,low-salinity,0,20250703 plate49 A02
20250703,plate49,A02,1,85,40C,low-salinity,0.9689369601343119,20250703 plate49 A02
20250703,plate49,A02,2,85,40C,low-salinity,2.9302599719628306,20250703 plate49 A02
20250703,plate49,A02,3,85,40C,low-salinity,4.9903359764151265,20250703 plate49 A02
20250703,plate49,A02,4,85,40C,low-salinity,4.925924939115503,20250703 plate49 A02
20250703,plate49,A04,0,32,40C,high-salinity,0,20250703 plate49 A04
20250703,plate49,A04,1,32,40C,high-salinity,1.5363540033532246,20250703 plate49 A04
20250703,plate49,A04,2,32,40C,high-salinity,1.8523947190856835,20250703 plate49 A04
20250703,plate49,A04,3,32,40C,high-salinity,3.3978827731917227,20250703 plate49 A04
20250703,plate49,A04,4,32,40C,high-salinity,4.06799085196762,20250703 plate49 A04
20250703,plate49,A05,0,50,40C,low-salinity,0,20250703 plate49 A05
20250703,plate49,A05,1,50,40C,low-salinity,1.911570242819138,20250703 plate49 A05
20250703,plate49,A05,2,50,40C,low-salinity,2.2035906803214944,20250703 plate49 A05
20250703,plate49,A05,3,50,40C,low-salinity,3.639087786957818,20250703 plate49 A05
20250703,plate49,A05,4,50,40C,low-salinity,4.40819675828475,20250703 plate49 A05
20250703,plate49,A06,0,26,40C,high-salinity,0,20250703 plate49 A06
20250703,plate49,A06,1,26,40C,high-salinity,1.7772320208649426,20250703 plate49 A06
20250703,plate49,A06,2,26,40C,high-salinity,1.9941295105647159,20250703 plate49 A06
20250703,plate49,A06,3,26,40C,high-salinity,2.273488250966486,20250703 plate49 A06
20250703,plate49,A06,4,26,40C,high-salinity,2.3566480935536123,20250703 plate49 A06
20250703,plate49,B02,0,85,40C,low-salinity,0,20250703 plate49 B02
20250703,plate49,B02,1,85,40C,low-salinity,1.2182094371496812,20250703 plate49 B02
20250703,plate49,B02,2,85,40C,low-salinity,1.365245174802436,20250703 plate49 B02
20250703,plate49,B02,3,85,40C,low-salinity,4.520032074457326,20250703 plate49 B02
20250703,plate49,B02,4,85,40C,low-salinity,6.017296311118852,20250703 plate49 B02
20250703,plate49,B03,0,82,40C,low-salinity,0,20250703 plate49 B03
20250703,plate49,B03,1,82,40C,low-salinity,1.1268610807907076,20250703 plate49 B03
20250703,plate49,B03,2,82,40C,low-salinity,1.6627911514166334,20250703 plate49 B03
20250703,plate49,B03,3,82,40C,low-salinity,6.534076735304881,20250703 plate49 B03
20250703,plate49,B03,4,82,40C,low-salinity,6.870931013826007,20250703 plate49 B03
20250703,plate49,B04,0,32,40C,high-salinity,0,20250703 plate49 B04
20250703,plate49,B04,1,32,40C,high-salinity,1.3322920500234434,20250703 plate49 B04
20250703,plate49,B04,2,32,40C,high-salinity,1.083292792806348,20250703 plate49 B04
20250703,plate49,B04,3,32,40C,high-salinity,5.992566252096001,20250703 plate49 B04
20250703,plate49,B04,4,32,40C,high-salinity,7.284634492180488,20250703 plate49 B04
20250703,plate49,B05,0,50,40C,low-salinity,0,20250703 plate49 B05
20250703,plate49,B05,1,50,40C,low-salinity,1.3459098699875263,20250703 plate49 B05
20250703,plate49,B05,2,50,40C,low-salinity,1.1503361050639676,20250703 plate49 B05
20250703,plate49,B05,3,50,40C,low-salinity,6.331611412998612,20250703 plate49 B05
20250703,plate49,B05,4,50,40C,low-salinity,6.852492309084891,20250703 plate49 B05
20250703,plate49,B06,0,26,40C,high-salinity,0,20250703 plate49 B06
20250703,plate49,B06,1,26,40C,high-salinity,0.13668218338335306,20250703 plate49 B06
20250703,plate49,B06,2,26,40C,high-salinity,0.164043567186222,20250703 plate49 B06
20250703,plate49,B06,3,26,40C,high-salinity,0.8615566352517238,20250703 plate49 B06
20250703,plate49,B06,4,26,40C,high-salinity,0.9757208592982304,20250703 plate49 B06
20250703,plate49,C02,0,85,40C,low-salinity,0,20250703 plate49 C02
20250703,plate49,C02,1,85,40C,low-salinity,0.6975760377723927,20250703 plate49 C02
20250703,plate49,C02,2,85,40C,low-salinity,0.46799334724276537,20250703 plate49 C02
20250703,plate49,C02,3,85,40C,low-salinity,5.580648748853397,20250703 plate49 C02
20250703,plate49,C02,4,85,40C,low-salinity,6.656448946167124,20250703 plate49 C02
20250703,plate49,C03,0,82,40C,low-salinity,0,20250703 plate49 C03
20250703,plate49,C03,1,82,40C,low-salinity,0.9820323939520186,20250703 plate49 C03
20250703,plate49,C03,2,82,40C,low-salinity,0.5326270590788057,20250703 plate49 C03
20250703,plate49,C03,3,82,40C,low-salinity,5.588393894453983,20250703 plate49 C03
20250703,plate49,C03,4,82,40C,low-salinity,7.118261878775745,20250703 plate49 C03
20250703,plate49,C05,0,50,40C,low-salinity,0,20250703 plate49 C05
20250703,plate49,C05,1,50,40C,low-salinity,0.5045072956376527,20250703 plate49 C05
20250703,plate49,C05,2,50,40C,low-salinity,0.2536510410679317,20250703 plate49 C05
20250703,plate49,C05,3,50,40C,low-salinity,2.7044136534017493,20250703 plate49 C05
20250703,plate49,C05,4,50,40C,low-salinity,3.8327241182436067,20250703 plate49 C05
20250703,plate49,C06,0,26,40C,high-salinity,0,20250703 plate49 C06
20250703,plate49,C06,1,26,40C,high-salinity,0.23306233833294782,20250703 plate49 C06
20250703,plate49,C06,2,26,40C,high-salinity,0.09511539602991707,20250703 plate49 C06
20250703,plate49,C06,3,26,40C,high-salinity,1.3011841726989075,20250703 plate49 C06
20250703,plate49,C06,4,26,40C,high-salinity,2.006102617843844,20250703 plate49 C06
20250703,plate49,D02,0,85,40C,low-salinity,0,20250703 plate49 D02
20250703,plate49,D02,1,85,40C,low-salinity,1.2839274558948934,20250703 plate49 D02
20250703,plate49,D02,2,85,40C,low-salinity,0.7490981845215424,20250703 plate49 D02
20250703,plate49,D02,3,85,40C,low-salinity,6.3157245661375905,20250703 plate49 D02
20250703,plate49,D02,4,85,40C,low-salinity,6.558254737912762,20250703 plate49 D02
20250703,plate49,D03,0,82,40C,low-salinity,0,20250703 plate49 D03
20250703,plate49,D03,1,82,40C,low-salinity,0.9743705126427511,20250703 plate49 D03
20250703,plate49,D03,2,82,40C,low-salinity,1.0543311597241085,20250703 plate49 D03
20250703,plate49,D03,3,82,40C,low-salinity,6.649120976849943,20250703 plate49 D03
20250703,plate49,D03,4,82,40C,low-salinity,7.6912698969491595,20250703 plate49 D03
20250703,plate49,D04,0,32,40C,high-salinity,0,20250703 plate49 D04
20250703,plate49,D04,1,32,40C,high-salinity,0.7174373767604327,20250703 plate49 D04
20250703,plate49,D04,2,32,40C,high-salinity,0.4623520709480829,20250703 plate49 D04
20250703,plate49,D04,3,32,40C,high-salinity,2.2359425499800833,20250703 plate49 D04
20250703,plate49,D04,4,32,40C,high-salinity,2.9269479077407006,20250703 plate49 D04
20250703,plate49,D05,0,50,40C,low-salinity,0,20250703 plate49 D05
20250703,plate49,D05,1,50,40C,low-salinity,0.6927557091317179,20250703 plate49 D05
20250703,plate49,D05,2,50,40C,low-salinity,0.4550554528337028,20250703 plate49 D05
20250703,plate49,D05,3,50,40C,low-salinity,2.4030344025351225,20250703 plate49 D05
20250703,plate49,D05,4,50,40C,low-salinity,2.732468546864387,20250703 plate49 D05
20250703,plate49,D06,0,26,40C,high-salinity,0,20250703 plate49 D06
20250703,plate49,D06,1,26,40C,high-salinity,0.6548248908675688,20250703 plate49 D06
20250703,plate49,D06,2,26,40C,high-salinity,0.47436708261368016,20250703 plate49 D06
20250703,plate49,D06,3,26,40C,high-salinity,2.9726936060420557,20250703 plate49 D06
20250703,plate49,D06,4,26,40C,high-salinity,3.7302251144681513,20250703 plate49 D06
20250703,plate50,A03,0,36,40C,high-salinity,0,20250703 plate50 A03
20250703,plate50,A03,1,36,40C,high-salinity,1.610046175451557,20250703 plate50 A03
20250703,plate50,A03,2,36,40C,high-salinity,1.8091547807058954,20250703 plate50 A03
20250703,plate50,A03,3,36,40C,high-salinity,2.686719338715501,20250703 plate50 A03
20250703,plate50,A03,4,36,40C,high-salinity,3.4698208782034072,20250703 plate50 A03
20250703,plate50,A04,0,19,40C,high-salinity,0,20250703 plate50 A04
20250703,plate50,A04,1,19,40C,high-salinity,1.444188136916984,20250703 plate50 A04
20250703,plate50,A04,2,19,40C,high-salinity,1.5271149766049057,20250703 plate50 A04
20250703,plate50,A04,3,19,40C,high-salinity,1.5907217092654422,20250703 plate50 A04
20250703,plate50,A04,4,19,40C,high-salinity,1.6162572260316395,20250703 plate50 A04
20250703,plate50,A05,0,15,40C,high-salinity,0,20250703 plate50 A05
20250703,plate50,A05,1,15,40C,high-salinity,0.22471555623629738,20250703 plate50 A05
20250703,plate50,A05,2,15,40C,high-salinity,0.4199084058369516,20250703 plate50 A05
20250703,plate50,A05,3,15,40C,high-salinity,0.5953466669554388,20250703 plate50 A05
20250703,plate50,A05,4,15,40C,high-salinity,0.6667598078965807,20250703 plate50 A05
20250703,plate50,A06,0,21,40C,high-salinity,0,20250703 plate50 A06
20250703,plate50,A06,1,21,40C,high-salinity,2.2472102111077246,20250703 plate50 A06
20250703,plate50,A06,2,21,40C,high-salinity,2.421382522189715,20250703 plate50 A06
20250703,plate50,A06,3,21,40C,high-salinity,2.7434588669586524,20250703 plate50 A06
20250703,plate50,A06,4,21,40C,high-salinity,3.4016815691382125,20250703 plate50 A06
20250703,plate50,B02,0,82,40C,low-salinity,0,20250703 plate50 B02
20250703,plate50,B02,1,82,40C,low-salinity,1.3342350177971136,20250703 plate50 B02
20250703,plate50,B02,2,82,40C,low-salinity,1.7210618340180033,20250703 plate50 B02
20250703,plate50,B02,3,82,40C,low-salinity,2.767772514525084,20250703 plate50 B02
20250703,plate50,B02,4,82,40C,low-salinity,3.8794319303103566,20250703 plate50 B02
20250703,plate50,B03,0,36,40C,high-salinity,0,20250703 plate50 B03
20250703,plate50,B03,1,36,40C,high-salinity,1.278764926172067,20250703 plate50 B03
20250703,plate50,B03,2,36,40C,high-salinity,1.508824109112796,20250703 plate50 B03
20250703,plate50,B03,3,36,40C,high-salinity,2.3286832860363047,20250703 plate50 B03
20250703,plate50,B03,4,36,40C,high-salinity,2.326838122918687,20250703 plate50 B03
20250703,plate50,B04,0,19,40C,high-salinity,0,20250703 plate50 B04
20250703,plate50,B04,1,19,40C,high-salinity,1.499994344695084,20250703 plate50 B04
20250703,plate50,B04,2,19,40C,high-salinity,1.6725903715010846,20250703 plate50 B04
20250703,plate50,B04,3,19,40C,high-salinity,2.7879907820893637,20250703 plate50 B04
20250703,plate50,B04,4,19,40C,high-salinity,3.0016426955642452,20250703 plate50 B04
20250703,plate50,B05,0,15,40C,high-salinity,0,20250703 plate50 B05
20250703,plate50,B05,1,15,40C,high-salinity,1.1162013565298587,20250703 plate50 B05
20250703,plate50,B05,2,15,40C,high-salinity,1.2531396149307248,20250703 plate50 B05
20250703,plate50,B05,3,15,40C,high-salinity,3.3885506724355614,20250703 plate50 B05
20250703,plate50,B05,4,15,40C,high-salinity,3.5016276728871136,20250703 plate50 B05
20250703,plate50,B06,0,21,40C,high-salinity,0,20250703 plate50 B06
20250703,plate50,B06,1,21,40C,high-salinity,1.233619489868418,20250703 plate50 B06
20250703,plate50,B06,2,21,40C,high-salinity,1.3413694797263205,20250703 plate50 B06
20250703,plate50,B06,3,21,40C,high-salinity,2.491131272144663,20250703 plate50 B06
20250703,plate50,B06,4,21,40C,high-salinity,2.5598011992416962,20250703 plate50 B06
20250703,plate50,C02,0,82,40C,low-salinity,0,20250703 plate50 C02
20250703,plate50,C02,1,82,40C,low-salinity,1.426125183490643,20250703 plate50 C02
20250703,plate50,C02,2,82,40C,low-salinity,1.9780518868503378,20250703 plate50 C02
20250703,plate50,C02,3,82,40C,low-salinity,8.559583485225039,20250703 plate50 C02
20250703,plate50,C02,4,82,40C,low-salinity,9.938537792512891,20250703 plate50 C02
20250703,plate50,C03,0,36,40C,high-salinity,0,20250703 plate50 C03
20250703,plate50,C03,1,36,40C,high-salinity,0.9771427675983008,20250703 plate50 C03
20250703,plate50,C03,2,36,40C,high-salinity,1.105647828731207,20250703 plate50 C03
20250703,plate50,C03,3,36,40C,high-salinity,2.703933708085122,20250703 plate50 C03
20250703,plate50,C03,4,36,40C,high-salinity,3.7231103951104254,20250703 plate50 C03
20250703,plate50,C04,0,19,40C,high-salinity,0,20250703 plate50 C04
20250703,plate50,C04,1,19,40C,high-salinity,0.6555796643140164,20250703 plate50 C04
20250703,plate50,C04,2,19,40C,high-salinity,0.869326856934136,20250703 plate50 C04
20250703,plate50,C04,3,19,40C,high-salinity,2.4469800009260316,20250703 plate50 C04
20250703,plate50,C04,4,19,40C,high-salinity,3.313494171751143,20250703 plate50 C04
20250703,plate50,C05,0,15,40C,high-salinity,0,20250703 plate50 C05
20250703,plate50,C05,1,15,40C,high-salinity,0.8306304088902107,20250703 plate50 C05
20250703,plate50,C05,2,15,40C,high-salinity,1.091152480309982,20250703 plate50 C05
20250703,plate50,C05,3,15,40C,high-salinity,6.404556222200137,20250703 plate50 C05
20250703,plate50,C05,4,15,40C,high-salinity,7.777834732414665,20250703 plate50 C05
20250703,plate50,C06,0,21,40C,high-salinity,0,20250703 plate50 C06
20250703,plate50,C06,1,21,40C,high-salinity,0.5011479329597889,20250703 plate50 C06
20250703,plate50,C06,2,21,40C,high-salinity,0.6213052552479669,20250703 plate50 C06
20250703,plate50,C06,3,21,40C,high-salinity,1.688858521693585,20250703 plate50 C06
20250703,plate50,C06,4,21,40C,high-salinity,1.77119768439403,20250703 plate50 C06
20250703,plate50,D02,0,82,40C,low-salinity,0,20250703 plate50 D02
20250703,plate50,D02,1,82,40C,low-salinity,1.1275584644324848,20250703 plate50 D02
20250703,plate50,D02,2,82,40C,low-salinity,1.619395271425367,20250703 plate50 D02
20250703,plate50,D02,3,82,40C,low-salinity,5.118292471013743,20250703 plate50 D02
20250703,plate50,D02,4,82,40C,low-salinity,5.969227728063628,20250703 plate50 D02
20250703,plate50,D03,0,36,40C,high-salinity,0,20250703 plate50 D03
20250703,plate50,D03,1,36,40C,high-salinity,0.7610782124288745,20250703 plate50 D03
20250703,plate50,D03,2,36,40C,high-salinity,1.0504756232034187,20250703 plate50 D03
20250703,plate50,D03,3,36,40C,high-salinity,3.0342217612465197,20250703 plate50 D03
20250703,plate50,D03,4,36,40C,high-salinity,3.5895073706395446,20250703 plate50 D03
20250703,plate50,D04,0,19,40C,high-salinity,0,20250703 plate50 D04
20250703,plate50,D04,1,19,40C,high-salinity,0.5325454763712875,20250703 plate50 D04
20250703,plate50,D04,2,19,40C,high-salinity,0.7094133193446683,20250703 plate50 D04
20250703,plate50,D04,3,19,40C,high-salinity,2.7104050579814785,20250703 plate50 D04
20250703,plate50,D04,4,19,40C,high-salinity,3.32782708701284,20250703 plate50 D04
20250703,plate50,D05,0,15,40C,high-salinity,0,20250703 plate50 D05
20250703,plate50,D05,1,15,40C,high-salinity,0.4587118946139875,20250703 plate50 D05
20250703,plate50,D05,2,15,40C,high-salinity,0.6406837923386434,20250703 plate50 D05
20250703,plate50,D05,3,15,40C,high-salinity,1.6731325035791977,20250703 plate50 D05
20250703,plate50,D05,4,15,40C,high-salinity,1.7941612915341376,20250703 plate50 D05
20250703,plate50,D06,0,21,40C,high-salinity,0,20250703 plate50 D06
20250703,plate50,D06,1,21,40C,high-salinity,0.7117278650324473,20250703 plate50 D06
20250703,plate50,D06,2,21,40C,high-salinity,0.8942138489027265,20250703 plate50 D06
20250703,plate50,D06,3,21,40C,high-salinity,2.1063241520608504,20250703 plate50 D06
20250703,plate50,D06,4,21,40C,high-salinity,2.648492533636574,20250703 plate50 D06
20250703,plate51,A02,0,50,40C,low-salinity,0,20250703 plate51 A02
20250703,plate51,A02,1,50,40C,low-salinity,1.090589291200859,20250703 plate51 A02
20250703,plate51,A02,2,50,40C,low-salinity,1.3808335545578299,20250703 plate51 A02
20250703,plate51,A02,3,50,40C,low-salinity,2.3073142917512297,20250703 plate51 A02
20250703,plate51,A02,4,50,40C,low-salinity,4.36647580907757,20250703 plate51 A02
20250703,plate51,A03,0,36,40C,high-salinity,0,20250703 plate51 A03
20250703,plate51,A03,1,36,40C,high-salinity,2.0014521319595873,20250703 plate51 A03
20250703,plate51,A03,2,36,40C,high-salinity,2.1535841040791714,20250703 plate51 A03
20250703,plate51,A03,3,36,40C,high-salinity,2.481833369565996,20250703 plate51 A03
20250703,plate51,A03,4,36,40C,high-salinity,3.573513882475029,20250703 plate51 A03
20250703,plate51,A04,0,78,40C,low-salinity,0,20250703 plate51 A04
20250703,plate51,A04,1,78,40C,low-salinity,2.3224057109731837,20250703 plate51 A04
20250703,plate51,A04,2,78,40C,low-salinity,2.4532570189681135,20250703 plate51 A04
20250703,plate51,A04,3,78,40C,low-salinity,4.119428564755096,20250703 plate51 A04
20250703,plate51,A04,4,78,40C,low-salinity,4.4426530490481175,20250703 plate51 A04
20250703,plate51,A05,0,14,40C,high-salinity,0,20250703 plate51 A05
20250703,plate51,A05,1,14,40C,high-salinity,1.663772161572773,20250703 plate51 A05
20250703,plate51,A05,2,14,40C,high-salinity,1.8539501327377512,20250703 plate51 A05
20250703,plate51,A05,3,14,40C,high-salinity,2.4725437684059712,20250703 plate51 A05
20250703,plate51,A05,4,14,40C,high-salinity,3.712116399685849,20250703 plate51 A05
20250703,plate51,A06,0,33,40C,high-salinity,0,20250703 plate51 A06
20250703,plate51,A06,1,33,40C,high-salinity,1.921094340331419,20250703 plate51 A06
20250703,plate51,A06,2,33,40C,high-salinity,4.736213994609833,20250703 plate51 A06
20250703,plate51,A06,3,33,40C,high-salinity,7.068093688732015,20250703 plate51 A06
20250703,plate51,A06,4,33,40C,high-salinity,8.110298479148687,20250703 plate51 A06
20250703,plate51,B02,0,50,40C,low-salinity,0,20250703 plate51 B02
20250703,plate51,B02,1,50,40C,low-salinity,1.2159565410377329,20250703 plate51 B02
20250703,plate51,B02,2,50,40C,low-salinity,1.4231974102493803,20250703 plate51 B02
20250703,plate51,B02,3,50,40C,low-salinity,2.4146126637626333,20250703 plate51 B02
20250703,plate51,B02,4,50,40C,low-salinity,3.4405691991308585,20250703 plate51 B02
20250703,plate51,B03,0,36,40C,high-salinity,0,20250703 plate51 B03
20250703,plate51,B03,1,36,40C,high-salinity,1.4075998810312087,20250703 plate51 B03
20250703,plate51,B03,2,36,40C,high-salinity,1.574308851323006,20250703 plate51 B03
20250703,plate51,B03,3,36,40C,high-salinity,3.069122590565255,20250703 plate51 B03
20250703,plate51,B03,4,36,40C,high-salinity,3.1944069798433192,20250703 plate51 B03
20250703,plate51,B05,0,14,40C,high-salinity,0,20250703 plate51 B05
20250703,plate51,B05,1,14,40C,high-salinity,1.6653051056356711,20250703 plate51 B05
20250703,plate51,B05,2,14,40C,high-salinity,1.889006465513834,20250703 plate51 B05
20250703,plate51,B05,3,14,40C,high-salinity,4.8513221207688435,20250703 plate51 B05
20250703,plate51,B05,4,14,40C,high-salinity,8.213483036968755,20250703 plate51 B05
20250703,plate51,B06,0,33,40C,high-salinity,0,20250703 plate51 B06
20250703,plate51,B06,1,33,40C,high-salinity,1.3022505925050214,20250703 plate51 B06
20250703,plate51,B06,2,33,40C,high-salinity,1.791696398732187,20250703 plate51 B06
20250703,plate51,B06,3,33,40C,high-salinity,5.117327250398968,20250703 plate51 B06
20250703,plate51,B06,4,33,40C,high-salinity,5.624194024652482,20250703 plate51 B06
20250703,plate51,C02,0,50,40C,low-salinity,0,20250703 plate51 C02
20250703,plate51,C02,1,50,40C,low-salinity,0.8724528333554047,20250703 plate51 C02
20250703,plate51,C02,2,50,40C,low-salinity,1.0077973618599467,20250703 plate51 C02
20250703,plate51,C02,3,50,40C,low-salinity,4.2232640394874315,20250703 plate51 C02
20250703,plate51,C02,4,50,40C,low-salinity,5.69689931056471,20250703 plate51 C02
20250703,plate51,C03,0,36,40C,high-salinity,0,20250703 plate51 C03
20250703,plate51,C03,1,36,40C,high-salinity,0.8358069254149615,20250703 plate51 C03
20250703,plate51,C03,2,36,40C,high-salinity,0.8286393503158096,20250703 plate51 C03
20250703,plate51,C03,3,36,40C,high-salinity,1.990226584949708,20250703 plate51 C03
20250703,plate51,C03,4,36,40C,high-salinity,2.245180405643576,20250703 plate51 C03
20250703,plate51,C05,0,14,40C,high-salinity,0,20250703 plate51 C05
20250703,plate51,C05,1,14,40C,high-salinity,0.7003247157914098,20250703 plate51 C05
20250703,plate51,C05,2,14,40C,high-salinity,0.8647497070848793,20250703 plate51 C05
20250703,plate51,C05,3,14,40C,high-salinity,5.899897619516132,20250703 plate51 C05
20250703,plate51,C05,4,14,40C,high-salinity,9.062283026324684,20250703 plate51 C05
20250703,plate51,C06,0,33,40C,high-salinity,0,20250703 plate51 C06
20250703,plate51,C06,1,33,40C,high-salinity,0.8209012050540274,20250703 plate51 C06
20250703,plate51,C06,2,33,40C,high-salinity,0.9619183363591602,20250703 plate51 C06
20250703,plate51,C06,3,33,40C,high-salinity,2.4053578451273503,20250703 plate51 C06
20250703,plate51,C06,4,33,40C,high-salinity,2.5740460374626792,20250703 plate51 C06
20250703,plate51,D02,0,50,40C,low-salinity,0,20250703 plate51 D02
20250703,plate51,D02,1,50,40C,low-salinity,0.06633531845609004,20250703 plate51 D02
20250703,plate51,D02,2,50,40C,low-salinity,0.14486666742982754,20250703 plate51 D02
20250703,plate51,D02,3,50,40C,low-salinity,0.4442635628073973,20250703 plate51 D02
20250703,plate51,D02,4,50,40C,low-salinity,0.5403727100920339,20250703 plate51 D02
20250703,plate51,D03,0,36,40C,high-salinity,0,20250703 plate51 D03
20250703,plate51,D03,1,36,40C,high-salinity,0.7184313420808655,20250703 plate51 D03
20250703,plate51,D03,2,36,40C,high-salinity,0.810040064070368,20250703 plate51 D03
20250703,plate51,D03,3,36,40C,high-salinity,1.7678248553317106,20250703 plate51 D03
20250703,plate51,D03,4,36,40C,high-salinity,1.7943585846911574,20250703 plate51 D03
20250703,plate51,D04,0,78,40C,low-salinity,0,20250703 plate51 D04
20250703,plate51,D04,1,78,40C,low-salinity,1.6386312917297248,20250703 plate51 D04
20250703,plate51,D04,2,78,40C,low-salinity,1.9782339311643484,20250703 plate51 D04
20250703,plate51,D04,3,78,40C,low-salinity,4.711313344176222,20250703 plate51 D04
20250703,plate51,D04,4,78,40C,low-salinity,4.958011813553561,20250703 plate51 D04
20250703,plate51,D05,0,14,40C,high-salinity,0,20250703 plate51 D05
20250703,plate51,D05,1,14,40C,high-salinity,0.9711739179903327,20250703 plate51 D05
20250703,plate51,D05,2,14,40C,high-salinity,2.7576642869675956,20250703 plate51 D05
20250703,plate51,D05,3,14,40C,high-salinity,8.386574435605166,20250703 plate51 D05
20250703,plate51,D05,4,14,40C,high-salinity,8.828382223374671,20250703 plate51 D05
20250703,plate51,D06,0,33,40C,high-salinity,0,20250703 plate51 D06
20250703,plate51,D06,1,33,40C,high-salinity,1.6124990732502267,20250703 plate51 D06
20250703,plate51,D06,2,33,40C,high-salinity,2.071467362086826,20250703 plate51 D06
20250703,plate51,D06,3,33,40C,high-salinity,4.328897258518999,20250703 plate51 D06
20250703,plate51,D06,4,33,40C,high-salinity,4.535445661918512,20250703 plate51 D06
20250703,plate52,A02,0,78,40C,low-salinity,0,20250703 plate52 A02
20250703,plate52,A02,1,78,40C,low-salinity,2.5922612000587524,20250703 plate52 A02
20250703,plate52,A02,2,78,40C,low-salinity,3.5881214770211614,20250703 plate52 A02
20250703,plate52,A02,3,78,40C,low-salinity,6.973791064385215,20250703 plate52 A02
20250703,plate52,A02,4,78,40C,low-salinity,7.415200469546019,20250703 plate52 A02
20250703,plate52,A03,0,21,40C,high-salinity,0,20250703 plate52 A03
20250703,plate52,A03,1,21,40C,high-salinity,2.6168591749223737,20250703 plate52 A03
20250703,plate52,A03,2,21,40C,high-salinity,3.6894984674997087,20250703 plate52 A03
20250703,plate52,A03,3,21,40C,high-salinity,6.978531082773344,20250703 plate52 A03
20250703,plate52,A03,4,21,40C,high-salinity,10.057900013662334,20250703 plate52 A03
20250703,plate52,A04,0,70,40C,low-salinity,0,20250703 plate52 A04
20250703,plate52,A04,1,70,40C,low-salinity,1.374780866738237,20250703 plate52 A04
20250703,plate52,A04,2,70,40C,low-salinity,1.6195345006227202,20250703 plate52 A04
20250703,plate52,A04,3,70,40C,low-salinity,1.885804050925136,20250703 plate52 A04
20250703,plate52,A04,4,70,40C,low-salinity,2.1201084840132762,20250703 plate52 A04
20250703,plate52,A05,0,6,40C,high-salinity,0,20250703 plate52 A05
20250703,plate52,A05,1,6,40C,high-salinity,1.627177571505267,20250703 plate52 A05
20250703,plate52,A05,2,6,40C,high-salinity,1.7775397416347363,20250703 plate52 A05
20250703,plate52,A05,3,6,40C,high-salinity,3.049205375299857,20250703 plate52 A05
20250703,plate52,A05,4,6,40C,high-salinity,3.739325878218033,20250703 plate52 A05
20250703,plate52,A06,0,41,40C,high-salinity,0,20250703 plate52 A06
20250703,plate52,A06,1,41,40C,high-salinity,2.5632955264583783,20250703 plate52 A06
20250703,plate52,A06,2,41,40C,high-salinity,2.9080517410473905,20250703 plate52 A06
20250703,plate52,A06,3,41,40C,high-salinity,4.4209486924343375,20250703 plate52 A06
20250703,plate52,A06,4,41,40C,high-salinity,4.890421235903464,20250703 plate52 A06
20250703,plate52,B02,0,78,40C,low-salinity,0,20250703 plate52 B02
20250703,plate52,B02,1,78,40C,low-salinity,2.8266203881632026,20250703 plate52 B02
20250703,plate52,B02,2,78,40C,low-salinity,4.477686237435657,20250703 plate52 B02
20250703,plate52,B02,3,78,40C,low-salinity,7.120629814045225,20250703 plate52 B02
20250703,plate52,B02,4,78,40C,low-salinity,7.654721053603107,20250703 plate52 B02
20250703,plate52,B03,0,21,40C,high-salinity,0,20250703 plate52 B03
20250703,plate52,B03,1,21,40C,high-salinity,1.3575027887624984,20250703 plate52 B03
20250703,plate52,B03,2,21,40C,high-salinity,1.8582847640554363,20250703 plate52 B03
20250703,plate52,B03,3,21,40C,high-salinity,2.8326671674206447,20250703 plate52 B03
20250703,plate52,B03,4,21,40C,high-salinity,4.126698984639278,20250703 plate52 B03
20250703,plate52,B04,0,70,40C,low-salinity,0,20250703 plate52 B04
20250703,plate52,B04,1,70,40C,low-salinity,1.1681417914566368,20250703 plate52 B04
20250703,plate52,B04,2,70,40C,low-salinity,1.6790943405490857,20250703 plate52 B04
20250703,plate52,B04,3,70,40C,low-salinity,2.221104629463563,20250703 plate52 B04
20250703,plate52,B04,4,70,40C,low-salinity,2.449172890289201,20250703 plate52 B04
20250703,plate52,B05,0,6,40C,high-salinity,0,20250703 plate52 B05
20250703,plate52,B05,1,6,40C,high-salinity,1.1318942448237304,20250703 plate52 B05
20250703,plate52,B05,2,6,40C,high-salinity,1.574179135938152,20250703 plate52 B05
20250703,plate52,B05,3,6,40C,high-salinity,3.4586295476401965,20250703 plate52 B05
20250703,plate52,B05,4,6,40C,high-salinity,4.132109951607464,20250703 plate52 B05
20250703,plate52,B06,0,41,40C,high-salinity,0,20250703 plate52 B06
20250703,plate52,B06,1,41,40C,high-salinity,1.090263694305012,20250703 plate52 B06
20250703,plate52,B06,2,41,40C,high-salinity,1.612600583542687,20250703 plate52 B06
20250703,plate52,B06,3,41,40C,high-salinity,2.785905004018599,20250703 plate52 B06
20250703,plate52,B06,4,41,40C,high-salinity,3.660433183929882,20250703 plate52 B06
20250703,plate52,C03,0,21,40C,high-salinity,0,20250703 plate52 C03
20250703,plate52,C03,1,21,40C,high-salinity,0.9216120610152501,20250703 plate52 C03
20250703,plate52,C03,2,21,40C,high-salinity,1.223111920458629,20250703 plate52 C03
20250703,plate52,C03,3,21,40C,high-salinity,2.028821297641017,20250703 plate52 C03
20250703,plate52,C03,4,21,40C,high-salinity,2.086024660327393,20250703 plate52 C03
20250703,plate52,C04,0,70,40C,low-salinity,0,20250703 plate52 C04
20250703,plate52,C04,1,70,40C,low-salinity,1.0854440812698338,20250703 plate52 C04
20250703,plate52,C04,2,70,40C,low-salinity,2.04403418892966,20250703 plate52 C04
20250703,plate52,C04,3,70,40C,low-salinity,4.453025173620543,20250703 plate52 C04
20250703,plate52,C04,4,70,40C,low-salinity,4.836586780964008,20250703 plate52 C04
20250703,plate52,C05,0,6,40C,high-salinity,0,20250703 plate52 C05
20250703,plate52,C05,1,6,40C,high-salinity,0.5259141524109121,20250703 plate52 C05
20250703,plate52,C05,2,6,40C,high-salinity,0.7202193507681366,20250703 plate52 C05
20250703,plate52,C05,3,6,40C,high-salinity,2.607991782508506,20250703 plate52 C05
20250703,plate52,C05,4,6,40C,high-salinity,2.7716458038976564,20250703 plate52 C05
20250703,plate52,C06,0,41,40C,high-salinity,0,20250703 plate52 C06
20250703,plate52,C06,1,41,40C,high-salinity,0.769658145297984,20250703 plate52 C06
20250703,plate52,C06,2,41,40C,high-salinity,1.2389898565828519,20250703 plate52 C06
20250703,plate52,C06,3,41,40C,high-salinity,2.970212428135201,20250703 plate52 C06
20250703,plate52,C06,4,41,40C,high-salinity,4.012362193709163,20250703 plate52 C06
20250703,plate52,D03,0,21,40C,high-salinity,0,20250703 plate52 D03
20250703,plate52,D03,1,21,40C,high-salinity,0.804526345452976,20250703 plate52 D03
20250703,plate52,D03,2,21,40C,high-salinity,1.5639958373059712,20250703 plate52 D03
20250703,plate52,D03,3,21,40C,high-salinity,2.3755199943839624,20250703 plate52 D03
20250703,plate52,D03,4,21,40C,high-salinity,3.076765442610915,20250703 plate52 D03
20250703,plate52,D04,0,70,40C,low-salinity,0,20250703 plate52 D04
20250703,plate52,D04,1,70,40C,low-salinity,0.5936661030571856,20250703 plate52 D04
20250703,plate52,D04,2,70,40C,low-salinity,1.446222069989906,20250703 plate52 D04
20250703,plate52,D04,3,70,40C,low-salinity,2.2249036552402908,20250703 plate52 D04
20250703,plate52,D04,4,70,40C,low-salinity,2.4719974017449897,20250703 plate52 D04
20250703,plate52,D05,0,6,40C,high-salinity,0,20250703 plate52 D05
20250703,plate52,D05,1,6,40C,high-salinity,0.6346074447537046,20250703 plate52 D05
20250703,plate52,D05,2,6,40C,high-salinity,1.2252507783963746,20250703 plate52 D05
20250703,plate52,D05,3,6,40C,high-salinity,2.2265133257265863,20250703 plate52 D05
20250703,plate52,D05,4,6,40C,high-salinity,2.453714943874475,20250703 plate52 D05
20250703,plate52,D06,0,41,40C,high-salinity,0,20250703 plate52 D06
20250703,plate52,D06,1,41,40C,high-salinity,1.2796113667118483,20250703 plate52 D06
20250703,plate52,D06,2,41,40C,high-salinity,1.8002935382137033,20250703 plate52 D06
20250703,plate52,D06,3,41,40C,high-salinity,2.0540968250686964,20250703 plate52 D06
20250703,plate52,D06,4,41,40C,high-salinity,2.1261159637262925,20250703 plate52 D06
20250703,plate53,A03,0,77,40C,low-salinity,0,20250703 plate53 A03
20250703,plate53,A03,1,77,40C,low-salinity,1.9057094335718252,20250703 plate53 A03
20250703,plate53,A03,2,77,40C,low-salinity,1.927899755592357,20250703 plate53 A03
20250703,plate53,A03,3,77,40C,low-salinity,3.730548111110599,20250703 plate53 A03
20250703,plate53,A03,4,77,40C,low-salinity,3.6617405571574366,20250703 plate53 A03
20250703,plate53,A04,0,48,40C,low-salinity,0,20250703 plate53 A04
20250703,plate53,A04,1,48,40C,low-salinity,1.9843215047217422,20250703 plate53 A04
20250703,plate53,A04,2,48,40C,low-salinity,2.693300704195404,20250703 plate53 A04
20250703,plate53,A04,3,48,40C,low-salinity,6.046356333030563,20250703 plate53 A04
20250703,plate53,A04,4,48,40C,low-salinity,6.198987884028129,20250703 plate53 A04
20250703,plate53,A05,0,50,40C,low-salinity,0,20250703 plate53 A05
20250703,plate53,A05,1,50,40C,low-salinity,1.7641167417404233,20250703 plate53 A05
20250703,plate53,A05,2,50,40C,low-salinity,1.9162643834180306,20250703 plate53 A05
20250703,plate53,A05,3,50,40C,low-salinity,3.148937571519026,20250703 plate53 A05
20250703,plate53,A05,4,50,40C,low-salinity,3.242260229826537,20250703 plate53 A05
20250703,plate53,A06,0,51,40C,low-salinity,0,20250703 plate53 A06
20250703,plate53,A06,1,51,40C,low-salinity,0.5878226725728092,20250703 plate53 A06
20250703,plate53,A06,2,51,40C,low-salinity,0.766986541006529,20250703 plate53 A06
20250703,plate53,A06,3,51,40C,low-salinity,3.3077508292599265,20250703 plate53 A06
20250703,plate53,A06,4,51,40C,low-salinity,3.1877097993895016,20250703 plate53 A06
20250703,plate53,B02,0,61,40C,low-salinity,0,20250703 plate53 B02
20250703,plate53,B02,1,61,40C,low-salinity,1.494807377459972,20250703 plate53 B02
20250703,plate53,B02,2,61,40C,low-salinity,1.5954117202868776,20250703 plate53 B02
20250703,plate53,B02,3,61,40C,low-salinity,3.1190120849264447,20250703 plate53 B02
20250703,plate53,B02,4,61,40C,low-salinity,3.756540545398634,20250703 plate53 B02
20250703,plate53,B03,0,77,40C,low-salinity,0,20250703 plate53 B03
20250703,plate53,B03,1,77,40C,low-salinity,1.4327569299372362,20250703 plate53 B03
20250703,plate53,B03,2,77,40C,low-salinity,1.9203168980379914,20250703 plate53 B03
20250703,plate53,B03,3,77,40C,low-salinity,6.893280272366974,20250703 plate53 B03
20250703,plate53,B03,4,77,40C,low-salinity,7.09017225052826,20250703 plate53 B03
20250703,plate53,B04,0,48,40C,low-salinity,0,20250703 plate53 B04
20250703,plate53,B04,1,48,40C,low-salinity,1.731934315757191,20250703 plate53 B04
20250703,plate53,B04,2,48,40C,low-salinity,1.9451722417311275,20250703 plate53 B04
20250703,plate53,B04,3,48,40C,low-salinity,8.751268313907525,20250703 plate53 B04
20250703,plate53,B04,4,48,40C,low-salinity,9.927178910905658,20250703 plate53 B04
20250703,plate53,B05,0,50,40C,low-salinity,0,20250703 plate53 B05
20250703,plate53,B05,1,50,40C,low-salinity,0.925112901259277,20250703 plate53 B05
20250703,plate53,B05,2,50,40C,low-salinity,0.8892435735322821,20250703 plate53 B05
20250703,plate53,B05,3,50,40C,low-salinity,5.930901732892967,20250703 plate53 B05
20250703,plate53,B05,4,50,40C,low-salinity,8.97329428119049,20250703 plate53 B05
20250703,plate53,B06,0,51,40C,low-salinity,0,20250703 plate53 B06
20250703,plate53,B06,1,51,40C,low-salinity,1.1094857899360968,20250703 plate53 B06
20250703,plate53,B06,2,51,40C,low-salinity,1.0096614128892722,20250703 plate53 B06
20250703,plate53,B06,3,51,40C,low-salinity,3.4019226498532196,20250703 plate53 B06
20250703,plate53,B06,4,51,40C,low-salinity,3.456860520921032,20250703 plate53 B06
20250703,plate53,C02,0,61,40C,low-salinity,0,20250703 plate53 C02
20250703,plate53,C02,1,61,40C,low-salinity,0.6508665818035818,20250703 plate53 C02
20250703,plate53,C02,2,61,40C,low-salinity,0.5825963199328023,20250703 plate53 C02
20250703,plate53,C02,3,61,40C,low-salinity,1.7649552570358176,20250703 plate53 C02
20250703,plate53,C02,4,61,40C,low-salinity,1.8065511181490763,20250703 plate53 C02
20250703,plate53,C03,0,77,40C,low-salinity,0,20250703 plate53 C03
20250703,plate53,C03,1,77,40C,low-salinity,0.6465237871314028,20250703 plate53 C03
20250703,plate53,C03,2,77,40C,low-salinity,0.5787479073393109,20250703 plate53 C03
20250703,plate53,C03,3,77,40C,low-salinity,2.003289145786568,20250703 plate53 C03
20250703,plate53,C03,4,77,40C,low-salinity,2.9483925494125143,20250703 plate53 C03
20250703,plate53,C04,0,48,40C,low-salinity,0,20250703 plate53 C04
20250703,plate53,C04,1,48,40C,low-salinity,0.8366615084441461,20250703 plate53 C04
20250703,plate53,C04,2,48,40C,low-salinity,1.027569615352589,20250703 plate53 C04
20250703,plate53,C04,3,48,40C,low-salinity,8.615361887922893,20250703 plate53 C04
20250703,plate53,C04,4,48,40C,low-salinity,12.145925305633924,20250703 plate53 C04
20250703,plate53,C05,0,50,40C,low-salinity,0,20250703 plate53 C05
20250703,plate53,C05,1,50,40C,low-salinity,0.5897077660743905,20250703 plate53 C05
20250703,plate53,C05,2,50,40C,low-salinity,0.5455405062339816,20250703 plate53 C05
20250703,plate53,C05,3,50,40C,low-salinity,2.173035038492058,20250703 plate53 C05
20250703,plate53,C05,4,50,40C,low-salinity,3.629522157590755,20250703 plate53 C05
20250703,plate53,C06,0,51,40C,low-salinity,0,20250703 plate53 C06
20250703,plate53,C06,1,51,40C,low-salinity,0.5974667414090173,20250703 plate53 C06
20250703,plate53,C06,2,51,40C,low-salinity,0.5861069812756161,20250703 plate53 C06
20250703,plate53,C06,3,51,40C,low-salinity,3.926862354749515,20250703 plate53 C06
20250703,plate53,C06,4,51,40C,low-salinity,4.163838665487255,20250703 plate53 C06
20250703,plate53,D02,0,61,40C,low-salinity,0,20250703 plate53 D02
20250703,plate53,D02,1,61,40C,low-salinity,0.6651387444017963,20250703 plate53 D02
20250703,plate53,D02,2,61,40C,low-salinity,0.611766021731131,20250703 plate53 D02
20250703,plate53,D02,3,61,40C,low-salinity,1.9770291381115748,20250703 plate53 D02
20250703,plate53,D02,4,61,40C,low-salinity,2.000530488397376,20250703 plate53 D02
20250703,plate53,D03,0,77,40C,low-salinity,0,20250703 plate53 D03
20250703,plate53,D03,1,77,40C,low-salinity,1.2331622561620215,20250703 plate53 D03
20250703,plate53,D03,2,77,40C,low-salinity,1.692333297037068,20250703 plate53 D03
20250703,plate53,D03,3,77,40C,low-salinity,9.075902775379054,20250703 plate53 D03
20250703,plate53,D03,4,77,40C,low-salinity,9.600418691801526,20250703 plate53 D03
20250703,plate53,D04,0,48,40C,low-salinity,0,20250703 plate53 D04
20250703,plate53,D04,1,48,40C,low-salinity,0.7109316041620144,20250703 plate53 D04
20250703,plate53,D04,2,48,40C,low-salinity,0.7612709565840434,20250703 plate53 D04
20250703,plate53,D04,3,48,40C,low-salinity,3.35975988967973,20250703 plate53 D04
20250703,plate53,D04,4,48,40C,low-salinity,3.518874501946016,20250703 plate53 D04
20250703,plate53,D05,0,50,40C,low-salinity,0,20250703 plate53 D05
20250703,plate53,D05,1,50,40C,low-salinity,0.8800752638235398,20250703 plate53 D05
20250703,plate53,D05,2,50,40C,low-salinity,1.2195596140946028,20250703 plate53 D05
20250703,plate53,D05,3,50,40C,low-salinity,4.969791749443461,20250703 plate53 D05
20250703,plate53,D05,4,50,40C,low-salinity,7.514504871674181,20250703 plate53 D05
20250703,plate53,D06,0,51,40C,low-salinity,0,20250703 plate53 D06
20250703,plate53,D06,1,51,40C,low-salinity,0.7455449860326723,20250703 plate53 D06
20250703,plate53,D06,2,51,40C,low-salinity,0.7502721144900071,20250703 plate53 D06
20250703,plate53,D06,3,51,40C,low-salinity,1.906921202203297,20250703 plate53 D06
20250703,plate53,D06,4,51,40C,low-salinity,2.484577079352053,20250703 plate53 D06
20250703,plate54,A02,0,31,40C,high-salinity,0,20250703 plate54 A02
20250703,plate54,A02,1,31,40C,high-salinity,1.4947588155805733,20250703 plate54 A02
20250703,plate54,A02,2,31,40C,high-salinity,1.6397860827845123,20250703 plate54 A02
20250703,plate54,A02,3,31,40C,high-salinity,3.221496873962822,20250703 plate54 A02
20250703,plate54,A02,4,31,40C,high-salinity,3.2245111339772943,20250703 plate54 A02
20250703,plate54,A03,0,90,40C,low-salinity,0,20250703 plate54 A03
20250703,plate54,A03,1,90,40C,low-salinity,0.6003616241219332,20250703 plate54 A03
20250703,plate54,A03,2,90,40C,low-salinity,0.8474174767079312,20250703 plate54 A03
20250703,plate54,A03,3,90,40C,low-salinity,2.830467972169893,20250703 plate54 A03
20250703,plate54,A03,4,90,40C,low-salinity,2.900028305857505,20250703 plate54 A03
20250703,plate54,A04,0,14,40C,high-salinity,0,20250703 plate54 A04
20250703,plate54,A04,1,14,40C,high-salinity,2.0309497770116858,20250703 plate54 A04
20250703,plate54,A04,2,14,40C,high-salinity,2.313276126131951,20250703 plate54 A04
20250703,plate54,A04,3,14,40C,high-salinity,4.396183309732335,20250703 plate54 A04
20250703,plate54,A04,4,14,40C,high-salinity,4.420182851761335,20250703 plate54 A04
20250703,plate54,A05,0,19,40C,high-salinity,0,20250703 plate54 A05
20250703,plate54,A05,1,19,40C,high-salinity,2.239346146465162,20250703 plate54 A05
20250703,plate54,A05,2,19,40C,high-salinity,2.568656264947086,20250703 plate54 A05
20250703,plate54,A05,3,19,40C,high-salinity,2.369117213724499,20250703 plate54 A05
20250703,plate54,A05,4,19,40C,high-salinity,2.707706791102824,20250703 plate54 A05
20250703,plate54,A06,0,79,40C,low-salinity,0,20250703 plate54 A06
20250703,plate54,A06,1,79,40C,low-salinity,2.5955259879685832,20250703 plate54 A06
20250703,plate54,A06,2,79,40C,low-salinity,4.1666260484674815,20250703 plate54 A06
20250703,plate54,A06,3,79,40C,low-salinity,6.050410696129528,20250703 plate54 A06
20250703,plate54,A06,4,79,40C,low-salinity,6.127505311484973,20250703 plate54 A06
20250703,plate54,B02,0,31,40C,high-salinity,0,20250703 plate54 B02
20250703,plate54,B02,1,31,40C,high-salinity,0.9382529860768561,20250703 plate54 B02
20250703,plate54,B02,2,31,40C,high-salinity,1.1664815769174688,20250703 plate54 B02
20250703,plate54,B02,3,31,40C,high-salinity,1.569186206932443,20250703 plate54 B02
20250703,plate54,B02,4,31,40C,high-salinity,1.5944811497723,20250703 plate54 B02
20250703,plate54,B03,0,90,40C,low-salinity,0,20250703 plate54 B03
20250703,plate54,B03,1,90,40C,low-salinity,0.025224710300748892,20250703 plate54 B03
20250703,plate54,B03,2,90,40C,low-salinity,0.1866849693080882,20250703 plate54 B03
20250703,plate54,B03,3,90,40C,low-salinity,0.91707446139299,20250703 plate54 B03
20250703,plate54,B03,4,90,40C,low-salinity,1.0103521434354934,20250703 plate54 B03
20250703,plate54,B04,0,14,40C,high-salinity,0,20250703 plate54 B04
20250703,plate54,B04,1,14,40C,high-salinity,0.3787872122198567,20250703 plate54 B04
20250703,plate54,B04,2,14,40C,high-salinity,0.8215554061558729,20250703 plate54 B04
20250703,plate54,B04,3,14,40C,high-salinity,1.5493350615569152,20250703 plate54 B04
20250703,plate54,B04,4,14,40C,high-salinity,1.8172557950723607,20250703 plate54 B04
20250703,plate54,B05,0,19,40C,high-salinity,0,20250703 plate54 B05
20250703,plate54,B05,1,19,40C,high-salinity,0.9814601502272097,20250703 plate54 B05
20250703,plate54,B05,2,19,40C,high-salinity,1.1823944304195841,20250703 plate54 B05
20250703,plate54,B05,3,19,40C,high-salinity,2.282657025236325,20250703 plate54 B05
20250703,plate54,B05,4,19,40C,high-salinity,2.4430127489036897,20250703 plate54 B05
20250703,plate54,B06,0,79,40C,low-salinity,0,20250703 plate54 B06
20250703,plate54,B06,1,79,40C,low-salinity,1.310741779880794,20250703 plate54 B06
20250703,plate54,B06,2,79,40C,low-salinity,1.516319986290039,20250703 plate54 B06
20250703,plate54,B06,3,79,40C,low-salinity,3.568550414232652,20250703 plate54 B06
20250703,plate54,B06,4,79,40C,low-salinity,4.1968266587295595,20250703 plate54 B06
20250703,plate54,C02,0,31,40C,high-salinity,0,20250703 plate54 C02
20250703,plate54,C02,1,31,40C,high-salinity,0.02520444329118365,20250703 plate54 C02
20250703,plate54,C02,2,31,40C,high-salinity,0.11914924274342242,20250703 plate54 C02
20250703,plate54,C02,3,31,40C,high-salinity,0.4295305240813892,20250703 plate54 C02
20250703,plate54,C02,4,31,40C,high-salinity,0.4834159330827116,20250703 plate54 C02
20250703,plate54,C03,0,90,40C,low-salinity,0,20250703 plate54 C03
20250703,plate54,C03,1,90,40C,low-salinity,-0.003333616951806805,20250703 plate54 C03
20250703,plate54,C03,2,90,40C,low-salinity,0.1241465823101512,20250703 plate54 C03
20250703,plate54,C03,3,90,40C,low-salinity,2.4591013102060053,20250703 plate54 C03
20250703,plate54,C03,4,90,40C,low-salinity,3.738240652481659,20250703 plate54 C03
20250703,plate54,C04,0,14,40C,high-salinity,0,20250703 plate54 C04
20250703,plate54,C04,1,14,40C,high-salinity,0.8694776438215894,20250703 plate54 C04
20250703,plate54,C04,2,14,40C,high-salinity,1.3743381109154038,20250703 plate54 C04
20250703,plate54,C04,3,14,40C,high-salinity,7.55204121864289,20250703 plate54 C04
20250703,plate54,C04,4,14,40C,high-salinity,9.349439904724752,20250703 plate54 C04
20250703,plate54,C05,0,19,40C,high-salinity,0,20250703 plate54 C05
20250703,plate54,C05,1,19,40C,high-salinity,0.6660550340618298,20250703 plate54 C05
20250703,plate54,C05,2,19,40C,high-salinity,0.829388715154013,20250703 plate54 C05
20250703,plate54,C05,3,19,40C,high-salinity,3.950408681578908,20250703 plate54 C05
20250703,plate54,C05,4,19,40C,high-salinity,4.458542223478024,20250703 plate54 C05
20250703,plate54,C06,0,79,40C,low-salinity,0,20250703 plate54 C06
20250703,plate54,C06,1,79,40C,low-salinity,0.6945841673728831,20250703 plate54 C06
20250703,plate54,C06,2,79,40C,low-salinity,0.9258479000530256,20250703 plate54 C06
20250703,plate54,C06,3,79,40C,low-salinity,2.285078686528524,20250703 plate54 C06
20250703,plate54,C06,4,79,40C,low-salinity,2.3053897837888044,20250703 plate54 C06
20250703,plate54,D02,0,31,40C,high-salinity,0,20250703 plate54 D02
20250703,plate54,D02,1,31,40C,high-salinity,1.1169486246676836,20250703 plate54 D02
20250703,plate54,D02,2,31,40C,high-salinity,2.221148597786638,20250703 plate54 D02
20250703,plate54,D02,3,31,40C,high-salinity,7.721271199700853,20250703 plate54 D02
20250703,plate54,D02,4,31,40C,high-salinity,9.757946503783428,20250703 plate54 D02
20250703,plate54,D03,0,90,40C,low-salinity,0,20250703 plate54 D03
20250703,plate54,D03,1,90,40C,low-salinity,0.1113522921925681,20250703 plate54 D03
20250703,plate54,D03,2,90,40C,low-salinity,0.2251743896724877,20250703 plate54 D03
20250703,plate54,D03,3,90,40C,low-salinity,1.3063763502703023,20250703 plate54 D03
20250703,plate54,D03,4,90,40C,low-salinity,1.6763263799743866,20250703 plate54 D03
20250703,plate54,D04,0,14,40C,high-salinity,0,20250703 plate54 D04
20250703,plate54,D04,1,14,40C,high-salinity,1.184118499013064,20250703 plate54 D04
20250703,plate54,D04,2,14,40C,high-salinity,1.5535887955657408,20250703 plate54 D04
20250703,plate54,D04,3,14,40C,high-salinity,5.176938923242117,20250703 plate54 D04
20250703,plate54,D04,4,14,40C,high-salinity,6.187679038916188,20250703 plate54 D04
20250703,plate54,D05,0,19,40C,high-salinity,0,20250703 plate54 D05
20250703,plate54,D05,1,19,40C,high-salinity,1.4194862076784656,20250703 plate54 D05
20250703,plate54,D05,2,19,40C,high-salinity,1.7489440574276138,20250703 plate54 D05
20250703,plate54,D05,3,19,40C,high-salinity,3.862565649391011,20250703 plate54 D05
20250703,plate54,D05,4,19,40C,high-salinity,4.9170926087691225,20250703 plate54 D05
20250703,plate54,D06,0,79,40C,low-salinity,0,20250703 plate54 D06
20250703,plate54,D06,1,79,40C,low-salinity,1.331971439122993,20250703 plate54 D06
20250703,plate54,D06,2,79,40C,low-salinity,1.8955116141324773,20250703 plate54 D06
20250703,plate54,D06,3,79,40C,low-salinity,3.4762142028114402,20250703 plate54 D06
20250703,plate54,D06,4,79,40C,low-salinity,3.780190298099323,20250703 plate54 D06
20250703,plate55,A02,0,15,40C,high-salinity,0,20250703 plate55 A02
20250703,plate55,A02,1,15,40C,high-salinity,1.1134025945508055,20250703 plate55 A02
20250703,plate55,A02,2,15,40C,high-salinity,1.2887993637333697,20250703 plate55 A02
20250703,plate55,A02,3,15,40C,high-salinity,1.5130663971051856,20250703 plate55 A02
20250703,plate55,A02,4,15,40C,high-salinity,1.5512023658785576,20250703 plate55 A02
20250703,plate55,A03,0,32,40C,high-salinity,0,20250703 plate55 A03
20250703,plate55,A03,1,32,40C,high-salinity,1.2195652164091249,20250703 plate55 A03
20250703,plate55,A03,2,32,40C,high-salinity,1.402167846513836,20250703 plate55 A03
20250703,plate55,A03,3,32,40C,high-salinity,3.733098013698898,20250703 plate55 A03
20250703,plate55,A03,4,32,40C,high-salinity,6.065770915571117,20250703 plate55 A03
20250703,plate55,A04,0,6,40C,high-salinity,0,20250703 plate55 A04
20250703,plate55,A04,1,6,40C,high-salinity,1.8681125668337235,20250703 plate55 A04
20250703,plate55,A04,2,6,40C,high-salinity,2.3832550034172426,20250703 plate55 A04
20250703,plate55,A04,3,6,40C,high-salinity,3.5932461814848673,20250703 plate55 A04
20250703,plate55,A04,4,6,40C,high-salinity,3.8900248723339983,20250703 plate55 A04
20250703,plate55,A05,0,71,40C,low-salinity,0,20250703 plate55 A05
20250703,plate55,A05,1,71,40C,low-salinity,1.625296471131515,20250703 plate55 A05
20250703,plate55,A05,2,71,40C,low-salinity,1.900056733500585,20250703 plate55 A05
20250703,plate55,A05,3,71,40C,low-salinity,1.9565286937343966,20250703 plate55 A05
20250703,plate55,A05,4,71,40C,low-salinity,2.0844884783054405,20250703 plate55 A05
20250703,plate55,A06,0,37,40C,high-salinity,0,20250703 plate55 A06
20250703,plate55,A06,1,37,40C,high-salinity,1.572737149514727,20250703 plate55 A06
20250703,plate55,A06,2,37,40C,high-salinity,1.7906054610058806,20250703 plate55 A06
20250703,plate55,A06,3,37,40C,high-salinity,1.9525146280517691,20250703 plate55 A06
20250703,plate55,A06,4,37,40C,high-salinity,2.020685582232056,20250703 plate55 A06
20250703,plate55,B02,0,15,40C,high-salinity,0,20250703 plate55 B02
20250703,plate55,B02,1,15,40C,high-salinity,0.360460658096813,20250703 plate55 B02
20250703,plate55,B02,2,15,40C,high-salinity,0.7234932908392637,20250703 plate55 B02
20250703,plate55,B02,3,15,40C,high-salinity,2.0880224429202263,20250703 plate55 B02
20250703,plate55,B02,4,15,40C,high-salinity,3.16751071413883,20250703 plate55 B02
20250703,plate55,B03,0,32,40C,high-salinity,0,20250703 plate55 B03
20250703,plate55,B03,1,32,40C,high-salinity,1.0642020676736814,20250703 plate55 B03
20250703,plate55,B03,2,32,40C,high-salinity,1.405074738366117,20250703 plate55 B03
20250703,plate55,B03,3,32,40C,high-salinity,2.82425498613784,20250703 plate55 B03
20250703,plate55,B03,4,32,40C,high-salinity,3.870369085376739,20250703 plate55 B03
20250703,plate55,B04,0,6,40C,high-salinity,0,20250703 plate55 B04
20250703,plate55,B04,1,6,40C,high-salinity,0.49349368707172353,20250703 plate55 B04
20250703,plate55,B04,2,6,40C,high-salinity,0.7263240439541692,20250703 plate55 B04
20250703,plate55,B04,3,6,40C,high-salinity,1.1807322760413321,20250703 plate55 B04
20250703,plate55,B04,4,6,40C,high-salinity,1.9516301568662946,20250703 plate55 B04
20250703,plate55,B05,0,71,40C,low-salinity,0,20250703 plate55 B05
20250703,plate55,B05,1,71,40C,low-salinity,1.0525299674688575,20250703 plate55 B05
20250703,plate55,B05,2,71,40C,low-salinity,1.456145118198324,20250703 plate55 B05
20250703,plate55,B05,3,71,40C,low-salinity,2.1157845140250555,20250703 plate55 B05
20250703,plate55,B05,4,71,40C,low-salinity,2.1555806353429685,20250703 plate55 B05
20250703,plate55,B06,0,37,40C,high-salinity,0,20250703 plate55 B06
20250703,plate55,B06,1,37,40C,high-salinity,0.80090320059679,20250703 plate55 B06
20250703,plate55,B06,2,37,40C,high-salinity,1.4349792778281572,20250703 plate55 B06
20250703,plate55,B06,3,37,40C,high-salinity,2.452596656557486,20250703 plate55 B06
20250703,plate55,B06,4,37,40C,high-salinity,2.6694016516325254,20250703 plate55 B06
20250703,plate55,C02,0,15,40C,high-salinity,0,20250703 plate55 C02
20250703,plate55,C02,1,15,40C,high-salinity,1.4127333808815188,20250703 plate55 C02
20250703,plate55,C02,2,15,40C,high-salinity,2.015171873529591,20250703 plate55 C02
20250703,plate55,C02,3,15,40C,high-salinity,7.0806784852938485,20250703 plate55 C02
20250703,plate55,C02,4,15,40C,high-salinity,8.64808556501973,20250703 plate55 C02
20250703,plate55,C03,0,32,40C,high-salinity,0,20250703 plate55 C03
20250703,plate55,C03,1,32,40C,high-salinity,0.45802733545775204,20250703 plate55 C03
20250703,plate55,C03,2,32,40C,high-salinity,0.6805965952299227,20250703 plate55 C03
20250703,plate55,C03,3,32,40C,high-salinity,2.2044491562095185,20250703 plate55 C03
20250703,plate55,C03,4,32,40C,high-salinity,2.6005875674103134,20250703 plate55 C03
20250703,plate55,C04,0,6,40C,high-salinity,0,20250703 plate55 C04
20250703,plate55,C04,1,6,40C,high-salinity,0.7225563859510437,20250703 plate55 C04
20250703,plate55,C04,2,6,40C,high-salinity,1.2355561230354621,20250703 plate55 C04
20250703,plate55,C04,3,6,40C,high-salinity,3.221255186677562,20250703 plate55 C04
20250703,plate55,C04,4,6,40C,high-salinity,3.5163917539987914,20250703 plate55 C04
20250703,plate55,C05,0,71,40C,low-salinity,0,20250703 plate55 C05
20250703,plate55,C05,1,71,40C,low-salinity,0.7562959021575347,20250703 plate55 C05
20250703,plate55,C05,2,71,40C,low-salinity,1.1178662881817814,20250703 plate55 C05
20250703,plate55,C05,3,71,40C,low-salinity,2.3096258036323514,20250703 plate55 C05
20250703,plate55,C05,4,71,40C,low-salinity,2.3476488990706894,20250703 plate55 C05
20250703,plate55,C06,0,37,40C,high-salinity,0,20250703 plate55 C06
20250703,plate55,C06,1,37,40C,high-salinity,0.8496265352466028,20250703 plate55 C06
20250703,plate55,C06,2,37,40C,high-salinity,1.2561706910854804,20250703 plate55 C06
20250703,plate55,C06,3,37,40C,high-salinity,2.4252349250532816,20250703 plate55 C06
20250703,plate55,C06,4,37,40C,high-salinity,2.6959835968510766,20250703 plate55 C06
20250703,plate55,D02,0,15,40C,high-salinity,0,20250703 plate55 D02
20250703,plate55,D02,1,15,40C,high-salinity,0.7031361899370604,20250703 plate55 D02
20250703,plate55,D02,2,15,40C,high-salinity,1.2266367042459756,20250703 plate55 D02
20250703,plate55,D02,3,15,40C,high-salinity,2.5353284146760253,20250703 plate55 D02
20250703,plate55,D02,4,15,40C,high-salinity,2.931741278644117,20250703 plate55 D02
20250703,plate55,D03,0,32,40C,high-salinity,0,20250703 plate55 D03
20250703,plate55,D03,1,32,40C,high-salinity,0.6092367961457227,20250703 plate55 D03
20250703,plate55,D03,2,32,40C,high-salinity,1.0019846404591004,20250703 plate55 D03
20250703,plate55,D03,3,32,40C,high-salinity,1.938017764246734,20250703 plate55 D03
20250703,plate55,D03,4,32,40C,high-salinity,2.409777816400277,20250703 plate55 D03
20250703,plate55,D04,0,6,40C,high-salinity,0,20250703 plate55 D04
20250703,plate55,D04,1,6,40C,high-salinity,0.5656750829457031,20250703 plate55 D04
20250703,plate55,D04,2,6,40C,high-salinity,0.9816779767178913,20250703 plate55 D04
20250703,plate55,D04,3,6,40C,high-salinity,1.7410605146451132,20250703 plate55 D04
20250703,plate55,D04,4,6,40C,high-salinity,2.189884404117634,20250703 plate55 D04
20250703,plate55,D05,0,71,40C,low-salinity,0,20250703 plate55 D05
20250703,plate55,D05,1,71,40C,low-salinity,0.6920502691997645,20250703 plate55 D05
20250703,plate55,D05,2,71,40C,low-salinity,1.3529475477251254,20250703 plate55 D05
20250703,plate55,D05,3,71,40C,low-salinity,1.8620178652786172,20250703 plate55 D05
20250703,plate55,D05,4,71,40C,low-salinity,2.4796382079220085,20250703 plate55 D05
20250703,plate55,D06,0,37,40C,high-salinity,0,20250703 plate55 D06
20250703,plate55,D06,1,37,40C,high-salinity,1.1146892174141885,20250703 plate55 D06
20250703,plate55,D06,2,37,40C,high-salinity,2.1583805557284266,20250703 plate55 D06
20250703,plate55,D06,3,37,40C,high-salinity,2.483614004462434,20250703 plate55 D06
20250703,plate55,D06,4,37,40C,high-salinity,2.8741664887852028,20250703 plate55 D06
20250703,plate56,A02,0,15,40C,high-salinity,0,20250703 plate56 A02
20250703,plate56,A02,1,15,40C,high-salinity,0.9682294963082969,20250703 plate56 A02
20250703,plate56,A02,2,15,40C,high-salinity,1.0858291453990678,20250703 plate56 A02
20250703,plate56,A02,3,15,40C,high-salinity,1.3520492114764224,20250703 plate56 A02
20250703,plate56,A02,4,15,40C,high-salinity,1.3988652769534342,20250703 plate56 A02
20250703,plate56,A03,0,20,40C,high-salinity,0,20250703 plate56 A03
20250703,plate56,A03,1,20,40C,high-salinity,1.7543017472772888,20250703 plate56 A03
20250703,plate56,A03,2,20,40C,high-salinity,2.3812548218446308,20250703 plate56 A03
20250703,plate56,A03,3,20,40C,high-salinity,3.274971905274437,20250703 plate56 A03
20250703,plate56,A03,4,20,40C,high-salinity,3.8766195209278904,20250703 plate56 A03
20250703,plate56,A04,0,47,40C,low-salinity,0,20250703 plate56 A04
20250703,plate56,A04,1,47,40C,low-salinity,1.644422283826016,20250703 plate56 A04
20250703,plate56,A04,2,47,40C,low-salinity,1.798879380215779,20250703 plate56 A04
20250703,plate56,A04,3,47,40C,low-salinity,2.1255943844229392,20250703 plate56 A04
20250703,plate56,A04,4,47,40C,low-salinity,3.0789111036202463,20250703 plate56 A04
20250703,plate56,A05,0,90,40C,low-salinity,0,20250703 plate56 A05
20250703,plate56,A05,1,90,40C,low-salinity,2.1331549039440127,20250703 plate56 A05
20250703,plate56,A05,2,90,40C,low-salinity,2.888927528345679,20250703 plate56 A05
20250703,plate56,A05,3,90,40C,low-salinity,4.320146125636739,20250703 plate56 A05
20250703,plate56,A05,4,90,40C,low-salinity,4.628684842395626,20250703 plate56 A05
20250703,plate56,A06,0,6,40C,high-salinity,0,20250703 plate56 A06
20250703,plate56,A06,1,6,40C,high-salinity,1.1652803464634216,20250703 plate56 A06
20250703,plate56,A06,2,6,40C,high-salinity,1.2422294740203017,20250703 plate56 A06
20250703,plate56,A06,3,6,40C,high-salinity,1.9699057429229292,20250703 plate56 A06
20250703,plate56,A06,4,6,40C,high-salinity,2.012790006765582,20250703 plate56 A06
20250703,plate56,B02,0,15,40C,high-salinity,0,20250703 plate56 B02
20250703,plate56,B02,1,15,40C,high-salinity,0.6885056636978424,20250703 plate56 B02
20250703,plate56,B02,2,15,40C,high-salinity,1.032369875850833,20250703 plate56 B02
20250703,plate56,B02,3,15,40C,high-salinity,1.5390117248291941,20250703 plate56 B02
20250703,plate56,B02,4,15,40C,high-salinity,1.9314378046329645,20250703 plate56 B02
20250703,plate56,B03,0,20,40C,high-salinity,0,20250703 plate56 B03
20250703,plate56,B03,1,20,40C,high-salinity,1.2309948944359301,20250703 plate56 B03
20250703,plate56,B03,2,20,40C,high-salinity,1.7830786945470078,20250703 plate56 B03
20250703,plate56,B03,3,20,40C,high-salinity,4.881099899076994,20250703 plate56 B03
20250703,plate56,B03,4,20,40C,high-salinity,7.9816387142097405,20250703 plate56 B03
20250703,plate56,B04,0,47,40C,low-salinity,0,20250703 plate56 B04
20250703,plate56,B04,1,47,40C,low-salinity,1.4424318423917017,20250703 plate56 B04
20250703,plate56,B04,2,47,40C,low-salinity,2.2626314104172467,20250703 plate56 B04
20250703,plate56,B04,3,47,40C,low-salinity,4.8393402044479075,20250703 plate56 B04
20250703,plate56,B04,4,47,40C,low-salinity,5.936519082418625,20250703 plate56 B04
20250703,plate56,B05,0,90,40C,low-salinity,0,20250703 plate56 B05
20250703,plate56,B05,1,90,40C,low-salinity,1.1666490714875655,20250703 plate56 B05
20250703,plate56,B05,2,90,40C,low-salinity,2.906834972599199,20250703 plate56 B05
20250703,plate56,B05,3,90,40C,low-salinity,8.010900114027812,20250703 plate56 B05
20250703,plate56,B05,4,90,40C,low-salinity,9.203158402276513,20250703 plate56 B05
20250703,plate56,B06,0,6,40C,high-salinity,0,20250703 plate56 B06
20250703,plate56,B06,1,6,40C,high-salinity,0.40716518115755707,20250703 plate56 B06
20250703,plate56,B06,2,6,40C,high-salinity,0.7066605341492397,20250703 plate56 B06
20250703,plate56,B06,3,6,40C,high-salinity,1.583409719032124,20250703 plate56 B06
20250703,plate56,B06,4,6,40C,high-salinity,1.615538524982046,20250703 plate56 B06
20250703,plate56,C02,0,15,40C,high-salinity,0,20250703 plate56 C02
20250703,plate56,C02,1,15,40C,high-salinity,0.6479168424992975,20250703 plate56 C02
20250703,plate56,C02,2,15,40C,high-salinity,1.0861511183976438,20250703 plate56 C02
20250703,plate56,C02,3,15,40C,high-salinity,1.6044037989556703,20250703 plate56 C02
20250703,plate56,C02,4,15,40C,high-salinity,1.6813966637456774,20250703 plate56 C02
20250703,plate56,C03,0,20,40C,high-salinity,0,20250703 plate56 C03
20250703,plate56,C03,1,20,40C,high-salinity,0.7541003900474821,20250703 plate56 C03
20250703,plate56,C03,2,20,40C,high-salinity,1.3651956233251303,20250703 plate56 C03
20250703,plate56,C03,3,20,40C,high-salinity,2.2113134509826016,20250703 plate56 C03
20250703,plate56,C03,4,20,40C,high-salinity,2.3948869066751155,20250703 plate56 C03
20250703,plate56,C04,0,47,40C,low-salinity,0,20250703 plate56 C04
20250703,plate56,C04,1,47,40C,low-salinity,0.7972596669599227,20250703 plate56 C04
20250703,plate56,C04,2,47,40C,low-salinity,1.1898444977818403,20250703 plate56 C04
20250703,plate56,C04,3,47,40C,low-salinity,3.1605386766239656,20250703 plate56 C04
20250703,plate56,C04,4,47,40C,low-salinity,3.8397220649526935,20250703 plate56 C04
20250703,plate56,C05,0,90,40C,low-salinity,0,20250703 plate56 C05
20250703,plate56,C05,1,90,40C,low-salinity,0.4095480877525266,20250703 plate56 C05
20250703,plate56,C05,2,90,40C,low-salinity,2.6346074273170905,20250703 plate56 C05
20250703,plate56,C05,3,90,40C,low-salinity,6.948352162023268,20250703 plate56 C05
20250703,plate56,C05,4,90,40C,low-salinity,8.025212979977908,20250703 plate56 C05
20250703,plate56,C06,0,6,40C,high-salinity,0,20250703 plate56 C06
20250703,plate56,C06,1,6,40C,high-salinity,0.7987008204906737,20250703 plate56 C06
20250703,plate56,C06,2,6,40C,high-salinity,1.2937641960208155,20250703 plate56 C06
20250703,plate56,C06,3,6,40C,high-salinity,3.2506809108761408,20250703 plate56 C06
20250703,plate56,C06,4,6,40C,high-salinity,3.6167269285063086,20250703 plate56 C06
20250703,plate56,D02,0,15,40C,high-salinity,0,20250703 plate56 D02
20250703,plate56,D02,1,15,40C,high-salinity,0.6896917830994725,20250703 plate56 D02
20250703,plate56,D02,2,15,40C,high-salinity,1.7461835837862738,20250703 plate56 D02
20250703,plate56,D02,3,15,40C,high-salinity,2.61620317401959,20250703 plate56 D02
20250703,plate56,D02,4,15,40C,high-salinity,2.772461617377218,20250703 plate56 D02
20250703,plate56,D03,0,20,40C,high-salinity,0,20250703 plate56 D03
20250703,plate56,D03,1,20,40C,high-salinity,0.8847062327474495,20250703 plate56 D03
20250703,plate56,D03,2,20,40C,high-salinity,4.025466520307102,20250703 plate56 D03
20250703,plate56,D03,3,20,40C,high-salinity,6.430006644535849,20250703 plate56 D03
20250703,plate56,D03,4,20,40C,high-salinity,7.296345872920325,20250703 plate56 D03
20250703,plate56,D04,0,47,40C,low-salinity,0,20250703 plate56 D04
20250703,plate56,D04,1,47,40C,low-salinity,0.15127918506812424,20250703 plate56 D04
20250703,plate56,D04,2,47,40C,low-salinity,0.45027546454324824,20250703 plate56 D04
20250703,plate56,D04,3,47,40C,low-salinity,1.259788887806837,20250703 plate56 D04
20250703,plate56,D04,4,47,40C,low-salinity,1.3768718691578143,20250703 plate56 D04
20250703,plate56,D06,0,6,40C,high-salinity,0,20250703 plate56 D06
20250703,plate56,D06,1,6,40C,high-salinity,0.9118739234211699,20250703 plate56 D06
20250703,plate56,D06,2,6,40C,high-salinity,1.4817772272524214,20250703 plate56 D06
20250703,plate56,D06,3,6,40C,high-salinity,2.3783695449479247,20250703 plate56 D06
20250703,plate56,D06,4,6,40C,high-salinity,2.4531802679730865,20250703 plate56 D06
20250703,plate57,A02,0,83,40C,low-salinity,0,20250703 plate57 A02
20250703,plate57,A02,1,83,40C,low-salinity,2.3374903645961695,20250703 plate57 A02
20250703,plate57,A02,2,83,40C,low-salinity,3.8496374277780667,20250703 plate57 A02
20250703,plate57,A02,3,83,40C,low-salinity,6.296869733430492,20250703 plate57 A02
20250703,plate57,A02,4,83,40C,low-salinity,6.211663631133859,20250703 plate57 A02
20250703,plate57,A03,0,61,40C,low-salinity,0,20250703 plate57 A03
20250703,plate57,A03,1,61,40C,low-salinity,1.9129036836561,20250703 plate57 A03
20250703,plate57,A03,2,61,40C,low-salinity,2.156842535003155,20250703 plate57 A03
20250703,plate57,A03,3,61,40C,low-salinity,2.513542360255277,20250703 plate57 A03
20250703,plate57,A03,4,61,40C,low-salinity,2.5503546281924696,20250703 plate57 A03
20250703,plate57,A04,0,26,40C,high-salinity,0,20250703 plate57 A04
20250703,plate57,A04,1,26,40C,high-salinity,1.2707691434557373,20250703 plate57 A04
20250703,plate57,A04,2,26,40C,high-salinity,1.6532386228559572,20250703 plate57 A04
20250703,plate57,A04,3,26,40C,high-salinity,4.295108067448423,20250703 plate57 A04
20250703,plate57,A04,4,26,40C,high-salinity,4.761968048396899,20250703 plate57 A04
20250703,plate57,A05,0,20,40C,high-salinity,0,20250703 plate57 A05
20250703,plate57,A05,1,20,40C,high-salinity,1.7740532462246306,20250703 plate57 A05
20250703,plate57,A05,2,20,40C,high-salinity,2.0593080452056123,20250703 plate57 A05
20250703,plate57,A05,3,20,40C,high-salinity,2.4339443474430067,20250703 plate57 A05
20250703,plate57,A05,4,20,40C,high-salinity,2.499330384617644,20250703 plate57 A05
20250703,plate57,A06,0,39,40C,high-salinity,0,20250703 plate57 A06
20250703,plate57,A06,1,39,40C,high-salinity,0.8894639620844969,20250703 plate57 A06
20250703,plate57,A06,2,39,40C,high-salinity,1.006085655972633,20250703 plate57 A06
20250703,plate57,A06,3,39,40C,high-salinity,1.1302514757866378,20250703 plate57 A06
20250703,plate57,A06,4,39,40C,high-salinity,1.231854990113549,20250703 plate57 A06
20250703,plate57,B02,0,83,40C,low-salinity,0,20250703 plate57 B02
20250703,plate57,B02,1,83,40C,low-salinity,0.045187894072083123,20250703 plate57 B02
20250703,plate57,B02,2,83,40C,low-salinity,0.08277402195383142,20250703 plate57 B02
20250703,plate57,B02,3,83,40C,low-salinity,0.3577438385778552,20250703 plate57 B02
20250703,plate57,B02,4,83,40C,low-salinity,0.5357424512351043,20250703 plate57 B02
20250703,plate57,B03,0,61,40C,low-salinity,0,20250703 plate57 B03
20250703,plate57,B03,1,61,40C,low-salinity,0.932922398434791,20250703 plate57 B03
20250703,plate57,B03,2,61,40C,low-salinity,0.7787883510767906,20250703 plate57 B03
20250703,plate57,B03,3,61,40C,low-salinity,1.3895826892657983,20250703 plate57 B03
20250703,plate57,B03,4,61,40C,low-salinity,2.069343451228899,20250703 plate57 B03
20250703,plate57,B04,0,26,40C,high-salinity,0,20250703 plate57 B04
20250703,plate57,B04,1,26,40C,high-salinity,0.9808741888401339,20250703 plate57 B04
20250703,plate57,B04,2,26,40C,high-salinity,0.9125030069837449,20250703 plate57 B04
20250703,plate57,B04,3,26,40C,high-salinity,5.045908295024109,20250703 plate57 B04
20250703,plate57,B04,4,26,40C,high-salinity,7.084964898902221,20250703 plate57 B04
20250703,plate57,B05,0,20,40C,high-salinity,0,20250703 plate57 B05
20250703,plate57,B05,1,20,40C,high-salinity,1.202322690358586,20250703 plate57 B05
20250703,plate57,B05,2,20,40C,high-salinity,1.0582374381653277,20250703 plate57 B05
20250703,plate57,B05,3,20,40C,high-salinity,2.4018504892263364,20250703 plate57 B05
20250703,plate57,B05,4,20,40C,high-salinity,3.0002540428357687,20250703 plate57 B05
20250703,plate57,B06,0,39,40C,high-salinity,0,20250703 plate57 B06
20250703,plate57,B06,1,39,40C,high-salinity,1.2021945322377359,20250703 plate57 B06
20250703,plate57,B06,2,39,40C,high-salinity,0.9582741897481031,20250703 plate57 B06
20250703,plate57,B06,3,39,40C,high-salinity,2.052539369212228,20250703 plate57 B06
20250703,plate57,B06,4,39,40C,high-salinity,2.707679502998014,20250703 plate57 B06
20250703,plate57,C02,0,83,40C,low-salinity,0,20250703 plate57 C02
20250703,plate57,C02,1,83,40C,low-salinity,0.07750991990755066,20250703 plate57 C02
20250703,plate57,C02,2,83,40C,low-salinity,0.10172438173153629,20250703 plate57 C02
20250703,plate57,C02,3,83,40C,low-salinity,0.42669057650622816,20250703 plate57 C02
20250703,plate57,C02,4,83,40C,low-salinity,0.48086868721037146,20250703 plate57 C02
20250703,plate57,C03,0,61,40C,low-salinity,0,20250703 plate57 C03
20250703,plate57,C03,1,61,40C,low-salinity,0.0335676059096827,20250703 plate57 C03
20250703,plate57,C03,2,61,40C,low-salinity,0.1134803887754781,20250703 plate57 C03
20250703,plate57,C03,3,61,40C,low-salinity,1.0481707692177233,20250703 plate57 C03
20250703,plate57,C03,4,61,40C,low-salinity,1.4934875800954321,20250703 plate57 C03
20250703,plate57,C04,0,26,40C,high-salinity,0,20250703 plate57 C04
20250703,plate57,C04,1,26,40C,high-salinity,-0.002894169100214612,20250703 plate57 C04
20250703,plate57,C04,2,26,40C,high-salinity,0.07234600648682941,20250703 plate57 C04
20250703,plate57,C04,3,26,40C,high-salinity,0.8928465871242272,20250703 plate57 C04
20250703,plate57,C04,4,26,40C,high-salinity,1.472361005687484,20250703 plate57 C04
20250703,plate57,C05,0,20,40C,high-salinity,0,20250703 plate57 C05
20250703,plate57,C05,1,20,40C,high-salinity,0.6291688073094672,20250703 plate57 C05
20250703,plate57,C05,2,20,40C,high-salinity,0.5407461312005712,20250703 plate57 C05
20250703,plate57,C05,3,20,40C,high-salinity,4.465574092431439,20250703 plate57 C05
20250703,plate57,C05,4,20,40C,high-salinity,7.971408712167877,20250703 plate57 C05
20250703,plate57,C06,0,39,40C,high-salinity,0,20250703 plate57 C06
20250703,plate57,C06,1,39,40C,high-salinity,0.46251438563410147,20250703 plate57 C06
20250703,plate57,C06,2,39,40C,high-salinity,0.5161643451277768,20250703 plate57 C06
20250703,plate57,C06,3,39,40C,high-salinity,1.9773110308969088,20250703 plate57 C06
20250703,plate57,C06,4,39,40C,high-salinity,2.1950944344439356,20250703 plate57 C06
20250703,plate57,D02,0,83,40C,low-salinity,0,20250703 plate57 D02
20250703,plate57,D02,1,83,40C,low-salinity,0.09564970387519905,20250703 plate57 D02
20250703,plate57,D02,2,83,40C,low-salinity,0.2429778827721304,20250703 plate57 D02
20250703,plate57,D02,3,83,40C,low-salinity,1.0183417145220768,20250703 plate57 D02
20250703,plate57,D02,4,83,40C,low-salinity,1.2843653661557282,20250703 plate57 D02
20250703,plate57,D03,0,61,40C,low-salinity,0,20250703 plate57 D03
20250703,plate57,D03,1,61,40C,low-salinity,0.05687952088595917,20250703 plate57 D03
20250703,plate57,D03,2,61,40C,low-salinity,0.22998433679895464,20250703 plate57 D03
20250703,plate57,D03,3,61,40C,low-salinity,2.5821346666933676,20250703 plate57 D03
20250703,plate57,D03,4,61,40C,low-salinity,4.313834531938805,20250703 plate57 D03
20250703,plate57,D04,0,26,40C,high-salinity,0,20250703 plate57 D04
20250703,plate57,D04,1,26,40C,high-salinity,0.4405636885480486,20250703 plate57 D04
20250703,plate57,D04,2,26,40C,high-salinity,1.4943929160861729,20250703 plate57 D04
20250703,plate57,D04,3,26,40C,high-salinity,7.783843213953798,20250703 plate57 D04
20250703,plate57,D04,4,26,40C,high-salinity,8.642659987371175,20250703 plate57 D04
20250703,plate57,D05,0,20,40C,high-salinity,0,20250703 plate57 D05
20250703,plate57,D05,1,20,40C,high-salinity,0.40223494909032914,20250703 plate57 D05
20250703,plate57,D05,2,20,40C,high-salinity,0.47797999163519655,20250703 plate57 D05
20250703,plate57,D05,3,20,40C,high-salinity,1.507305364436807,20250703 plate57 D05
20250703,plate57,D05,4,20,40C,high-salinity,1.7369710963424876,20250703 plate57 D05
20250703,plate57,D06,0,39,40C,high-salinity,0,20250703 plate57 D06
20250703,plate57,D06,1,39,40C,high-salinity,0.5274471858767183,20250703 plate57 D06
20250703,plate57,D06,2,39,40C,high-salinity,0.5669825880594577,20250703 plate57 D06
20250703,plate57,D06,3,39,40C,high-salinity,1.766852602307261,20250703 plate57 D06
20250703,plate57,D06,4,39,40C,high-salinity,1.7726864578988937,20250703 plate57 D06
20250703,plate58,A02,0,31,40C,high-salinity,0,20250703 plate58 A02
20250703,plate58,A02,1,31,40C,high-salinity,1.2582877916510604,20250703 plate58 A02
20250703,plate58,A02,2,31,40C,high-salinity,1.4059688453369021,20250703 plate58 A02
20250703,plate58,A02,3,31,40C,high-salinity,1.5220329479796273,20250703 plate58 A02
20250703,plate58,A02,4,31,40C,high-salinity,1.5325935303827458,20250703 plate58 A02
20250703,plate58,A03,0,60,40C,low-salinity,0,20250703 plate58 A03
20250703,plate58,A03,1,60,40C,low-salinity,2.3612430098183097,20250703 plate58 A03
20250703,plate58,A03,2,60,40C,low-salinity,2.9854390388732965,20250703 plate58 A03
20250703,plate58,A03,3,60,40C,low-salinity,5.893604497463648,20250703 plate58 A03
20250703,plate58,A03,4,60,40C,low-salinity,6.121964379038986,20250703 plate58 A03
20250703,plate58,A04,0,50,40C,low-salinity,0,20250703 plate58 A04
20250703,plate58,A04,1,50,40C,low-salinity,1.7050949079579008,20250703 plate58 A04
20250703,plate58,A04,2,50,40C,low-salinity,1.8911608898957513,20250703 plate58 A04
20250703,plate58,A04,3,50,40C,low-salinity,2.4212596288905694,20250703 plate58 A04
20250703,plate58,A04,4,50,40C,low-salinity,2.5492733322521715,20250703 plate58 A04
20250703,plate58,A05,0,34,40C,high-salinity,0,20250703 plate58 A05
20250703,plate58,A05,1,34,40C,high-salinity,1.3995345072860137,20250703 plate58 A05
20250703,plate58,A05,2,34,40C,high-salinity,1.553941533652951,20250703 plate58 A05
20250703,plate58,A05,3,34,40C,high-salinity,2.296237933770902,20250703 plate58 A05
20250703,plate58,A05,4,34,40C,high-salinity,2.3529948829906333,20250703 plate58 A05
20250703,plate58,A06,0,21,40C,high-salinity,0,20250703 plate58 A06
20250703,plate58,A06,1,21,40C,high-salinity,0.439655449804103,20250703 plate58 A06
20250703,plate58,A06,2,21,40C,high-salinity,0.656561610583898,20250703 plate58 A06
20250703,plate58,A06,3,21,40C,high-salinity,0.9839991824965445,20250703 plate58 A06
20250703,plate58,A06,4,21,40C,high-salinity,1.0523462147325549,20250703 plate58 A06
20250703,plate58,B02,0,31,40C,high-salinity,0,20250703 plate58 B02
20250703,plate58,B02,1,31,40C,high-salinity,0.8537396740202986,20250703 plate58 B02
20250703,plate58,B02,2,31,40C,high-salinity,1.2639381794972462,20250703 plate58 B02
20250703,plate58,B02,3,31,40C,high-salinity,1.5941712891761533,20250703 plate58 B02
20250703,plate58,B02,4,31,40C,high-salinity,1.638541047507056,20250703 plate58 B02
20250703,plate58,B03,0,60,40C,low-salinity,0,20250703 plate58 B03
20250703,plate58,B03,1,60,40C,low-salinity,0.10792042933442039,20250703 plate58 B03
20250703,plate58,B03,2,60,40C,low-salinity,0.3423891370270119,20250703 plate58 B03
20250703,plate58,B03,3,60,40C,low-salinity,0.6962172078460243,20250703 plate58 B03
20250703,plate58,B03,4,60,40C,low-salinity,0.8087245981354422,20250703 plate58 B03
20250703,plate58,B04,0,50,40C,low-salinity,0,20250703 plate58 B04
20250703,plate58,B04,1,50,40C,low-salinity,1.198645210871403,20250703 plate58 B04
20250703,plate58,B04,2,50,40C,low-salinity,1.7063599647250984,20250703 plate58 B04
20250703,plate58,B04,3,50,40C,low-salinity,3.743479145887453,20250703 plate58 B04
20250703,plate58,B04,4,50,40C,low-salinity,4.199718404908856,20250703 plate58 B04
20250703,plate58,B05,0,34,40C,high-salinity,0,20250703 plate58 B05
20250703,plate58,B05,1,34,40C,high-salinity,0.8474747105257044,20250703 plate58 B05
20250703,plate58,B05,2,34,40C,high-salinity,1.1055435400792515,20250703 plate58 B05
20250703,plate58,B05,3,34,40C,high-salinity,1.9076830916747012,20250703 plate58 B05
20250703,plate58,B05,4,34,40C,high-salinity,2.148567746093458,20250703 plate58 B05
20250703,plate58,B06,0,21,40C,high-salinity,0,20250703 plate58 B06
20250703,plate58,B06,1,21,40C,high-salinity,1.145142167217553,20250703 plate58 B06
20250703,plate58,B06,2,21,40C,high-salinity,1.5050864611617587,20250703 plate58 B06
20250703,plate58,B06,3,21,40C,high-salinity,4.198808697020711,20250703 plate58 B06
20250703,plate58,B06,4,21,40C,high-salinity,4.404974106067519,20250703 plate58 B06
20250703,plate58,C02,0,31,40C,high-salinity,0,20250703 plate58 C02
20250703,plate58,C02,1,31,40C,high-salinity,0.6689277729454977,20250703 plate58 C02
20250703,plate58,C02,2,31,40C,high-salinity,1.047739223288387,20250703 plate58 C02
20250703,plate58,C02,3,31,40C,high-salinity,2.0008199343720516,20250703 plate58 C02
20250703,plate58,C02,4,31,40C,high-salinity,2.063428549433975,20250703 plate58 C02
20250703,plate58,C03,0,60,40C,low-salinity,0,20250703 plate58 C03
20250703,plate58,C03,1,60,40C,low-salinity,0.6165585096252976,20250703 plate58 C03
20250703,plate58,C03,2,60,40C,low-salinity,0.9809713628313141,20250703 plate58 C03
20250703,plate58,C03,3,60,40C,low-salinity,2.0177046706763666,20250703 plate58 C03
20250703,plate58,C03,4,60,40C,low-salinity,2.730006752342185,20250703 plate58 C03
20250703,plate58,C04,0,50,40C,low-salinity,0,20250703 plate58 C04
20250703,plate58,C04,1,50,40C,low-salinity,0.09899856256954431,20250703 plate58 C04
20250703,plate58,C04,2,50,40C,low-salinity,0.4123058315644521,20250703 plate58 C04
20250703,plate58,C04,3,50,40C,low-salinity,3.0236291452159114,20250703 plate58 C04
20250703,plate58,C04,4,50,40C,low-salinity,5.503389733141461,20250703 plate58 C04
20250703,plate58,C05,0,34,40C,high-salinity,0,20250703 plate58 C05
20250703,plate58,C05,1,34,40C,high-salinity,0.3415885942699263,20250703 plate58 C05
20250703,plate58,C05,2,34,40C,high-salinity,0.6663374487951881,20250703 plate58 C05
20250703,plate58,C05,3,34,40C,high-salinity,1.9592211905168606,20250703 plate58 C05
20250703,plate58,C05,4,34,40C,high-salinity,2.124708876742128,20250703 plate58 C05
20250703,plate58,C06,0,21,40C,high-salinity,0,20250703 plate58 C06
20250703,plate58,C06,1,21,40C,high-salinity,0.5333145152156158,20250703 plate58 C06
20250703,plate58,C06,2,21,40C,high-salinity,0.948865859587872,20250703 plate58 C06
20250703,plate58,C06,3,21,40C,high-salinity,3.4103635375049133,20250703 plate58 C06
20250703,plate58,C06,4,21,40C,high-salinity,3.7727289191014206,20250703 plate58 C06
20250703,plate58,D02,0,31,40C,high-salinity,0,20250703 plate58 D02
20250703,plate58,D02,1,31,40C,high-salinity,0.7752048924779137,20250703 plate58 D02
20250703,plate58,D02,2,31,40C,high-salinity,2.301528890173614,20250703 plate58 D02
20250703,plate58,D02,3,31,40C,high-salinity,6.29466110631909,20250703 plate58 D02
20250703,plate58,D02,4,31,40C,high-salinity,6.56888778964618,20250703 plate58 D02
20250703,plate58,D03,0,60,40C,low-salinity,0,20250703 plate58 D03
20250703,plate58,D03,1,60,40C,low-salinity,0.8302733855027663,20250703 plate58 D03
20250703,plate58,D03,2,60,40C,low-salinity,1.6313676707222726,20250703 plate58 D03
20250703,plate58,D03,3,60,40C,low-salinity,3.988833440622942,20250703 plate58 D03
20250703,plate58,D03,4,60,40C,low-salinity,4.350533957507457,20250703 plate58 D03
20250703,plate58,D04,0,50,40C,low-salinity,0,20250703 plate58 D04
20250703,plate58,D04,1,50,40C,low-salinity,0.5614774183698317,20250703 plate58 D04
20250703,plate58,D04,2,50,40C,low-salinity,1.1728315449750495,20250703 plate58 D04
20250703,plate58,D04,3,50,40C,low-salinity,2.8002437780683684,20250703 plate58 D04
20250703,plate58,D04,4,50,40C,low-salinity,3.5648951213578424,20250703 plate58 D04
20250703,plate58,D05,0,34,40C,high-salinity,0,20250703 plate58 D05
20250703,plate58,D05,1,34,40C,high-salinity,0.43617697985371207,20250703 plate58 D05
20250703,plate58,D05,2,34,40C,high-salinity,0.928717563613321,20250703 plate58 D05
20250703,plate58,D05,3,34,40C,high-salinity,1.9725011030577517,20250703 plate58 D05
20250703,plate58,D05,4,34,40C,high-salinity,2.2678269916874516,20250703 plate58 D05
20250703,plate58,D06,0,21,40C,high-salinity,0,20250703 plate58 D06
20250703,plate58,D06,1,21,40C,high-salinity,0.9559213468964918,20250703 plate58 D06
20250703,plate58,D06,2,21,40C,high-salinity,1.7605950385531788,20250703 plate58 D06
20250703,plate58,D06,3,21,40C,high-salinity,4.7214797396356145,20250703 plate58 D06
20250703,plate58,D06,4,21,40C,high-salinity,5.089911515981669,20250703 plate58 D06
20250703,plate59,A02,0,84,40C,low-salinity,0,20250703 plate59 A02
20250703,plate59,A02,1,84,40C,low-salinity,0.5492914923364547,20250703 plate59 A02
20250703,plate59,A02,2,84,40C,low-salinity,0.7120690627239527,20250703 plate59 A02
20250703,plate59,A02,3,84,40C,low-salinity,0.8900414152416227,20250703 plate59 A02
20250703,plate59,A02,4,84,40C,low-salinity,1.0097873270062983,20250703 plate59 A02
20250703,plate59,A03,0,7,40C,high-salinity,0,20250703 plate59 A03
20250703,plate59,A03,1,7,40C,high-salinity,2.198095696052122,20250703 plate59 A03
20250703,plate59,A03,2,7,40C,high-salinity,2.3838269816239923,20250703 plate59 A03
20250703,plate59,A03,3,7,40C,high-salinity,3.3328961340808365,20250703 plate59 A03
20250703,plate59,A03,4,7,40C,high-salinity,3.5173629501934225,20250703 plate59 A03
20250703,plate59,A04,0,41,40C,high-salinity,0,20250703 plate59 A04
20250703,plate59,A04,1,41,40C,high-salinity,1.5526508662963026,20250703 plate59 A04
20250703,plate59,A04,2,41,40C,high-salinity,1.8087322397180607,20250703 plate59 A04
20250703,plate59,A04,3,41,40C,high-salinity,2.442251559814477,20250703 plate59 A04
20250703,plate59,A04,4,41,40C,high-salinity,3.262342469371691,20250703 plate59 A04
20250703,plate59,A06,0,31,40C,high-salinity,0,20250703 plate59 A06
20250703,plate59,A06,1,31,40C,high-salinity,1.0193459374557092,20250703 plate59 A06
20250703,plate59,A06,2,31,40C,high-salinity,1.171965438441756,20250703 plate59 A06
20250703,plate59,A06,3,31,40C,high-salinity,1.2506146547818204,20250703 plate59 A06
20250703,plate59,A06,4,31,40C,high-salinity,1.2618482562315172,20250703 plate59 A06
20250703,plate59,B02,0,84,40C,low-salinity,0,20250703 plate59 B02
20250703,plate59,B02,1,84,40C,low-salinity,1.3265358021112823,20250703 plate59 B02
20250703,plate59,B02,2,84,40C,low-salinity,3.643771074081394,20250703 plate59 B02
20250703,plate59,B02,3,84,40C,low-salinity,7.00718611444017,20250703 plate59 B02
20250703,plate59,B02,4,84,40C,low-salinity,8.628151705983507,20250703 plate59 B02
20250703,plate59,B03,0,7,40C,high-salinity,0,20250703 plate59 B03
20250703,plate59,B03,1,7,40C,high-salinity,1.1657109798879948,20250703 plate59 B03
20250703,plate59,B03,2,7,40C,high-salinity,1.4515762430754766,20250703 plate59 B03
20250703,plate59,B03,3,7,40C,high-salinity,2.408624297778294,20250703 plate59 B03
20250703,plate59,B03,4,7,40C,high-salinity,2.9711232709709634,20250703 plate59 B03
20250703,plate59,B04,0,41,40C,high-salinity,0,20250703 plate59 B04
20250703,plate59,B04,1,41,40C,high-salinity,1.2178942084918996,20250703 plate59 B04
20250703,plate59,B04,2,41,40C,high-salinity,1.602264956654833,20250703 plate59 B04
20250703,plate59,B04,3,41,40C,high-salinity,2.0922393372906702,20250703 plate59 B04
20250703,plate59,B04,4,41,40C,high-salinity,2.8456339190202704,20250703 plate59 B04
20250703,plate59,B06,0,31,40C,high-salinity,0,20250703 plate59 B06
20250703,plate59,B06,1,31,40C,high-salinity,0.5641673016017473,20250703 plate59 B06
20250703,plate59,B06,2,31,40C,high-salinity,1.0547640346277434,20250703 plate59 B06
20250703,plate59,B06,3,31,40C,high-salinity,3.590162908530599,20250703 plate59 B06
20250703,plate59,B06,4,31,40C,high-salinity,6.777995072466664,20250703 plate59 B06
20250703,plate59,C02,0,84,40C,low-salinity,0,20250703 plate59 C02
20250703,plate59,C02,1,84,40C,low-salinity,0.008327656172333915,20250703 plate59 C02
20250703,plate59,C02,2,84,40C,low-salinity,0.07656008995151188,20250703 plate59 C02
20250703,plate59,C02,3,84,40C,low-salinity,0.2915879515764502,20250703 plate59 C02
20250703,plate59,C02,4,84,40C,low-salinity,1.4391491255120368,20250703 plate59 C02
20250703,plate59,C03,0,7,40C,high-salinity,0,20250703 plate59 C03
20250703,plate59,C03,1,7,40C,high-salinity,1.057435579231064,20250703 plate59 C03
20250703,plate59,C03,2,7,40C,high-salinity,1.5126440771140293,20250703 plate59 C03
20250703,plate59,C03,3,7,40C,high-salinity,3.8383342218215684,20250703 plate59 C03
20250703,plate59,C03,4,7,40C,high-salinity,4.738414164197084,20250703 plate59 C03
20250703,plate59,C04,0,41,40C,high-salinity,0,20250703 plate59 C04
20250703,plate59,C04,1,41,40C,high-salinity,1.0825062731823267,20250703 plate59 C04
20250703,plate59,C04,2,41,40C,high-salinity,1.6264275878894567,20250703 plate59 C04
20250703,plate59,C04,3,41,40C,high-salinity,4.407635693548566,20250703 plate59 C04
20250703,plate59,C04,4,41,40C,high-salinity,5.460870155676443,20250703 plate59 C04
20250703,plate59,C05,0,20,40C,high-salinity,0,20250703 plate59 C05
20250703,plate59,C05,1,20,40C,high-salinity,0.8340993738147942,20250703 plate59 C05
20250703,plate59,C05,2,20,40C,high-salinity,1.185695994126464,20250703 plate59 C05
20250703,plate59,C05,3,20,40C,high-salinity,2.3696490198816704,20250703 plate59 C05
20250703,plate59,C05,4,20,40C,high-salinity,3.3151870299817574,20250703 plate59 C05
20250703,plate59,C06,0,31,40C,high-salinity,0,20250703 plate59 C06
20250703,plate59,C06,1,31,40C,high-salinity,0.8396118984575218,20250703 plate59 C06
20250703,plate59,C06,2,31,40C,high-salinity,1.2164286653387881,20250703 plate59 C06
20250703,plate59,C06,3,31,40C,high-salinity,3.6930385949043245,20250703 plate59 C06
20250703,plate59,C06,4,31,40C,high-salinity,3.671487412928988,20250703 plate59 C06
20250703,plate59,D03,0,7,40C,high-salinity,0,20250703 plate59 D03
20250703,plate59,D03,1,7,40C,high-salinity,0.08333625701165703,20250703 plate59 D03
20250703,plate59,D03,2,7,40C,high-salinity,0.21774833419654813,20250703 plate59 D03
20250703,plate59,D03,3,7,40C,high-salinity,0.4864356437386069,20250703 plate59 D03
20250703,plate59,D03,4,7,40C,high-salinity,0.5743034673389262,20250703 plate59 D03
20250703,plate59,D04,0,41,40C,high-salinity,0,20250703 plate59 D04
20250703,plate59,D04,1,41,40C,high-salinity,0.8258417211437314,20250703 plate59 D04
20250703,plate59,D04,2,41,40C,high-salinity,1.4073289253319636,20250703 plate59 D04
20250703,plate59,D04,3,41,40C,high-salinity,2.4120389466024603,20250703 plate59 D04
20250703,plate59,D04,4,41,40C,high-salinity,3.862917716864097,20250703 plate59 D04
20250703,plate60,A02,0,79,40C,low-salinity,0,20250703 plate60 A02
20250703,plate60,A02,1,79,40C,low-salinity,2.438639098529011,20250703 plate60 A02
20250703,plate60,A02,2,79,40C,low-salinity,3.6430034255363073,20250703 plate60 A02
20250703,plate60,A02,3,79,40C,low-salinity,5.817139188793526,20250703 plate60 A02
20250703,plate60,A02,4,79,40C,low-salinity,6.732730317145619,20250703 plate60 A02
20250703,plate60,A03,0,14,40C,high-salinity,0,20250703 plate60 A03
20250703,plate60,A03,1,14,40C,high-salinity,1.6381960529795976,20250703 plate60 A03
20250703,plate60,A03,2,14,40C,high-salinity,1.819427977525906,20250703 plate60 A03
20250703,plate60,A03,3,14,40C,high-salinity,2.0802700656158737,20250703 plate60 A03
20250703,plate60,A03,4,14,40C,high-salinity,2.3810112782051913,20250703 plate60 A03
20250703,plate60,A04,0,12,40C,high-salinity,0,20250703 plate60 A04
20250703,plate60,A04,1,12,40C,high-salinity,0.7716564841415855,20250703 plate60 A04
20250703,plate60,A04,2,12,40C,high-salinity,0.950064057224101,20250703 plate60 A04
20250703,plate60,A04,3,12,40C,high-salinity,1.2723752186863726,20250703 plate60 A04
20250703,plate60,A04,4,12,40C,high-salinity,1.767333297769725,20250703 plate60 A04
20250703,plate60,A05,0,21,40C,high-salinity,0,20250703 plate60 A05
20250703,plate60,A05,1,21,40C,high-salinity,2.2122509968539465,20250703 plate60 A05
20250703,plate60,A05,2,21,40C,high-salinity,2.3377492927162598,20250703 plate60 A05
20250703,plate60,A05,3,21,40C,high-salinity,3.9780713148144824,20250703 plate60 A05
20250703,plate60,A05,4,21,40C,high-salinity,4.786222803545118,20250703 plate60 A05
20250703,plate60,A06,0,85,40C,low-salinity,0,20250703 plate60 A06
20250703,plate60,A06,1,85,40C,low-salinity,2.1441955565686013,20250703 plate60 A06
20250703,plate60,A06,2,85,40C,low-salinity,3.583161984651156,20250703 plate60 A06
20250703,plate60,A06,3,85,40C,low-salinity,4.650709994757469,20250703 plate60 A06
20250703,plate60,A06,4,85,40C,low-salinity,4.872262080800293,20250703 plate60 A06
20250703,plate60,B02,0,79,40C,low-salinity,0,20250703 plate60 B02
20250703,plate60,B02,1,79,40C,low-salinity,0.22364899833440047,20250703 plate60 B02
20250703,plate60,B02,2,79,40C,low-salinity,0.302009259992975,20250703 plate60 B02
20250703,plate60,B02,3,79,40C,low-salinity,0.41992152314572095,20250703 plate60 B02
20250703,plate60,B02,4,79,40C,low-salinity,0.46028393535603485,20250703 plate60 B02
20250703,plate60,B03,0,14,40C,high-salinity,0,20250703 plate60 B03
20250703,plate60,B03,1,14,40C,high-salinity,1.5080828360149792,20250703 plate60 B03
20250703,plate60,B03,2,14,40C,high-salinity,1.5069462917107104,20250703 plate60 B03
20250703,plate60,B03,3,14,40C,high-salinity,3.22809251659873,20250703 plate60 B03
20250703,plate60,B03,4,14,40C,high-salinity,6.079981980698599,20250703 plate60 B03
20250703,plate60,B04,0,12,40C,high-salinity,0,20250703 plate60 B04
20250703,plate60,B04,1,12,40C,high-salinity,1.2381612974767993,20250703 plate60 B04
20250703,plate60,B04,2,12,40C,high-salinity,2.1950870791006567,20250703 plate60 B04
20250703,plate60,B04,3,12,40C,high-salinity,4.686728918332919,20250703 plate60 B04
20250703,plate60,B04,4,12,40C,high-salinity,6.386637097465218,20250703 plate60 B04
20250703,plate60,B05,0,21,40C,high-salinity,0,20250703 plate60 B05
20250703,plate60,B05,1,21,40C,high-salinity,1.1150699351967661,20250703 plate60 B05
20250703,plate60,B05,2,21,40C,high-salinity,1.8505222547924793,20250703 plate60 B05
20250703,plate60,B05,3,21,40C,high-salinity,3.5348541638599014,20250703 plate60 B05
20250703,plate60,B05,4,21,40C,high-salinity,4.922714793846079,20250703 plate60 B05
20250703,plate60,B06,0,85,40C,low-salinity,0,20250703 plate60 B06
20250703,plate60,B06,1,85,40C,low-salinity,0.12834077369270835,20250703 plate60 B06
20250703,plate60,B06,2,85,40C,low-salinity,0.44086353360999375,20250703 plate60 B06
20250703,plate60,B06,3,85,40C,low-salinity,0.6099337863760859,20250703 plate60 B06
20250703,plate60,B06,4,85,40C,low-salinity,0.6831862415228583,20250703 plate60 B06
20250703,plate60,C02,0,79,40C,low-salinity,0,20250703 plate60 C02
20250703,plate60,C02,1,79,40C,low-salinity,1.087070743026896,20250703 plate60 C02
20250703,plate60,C02,2,79,40C,low-salinity,1.6962152432963054,20250703 plate60 C02
20250703,plate60,C02,3,79,40C,low-salinity,4.1877809656491305,20250703 plate60 C02
20250703,plate60,C02,4,79,40C,low-salinity,4.334680023535285,20250703 plate60 C02
20250703,plate60,C03,0,14,40C,high-salinity,0,20250703 plate60 C03
20250703,plate60,C03,1,14,40C,high-salinity,1.5922445243930146,20250703 plate60 C03
20250703,plate60,C03,2,14,40C,high-salinity,2.1029095241145974,20250703 plate60 C03
20250703,plate60,C03,3,14,40C,high-salinity,7.1812449513989405,20250703 plate60 C03
20250703,plate60,C03,4,14,40C,high-salinity,9.044397119674825,20250703 plate60 C03
20250703,plate60,C04,0,12,40C,high-salinity,0,20250703 plate60 C04
20250703,plate60,C04,1,12,40C,high-salinity,0.8884024360352172,20250703 plate60 C04
20250703,plate60,C04,2,12,40C,high-salinity,1.1948625460912035,20250703 plate60 C04
20250703,plate60,C04,3,12,40C,high-salinity,1.9276767111108717,20250703 plate60 C04
20250703,plate60,C04,4,12,40C,high-salinity,2.008910773108219,20250703 plate60 C04
20250703,plate60,C05,0,21,40C,high-salinity,0,20250703 plate60 C05
20250703,plate60,C05,1,21,40C,high-salinity,0.9259716147409773,20250703 plate60 C05
20250703,plate60,C05,2,21,40C,high-salinity,1.1647690378321254,20250703 plate60 C05
20250703,plate60,C05,3,21,40C,high-salinity,2.139890863866527,20250703 plate60 C05
20250703,plate60,C05,4,21,40C,high-salinity,2.2700690819252762,20250703 plate60 C05
20250703,plate60,C06,0,85,40C,low-salinity,0,20250703 plate60 C06
20250703,plate60,C06,1,85,40C,low-salinity,0.14249258240844478,20250703 plate60 C06
20250703,plate60,C06,2,85,40C,low-salinity,0.2880363509336383,20250703 plate60 C06
20250703,plate60,C06,3,85,40C,low-salinity,0.6249701434772117,20250703 plate60 C06
20250703,plate60,C06,4,85,40C,low-salinity,0.6886998172227874,20250703 plate60 C06
20250703,plate60,D02,0,79,40C,low-salinity,0,20250703 plate60 D02
20250703,plate60,D02,1,79,40C,low-salinity,0.08419569158792944,20250703 plate60 D02
20250703,plate60,D02,2,79,40C,low-salinity,0.2772848401378142,20250703 plate60 D02
20250703,plate60,D02,3,79,40C,low-salinity,0.474766369484229,20250703 plate60 D02
20250703,plate60,D02,4,79,40C,low-salinity,0.5258574400896542,20250703 plate60 D02
20250703,plate60,D03,0,14,40C,high-salinity,0,20250703 plate60 D03
20250703,plate60,D03,1,14,40C,high-salinity,1.2913559612599934,20250703 plate60 D03
20250703,plate60,D03,2,14,40C,high-salinity,2.3728275172727504,20250703 plate60 D03
20250703,plate60,D03,3,14,40C,high-salinity,5.249646243592002,20250703 plate60 D03
20250703,plate60,D03,4,14,40C,high-salinity,6.997523410217203,20250703 plate60 D03
20250703,plate60,D04,0,12,40C,high-salinity,0,20250703 plate60 D04
20250703,plate60,D04,1,12,40C,high-salinity,0.3110370211734245,20250703 plate60 D04
20250703,plate60,D04,2,12,40C,high-salinity,0.9873594148246976,20250703 plate60 D04
20250703,plate60,D04,3,12,40C,high-salinity,1.8169179384555683,20250703 plate60 D04
20250703,plate60,D04,4,12,40C,high-salinity,2.0230264018478854,20250703 plate60 D04
20250703,plate60,D05,0,21,40C,high-salinity,0,20250703 plate60 D05
20250703,plate60,D05,1,21,40C,high-salinity,2.02029767197722,20250703 plate60 D05
20250703,plate60,D05,2,21,40C,high-salinity,2.904686079737167,20250703 plate60 D05
20250703,plate60,D05,3,21,40C,high-salinity,5.055791707648889,20250703 plate60 D05
20250703,plate60,D05,4,21,40C,high-salinity,7.7346663713235255,20250703 plate60 D05
20250703,plate60,D06,0,85,40C,low-salinity,0,20250703 plate60 D06
20250703,plate60,D06,1,85,40C,low-salinity,0.5637157490084613,20250703 plate60 D06
20250703,plate60,D06,2,85,40C,low-salinity,0.8257609622932702,20250703 plate60 D06
20250703,plate60,D06,3,85,40C,low-salinity,0.9473116003183443,20250703 plate60 D06
20250703,plate60,D06,4,85,40C,low-salinity,0.9955762424957176,20250703 plate60 D06
20250703,plate61,A02,0,43,40C,high-salinity,0,20250703 plate61 A02
20250703,plate61,A02,1,43,40C,high-salinity,2.7013310304257,20250703 plate61 A02
20250703,plate61,A02,2,43,40C,high-salinity,3.482816962188085,20250703 plate61 A02
20250703,plate61,A02,3,43,40C,high-salinity,6.4852163284454,20250703 plate61 A02
20250703,plate61,A02,4,43,40C,high-salinity,6.885715412845878,20250703 plate61 A02
20250703,plate61,A03,0,80,40C,low-salinity,0,20250703 plate61 A03
20250703,plate61,A03,1,80,40C,low-salinity,2.0572304297661166,20250703 plate61 A03
20250703,plate61,A03,2,80,40C,low-salinity,2.384072055068877,20250703 plate61 A03
20250703,plate61,A03,3,80,40C,low-salinity,2.545610248391211,20250703 plate61 A03
20250703,plate61,A03,4,80,40C,low-salinity,2.662140739986084,20250703 plate61 A03
20250703,plate61,A04,0,21,40C,high-salinity,0,20250703 plate61 A04
20250703,plate61,A04,1,21,40C,high-salinity,1.6314167137577849,20250703 plate61 A04
20250703,plate61,A04,2,21,40C,high-salinity,1.9012874551948205,20250703 plate61 A04
20250703,plate61,A04,3,21,40C,high-salinity,2.0851617211310214,20250703 plate61 A04
20250703,plate61,A04,4,21,40C,high-salinity,2.748108956846737,20250703 plate61 A04
20250703,plate61,A05,0,34,40C,high-salinity,0,20250703 plate61 A05
20250703,plate61,A05,1,34,40C,high-salinity,1.6345673210242637,20250703 plate61 A05
20250703,plate61,A05,2,34,40C,high-salinity,2.038298622460401,20250703 plate61 A05
20250703,plate61,A05,3,34,40C,high-salinity,3.8628433488433322,20250703 plate61 A05
20250703,plate61,A05,4,34,40C,high-salinity,4.124296039472721,20250703 plate61 A05
20250703,plate61,A06,0,90,40C,low-salinity,0,20250703 plate61 A06
20250703,plate61,A06,1,90,40C,low-salinity,2.119779694228968,20250703 plate61 A06
20250703,plate61,A06,2,90,40C,low-salinity,3.0044123559595604,20250703 plate61 A06
20250703,plate61,A06,3,90,40C,low-salinity,6.644520544944179,20250703 plate61 A06
20250703,plate61,A06,4,90,40C,low-salinity,6.419005009805289,20250703 plate61 A06
20250703,plate61,B02,0,43,40C,high-salinity,0,20250703 plate61 B02
20250703,plate61,B02,1,43,40C,high-salinity,0.902650678736469,20250703 plate61 B02
20250703,plate61,B02,2,43,40C,high-salinity,0.9783097140428244,20250703 plate61 B02
20250703,plate61,B02,3,43,40C,high-salinity,2.1071171809585145,20250703 plate61 B02
20250703,plate61,B02,4,43,40C,high-salinity,3.7094468663746842,20250703 plate61 B02
20250703,plate61,B03,0,80,40C,low-salinity,0,20250703 plate61 B03
20250703,plate61,B03,1,80,40C,low-salinity,0.03879776052145225,20250703 plate61 B03
20250703,plate61,B03,2,80,40C,low-salinity,0.222957148879957,20250703 plate61 B03
20250703,plate61,B03,3,80,40C,low-salinity,0.4497954750144904,20250703 plate61 B03
20250703,plate61,B03,4,80,40C,low-salinity,0.5460850112015623,20250703 plate61 B03
20250703,plate61,B04,0,21,40C,high-salinity,0,20250703 plate61 B04
20250703,plate61,B04,1,21,40C,high-salinity,1.9173446893494535,20250703 plate61 B04
20250703,plate61,B04,2,21,40C,high-salinity,2.081099338342564,20250703 plate61 B04
20250703,plate61,B04,3,21,40C,high-salinity,3.804397513997848,20250703 plate61 B04
20250703,plate61,B04,4,21,40C,high-salinity,4.192214286935479,20250703 plate61 B04
20250703,plate61,B05,0,34,40C,high-salinity,0,20250703 plate61 B05
20250703,plate61,B05,1,34,40C,high-salinity,0.8415380191047773,20250703 plate61 B05
20250703,plate61,B05,2,34,40C,high-salinity,0.7936547624184184,20250703 plate61 B05
20250703,plate61,B05,3,34,40C,high-salinity,2.1226226936143293,20250703 plate61 B05
20250703,plate61,B05,4,34,40C,high-salinity,2.2316364743754384,20250703 plate61 B05
20250703,plate61,C02,0,43,40C,high-salinity,0,20250703 plate61 C02
20250703,plate61,C02,1,43,40C,high-salinity,0.9261648931200863,20250703 plate61 C02
20250703,plate61,C02,2,43,40C,high-salinity,0.9919321437296073,20250703 plate61 C02
20250703,plate61,C02,3,43,40C,high-salinity,2.174761835066144,20250703 plate61 C02
20250703,plate61,C02,4,43,40C,high-salinity,2.224262819518583,20250703 plate61 C02
20250703,plate61,C03,0,80,40C,low-salinity,0,20250703 plate61 C03
20250703,plate61,C03,1,80,40C,low-salinity,0.012847651870984361,20250703 plate61 C03
20250703,plate61,C03,2,80,40C,low-salinity,0.13131688193101382,20250703 plate61 C03
20250703,plate61,C03,3,80,40C,low-salinity,0.4340417989917743,20250703 plate61 C03
20250703,plate61,C03,4,80,40C,low-salinity,0.4864370107636839,20250703 plate61 C03
20250703,plate61,C04,0,21,40C,high-salinity,0,20250703 plate61 C04
20250703,plate61,C04,1,21,40C,high-salinity,1.562423163661445,20250703 plate61 C04
20250703,plate61,C04,2,21,40C,high-salinity,1.4883487581741548,20250703 plate61 C04
20250703,plate61,C04,3,21,40C,high-salinity,5.411684696838729,20250703 plate61 C04
20250703,plate61,C04,4,21,40C,high-salinity,7.31052308935271,20250703 plate61 C04
20250703,plate61,C05,0,34,40C,high-salinity,0,20250703 plate61 C05
20250703,plate61,C05,1,34,40C,high-salinity,0.9120564295736249,20250703 plate61 C05
20250703,plate61,C05,2,34,40C,high-salinity,0.8619348388026785,20250703 plate61 C05
20250703,plate61,C05,3,34,40C,high-salinity,3.4864620833274453,20250703 plate61 C05
20250703,plate61,C05,4,34,40C,high-salinity,3.781810056284107,20250703 plate61 C05
20250703,plate61,C06,0,90,40C,low-salinity,0,20250703 plate61 C06
20250703,plate61,C06,1,90,40C,low-salinity,0.9832507655104306,20250703 plate61 C06
20250703,plate61,C06,2,90,40C,low-salinity,1.1450394276181024,20250703 plate61 C06
20250703,plate61,C06,3,90,40C,low-salinity,3.899959910359869,20250703 plate61 C06
20250703,plate61,C06,4,90,40C,low-salinity,4.621577743161394,20250703 plate61 C06
20250703,plate61,D02,0,43,40C,high-salinity,0,20250703 plate61 D02
20250703,plate61,D02,1,43,40C,high-salinity,0.11990232032186547,20250703 plate61 D02
20250703,plate61,D02,2,43,40C,high-salinity,0.18324975672180224,20250703 plate61 D02
20250703,plate61,D02,3,43,40C,high-salinity,0.4735573876792429,20250703 plate61 D02
20250703,plate61,D02,4,43,40C,high-salinity,0.5215830761691257,20250703 plate61 D02
20250703,plate61,D03,0,80,40C,low-salinity,0,20250703 plate61 D03
20250703,plate61,D03,1,80,40C,low-salinity,0.90445576903361935,20250703 plate61 D03
20250703,plate61,D03,2,80,40C,low-salinity,0.9529144120864336,20250703 plate61 D03
20250703,plate61,D03,3,80,40C,low-salinity,2.0405175727681883,20250703 plate61 D03
20250703,plate61,D03,4,80,40C,low-salinity,2.1901276399331593,20250703 plate61 D03
20250703,plate61,D04,0,21,40C,high-salinity,0,20250703 plate61 D04
20250703,plate61,D04,1,21,40C,high-salinity,0.8285618467263093,20250703 plate61 D04
20250703,plate61,D04,2,21,40C,high-salinity,0.9495981125060363,20250703 plate61 D04
20250703,plate61,D04,3,21,40C,high-salinity,3.207959214137764,20250703 plate61 D04
20250703,plate61,D04,4,21,40C,high-salinity,3.812250466869104,20250703 plate61 D04
20250703,plate61,D05,0,34,40C,high-salinity,0,20250703 plate61 D05
20250703,plate61,D05,1,34,40C,high-salinity,0.8002640943827987,20250703 plate61 D05
20250703,plate61,D05,2,34,40C,high-salinity,1.441488354497116,20250703 plate61 D05
20250703,plate61,D05,3,34,40C,high-salinity,2.967244137277715,20250703 plate61 D05
20250703,plate61,D05,4,34,40C,high-salinity,3.2094557661755463,20250703 plate61 D05
20250703,plate61,D06,0,90,40C,low-salinity,0,20250703 plate61 D06
20250703,plate61,D06,1,90,40C,low-salinity,0.17873147671495127,20250703 plate61 D06
20250703,plate61,D06,2,90,40C,low-salinity,0.32510394072502,20250703 plate61 D06
20250703,plate61,D06,3,90,40C,low-salinity,0.7299453152746249,20250703 plate61 D06
20250703,plate61,D06,4,90,40C,low-salinity,0.814609222135559,20250703 plate61 D06
20250703,plate62,A02,0,5,40C,high-salinity,0,20250703 plate62 A02
20250703,plate62,A02,1,5,40C,high-salinity,1.6374274040256604,20250703 plate62 A02
20250703,plate62,A02,2,5,40C,high-salinity,2.8766597394980833,20250703 plate62 A02
20250703,plate62,A02,3,5,40C,high-salinity,5.872446659685514,20250703 plate62 A02
20250703,plate62,A02,4,5,40C,high-salinity,6.130711942710505,20250703 plate62 A02
20250703,plate62,A03,0,57,40C,low-salinity,0,20250703 plate62 A03
20250703,plate62,A03,1,57,40C,low-salinity,1.4731166848887938,20250703 plate62 A03
20250703,plate62,A03,2,57,40C,low-salinity,1.7963623303219216,20250703 plate62 A03
20250703,plate62,A03,3,57,40C,low-salinity,3.6737419233672237,20250703 plate62 A03
20250703,plate62,A03,4,57,40C,low-salinity,5.155188401916073,20250703 plate62 A03
20250703,plate62,A04,0,72,40C,low-salinity,0,20250703 plate62 A04
20250703,plate62,A04,1,72,40C,low-salinity,1.7471184820704804,20250703 plate62 A04
20250703,plate62,A04,2,72,40C,low-salinity,2.1752679913000406,20250703 plate62 A04
20250703,plate62,A04,3,72,40C,low-salinity,3.9142518489125058,20250703 plate62 A04
20250703,plate62,A04,4,72,40C,low-salinity,4.013237039508229,20250703 plate62 A04
20250703,plate62,A05,0,88,40C,low-salinity,0,20250703 plate62 A05
20250703,plate62,A05,1,88,40C,low-salinity,2.1589361013573347,20250703 plate62 A05
20250703,plate62,A05,2,88,40C,low-salinity,2.401080946077848,20250703 plate62 A05
20250703,plate62,A05,3,88,40C,low-salinity,3.65611585884899,20250703 plate62 A05
20250703,plate62,A05,4,88,40C,low-salinity,4.561957706464243,20250703 plate62 A05
20250703,plate62,A06,0,80,40C,low-salinity,0,20250703 plate62 A06
20250703,plate62,A06,1,80,40C,low-salinity,3.241822127952315,20250703 plate62 A06
20250703,plate62,A06,2,80,40C,low-salinity,3.504538073346215,20250703 plate62 A06
20250703,plate62,A06,3,80,40C,low-salinity,3.6654208981077514,20250703 plate62 A06
20250703,plate62,A06,4,80,40C,low-salinity,3.681080878052891,20250703 plate62 A06
20250703,plate62,B02,0,5,40C,high-salinity,0,20250703 plate62 B02
20250703,plate62,B02,1,5,40C,high-salinity,2.000472538047324,20250703 plate62 B02
20250703,plate62,B02,2,5,40C,high-salinity,1.8431100379427017,20250703 plate62 B02
20250703,plate62,B02,3,5,40C,high-salinity,3.100267316509895,20250703 plate62 B02
20250703,plate62,B02,4,5,40C,high-salinity,4.559217851172561,20250703 plate62 B02
20250703,plate62,B03,0,57,40C,low-salinity,0,20250703 plate62 B03
20250703,plate62,B03,1,57,40C,low-salinity,1.5898801248383163,20250703 plate62 B03
20250703,plate62,B03,2,57,40C,low-salinity,1.4903969690443895,20250703 plate62 B03
20250703,plate62,B03,3,57,40C,low-salinity,2.8589957139689472,20250703 plate62 B03
20250703,plate62,B03,4,57,40C,low-salinity,3.187518367476886,20250703 plate62 B03
20250703,plate62,B04,0,72,40C,low-salinity,0,20250703 plate62 B04
20250703,plate62,B04,1,72,40C,low-salinity,1.3445788274194332,20250703 plate62 B04
20250703,plate62,B04,2,72,40C,low-salinity,1.4041638068563422,20250703 plate62 B04
20250703,plate62,B04,3,72,40C,low-salinity,2.408271716862583,20250703 plate62 B04
20250703,plate62,B04,4,72,40C,low-salinity,3.1565822113968465,20250703 plate62 B04
20250703,plate62,B05,0,88,40C,low-salinity,0,20250703 plate62 B05
20250703,plate62,B05,1,88,40C,low-salinity,1.671973044188769,20250703 plate62 B05
20250703,plate62,B05,2,88,40C,low-salinity,1.376062822633709,20250703 plate62 B05
20250703,plate62,B05,3,88,40C,low-salinity,4.876299860973635,20250703 plate62 B05
20250703,plate62,B05,4,88,40C,low-salinity,6.572364339276099,20250703 plate62 B05
20250703,plate62,B06,0,80,40C,low-salinity,0,20250703 plate62 B06
20250703,plate62,B06,1,80,40C,low-salinity,0.2788262771274123,20250703 plate62 B06
20250703,plate62,B06,2,80,40C,low-salinity,0.2974033537445214,20250703 plate62 B06
20250703,plate62,B06,3,80,40C,low-salinity,0.7720652447012633,20250703 plate62 B06
20250703,plate62,B06,4,80,40C,low-salinity,0.8923236720328575,20250703 plate62 B06
20250703,plate62,C02,0,5,40C,high-salinity,0,20250703 plate62 C02
20250703,plate62,C02,1,5,40C,high-salinity,1.9669699574770598,20250703 plate62 C02
20250703,plate62,C02,2,5,40C,high-salinity,1.9387063100201074,20250703 plate62 C02
20250703,plate62,C02,3,5,40C,high-salinity,4.960509590269436,20250703 plate62 C02
20250703,plate62,C02,4,5,40C,high-salinity,6.5735960469824795,20250703 plate62 C02
20250703,plate62,C03,0,57,40C,low-salinity,0,20250703 plate62 C03
20250703,plate62,C03,1,57,40C,low-salinity,1.8556455171694182,20250703 plate62 C03
20250703,plate62,C03,2,57,40C,low-salinity,1.6225879845342344,20250703 plate62 C03
20250703,plate62,C03,3,57,40C,low-salinity,4.664006211058383,20250703 plate62 C03
20250703,plate62,C03,4,57,40C,low-salinity,6.679988205131235,20250703 plate62 C03
20250703,plate62,C04,0,72,40C,low-salinity,0,20250703 plate62 C04
20250703,plate62,C04,1,72,40C,low-salinity,1.2523761765908263,20250703 plate62 C04
20250703,plate62,C04,2,72,40C,low-salinity,1.0813097628563788,20250703 plate62 C04
20250703,plate62,C04,3,72,40C,low-salinity,2.398102202722239,20250703 plate62 C04
20250703,plate62,C04,4,72,40C,low-salinity,2.9725162014251656,20250703 plate62 C04
20250703,plate62,C05,0,88,40C,low-salinity,0,20250703 plate62 C05
20250703,plate62,C05,1,88,40C,low-salinity,1.9595963241416794,20250703 plate62 C05
20250703,plate62,C05,2,88,40C,low-salinity,1.4585655186571733,20250703 plate62 C05
20250703,plate62,C05,3,88,40C,low-salinity,4.228199150879647,20250703 plate62 C05
20250703,plate62,C05,4,88,40C,low-salinity,5.279393690581384,20250703 plate62 C05
20250703,plate62,C06,0,80,40C,low-salinity,0,20250703 plate62 C06
20250703,plate62,C06,1,80,40C,low-salinity,1.9838184197905024,20250703 plate62 C06
20250703,plate62,C06,2,80,40C,low-salinity,1.9146075042805797,20250703 plate62 C06
20250703,plate62,C06,3,80,40C,low-salinity,6.430537419504158,20250703 plate62 C06
20250703,plate62,C06,4,80,40C,low-salinity,7.138148115309413,20250703 plate62 C06
20250703,plate62,D02,0,5,40C,high-salinity,0,20250703 plate62 D02
20250703,plate62,D02,1,5,40C,high-salinity,1.9215373138261762,20250703 plate62 D02
20250703,plate62,D02,2,5,40C,high-salinity,1.8863745120801214,20250703 plate62 D02
20250703,plate62,D02,3,5,40C,high-salinity,5.445636801790122,20250703 plate62 D02
20250703,plate62,D02,4,5,40C,high-salinity,8.050491307405894,20250703 plate62 D02
20250703,plate62,D03,0,57,40C,low-salinity,0,20250703 plate62 D03
20250703,plate62,D03,1,57,40C,low-salinity,2.384226700210648,20250703 plate62 D03
20250703,plate62,D03,2,57,40C,low-salinity,2.2315165468246265,20250703 plate62 D03
20250703,plate62,D03,3,57,40C,low-salinity,7.810987017358758,20250703 plate62 D03
20250703,plate62,D03,4,57,40C,low-salinity,9.57340229688812,20250703 plate62 D03
20250703,plate62,D04,0,72,40C,low-salinity,0,20250703 plate62 D04
20250703,plate62,D04,1,72,40C,low-salinity,2.4825679357968413,20250703 plate62 D04
20250703,plate62,D04,2,72,40C,low-salinity,1.7815062492965732,20250703 plate62 D04
20250703,plate62,D04,3,72,40C,low-salinity,5.33830585137593,20250703 plate62 D04
20250703,plate62,D04,4,72,40C,low-salinity,5.568236416833713,20250703 plate62 D04
20250703,plate62,D05,0,88,40C,low-salinity,0,20250703 plate62 D05
20250703,plate62,D05,1,88,40C,low-salinity,1.9643286559908575,20250703 plate62 D05
20250703,plate62,D05,2,88,40C,low-salinity,1.926531258782895,20250703 plate62 D05
20250703,plate62,D05,3,88,40C,low-salinity,4.932037998813616,20250703 plate62 D05
20250703,plate62,D05,4,88,40C,low-salinity,5.303441597045336,20250703 plate62 D05
20250703,plate62,D06,0,80,40C,low-salinity,0,20250703 plate62 D06
20250703,plate62,D06,1,80,40C,low-salinity,2.2631715071635172,20250703 plate62 D06
20250703,plate62,D06,2,80,40C,low-salinity,4.2648499199556325,20250703 plate62 D06
20250703,plate62,D06,3,80,40C,low-salinity,8.013804681079314,20250703 plate62 D06
20250703,plate62,D06,4,80,40C,low-salinity,8.789090277269144,20250703 plate62 D06
20250703,plate63,A02,0,77,40C,low-salinity,0,20250703 plate63 A02
20250703,plate63,A02,1,77,40C,low-salinity,2.0250687812804697,20250703 plate63 A02
20250703,plate63,A02,2,77,40C,low-salinity,2.220111266757646,20250703 plate63 A02
20250703,plate63,A02,3,77,40C,low-salinity,2.987146208271553,20250703 plate63 A02
20250703,plate63,A02,4,77,40C,low-salinity,3.8726202205159024,20250703 plate63 A02
20250703,plate63,A03,0,84,40C,low-salinity,0,20250703 plate63 A03
20250703,plate63,A03,1,84,40C,low-salinity,1.9067321177795085,20250703 plate63 A03
20250703,plate63,A03,2,84,40C,low-salinity,2.2094422639061,20250703 plate63 A03
20250703,plate63,A03,3,84,40C,low-salinity,3.920921258881886,20250703 plate63 A03
20250703,plate63,A03,4,84,40C,low-salinity,6.895826316662786,20250703 plate63 A03
20250703,plate63,A04,0,61,40C,low-salinity,0,20250703 plate63 A04
20250703,plate63,A04,1,61,40C,low-salinity,2.3179801062819525,20250703 plate63 A04
20250703,plate63,A04,2,61,40C,low-salinity,2.585872849381355,20250703 plate63 A04
20250703,plate63,A04,3,61,40C,low-salinity,2.7207042435200623,20250703 plate63 A04
20250703,plate63,A04,4,61,40C,low-salinity,2.8836971818522104,20250703 plate63 A04
20250703,plate63,A05,0,5,40C,high-salinity,0,20250703 plate63 A05
20250703,plate63,A05,1,5,40C,high-salinity,2.1491839345527506,20250703 plate63 A05
20250703,plate63,A05,2,5,40C,high-salinity,2.396619819674777,20250703 plate63 A05
20250703,plate63,A05,3,5,40C,high-salinity,3.162584673440265,20250703 plate63 A05
20250703,plate63,A05,4,5,40C,high-salinity,4.047469076655606,20250703 plate63 A05
20250703,plate63,A06,0,38,40C,high-salinity,0,20250703 plate63 A06
20250703,plate63,A06,1,38,40C,high-salinity,2.856509034340416,20250703 plate63 A06
20250703,plate63,A06,2,38,40C,high-salinity,6.015852336036325,20250703 plate63 A06
20250703,plate63,A06,3,38,40C,high-salinity,7.8221388334821125,20250703 plate63 A06
20250703,plate63,A06,4,38,40C,high-salinity,8.133635768131011,20250703 plate63 A06
20250703,plate63,B02,0,77,40C,low-salinity,0,20250703 plate63 B02
20250703,plate63,B02,1,77,40C,low-salinity,1.620985319680817,20250703 plate63 B02
20250703,plate63,B02,2,77,40C,low-salinity,1.8878023579275642,20250703 plate63 B02
20250703,plate63,B02,3,77,40C,low-salinity,4.278661921099126,20250703 plate63 B02
20250703,plate63,B02,4,77,40C,low-salinity,5.404848562031019,20250703 plate63 B02
20250703,plate63,B03,0,84,40C,low-salinity,0,20250703 plate63 B03
20250703,plate63,B03,1,84,40C,low-salinity,1.160639811750729,20250703 plate63 B03
20250703,plate63,B03,2,84,40C,low-salinity,1.6071249867130206,20250703 plate63 B03
20250703,plate63,B03,3,84,40C,low-salinity,3.8237174331124915,20250703 plate63 B03
20250703,plate63,B03,4,84,40C,low-salinity,5.525947732151008,20250703 plate63 B03
20250703,plate63,B04,0,61,40C,low-salinity,0,20250703 plate63 B04
20250703,plate63,B04,1,61,40C,low-salinity,1.9080746092287735,20250703 plate63 B04
20250703,plate63,B04,2,61,40C,low-salinity,2.3085210661402518,20250703 plate63 B04
20250703,plate63,B04,3,61,40C,low-salinity,6.107603145973081,20250703 plate63 B04
20250703,plate63,B04,4,61,40C,low-salinity,7.466652641627921,20250703 plate63 B04
20250703,plate63,B05,0,5,40C,high-salinity,0,20250703 plate63 B05
20250703,plate63,B05,1,5,40C,high-salinity,1.4982614759146218,20250703 plate63 B05
20250703,plate63,B05,2,5,40C,high-salinity,2.029779450872765,20250703 plate63 B05
20250703,plate63,B05,3,5,40C,high-salinity,4.652919078077552,20250703 plate63 B05
20250703,plate63,B05,4,5,40C,high-salinity,5.807164638094082,20250703 plate63 B05
20250703,plate63,C02,0,77,40C,low-salinity,0,20250703 plate63 C02
20250703,plate63,C02,1,77,40C,low-salinity,1.1820317325525036,20250703 plate63 C02
20250703,plate63,C02,2,77,40C,low-salinity,1.4031814010528403,20250703 plate63 C02
20250703,plate63,C02,3,77,40C,low-salinity,3.3183580942689828,20250703 plate63 C02
20250703,plate63,C02,4,77,40C,low-salinity,5.126578709848412,20250703 plate63 C02
20250703,plate63,C03,0,84,40C,low-salinity,0,20250703 plate63 C03
20250703,plate63,C03,1,84,40C,low-salinity,1.115121626246557,20250703 plate63 C03
20250703,plate63,C03,2,84,40C,low-salinity,1.3434514972322327,20250703 plate63 C03
20250703,plate63,C03,3,84,40C,low-salinity,3.5032860041017377,20250703 plate63 C03
20250703,plate63,C03,4,84,40C,low-salinity,4.849895200068259,20250703 plate63 C03
20250703,plate63,C04,0,61,40C,low-salinity,0,20250703 plate63 C04
20250703,plate63,C04,1,61,40C,low-salinity,0.841707318487955,20250703 plate63 C04
20250703,plate63,C04,2,61,40C,low-salinity,1.0815979672401719,20250703 plate63 C04
20250703,plate63,C04,3,61,40C,low-salinity,2.946861912798061,20250703 plate63 C04
20250703,plate63,C04,4,61,40C,low-salinity,3.3192129608471683,20250703 plate63 C04
20250703,plate63,C05,0,5,40C,high-salinity,0,20250703 plate63 C05
20250703,plate63,C05,1,5,40C,high-salinity,0.8359673206524797,20250703 plate63 C05
20250703,plate63,C05,2,5,40C,high-salinity,1.0775102732185133,20250703 plate63 C05
20250703,plate63,C05,3,5,40C,high-salinity,2.7166036223563044,20250703 plate63 C05
20250703,plate63,C05,4,5,40C,high-salinity,3.2925420071451423,20250703 plate63 C05
20250703,plate63,C06,0,38,40C,high-salinity,0,20250703 plate63 C06
20250703,plate63,C06,1,38,40C,high-salinity,0.5111549400353458,20250703 plate63 C06
20250703,plate63,C06,2,38,40C,high-salinity,0.7407511675686639,20250703 plate63 C06
20250703,plate63,C06,3,38,40C,high-salinity,2.749827841150247,20250703 plate63 C06
20250703,plate63,C06,4,38,40C,high-salinity,3.8432827857713003,20250703 plate63 C06
20250703,plate63,D02,0,77,40C,low-salinity,0,20250703 plate63 D02
20250703,plate63,D02,1,77,40C,low-salinity,1.9407523639086393,20250703 plate63 D02
20250703,plate63,D02,2,77,40C,low-salinity,3.8846160377047076,20250703 plate63 D02
20250703,plate63,D02,3,77,40C,low-salinity,8.931194274091192,20250703 plate63 D02
20250703,plate63,D02,4,77,40C,low-salinity,9.503178122010565,20250703 plate63 D02
20250703,plate63,D03,0,84,40C,low-salinity,0,20250703 plate63 D03
20250703,plate63,D03,1,84,40C,low-salinity,1.270133506134882,20250703 plate63 D03
20250703,plate63,D03,2,84,40C,low-salinity,1.776759401614312,20250703 plate63 D03
20250703,plate63,D03,3,84,40C,low-salinity,4.387396456480346,20250703 plate63 D03
20250703,plate63,D03,4,84,40C,low-salinity,6.218535682152366,20250703 plate63 D03
20250703,plate63,D04,0,61,40C,low-salinity,0,20250703 plate63 D04
20250703,plate63,D04,1,61,40C,low-salinity,1.1516814677958018,20250703 plate63 D04
20250703,plate63,D04,2,61,40C,low-salinity,1.6232041060447027,20250703 plate63 D04
20250703,plate63,D04,3,61,40C,low-salinity,2.9147381588318657,20250703 plate63 D04
20250703,plate63,D04,4,61,40C,low-salinity,3.2697911897824277,20250703 plate63 D04
20250703,plate63,D06,0,38,40C,high-salinity,0,20250703 plate63 D06
20250703,plate63,D06,1,38,40C,high-salinity,1.4411198524285982,20250703 plate63 D06
20250703,plate63,D06,2,38,40C,high-salinity,2.305844848696929,20250703 plate63 D06
20250703,plate63,D06,3,38,40C,high-salinity,4.17846854764745,20250703 plate63 D06
20250703,plate63,D06,4,38,40C,high-salinity,4.545295054192,20250703 plate63 D06
20250703,plate64,A02,0,39,40C,high-salinity,0,20250703 plate64 A02
20250703,plate64,A02,1,39,40C,high-salinity,2.046725383167839,20250703 plate64 A02
20250703,plate64,A02,2,39,40C,high-salinity,2.3162366379330974,20250703 plate64 A02
20250703,plate64,A02,3,39,40C,high-salinity,2.573007127146881,20250703 plate64 A02
20250703,plate64,A02,4,39,40C,high-salinity,2.760611628908978,20250703 plate64 A02
20250703,plate64,A03,0,5,40C,high-salinity,0,20250703 plate64 A03
20250703,plate64,A03,1,5,40C,high-salinity,2.065629359664945,20250703 plate64 A03
20250703,plate64,A03,2,5,40C,high-salinity,2.378953407038923,20250703 plate64 A03
20250703,plate64,A03,3,5,40C,high-salinity,4.438792765238532,20250703 plate64 A03
20250703,plate64,A03,4,5,40C,high-salinity,5.383431718460324,20250703 plate64 A03
20250703,plate64,A04,0,38,40C,high-salinity,0,20250703 plate64 A04
20250703,plate64,A04,1,38,40C,high-salinity,1.0988249310060396,20250703 plate64 A04
20250703,plate64,A04,2,38,40C,high-salinity,1.3635083943209183,20250703 plate64 A04
20250703,plate64,A04,3,38,40C,high-salinity,6.137801343184327,20250703 plate64 A04
20250703,plate64,A04,4,38,40C,high-salinity,6.160011366022831,20250703 plate64 A04
20250703,plate64,A05,0,84,40C,low-salinity,0,20250703 plate64 A05
20250703,plate64,A05,1,84,40C,low-salinity,1.9799469891981354,20250703 plate64 A05
20250703,plate64,A05,2,84,40C,low-salinity,2.973358103628216,20250703 plate64 A05
20250703,plate64,A05,3,84,40C,low-salinity,7.122241483342477,20250703 plate64 A05
20250703,plate64,A05,4,84,40C,low-salinity,9.107954633829344,20250703 plate64 A05
20250703,plate64,A06,0,76,40C,low-salinity,0,20250703 plate64 A06
20250703,plate64,A06,1,76,40C,low-salinity,2.358511208719352,20250703 plate64 A06
20250703,plate64,A06,2,76,40C,low-salinity,4.664615274087904,20250703 plate64 A06
20250703,plate64,A06,3,76,40C,low-salinity,7.171458674723164,20250703 plate64 A06
20250703,plate64,A06,4,76,40C,low-salinity,7.186710218746635,20250703 plate64 A06
20250703,plate64,B02,0,39,40C,high-salinity,0,20250703 plate64 B02
20250703,plate64,B02,1,39,40C,high-salinity,1.3535360179576783,20250703 plate64 B02
20250703,plate64,B02,2,39,40C,high-salinity,1.6461464733420954,20250703 plate64 B02
20250703,plate64,B02,3,39,40C,high-salinity,1.8737529620431934,20250703 plate64 B02
20250703,plate64,B02,4,39,40C,high-salinity,2.0953334261230867,20250703 plate64 B02
20250703,plate64,B03,0,5,40C,high-salinity,0,20250703 plate64 B03
20250703,plate64,B03,1,5,40C,high-salinity,1.4915035440589104,20250703 plate64 B03
20250703,plate64,B03,2,5,40C,high-salinity,1.7566383950790685,20250703 plate64 B03
20250703,plate64,B03,3,5,40C,high-salinity,4.082160013420574,20250703 plate64 B03
20250703,plate64,B03,4,5,40C,high-salinity,5.514053823993314,20250703 plate64 B03
20250703,plate64,B04,0,38,40C,high-salinity,0,20250703 plate64 B04
20250703,plate64,B04,1,38,40C,high-salinity,1.218232514982792,20250703 plate64 B04
20250703,plate64,B04,2,38,40C,high-salinity,1.7294905704836034,20250703 plate64 B04
20250703,plate64,B04,3,38,40C,high-salinity,4.287250414113787,20250703 plate64 B04
20250703,plate64,B04,4,38,40C,high-salinity,6.800070124320323,20250703 plate64 B04
20250703,plate64,C02,0,39,40C,high-salinity,0,20250703 plate64 C02
20250703,plate64,C02,1,39,40C,high-salinity,0.8642067784163526,20250703 plate64 C02
20250703,plate64,C02,2,39,40C,high-salinity,1.2756560914953439,20250703 plate64 C02
20250703,plate64,C02,3,39,40C,high-salinity,3.4987230263360125,20250703 plate64 C02
20250703,plate64,C02,4,39,40C,high-salinity,7.061405790970209,20250703 plate64 C02
20250703,plate64,C03,0,5,40C,high-salinity,0,20250703 plate64 C03
20250703,plate64,C03,1,5,40C,high-salinity,1.1760146029932947,20250703 plate64 C03
20250703,plate64,C03,2,5,40C,high-salinity,1.6150340705076593,20250703 plate64 C03
20250703,plate64,C03,3,5,40C,high-salinity,4.988225184224542,20250703 plate64 C03
20250703,plate64,C03,4,5,40C,high-salinity,6.967833994218777,20250703 plate64 C03
20250703,plate64,C04,0,38,40C,high-salinity,0,20250703 plate64 C04
20250703,plate64,C04,1,38,40C,high-salinity,0.627997688271548,20250703 plate64 C04
20250703,plate64,C04,2,38,40C,high-salinity,0.7900644518326807,20250703 plate64 C04
20250703,plate64,C04,3,38,40C,high-salinity,6.099743662077916,20250703 plate64 C04
20250703,plate64,C04,4,38,40C,high-salinity,6.814859896257372,20250703 plate64 C04
20250703,plate64,C05,0,84,40C,low-salinity,0,20250703 plate64 C05
20250703,plate64,C05,1,84,40C,low-salinity,0.6127660157727046,20250703 plate64 C05
20250703,plate64,C05,2,84,40C,low-salinity,0.91188162843091225,20250703 plate64 C05
20250703,plate64,C05,3,84,40C,low-salinity,2.685520271772204,20250703 plate64 C05
20250703,plate64,C05,4,84,40C,low-salinity,3.552810761126249,20250703 plate64 C05
20250703,plate64,C06,0,76,40C,low-salinity,0,20250703 plate64 C06
20250703,plate64,C06,1,76,40C,low-salinity,1.3675230819828692,20250703 plate64 C06
20250703,plate64,C06,2,76,40C,low-salinity,2.0903018763223917,20250703 plate64 C06
20250703,plate64,C06,3,76,40C,low-salinity,4.573914869890104,20250703 plate64 C06
20250703,plate64,C06,4,76,40C,low-salinity,5.02064813139496,20250703 plate64 C06
20250703,plate64,D02,0,39,40C,high-salinity,0,20250703 plate64 D02
20250703,plate64,D02,1,39,40C,high-salinity,0.6147935902089736,20250703 plate64 D02
20250703,plate64,D02,2,39,40C,high-salinity,0.8410047412214536,20250703 plate64 D02
20250703,plate64,D02,3,39,40C,high-salinity,2.0225532471068135,20250703 plate64 D02
20250703,plate64,D02,4,39,40C,high-salinity,2.2713364146373745,20250703 plate64 D02
20250703,plate64,D03,0,5,40C,high-salinity,0,20250703 plate64 D03
20250703,plate64,D03,1,5,40C,high-salinity,0.9969703969405935,20250703 plate64 D03
20250703,plate64,D03,2,5,40C,high-salinity,2.675698690746009,20250703 plate64 D03
20250703,plate64,D03,3,5,40C,high-salinity,6.137396746693329,20250703 plate64 D03
20250703,plate64,D03,4,5,40C,high-salinity,6.351799472138813,20250703 plate64 D03
20250703,plate64,D04,0,38,40C,high-salinity,0,20250703 plate64 D04
20250703,plate64,D04,1,38,40C,high-salinity,1.0185994136193777,20250703 plate64 D04
20250703,plate64,D04,2,38,40C,high-salinity,3.3439942694253952,20250703 plate64 D04
20250703,plate64,D04,3,38,40C,high-salinity,7.4368720406098685,20250703 plate64 D04
20250703,plate64,D04,4,38,40C,high-salinity,8.340342658377018,20250703 plate64 D04
20250703,plate64,D05,0,84,40C,low-salinity,0,20250703 plate64 D05
20250703,plate64,D05,1,84,40C,low-salinity,0.8338692878982279,20250703 plate64 D05
20250703,plate64,D05,2,84,40C,low-salinity,1.3117820186605489,20250703 plate64 D05
20250703,plate64,D05,3,84,40C,low-salinity,1.9737247142863283,20250703 plate64 D05
20250703,plate64,D05,4,84,40C,low-salinity,2.0134607125374955,20250703 plate64 D05
20250703,plate64,D06,0,76,40C,low-salinity,0,20250703 plate64 D06
20250703,plate64,D06,1,76,40C,low-salinity,1.8408067820068137,20250703 plate64 D06
20250703,plate64,D06,2,76,40C,low-salinity,2.7537939153102737,20250703 plate64 D06
20250703,plate64,D06,3,76,40C,low-salinity,4.38763696477233,20250703 plate64 D06
20250703,plate64,D06,4,76,40C,low-salinity,5.115353418228661,20250703 plate64 D06
20250703,plate65,A02,0,39,40C,high-salinity,0,20250703 plate65 A02
20250703,plate65,A02,1,39,40C,high-salinity,1.0361734144877712,20250703 plate65 A02
20250703,plate65,A02,2,39,40C,high-salinity,1.1999110009921108,20250703 plate65 A02
20250703,plate65,A02,3,39,40C,high-salinity,1.6911130867501578,20250703 plate65 A02
20250703,plate65,A02,4,39,40C,high-salinity,2.0499076602085013,20250703 plate65 A02
20250703,plate65,A03,0,55,40C,low-salinity,0,20250703 plate65 A03
20250703,plate65,A03,1,55,40C,low-salinity,2.868831879115266,20250703 plate65 A03
20250703,plate65,A03,2,55,40C,low-salinity,3.152240414705842,20250703 plate65 A03
20250703,plate65,A03,3,55,40C,low-salinity,5.347580038437325,20250703 plate65 A03
20250703,plate65,A03,4,55,40C,low-salinity,6.200500026649466,20250703 plate65 A03
20250703,plate65,A04,0,43,40C,high-salinity,0,20250703 plate65 A04
20250703,plate65,A04,1,43,40C,high-salinity,1.7175355488071495,20250703 plate65 A04
20250703,plate65,A04,2,43,40C,high-salinity,2.0124662373490305,20250703 plate65 A04
20250703,plate65,A04,3,43,40C,high-salinity,2.2042492372518354,20250703 plate65 A04
20250703,plate65,A04,4,43,40C,high-salinity,2.250419805054628,20250703 plate65 A04
20250703,plate65,A05,0,7,40C,high-salinity,0,20250703 plate65 A05
20250703,plate65,A05,1,7,40C,high-salinity,1.6383667856146238,20250703 plate65 A05
20250703,plate65,A05,2,7,40C,high-salinity,1.8282245482632327,20250703 plate65 A05
20250703,plate65,A05,3,7,40C,high-salinity,2.131249812244943,20250703 plate65 A05
20250703,plate65,A05,4,7,40C,high-salinity,2.356183031750359,20250703 plate65 A05
20250703,plate65,A06,0,51,40C,low-salinity,0,20250703 plate65 A06
20250703,plate65,A06,1,51,40C,low-salinity,1.8789506718846214,20250703 plate65 A06
20250703,plate65,A06,2,51,40C,low-salinity,3.452285193554744,20250703 plate65 A06
20250703,plate65,A06,3,51,40C,low-salinity,5.268191424074707,20250703 plate65 A06
20250703,plate65,A06,4,51,40C,low-salinity,5.393512522517057,20250703 plate65 A06
20250703,plate65,B02,0,39,40C,high-salinity,0,20250703 plate65 B02
20250703,plate65,B02,1,39,40C,high-salinity,0.9345616802987138,20250703 plate65 B02
20250703,plate65,B02,2,39,40C,high-salinity,0.9339299094954093,20250703 plate65 B02
20250703,plate65,B02,3,39,40C,high-salinity,2.9846441978939473,20250703 plate65 B02
20250703,plate65,B02,4,39,40C,high-salinity,3.2087005358936427,20250703 plate65 B02
20250703,plate65,B03,0,55,40C,low-salinity,0,20250703 plate65 B03
20250703,plate65,B03,1,55,40C,low-salinity,1.3990679384094906,20250703 plate65 B03
20250703,plate65,B03,2,55,40C,low-salinity,1.1823880586640803,20250703 plate65 B03
20250703,plate65,B03,3,55,40C,low-salinity,2.0060191954253104,20250703 plate65 B03
20250703,plate65,B03,4,55,40C,low-salinity,2.855485702944729,20250703 plate65 B03
20250703,plate65,B04,0,43,40C,high-salinity,0,20250703 plate65 B04
20250703,plate65,B04,1,43,40C,high-salinity,1.2109001443557266,20250703 plate65 B04
20250703,plate65,B04,2,43,40C,high-salinity,1.0632123954717987,20250703 plate65 B04
20250703,plate65,B04,3,43,40C,high-salinity,1.9829567288571095,20250703 plate65 B04
20250703,plate65,B04,4,43,40C,high-salinity,2.036838955815879,20250703 plate65 B04
20250703,plate65,B05,0,7,40C,high-salinity,0,20250703 plate65 B05
20250703,plate65,B05,1,7,40C,high-salinity,1.4033889533789252,20250703 plate65 B05
20250703,plate65,B05,2,7,40C,high-salinity,1.2611149447162553,20250703 plate65 B05
20250703,plate65,B05,3,7,40C,high-salinity,2.787634779242356,20250703 plate65 B05
20250703,plate65,B05,4,7,40C,high-salinity,3.1894052938186053,20250703 plate65 B05
20250703,plate65,B06,0,51,40C,low-salinity,0,20250703 plate65 B06
20250703,plate65,B06,1,51,40C,low-salinity,0.7873030504591657,20250703 plate65 B06
20250703,plate65,B06,2,51,40C,low-salinity,0.7977640737028459,20250703 plate65 B06
20250703,plate65,B06,3,51,40C,low-salinity,4.168166553362034,20250703 plate65 B06
20250703,plate65,B06,4,51,40C,low-salinity,5.749780116122613,20250703 plate65 B06
20250703,plate65,C02,0,39,40C,high-salinity,0,20250703 plate65 C02
20250703,plate65,C02,1,39,40C,high-salinity,0.5102992118366667,20250703 plate65 C02
20250703,plate65,C02,2,39,40C,high-salinity,0.6364636669760882,20250703 plate65 C02
20250703,plate65,C02,3,39,40C,high-salinity,1.657132739680532,20250703 plate65 C02
20250703,plate65,C02,4,39,40C,high-salinity,2.8085797290605305,20250703 plate65 C02
20250703,plate65,C03,0,55,40C,low-salinity,0,20250703 plate65 C03
20250703,plate65,C03,1,55,40C,low-salinity,1.06641055196384,20250703 plate65 C03
20250703,plate65,C03,2,55,40C,low-salinity,0.9120695834590561,20250703 plate65 C03
20250703,plate65,C03,3,55,40C,low-salinity,2.2719718233181987,20250703 plate65 C03
20250703,plate65,C03,4,55,40C,low-salinity,3.0399779858298515,20250703 plate65 C03
20250703,plate65,C04,0,43,40C,high-salinity,0,20250703 plate65 C04
20250703,plate65,C04,1,43,40C,high-salinity,0.47643202107416877,20250703 plate65 C04
20250703,plate65,C04,2,43,40C,high-salinity,0.3855589386005344,20250703 plate65 C04
20250703,plate65,C04,3,43,40C,high-salinity,1.0510151767939657,20250703 plate65 C04
20250703,plate65,C04,4,43,40C,high-salinity,1.086730405065965,20250703 plate65 C04
20250703,plate65,C05,0,7,40C,high-salinity,0,20250703 plate65 C05
20250703,plate65,C05,1,7,40C,high-salinity,1.1514817871399987,20250703 plate65 C05
20250703,plate65,C05,2,7,40C,high-salinity,1.3075599702654337,20250703 plate65 C05
20250703,plate65,C05,3,7,40C,high-salinity,3.938041561923269,20250703 plate65 C05
20250703,plate65,C05,4,7,40C,high-salinity,4.0990759983481855,20250703 plate65 C05
20250703,plate65,C06,0,51,40C,low-salinity,0,20250703 plate65 C06
20250703,plate65,C06,1,51,40C,low-salinity,1.1172720939757006,20250703 plate65 C06
20250703,plate65,C06,2,51,40C,low-salinity,1.0049107517472677,20250703 plate65 C06
20250703,plate65,C06,3,51,40C,low-salinity,3.67814953406622,20250703 plate65 C06
20250703,plate65,C06,4,51,40C,low-salinity,4.462089472538047,20250703 plate65 C06
20250703,plate65,D02,0,39,40C,high-salinity,0,20250703 plate65 D02
20250703,plate65,D02,1,39,40C,high-salinity,0.9198517184494359,20250703 plate65 D02
20250703,plate65,D02,2,39,40C,high-salinity,0.8610090296171429,20250703 plate65 D02
20250703,plate65,D02,3,39,40C,high-salinity,2.080335531589797,20250703 plate65 D02
20250703,plate65,D02,4,39,40C,high-salinity,2.7170997270803063,20250703 plate65 D02
20250703,plate65,D03,0,55,40C,low-salinity,0,20250703 plate65 D03
20250703,plate65,D03,1,55,40C,low-salinity,1.2529925714679668,20250703 plate65 D03
20250703,plate65,D03,2,55,40C,low-salinity,1.0685361461118044,20250703 plate65 D03
20250703,plate65,D03,3,55,40C,low-salinity,4.056720468281192,20250703 plate65 D03
20250703,plate65,D03,4,55,40C,low-salinity,4.802051368631565,20250703 plate65 D03
20250703,plate65,D04,0,43,40C,high-salinity,0,20250703 plate65 D04
20250703,plate65,D04,1,43,40C,high-salinity,1.1476778555306393,20250703 plate65 D04
20250703,plate65,D04,2,43,40C,high-salinity,0.9499744178959227,20250703 plate65 D04
20250703,plate65,D04,3,43,40C,high-salinity,2.1665021874351633,20250703 plate65 D04
20250703,plate65,D04,4,43,40C,high-salinity,2.641972373012019,20250703 plate65 D04
20250703,plate65,D05,0,7,40C,high-salinity,0,20250703 plate65 D05
20250703,plate65,D05,1,7,40C,high-salinity,1.2730557736022101,20250703 plate65 D05
20250703,plate65,D05,2,7,40C,high-salinity,1.541602120212315,20250703 plate65 D05
20250703,plate65,D05,3,7,40C,high-salinity,3.341786539825742,20250703 plate65 D05
20250703,plate65,D05,4,7,40C,high-salinity,3.559927105396161,20250703 plate65 D05
20250703,plate65,D06,0,51,40C,low-salinity,0,20250703 plate65 D06
20250703,plate65,D06,1,51,40C,low-salinity,1.4386104874029195,20250703 plate65 D06
20250703,plate65,D06,2,51,40C,low-salinity,2.8958118853669927,20250703 plate65 D06
20250703,plate65,D06,3,51,40C,low-salinity,7.099773250402481,20250703 plate65 D06
20250703,plate65,D06,4,51,40C,low-salinity,8.480781601621993,20250703 plate65 D06
20250703,plate66,A02,0,32,40C,high-salinity,0,20250703 plate66 A02
20250703,plate66,A02,1,32,40C,high-salinity,2.766069437029254,20250703 plate66 A02
20250703,plate66,A02,2,32,40C,high-salinity,3.976408998468028,20250703 plate66 A02
20250703,plate66,A02,3,32,40C,high-salinity,6.064705017195231,20250703 plate66 A02
20250703,plate66,A02,4,32,40C,high-salinity,5.966139818781872,20250703 plate66 A02
20250703,plate66,A03,0,49,40C,low-salinity,0,20250703 plate66 A03
20250703,plate66,A03,1,49,40C,low-salinity,2.8426462704894315,20250703 plate66 A03
20250703,plate66,A03,2,49,40C,low-salinity,3.2635537641873236,20250703 plate66 A03
20250703,plate66,A03,3,49,40C,low-salinity,4.892471826678065,20250703 plate66 A03
20250703,plate66,A03,4,49,40C,low-salinity,5.607936382618953,20250703 plate66 A03
20250703,plate66,A04,0,78,40C,low-salinity,0,20250703 plate66 A04
20250703,plate66,A04,1,78,40C,low-salinity,2.4117838307244868,20250703 plate66 A04
20250703,plate66,A04,2,78,40C,low-salinity,4.031470431970631,20250703 plate66 A04
20250703,plate66,A04,3,78,40C,low-salinity,6.7129896464980945,20250703 plate66 A04
20250703,plate66,A04,4,78,40C,low-salinity,6.993023402123538,20250703 plate66 A04
20250703,plate66,A05,0,42,40C,high-salinity,0,20250703 plate66 A05
20250703,plate66,A05,1,42,40C,high-salinity,1.7159634511575041,20250703 plate66 A05
20250703,plate66,A05,2,42,40C,high-salinity,2.1567056505161037,20250703 plate66 A05
20250703,plate66,A05,3,42,40C,high-salinity,3.5351052638194425,20250703 plate66 A05
20250703,plate66,A05,4,42,40C,high-salinity,3.974582812423167,20250703 plate66 A05
20250703,plate66,A06,0,51,40C,low-salinity,0,20250703 plate66 A06
20250703,plate66,A06,1,51,40C,low-salinity,1.5392487463074516,20250703 plate66 A06
20250703,plate66,A06,2,51,40C,low-salinity,1.7581201066188388,20250703 plate66 A06
20250703,plate66,A06,3,51,40C,low-salinity,1.96708447435887,20250703 plate66 A06
20250703,plate66,A06,4,51,40C,low-salinity,1.9892739200518972,20250703 plate66 A06
20250703,plate66,B02,0,32,40C,high-salinity,0,20250703 plate66 B02
20250703,plate66,B02,1,32,40C,high-salinity,1.5266671983202358,20250703 plate66 B02
20250703,plate66,B02,2,32,40C,high-salinity,1.516356151610484,20250703 plate66 B02
20250703,plate66,B02,3,32,40C,high-salinity,2.828364996320461,20250703 plate66 B02
20250703,plate66,B02,4,32,40C,high-salinity,3.911086140503492,20250703 plate66 B02
20250703,plate66,B03,0,49,40C,low-salinity,0,20250703 plate66 B03
20250703,plate66,B03,1,49,40C,low-salinity,2.286404154204138,20250703 plate66 B03
20250703,plate66,B03,2,49,40C,low-salinity,2.5306597571642864,20250703 plate66 B03
20250703,plate66,B03,3,49,40C,low-salinity,6.627056533682588,20250703 plate66 B03
20250703,plate66,B03,4,49,40C,low-salinity,9.042414264921048,20250703 plate66 B03
20250703,plate66,B04,0,78,40C,low-salinity,0,20250703 plate66 B04
20250703,plate66,B04,1,78,40C,low-salinity,3.325042809910426,20250703 plate66 B04
20250703,plate66,B04,2,78,40C,low-salinity,3.4289522561175287,20250703 plate66 B04
20250703,plate66,B04,3,78,40C,low-salinity,7.2647328989651685,20250703 plate66 B04
20250703,plate66,B04,4,78,40C,low-salinity,8.32841312792905,20250703 plate66 B04
20250703,plate66,B05,0,42,40C,high-salinity,0,20250703 plate66 B05
20250703,plate66,B05,1,42,40C,high-salinity,1.054880286376641,20250703 plate66 B05
20250703,plate66,B05,2,42,40C,high-salinity,1.0130103640124413,20250703 plate66 B05
20250703,plate66,B05,3,42,40C,high-salinity,1.8565170645846296,20250703 plate66 B05
20250703,plate66,B05,4,42,40C,high-salinity,2.0073134954359584,20250703 plate66 B05
20250703,plate66,B06,0,51,40C,low-salinity,0,20250703 plate66 B06
20250703,plate66,B06,1,51,40C,low-salinity,1.3476034185297758,20250703 plate66 B06
20250703,plate66,B06,2,51,40C,low-salinity,1.29299392058328,20250703 plate66 B06
20250703,plate66,B06,3,51,40C,low-salinity,2.6106949629862433,20250703 plate66 B06
20250703,plate66,B06,4,51,40C,low-salinity,2.7882852600767842,20250703 plate66 B06
20250703,plate66,C02,0,32,40C,high-salinity,0,20250703 plate66 C02
20250703,plate66,C02,1,32,40C,high-salinity,1.922949368584932,20250703 plate66 C02
20250703,plate66,C02,2,32,40C,high-salinity,3.0511916366535474,20250703 plate66 C02
20250703,plate66,C02,3,32,40C,high-salinity,8.088873200082055,20250703 plate66 C02
20250703,plate66,C02,4,32,40C,high-salinity,8.212259871298786,20250703 plate66 C02
20250703,plate66,C03,0,49,40C,low-salinity,0,20250703 plate66 C03
20250703,plate66,C03,1,49,40C,low-salinity,1.1640334145022664,20250703 plate66 C03
20250703,plate66,C03,2,49,40C,low-salinity,1.1091960295124446,20250703 plate66 C03
20250703,plate66,C03,3,49,40C,low-salinity,2.286372102508376,20250703 plate66 C03
20250703,plate66,C03,4,49,40C,low-salinity,3.284863292252634,20250703 plate66 C03
20250703,plate66,C05,0,42,40C,high-salinity,0,20250703 plate66 C05
20250703,plate66,C05,1,42,40C,high-salinity,1.1901699893408433,20250703 plate66 C05
20250703,plate66,C05,2,42,40C,high-salinity,1.0130894824090473,20250703 plate66 C05
20250703,plate66,C05,3,42,40C,high-salinity,2.554238142062903,20250703 plate66 C05
20250703,plate66,C05,4,42,40C,high-salinity,3.2905737009449343,20250703 plate66 C05
20250703,plate66,C06,0,51,40C,low-salinity,0,20250703 plate66 C06
20250703,plate66,C06,1,51,40C,low-salinity,1.1698059785937551,20250703 plate66 C06
20250703,plate66,C06,2,51,40C,low-salinity,1.208029783883388,20250703 plate66 C06
20250703,plate66,C06,3,51,40C,low-salinity,4.328661901720105,20250703 plate66 C06
20250703,plate66,C06,4,51,40C,low-salinity,4.759378152874351,20250703 plate66 C06
20250703,plate66,D02,0,32,40C,high-salinity,0,20250703 plate66 D02
20250703,plate66,D02,1,32,40C,high-salinity,1.3614722579821885,20250703 plate66 D02
20250703,plate66,D02,2,32,40C,high-salinity,1.07673867412356,20250703 plate66 D02
20250703,plate66,D02,3,32,40C,high-salinity,3.2208247769332035,20250703 plate66 D02
20250703,plate66,D02,4,32,40C,high-salinity,4.0419817801903335,20250703 plate66 D02
20250703,plate66,D03,0,49,40C,low-salinity,0,20250703 plate66 D03
20250703,plate66,D03,1,49,40C,low-salinity,2.5279523768125554,20250703 plate66 D03
20250703,plate66,D03,2,49,40C,low-salinity,2.7383576760701427,20250703 plate66 D03
20250703,plate66,D03,3,49,40C,low-salinity,7.627581049626434,20250703 plate66 D03
20250703,plate66,D03,4,49,40C,low-salinity,8.636367156332348,20250703 plate66 D03
20250703,plate66,D04,0,78,40C,low-salinity,0,20250703 plate66 D04
20250703,plate66,D04,1,78,40C,low-salinity,3.6145643542346613,20250703 plate66 D04
20250703,plate66,D04,2,78,40C,low-salinity,2.777082917950101,20250703 plate66 D04
20250703,plate66,D04,3,78,40C,low-salinity,6.155406949941483,20250703 plate66 D04
20250703,plate66,D04,4,78,40C,low-salinity,6.776864822021872,20250703 plate66 D04
20250703,plate66,D05,0,42,40C,high-salinity,0,20250703 plate66 D05
20250703,plate66,D05,1,42,40C,high-salinity,1.1044559880840457,20250703 plate66 D05
20250703,plate66,D05,2,42,40C,high-salinity,1.1996823099203435,20250703 plate66 D05
20250703,plate66,D05,3,42,40C,high-salinity,2.639425808570023,20250703 plate66 D05
20250703,plate66,D05,4,42,40C,high-salinity,2.8782654881492102,20250703 plate66 D05
20250703,plate66,D06,0,51,40C,low-salinity,0,20250703 plate66 D06
20250703,plate66,D06,1,51,40C,low-salinity,1.8269667367674007,20250703 plate66 D06
20250703,plate66,D06,2,51,40C,low-salinity,1.7253442359656952,20250703 plate66 D06
20250703,plate66,D06,3,51,40C,low-salinity,2.439404873890658,20250703 plate66 D06
20250703,plate66,D06,4,51,40C,low-salinity,3.375290156534596,20250703 plate66 D06
20250703,plate67,A03,0,32,40C,high-salinity,0,20250703 plate67 A03
20250703,plate67,A03,1,32,40C,high-salinity,1.772828017902624,20250703 plate67 A03
20250703,plate67,A03,2,32,40C,high-salinity,3.181659044995848,20250703 plate67 A03
20250703,plate67,A03,3,32,40C,high-salinity,4.341299528907271,20250703 plate67 A03
20250703,plate67,A03,4,32,40C,high-salinity,5.768534347929328,20250703 plate67 A03
20250703,plate67,A04,0,50,40C,low-salinity,0,20250703 plate67 A04
20250703,plate67,A04,1,50,40C,low-salinity,0.36805477376180484,20250703 plate67 A04
20250703,plate67,A04,2,50,40C,low-salinity,0.6255307376321019,20250703 plate67 A04
20250703,plate67,A04,3,50,40C,low-salinity,2.454211766441906,20250703 plate67 A04
20250703,plate67,A04,4,50,40C,low-salinity,4.176632697445323,20250703 plate67 A04
20250703,plate67,A05,0,83,40C,low-salinity,0,20250703 plate67 A05
20250703,plate67,A05,1,83,40C,low-salinity,2.701605145389989,20250703 plate67 A05
20250703,plate67,A05,2,83,40C,low-salinity,4.331325820378553,20250703 plate67 A05
20250703,plate67,A05,3,83,40C,low-salinity,6.942119979884489,20250703 plate67 A05
20250703,plate67,A05,4,83,40C,low-salinity,7.5887289411240175,20250703 plate67 A05
20250703,plate67,A06,0,34,40C,high-salinity,0,20250703 plate67 A06
20250703,plate67,A06,1,34,40C,high-salinity,1.678858518016782,20250703 plate67 A06
20250703,plate67,A06,2,34,40C,high-salinity,1.900778814540742,20250703 plate67 A06
20250703,plate67,A06,3,34,40C,high-salinity,2.6786828194811374,20250703 plate67 A06
20250703,plate67,A06,4,34,40C,high-salinity,3.1960354000533715,20250703 plate67 A06
20250703,plate67,B02,0,78,40C,low-salinity,0,20250703 plate67 B02
20250703,plate67,B02,1,78,40C,low-salinity,3.0706304192030562,20250703 plate67 B02
20250703,plate67,B02,2,78,40C,low-salinity,5.029558236627032,20250703 plate67 B02
20250703,plate67,B02,3,78,40C,low-salinity,9.886996125830514,20250703 plate67 B02
20250703,plate67,B02,4,78,40C,low-salinity,10.947674431723888,20250703 plate67 B02
20250703,plate67,B04,0,50,40C,low-salinity,0,20250703 plate67 B04
20250703,plate67,B04,1,50,40C,low-salinity,1.5421797778336153,20250703 plate67 B04
20250703,plate67,B04,2,50,40C,low-salinity,1.5504440880616235,20250703 plate67 B04
20250703,plate67,B04,3,50,40C,low-salinity,3.7714257683832253,20250703 plate67 B04
20250703,plate67,B04,4,50,40C,low-salinity,4.417939726798181,20250703 plate67 B04
20250703,plate67,B06,0,34,40C,high-salinity,0,20250703 plate67 B06
20250703,plate67,B06,1,34,40C,high-salinity,1.2037578857932623,20250703 plate67 B06
20250703,plate67,B06,2,34,40C,high-salinity,1.1778664446279246,20250703 plate67 B06
20250703,plate67,B06,3,34,40C,high-salinity,2.1980628161949434,20250703 plate67 B06
20250703,plate67,B06,4,34,40C,high-salinity,2.312269742775558,20250703 plate67 B06
20250703,plate67,C03,0,32,40C,high-salinity,0,20250703 plate67 C03
20250703,plate67,C03,1,32,40C,high-salinity,1.3192384718176224,20250703 plate67 C03
20250703,plate67,C03,2,32,40C,high-salinity,2.396637984212685,20250703 plate67 C03
20250703,plate67,C03,3,32,40C,high-salinity,6.389776582835801,20250703 plate67 C03
20250703,plate67,C03,4,32,40C,high-salinity,7.457460398816178,20250703 plate67 C03
20250703,plate67,C04,0,50,40C,low-salinity,0,20250703 plate67 C04
20250703,plate67,C04,1,50,40C,low-salinity,1.0289692856299415,20250703 plate67 C04
20250703,plate67,C04,2,50,40C,low-salinity,0.9928265265245114,20250703 plate67 C04
20250703,plate67,C04,3,50,40C,low-salinity,3.5681603576359677,20250703 plate67 C04
20250703,plate67,C04,4,50,40C,low-salinity,4.36121923574202,20250703 plate67 C04
20250703,plate67,C05,0,83,40C,low-salinity,0,20250703 plate67 C05
20250703,plate67,C05,1,83,40C,low-salinity,1.5207840711622862,20250703 plate67 C05
20250703,plate67,C05,2,83,40C,low-salinity,1.749835156403262,20250703 plate67 C05
20250703,plate67,C05,3,83,40C,low-salinity,4.5141826356601955,20250703 plate67 C05
20250703,plate67,C05,4,83,40C,low-salinity,4.997656035813157,20250703 plate67 C05
20250703,plate67,C06,0,34,40C,high-salinity,0,20250703 plate67 C06
20250703,plate67,C06,1,34,40C,high-salinity,0.854617219349866,20250703 plate67 C06
20250703,plate67,C06,2,34,40C,high-salinity,0.791950515425969,20250703 plate67 C06
20250703,plate67,C06,3,34,40C,high-salinity,1.816586501646021,20250703 plate67 C06
20250703,plate67,C06,4,34,40C,high-salinity,2.2763495010223793,20250703 plate67 C06
20250703,plate67,D03,0,32,40C,high-salinity,0,20250703 plate67 D03
20250703,plate67,D03,1,32,40C,high-salinity,1.4447360716592483,20250703 plate67 D03
20250703,plate67,D03,2,32,40C,high-salinity,1.2029713436188563,20250703 plate67 D03
20250703,plate67,D03,3,32,40C,high-salinity,4.008447960353192,20250703 plate67 D03
20250703,plate67,D03,4,32,40C,high-salinity,5.2328058010307394,20250703 plate67 D03
20250703,plate67,D04,0,50,40C,low-salinity,0,20250703 plate67 D04
20250703,plate67,D04,1,50,40C,low-salinity,0.16260886250569032,20250703 plate67 D04
20250703,plate67,D04,2,50,40C,low-salinity,0.20478276049475908,20250703 plate67 D04
20250703,plate67,D04,3,50,40C,low-salinity,0.4979025133752798,20250703 plate67 D04
20250703,plate67,D04,4,50,40C,low-salinity,0.6709495598000695,20250703 plate67 D04
20250703,plate67,D05,0,83,40C,low-salinity,0,20250703 plate67 D05
20250703,plate67,D05,1,83,40C,low-salinity,3.1436109608389304,20250703 plate67 D05
20250703,plate67,D05,2,83,40C,low-salinity,4.898262559832279,20250703 plate67 D05
20250703,plate67,D05,3,83,40C,low-salinity,7.8864069030035955,20250703 plate67 D05
20250703,plate67,D05,4,83,40C,low-salinity,8.28430957300518,20250703 plate67 D05
20250703,plate67,D06,0,34,40C,high-salinity,0,20250703 plate67 D06
20250703,plate67,D06,1,34,40C,high-salinity,1.2125831961377926,20250703 plate67 D06
20250703,plate67,D06,2,34,40C,high-salinity,1.18392800819983,20250703 plate67 D06
20250703,plate67,D06,3,34,40C,high-salinity,1.4753261501448327,20250703 plate67 D06
20250703,plate67,D06,4,34,40C,high-salinity,1.5122150937973693,20250703 plate67 D06
20250703,plate68,A03,0,70,40C,low-salinity,0,20250703 plate68 A03
20250703,plate68,A03,1,70,40C,low-salinity,1.4860310127364067,20250703 plate68 A03
20250703,plate68,A03,2,70,40C,low-salinity,1.6428262977693235,20250703 plate68 A03
20250703,plate68,A03,3,70,40C,low-salinity,1.9541941802410612,20250703 plate68 A03
20250703,plate68,A03,4,70,40C,low-salinity,2.472773779748141,20250703 plate68 A03
20250703,plate68,A04,0,19,40C,high-salinity,0,20250703 plate68 A04
20250703,plate68,A04,1,19,40C,high-salinity,1.270317316730728,20250703 plate68 A04
20250703,plate68,A04,2,19,40C,high-salinity,3.0132028927516314,20250703 plate68 A04
20250703,plate68,A04,3,19,40C,high-salinity,4.216808474183481,20250703 plate68 A04
20250703,plate68,A04,4,19,40C,high-salinity,4.753893023536525,20250703 plate68 A04
20250703,plate68,A05,0,31,40C,high-salinity,0,20250703 plate68 A05
20250703,plate68,A05,1,31,40C,high-salinity,2.51098824943937,20250703 plate68 A05
20250703,plate68,A05,2,31,40C,high-salinity,6.0409713160809035,20250703 plate68 A05
20250703,plate68,A05,3,31,40C,high-salinity,9.36930691910637,20250703 plate68 A05
20250703,plate68,A05,4,31,40C,high-salinity,9.580883575487105,20250703 plate68 A05
20250703,plate68,A06,0,74,40C,low-salinity,0,20250703 plate68 A06
20250703,plate68,A06,1,74,40C,low-salinity,2.980585399543086,20250703 plate68 A06
20250703,plate68,A06,2,74,40C,low-salinity,3.297516117552591,20250703 plate68 A06
20250703,plate68,A06,3,74,40C,low-salinity,3.7500657178590395,20250703 plate68 A06
20250703,plate68,A06,4,74,40C,low-salinity,3.8407216982435246,20250703 plate68 A06
20250703,plate68,B02,0,26,40C,high-salinity,0,20250703 plate68 B02
20250703,plate68,B02,1,26,40C,high-salinity,1.984768301717327,20250703 plate68 B02
20250703,plate68,B02,2,26,40C,high-salinity,2.1253744989038066,20250703 plate68 B02
20250703,plate68,B02,3,26,40C,high-salinity,3.942660590939096,20250703 plate68 B02
20250703,plate68,B02,4,26,40C,high-salinity,4.613735966641433,20250703 plate68 B02
20250703,plate68,B03,0,70,40C,low-salinity,0,20250703 plate68 B03
20250703,plate68,B03,1,70,40C,low-salinity,1.6330408328247361,20250703 plate68 B03
20250703,plate68,B03,2,70,40C,low-salinity,1.666585182581154,20250703 plate68 B03
20250703,plate68,B03,3,70,40C,low-salinity,2.01562580450633,20250703 plate68 B03
20250703,plate68,B03,4,70,40C,low-salinity,1.9614005684646438,20250703 plate68 B03
20250703,plate68,B04,0,19,40C,high-salinity,0,20250703 plate68 B04
20250703,plate68,B04,1,19,40C,high-salinity,2.0306871820037666,20250703 plate68 B04
20250703,plate68,B04,2,19,40C,high-salinity,2.0074188164178364,20250703 plate68 B04
20250703,plate68,B04,3,19,40C,high-salinity,3.7296133228429182,20250703 plate68 B04
20250703,plate68,B04,4,19,40C,high-salinity,4.387001272790895,20250703 plate68 B04
20250703,plate68,B05,0,31,40C,high-salinity,0,20250703 plate68 B05
20250703,plate68,B05,1,31,40C,high-salinity,0.0969384086999825,20250703 plate68 B05
20250703,plate68,B05,2,31,40C,high-salinity,0.15877739064937912,20250703 plate68 B05
20250703,plate68,B05,3,31,40C,high-salinity,0.3611163187325342,20250703 plate68 B05
20250703,plate68,B05,4,31,40C,high-salinity,0.5863132098724309,20250703 plate68 B05
20250703,plate68,B06,0,74,40C,low-salinity,0,20250703 plate68 B06
20250703,plate68,B06,1,74,40C,low-salinity,1.7691116976418189,20250703 plate68 B06
20250703,plate68,B06,2,74,40C,low-salinity,2.0022541732680423,20250703 plate68 B06
20250703,plate68,B06,3,74,40C,low-salinity,2.6544987703575704,20250703 plate68 B06
20250703,plate68,B06,4,74,40C,low-salinity,2.780363388088976,20250703 plate68 B06
20250703,plate68,C02,0,26,40C,high-salinity,0,20250703 plate68 C02
20250703,plate68,C02,1,26,40C,high-salinity,0.24394739211180005,20250703 plate68 C02
20250703,plate68,C02,2,26,40C,high-salinity,0.6035480489228504,20250703 plate68 C02
20250703,plate68,C02,3,26,40C,high-salinity,3.175379572174828,20250703 plate68 C02
20250703,plate68,C02,4,26,40C,high-salinity,3.778976496562503,20250703 plate68 C02
20250703,plate68,C03,0,70,40C,low-salinity,0,20250703 plate68 C03
20250703,plate68,C03,1,70,40C,low-salinity,0.9880541312187157,20250703 plate68 C03
20250703,plate68,C03,2,70,40C,low-salinity,0.9901615064009096,20250703 plate68 C03
20250703,plate68,C03,3,70,40C,low-salinity,2.3235393217627864,20250703 plate68 C03
20250703,plate68,C03,4,70,40C,low-salinity,3.279195411225201,20250703 plate68 C03
20250703,plate68,C04,0,19,40C,high-salinity,0,20250703 plate68 C04
20250703,plate68,C04,1,19,40C,high-salinity,1.0092177483910445,20250703 plate68 C04
20250703,plate68,C04,2,19,40C,high-salinity,0.8694986458079627,20250703 plate68 C04
20250703,plate68,C04,3,19,40C,high-salinity,1.7208413711043018,20250703 plate68 C04
20250703,plate68,C04,4,19,40C,high-salinity,2.1281675851592317,20250703 plate68 C04
20250703,plate68,C05,0,31,40C,high-salinity,0,20250703 plate68 C05
20250703,plate68,C05,1,31,40C,high-salinity,1.1878273398159847,20250703 plate68 C05
20250703,plate68,C05,2,31,40C,high-salinity,0.9243663764980655,20250703 plate68 C05
20250703,plate68,C05,3,31,40C,high-salinity,2.339265142175502,20250703 plate68 C05
20250703,plate68,C05,4,31,40C,high-salinity,3.8842692106232017,20250703 plate68 C05
20250703,plate68,C06,0,74,40C,low-salinity,0,20250703 plate68 C06
20250703,plate68,C06,1,74,40C,low-salinity,2.1015264212874136,20250703 plate68 C06
20250703,plate68,C06,2,74,40C,low-salinity,2.052060284394503,20250703 plate68 C06
20250703,plate68,C06,3,74,40C,low-salinity,3.776181705593988,20250703 plate68 C06
20250703,plate68,C06,4,74,40C,low-salinity,3.965440526985935,20250703 plate68 C06
20250703,plate68,D03,0,70,40C,low-salinity,0,20250703 plate68 D03
20250703,plate68,D03,1,70,40C,low-salinity,1.5427666801367568,20250703 plate68 D03
20250703,plate68,D03,2,70,40C,low-salinity,2.0500572444645058,20250703 plate68 D03
20250703,plate68,D03,3,70,40C,low-salinity,6.727001489787516,20250703 plate68 D03
20250703,plate68,D03,4,70,40C,low-salinity,7.195466109947449,20250703 plate68 D03
20250703,plate68,D04,0,19,40C,high-salinity,0,20250703 plate68 D04
20250703,plate68,D04,1,19,40C,high-salinity,1.2112665078471776,20250703 plate68 D04
20250703,plate68,D04,2,19,40C,high-salinity,1.2560870537892774,20250703 plate68 D04
20250703,plate68,D04,3,19,40C,high-salinity,1.5504002597441022,20250703 plate68 D04
20250703,plate68,D04,4,19,40C,high-salinity,1.6243076606892255,20250703 plate68 D04
20250703,plate68,D05,0,31,40C,high-salinity,0,20250703 plate68 D05
20250703,plate68,D05,1,31,40C,high-salinity,2.605506437344428,20250703 plate68 D05
20250703,plate68,D05,2,31,40C,high-salinity,3.461776910583186,20250703 plate68 D05
20250703,plate68,D05,3,31,40C,high-salinity,5.730728527941344,20250703 plate68 D05
20250703,plate68,D05,4,31,40C,high-salinity,5.693403996559181,20250703 plate68 D05
20250703,plate68,D06,0,74,40C,low-salinity,0,20250703 plate68 D06
20250703,plate68,D06,1,74,40C,low-salinity,1.3241111066750506,20250703 plate68 D06
20250703,plate68,D06,2,74,40C,low-salinity,1.4719173260209084,20250703 plate68 D06
20250703,plate68,D06,3,74,40C,low-salinity,1.5928388568177252,20250703 plate68 D06
20250703,plate68,D06,4,74,40C,low-salinity,1.6330917285314634,20250703 plate68 D06
20250703,plate69,A02,0,72,40C,low-salinity,0,20250703 plate69 A02
20250703,plate69,A02,1,72,40C,low-salinity,0.08368185241724405,20250703 plate69 A02
20250703,plate69,A02,2,72,40C,low-salinity,0.29333178530596765,20250703 plate69 A02
20250703,plate69,A02,3,72,40C,low-salinity,0.6934870874006237,20250703 plate69 A02
20250703,plate69,A02,4,72,40C,low-salinity,0.726210037508295,20250703 plate69 A02
20250703,plate69,A03,0,54,40C,low-salinity,0,20250703 plate69 A03
20250703,plate69,A03,1,54,40C,low-salinity,3.2000974928523855,20250703 plate69 A03
20250703,plate69,A03,2,54,40C,low-salinity,4.327097499145435,20250703 plate69 A03
20250703,plate69,A03,3,54,40C,low-salinity,6.529242879181543,20250703 plate69 A03
20250703,plate69,A03,4,54,40C,low-salinity,5.869881569820005,20250703 plate69 A03
20250703,plate69,A04,0,7,40C,high-salinity,0,20250703 plate69 A04
20250703,plate69,A04,1,7,40C,high-salinity,1.6826682703733697,20250703 plate69 A04
20250703,plate69,A04,2,7,40C,high-salinity,1.8710187305708368,20250703 plate69 A04
20250703,plate69,A04,3,7,40C,high-salinity,2.028039043015354,20250703 plate69 A04
20250703,plate69,A04,4,7,40C,high-salinity,2.081701763912306,20250703 plate69 A04
20250703,plate69,A05,0,26,40C,high-salinity,0,20250703 plate69 A05
20250703,plate69,A05,1,26,40C,high-salinity,1.7036934616884647,20250703 plate69 A05
20250703,plate69,A05,2,26,40C,high-salinity,2.1422600255982176,20250703 plate69 A05
20250703,plate69,A05,3,26,40C,high-salinity,3.883417637433162,20250703 plate69 A05
20250703,plate69,A05,4,26,40C,high-salinity,3.6947788156767465,20250703 plate69 A05
20250703,plate69,A06,0,19,40C,high-salinity,0,20250703 plate69 A06
20250703,plate69,A06,1,19,40C,high-salinity,1.539706601757023,20250703 plate69 A06
20250703,plate69,A06,2,19,40C,high-salinity,1.6339190331929958,20250703 plate69 A06
20250703,plate69,A06,3,19,40C,high-salinity,1.6103701056165975,20250703 plate69 A06
20250703,plate69,A06,4,19,40C,high-salinity,1.5998785401383981,20250703 plate69 A06
20250703,plate69,B02,0,72,40C,low-salinity,0,20250703 plate69 B02
20250703,plate69,B02,1,72,40C,low-salinity,1.9542517053759347,20250703 plate69 B02
20250703,plate69,B02,2,72,40C,low-salinity,1.7276283876002128,20250703 plate69 B02
20250703,plate69,B02,3,72,40C,low-salinity,4.162092484569769,20250703 plate69 B02
20250703,plate69,B02,4,72,40C,low-salinity,4.676846106510465,20250703 plate69 B02
20250703,plate69,B03,0,54,40C,low-salinity,0,20250703 plate69 B03
20250703,plate69,B03,1,54,40C,low-salinity,0.6592168406999647,20250703 plate69 B03
20250703,plate69,B03,2,54,40C,low-salinity,0.6568873278733594,20250703 plate69 B03
20250703,plate69,B03,3,54,40C,low-salinity,4.856675387696531,20250703 plate69 B03
20250703,plate69,B03,4,54,40C,low-salinity,6.784501640452246,20250703 plate69 B03
20250703,plate69,B04,0,7,40C,high-salinity,0,20250703 plate69 B04
20250703,plate69,B04,1,7,40C,high-salinity,1.3809088772346854,20250703 plate69 B04
20250703,plate69,B04,2,7,40C,high-salinity,1.2238432873801595,20250703 plate69 B04
20250703,plate69,B04,3,7,40C,high-salinity,2.561748298908469,20250703 plate69 B04
20250703,plate69,B04,4,7,40C,high-salinity,3.0471617506480766,20250703 plate69 B04
20250703,plate69,B05,0,26,40C,high-salinity,0,20250703 plate69 B05
20250703,plate69,B05,1,26,40C,high-salinity,0.6415762364912337,20250703 plate69 B05
20250703,plate69,B05,2,26,40C,high-salinity,0.7284334393428253,20250703 plate69 B05
20250703,plate69,B05,3,26,40C,high-salinity,1.9020154640643325,20250703 plate69 B05
20250703,plate69,B05,4,26,40C,high-salinity,2.5164928619179188,20250703 plate69 B05
20250703,plate69,B06,0,19,40C,high-salinity,0,20250703 plate69 B06
20250703,plate69,B06,1,19,40C,high-salinity,1.4000174724101306,20250703 plate69 B06
20250703,plate69,B06,2,19,40C,high-salinity,1.5524601064572825,20250703 plate69 B06
20250703,plate69,B06,3,19,40C,high-salinity,4.881835001456361,20250703 plate69 B06
20250703,plate69,B06,4,19,40C,high-salinity,5.1203015728073105,20250703 plate69 B06
20250703,plate69,C02,0,72,40C,low-salinity,0,20250703 plate69 C02
20250703,plate69,C02,1,72,40C,low-salinity,1.0804843560314956,20250703 plate69 C02
20250703,plate69,C02,2,72,40C,low-salinity,0.9720708285226665,20250703 plate69 C02
20250703,plate69,C02,3,72,40C,low-salinity,2.274345898019732,20250703 plate69 C02
20250703,plate69,C02,4,72,40C,low-salinity,2.283588574152111,20250703 plate69 C02
20250703,plate69,C03,0,54,40C,low-salinity,0,20250703 plate69 C03
20250703,plate69,C03,1,54,40C,low-salinity,0.6015414261298374,20250703 plate69 C03
20250703,plate69,C03,2,54,40C,low-salinity,0.5512652702897531,20250703 plate69 C03
20250703,plate69,C03,3,54,40C,low-salinity,2.034291094135518,20250703 plate69 C03
20250703,plate69,C03,4,54,40C,low-salinity,2.1266733539979983,20250703 plate69 C03
20250703,plate69,C04,0,7,40C,high-salinity,0,20250703 plate69 C04
20250703,plate69,C04,1,7,40C,high-salinity,0.7373872895490601,20250703 plate69 C04
20250703,plate69,C04,2,7,40C,high-salinity,0.753512245123783,20250703 plate69 C04
20250703,plate69,C04,3,7,40C,high-salinity,4.027823695422795,20250703 plate69 C04
20250703,plate69,C04,4,7,40C,high-salinity,5.846495439890116,20250703 plate69 C04
20250703,plate69,C05,0,26,40C,high-salinity,0,20250703 plate69 C05
20250703,plate69,C05,1,26,40C,high-salinity,0.7757295850539124,20250703 plate69 C05
20250703,plate69,C05,2,26,40C,high-salinity,0.928983391910411,20250703 plate69 C05
20250703,plate69,C05,3,26,40C,high-salinity,3.6130718178598524,20250703 plate69 C05
20250703,plate69,C05,4,26,40C,high-salinity,3.707927985628562,20250703 plate69 C05
20250703,plate69,C06,0,19,40C,high-salinity,0,20250703 plate69 C06
20250703,plate69,C06,1,19,40C,high-salinity,0.7808591864414732,20250703 plate69 C06
20250703,plate69,C06,2,19,40C,high-salinity,0.7461516483416832,20250703 plate69 C06
20250703,plate69,C06,3,19,40C,high-salinity,2.241967990913118,20250703 plate69 C06
20250703,plate69,C06,4,19,40C,high-salinity,2.546565040149922,20250703 plate69 C06
20250703,plate69,D02,0,72,40C,low-salinity,0,20250703 plate69 D02
20250703,plate69,D02,1,72,40C,low-salinity,0.7563222191854312,20250703 plate69 D02
20250703,plate69,D02,2,72,40C,low-salinity,0.6632364860338117,20250703 plate69 D02
20250703,plate69,D02,3,72,40C,low-salinity,2.4760691831660324,20250703 plate69 D02
20250703,plate69,D02,4,72,40C,low-salinity,2.865536984052697,20250703 plate69 D02
20250703,plate69,D03,0,54,40C,low-salinity,0,20250703 plate69 D03
20250703,plate69,D03,1,54,40C,low-salinity,1.0256757784636685,20250703 plate69 D03
20250703,plate69,D03,2,54,40C,low-salinity,1.842641781396414,20250703 plate69 D03
20250703,plate69,D03,3,54,40C,low-salinity,6.06141764744611,20250703 plate69 D03
20250703,plate69,D03,4,54,40C,low-salinity,6.274889918199602,20250703 plate69 D03
20250703,plate69,D04,0,7,40C,high-salinity,0,20250703 plate69 D04
20250703,plate69,D04,1,7,40C,high-salinity,0.6401059691664065,20250703 plate69 D04
20250703,plate69,D04,2,7,40C,high-salinity,0.543965305886295,20250703 plate69 D04
20250703,plate69,D04,3,7,40C,high-salinity,1.6057925116074676,20250703 plate69 D04
20250703,plate69,D04,4,7,40C,high-salinity,2.124623210655659,20250703 plate69 D04
20250703,plate69,D05,0,26,40C,high-salinity,0,20250703 plate69 D05
20250703,plate69,D05,1,26,40C,high-salinity,0.7520710342709598,20250703 plate69 D05
20250703,plate69,D05,2,26,40C,high-salinity,0.7507955129199473,20250703 plate69 D05
20250703,plate69,D05,3,26,40C,high-salinity,3.5012664562458404,20250703 plate69 D05
20250703,plate69,D05,4,26,40C,high-salinity,3.4917680028984157,20250703 plate69 D05
20250703,plate69,D06,0,19,40C,high-salinity,0,20250703 plate69 D06
20250703,plate69,D06,1,19,40C,high-salinity,1.2927346722554653,20250703 plate69 D06
20250703,plate69,D06,2,19,40C,high-salinity,1.4613635212426825,20250703 plate69 D06
20250703,plate69,D06,3,19,40C,high-salinity,4.826289544194263,20250703 plate69 D06
20250703,plate69,D06,4,19,40C,high-salinity,7.42433203052996,20250703 plate69 D06
20250703,plate70,A02,0,5,40C,high-salinity,0,20250703 plate70 A02
20250703,plate70,A02,1,5,40C,high-salinity,1.1826600318905163,20250703 plate70 A02
20250703,plate70,A02,2,5,40C,high-salinity,1.4511527709352303,20250703 plate70 A02
20250703,plate70,A02,3,5,40C,high-salinity,4.388781268030706,20250703 plate70 A02
20250703,plate70,A02,4,5,40C,high-salinity,4.285656128311792,20250703 plate70 A02
20250703,plate70,A03,0,85,40C,low-salinity,0,20250703 plate70 A03
20250703,plate70,A03,1,85,40C,low-salinity,0.08771336867430359,20250703 plate70 A03
20250703,plate70,A03,2,85,40C,low-salinity,0.3805249217114038,20250703 plate70 A03
20250703,plate70,A03,3,85,40C,low-salinity,0.5103217859930325,20250703 plate70 A03
20250703,plate70,A03,4,85,40C,low-salinity,0.560651981928849,20250703 plate70 A03
20250703,plate70,A04,0,79,40C,low-salinity,0,20250703 plate70 A04
20250703,plate70,A04,1,79,40C,low-salinity,2.327221449382165,20250703 plate70 A04
20250703,plate70,A04,2,79,40C,low-salinity,2.579138134183897,20250703 plate70 A04
20250703,plate70,A04,3,79,40C,low-salinity,2.744881467381202,20250703 plate70 A04
20250703,plate70,A04,4,79,40C,low-salinity,2.74484771060685,20250703 plate70 A04
20250703,plate70,A05,0,19,40C,high-salinity,0,20250703 plate70 A05
20250703,plate70,A05,1,19,40C,high-salinity,1.9482548184903192,20250703 plate70 A05
20250703,plate70,A05,2,19,40C,high-salinity,2.165099488565401,20250703 plate70 A05
20250703,plate70,A05,3,19,40C,high-salinity,3.2438924819419306,20250703 plate70 A05
20250703,plate70,A05,4,19,40C,high-salinity,3.2529561997989767,20250703 plate70 A05
20250703,plate70,A06,0,41,40C,high-salinity,0,20250703 plate70 A06
20250703,plate70,A06,1,41,40C,high-salinity,2.1874551156919786,20250703 plate70 A06
20250703,plate70,A06,2,41,40C,high-salinity,2.4897451034473566,20250703 plate70 A06
20250703,plate70,A06,3,41,40C,high-salinity,4.763447658101539,20250703 plate70 A06
20250703,plate70,A06,4,41,40C,high-salinity,4.5108100981116355,20250703 plate70 A06
20250703,plate70,B02,0,5,40C,high-salinity,0,20250703 plate70 B02
20250703,plate70,B02,1,5,40C,high-salinity,1.1908560286294356,20250703 plate70 B02
20250703,plate70,B02,2,5,40C,high-salinity,1.314721363575463,20250703 plate70 B02
20250703,plate70,B02,3,5,40C,high-salinity,2.57288128836252,20250703 plate70 B02
20250703,plate70,B02,4,5,40C,high-salinity,3.8663570479289953,20250703 plate70 B02
20250703,plate70,B03,0,85,40C,low-salinity,0,20250703 plate70 B03
20250703,plate70,B03,1,85,40C,low-salinity,0.017595757918738582,20250703 plate70 B03
20250703,plate70,B03,2,85,40C,low-salinity,0.0779554535864826,20250703 plate70 B03
20250703,plate70,B03,3,85,40C,low-salinity,0.3080957930742737,20250703 plate70 B03
20250703,plate70,B03,4,85,40C,low-salinity,0.3864867021006828,20250703 plate70 B03
20250703,plate70,B04,0,79,40C,low-salinity,0,20250703 plate70 B04
20250703,plate70,B04,1,79,40C,low-salinity,1.2039435263330178,20250703 plate70 B04
20250703,plate70,B04,2,79,40C,low-salinity,1.2268747004191445,20250703 plate70 B04
20250703,plate70,B04,3,79,40C,low-salinity,3.495802018794481,20250703 plate70 B04
20250703,plate70,B04,4,79,40C,low-salinity,4.192850674759653,20250703 plate70 B04
20250703,plate70,B05,0,19,40C,high-salinity,0,20250703 plate70 B05
20250703,plate70,B05,1,19,40C,high-salinity,1.2756507971343942,20250703 plate70 B05
20250703,plate70,B05,2,19,40C,high-salinity,1.954594204772279,20250703 plate70 B05
20250703,plate70,B05,3,19,40C,high-salinity,5.481054793483749,20250703 plate70 B05
20250703,plate70,B05,4,19,40C,high-salinity,5.460909082215129,20250703 plate70 B05
20250703,plate70,C02,0,5,40C,high-salinity,0,20250703 plate70 C02
20250703,plate70,C02,1,5,40C,high-salinity,0.737514777118396,20250703 plate70 C02
20250703,plate70,C02,2,5,40C,high-salinity,0.662928839796051,20250703 plate70 C02
20250703,plate70,C02,3,5,40C,high-salinity,2.8482702083020928,20250703 plate70 C02
20250703,plate70,C02,4,5,40C,high-salinity,2.9418327524897063,20250703 plate70 C02
20250703,plate70,C03,0,85,40C,low-salinity,0,20250703 plate70 C03
20250703,plate70,C03,1,85,40C,low-salinity,0.23821927447581434,20250703 plate70 C03
20250703,plate70,C03,2,85,40C,low-salinity,0.26138116603288364,20250703 plate70 C03
20250703,plate70,C03,3,85,40C,low-salinity,0.9297259112584947,20250703 plate70 C03
20250703,plate70,C03,4,85,40C,low-salinity,1.0083992258401537,20250703 plate70 C03
20250703,plate70,C04,0,79,40C,low-salinity,0,20250703 plate70 C04
20250703,plate70,C04,1,79,40C,low-salinity,1.2401591105227459,20250703 plate70 C04
20250703,plate70,C04,2,79,40C,low-salinity,1.2786739809003396,20250703 plate70 C04
20250703,plate70,C04,3,79,40C,low-salinity,3.4631719356948625,20250703 plate70 C04
20250703,plate70,C04,4,79,40C,low-salinity,3.5719037282888304,20250703 plate70 C04
20250703,plate70,C05,0,19,40C,high-salinity,0,20250703 plate70 C05
20250703,plate70,C05,1,19,40C,high-salinity,0.36512468291516714,20250703 plate70 C05
20250703,plate70,C05,2,19,40C,high-salinity,0.41180741546992444,20250703 plate70 C05
20250703,plate70,C05,3,19,40C,high-salinity,1.3940736282219235,20250703 plate70 C05
20250703,plate70,C05,4,19,40C,high-salinity,1.799214532314049,20250703 plate70 C05
20250703,plate70,C06,0,41,40C,high-salinity,0,20250703 plate70 C06
20250703,plate70,C06,1,41,40C,high-salinity,0.8035131679146096,20250703 plate70 C06
20250703,plate70,C06,2,41,40C,high-salinity,0.8092439929077964,20250703 plate70 C06
20250703,plate70,C06,3,41,40C,high-salinity,2.8282840389817547,20250703 plate70 C06
20250703,plate70,C06,4,41,40C,high-salinity,3.339607513829697,20250703 plate70 C06
20250703,plate70,D02,0,5,40C,high-salinity,0,20250703 plate70 D02
20250703,plate70,D02,1,5,40C,high-salinity,0.818309178250067,20250703 plate70 D02
20250703,plate70,D02,2,5,40C,high-salinity,0.775830613654937,20250703 plate70 D02
20250703,plate70,D02,3,5,40C,high-salinity,2.1720027555219583,20250703 plate70 D02
20250703,plate70,D02,4,5,40C,high-salinity,2.420385967347118,20250703 plate70 D02
20250703,plate70,D03,0,85,40C,low-salinity,0,20250703 plate70 D03
20250703,plate70,D03,1,85,40C,low-salinity,1.4602816323207815,20250703 plate70 D03
20250703,plate70,D03,2,85,40C,low-salinity,2.789282361170861,20250703 plate70 D03
20250703,plate70,D03,3,85,40C,low-salinity,8.055970453388861,20250703 plate70 D03
20250703,plate70,D03,4,85,40C,low-salinity,9.421971387632405,20250703 plate70 D03
20250703,plate70,D04,0,79,40C,low-salinity,0,20250703 plate70 D04
20250703,plate70,D04,1,79,40C,low-salinity,0.5636150594575978,20250703 plate70 D04
20250703,plate70,D04,2,79,40C,low-salinity,0.5807809391653777,20250703 plate70 D04
20250703,plate70,D04,3,79,40C,low-salinity,1.775834530428905,20250703 plate70 D04
20250703,plate70,D04,4,79,40C,low-salinity,2.1078785610518738,20250703 plate70 D04
20250703,plate70,D05,0,19,40C,high-salinity,0,20250703 plate70 D05
20250703,plate70,D05,1,19,40C,high-salinity,1.3353769799462831,20250703 plate70 D05
20250703,plate70,D05,2,19,40C,high-salinity,1.3762166110245044,20250703 plate70 D05
20250703,plate70,D05,3,19,40C,high-salinity,3.7774574371631595,20250703 plate70 D05
20250703,plate70,D05,4,19,40C,high-salinity,4.003308913914256,20250703 plate70 D05
20250703,plate70,D06,0,41,40C,high-salinity,0,20250703 plate70 D06
20250703,plate70,D06,1,41,40C,high-salinity,2.160799308101937,20250703 plate70 D06
20250703,plate70,D06,2,41,40C,high-salinity,2.2848203428045184,20250703 plate70 D06
20250703,plate70,D06,3,41,40C,high-salinity,5.488904002788237,20250703 plate70 D06
20250703,plate70,D06,4,41,40C,high-salinity,5.462143728889666,20250703 plate70 D06
