index_id,selection_freq,phenotype,stratum,family,k,scale,feature,adjustment
raw_rfu|delta_auc_late_minus_early|none,0.77,condition_index,diploid,all,3,raw_rfu,delta_auc_late_minus_early,none
fc_corr|delta_auc_late_minus_early|none,0.58,condition_index,diploid,all,3,fc_corr,delta_auc_late_minus_early,none
raw_delta_mm|sat_asymptote|resid,0.36,condition_index,diploid,all,3,raw_delta_mm,sat_asymptote,resid
raw_delta_mm|delta_auc_late_minus_early|none,0.32,condition_index,diploid,all,3,raw_delta_mm,delta_auc_late_minus_early,none
fc_corr_mm|sat_asymptote|resid,0.22,condition_index,diploid,all,3,fc_corr_mm,sat_asymptote,resid
raw_rfu|sat_asymptote|resid,0.16,condition_index,diploid,all,3,raw_rfu,sat_asymptote,resid
raw_delta|late_early_auc_ratio|resid,0.09,condition_index,diploid,all,3,raw_delta,late_early_auc_ratio,resid
raw_delta_mm|delta_auc_late_minus_early|resid,0.08,condition_index,diploid,all,3,raw_delta_mm,delta_auc_late_minus_early,resid
fc_corr|late_early_auc_ratio|resid,0.07,condition_index,diploid,all,3,fc_corr,late_early_auc_ratio,resid
raw_delta|frac_auc_first_half|resid,0.07,condition_index,diploid,all,3,raw_delta,frac_auc_first_half,resid
raw_rfu|lin_slope|none,0.06,condition_index,diploid,all,3,raw_rfu,lin_slope,none
fc_corr_mm|rate_h2|resid,0.04,condition_index,diploid,all,3,fc_corr_mm,rate_h2,resid
fc_corr|frac_auc_first_half|resid,0.03,condition_index,diploid,all,3,fc_corr,frac_auc_first_half,resid
raw_rfu|delta_auc_late_minus_early|resid,0.03,condition_index,diploid,all,3,raw_rfu,delta_auc_late_minus_early,resid
fc_corr|sat_asymptote|resid,0.02,condition_index,diploid,all,3,fc_corr,sat_asymptote,resid
raw_rfu|rate_h2|resid,0.02,condition_index,diploid,all,3,raw_rfu,rate_h2,resid
fc_corr|rate_h2|none,0.01,condition_index,diploid,all,3,fc_corr,rate_h2,none
fc_corr|rate_h2|resid,0.01,condition_index,diploid,all,3,fc_corr,rate_h2,resid
raw_delta_mm|rate_h2|resid,0.01,condition_index,diploid,all,3,raw_delta_mm,rate_h2,resid
raw_delta|value_2h|none,0.01,condition_index,diploid,all,3,raw_delta,value_2h,none
raw_rfu|inflection_time|none,0.01,condition_index,diploid,all,3,raw_rfu,inflection_time,none
raw_rfu|late_early_auc_ratio|resid,0.01,condition_index,diploid,all,3,raw_rfu,late_early_auc_ratio,resid
raw_rfu|rate_h2|none,0.01,condition_index,diploid,all,3,raw_rfu,rate_h2,none
raw_rfu|value_2h|none,0.01,condition_index,diploid,all,3,raw_rfu,value_2h,none
raw_rfu|delta_auc_late_minus_early|none,0.91,condition_index,diploid,all,5,raw_rfu,delta_auc_late_minus_early,none
fc_corr|delta_auc_late_minus_early|none,0.75,condition_index,diploid,all,5,fc_corr,delta_auc_late_minus_early,none
raw_delta_mm|sat_asymptote|resid,0.54,condition_index,diploid,all,5,raw_delta_mm,sat_asymptote,resid
raw_delta_mm|delta_auc_late_minus_early|none,0.49,condition_index,diploid,all,5,raw_delta_mm,delta_auc_late_minus_early,none
fc_corr_mm|sat_asymptote|resid,0.37,condition_index,diploid,all,5,fc_corr_mm,sat_asymptote,resid
raw_rfu|sat_asymptote|resid,0.35,condition_index,diploid,all,5,raw_rfu,sat_asymptote,resid
raw_delta_mm|delta_auc_late_minus_early|resid,0.27,condition_index,diploid,all,5,raw_delta_mm,delta_auc_late_minus_early,resid
raw_rfu|delta_auc_late_minus_early|resid,0.19,condition_index,diploid,all,5,raw_rfu,delta_auc_late_minus_early,resid
fc_corr|sat_asymptote|resid,0.16,condition_index,diploid,all,5,fc_corr,sat_asymptote,resid
raw_rfu|lin_slope|none,0.14,condition_index,diploid,all,5,raw_rfu,lin_slope,none
raw_delta|frac_auc_first_half|resid,0.1,condition_index,diploid,all,5,raw_delta,frac_auc_first_half,resid
raw_delta|late_early_auc_ratio|resid,0.1,condition_index,diploid,all,5,raw_delta,late_early_auc_ratio,resid
fc_corr_mm|rate_h2|resid,0.08,condition_index,diploid,all,5,fc_corr_mm,rate_h2,resid
fc_corr_mm|delta_auc_late_minus_early|none,0.07,condition_index,diploid,all,5,fc_corr_mm,delta_auc_late_minus_early,none
fc_corr|late_early_auc_ratio|resid,0.07,condition_index,diploid,all,5,fc_corr,late_early_auc_ratio,resid
fc_corr_mm|delta_auc_late_minus_early|resid,0.06,condition_index,diploid,all,5,fc_corr_mm,delta_auc_late_minus_early,resid
fc_corr|frac_auc_first_half|resid,0.06,condition_index,diploid,all,5,fc_corr,frac_auc_first_half,resid
raw_rfu|late_early_auc_ratio|resid,0.05,condition_index,diploid,all,5,raw_rfu,late_early_auc_ratio,resid
fc_corr|rate_h2|resid,0.04,condition_index,diploid,all,5,fc_corr,rate_h2,resid
raw_rfu|inflection_time|resid,0.04,condition_index,diploid,all,5,raw_rfu,inflection_time,resid
fc_corr|rate_h2|none,0.03,condition_index,diploid,all,5,fc_corr,rate_h2,none
raw_rfu|rate_h2|none,0.03,condition_index,diploid,all,5,raw_rfu,rate_h2,none
fc_corr|delta_auc_late_minus_early|resid,0.02,condition_index,diploid,all,5,fc_corr,delta_auc_late_minus_early,resid
raw_rfu|rate_h2|resid,0.02,condition_index,diploid,all,5,raw_rfu,rate_h2,resid
fc_corr|lin_slope|none,0.01,condition_index,diploid,all,5,fc_corr,lin_slope,none
raw_delta_mm|rate_h2|resid,0.01,condition_index,diploid,all,5,raw_delta_mm,rate_h2,resid
raw_delta|frac_auc_first_half|none,0.01,condition_index,diploid,all,5,raw_delta,frac_auc_first_half,none
raw_delta|late_early_auc_ratio|none,0.01,condition_index,diploid,all,5,raw_delta,late_early_auc_ratio,none
raw_rfu|inflection_time|none,0.01,condition_index,diploid,all,5,raw_rfu,inflection_time,none
raw_rfu|peak_value|none,0.01,condition_index,diploid,all,5,raw_rfu,peak_value,none
raw_rfu|delta_auc_late_minus_early|none,0.91,condition_index,diploid,all,8,raw_rfu,delta_auc_late_minus_early,none
fc_corr|delta_auc_late_minus_early|none,0.84,condition_index,diploid,all,8,fc_corr,delta_auc_late_minus_early,none
raw_delta_mm|sat_asymptote|resid,0.7,condition_index,diploid,all,8,raw_delta_mm,sat_asymptote,resid
raw_delta_mm|delta_auc_late_minus_early|none,0.67,condition_index,diploid,all,8,raw_delta_mm,delta_auc_late_minus_early,none
raw_delta_mm|delta_auc_late_minus_early|resid,0.6,condition_index,diploid,all,8,raw_delta_mm,delta_auc_late_minus_early,resid
fc_corr_mm|sat_asymptote|resid,0.57,condition_index,diploid,all,8,fc_corr_mm,sat_asymptote,resid
raw_rfu|delta_auc_late_minus_early|resid,0.52,condition_index,diploid,all,8,raw_rfu,delta_auc_late_minus_early,resid
raw_rfu|sat_asymptote|resid,0.51,condition_index,diploid,all,8,raw_rfu,sat_asymptote,resid
raw_rfu|lin_slope|none,0.38,condition_index,diploid,all,8,raw_rfu,lin_slope,none
fc_corr_mm|delta_auc_late_minus_early|resid,0.29,condition_index,diploid,all,8,fc_corr_mm,delta_auc_late_minus_early,resid
fc_corr|sat_asymptote|resid,0.26,condition_index,diploid,all,8,fc_corr,sat_asymptote,resid
fc_corr_mm|delta_auc_late_minus_early|none,0.23,condition_index,diploid,all,8,fc_corr_mm,delta_auc_late_minus_early,none
raw_delta|frac_auc_first_half|resid,0.17,condition_index,diploid,all,8,raw_delta,frac_auc_first_half,resid
raw_delta|late_early_auc_ratio|resid,0.16,condition_index,diploid,all,8,raw_delta,late_early_auc_ratio,resid
fc_corr|late_early_auc_ratio|resid,0.15,condition_index,diploid,all,8,fc_corr,late_early_auc_ratio,resid
fc_corr|frac_auc_first_half|resid,0.13,condition_index,diploid,all,8,fc_corr,frac_auc_first_half,resid
fc_corr|delta_auc_late_minus_early|resid,0.11,condition_index,diploid,all,8,fc_corr,delta_auc_late_minus_early,resid
fc_corr_mm|rate_h2|resid,0.1,condition_index,diploid,all,8,fc_corr_mm,rate_h2,resid
raw_rfu|late_early_auc_ratio|resid,0.09,condition_index,diploid,all,8,raw_rfu,late_early_auc_ratio,resid
raw_rfu|inflection_time|none,0.07,condition_index,diploid,all,8,raw_rfu,inflection_time,none
fc_corr|rate_h2|none,0.06,condition_index,diploid,all,8,fc_corr,rate_h2,none
fc_corr|rate_h2|resid,0.06,condition_index,diploid,all,8,fc_corr,rate_h2,resid
raw_rfu|frac_auc_first_half|resid,0.06,condition_index,diploid,all,8,raw_rfu,frac_auc_first_half,resid
raw_rfu|inflection_time|resid,0.06,condition_index,diploid,all,8,raw_rfu,inflection_time,resid
raw_rfu|rate_h2|none,0.06,condition_index,diploid,all,8,raw_rfu,rate_h2,none
raw_rfu|rate_h2|resid,0.06,condition_index,diploid,all,8,raw_rfu,rate_h2,resid
raw_delta_mm|rate_h2|resid,0.03,condition_index,diploid,all,8,raw_delta_mm,rate_h2,resid
raw_rfu|sat_asymptote|none,0.03,condition_index,diploid,all,8,raw_rfu,sat_asymptote,none
fc_corr|lin_slope|none,0.02,condition_index,diploid,all,8,fc_corr,lin_slope,none
raw_delta_mm|lin_slope|none,0.02,condition_index,diploid,all,8,raw_delta_mm,lin_slope,none
raw_rfu|t_half|resid,0.02,condition_index,diploid,all,8,raw_rfu,t_half,resid
fc_corr_mm|rate_h2|none,0.01,condition_index,diploid,all,8,fc_corr_mm,rate_h2,none
fc_corr|t_half|resid,0.01,condition_index,diploid,all,8,fc_corr,t_half,resid
raw_delta_mm|rate_h2|none,0.01,condition_index,diploid,all,8,raw_delta_mm,rate_h2,none
raw_delta|frac_auc_first_half|none,0.01,condition_index,diploid,all,8,raw_delta,frac_auc_first_half,none
raw_delta|late_early_auc_ratio|none,0.01,condition_index,diploid,all,8,raw_delta,late_early_auc_ratio,none
raw_rfu|time_to_vmax|none,0.01,condition_index,diploid,all,8,raw_rfu,time_to_vmax,none
fc_corr_mm|delta_auc_late_minus_early|none,1,condition_index,diploid,fc_corr_mm_none,3,fc_corr_mm,delta_auc_late_minus_early,none
fc_corr_mm|lin_slope|none,0.88,condition_index,diploid,fc_corr_mm_none,3,fc_corr_mm,lin_slope,none
fc_corr_mm|rate_h2|none,0.46,condition_index,diploid,fc_corr_mm_none,3,fc_corr_mm,rate_h2,none
fc_corr_mm|sat_asymptote|none,0.31,condition_index,diploid,fc_corr_mm_none,3,fc_corr_mm,sat_asymptote,none
fc_corr_mm|value_3h|none,0.22,condition_index,diploid,fc_corr_mm_none,3,fc_corr_mm,value_3h,none
fc_corr_mm|peak_value|none,0.1,condition_index,diploid,fc_corr_mm_none,3,fc_corr_mm,peak_value,none
fc_corr_mm|auc_late|none,0.02,condition_index,diploid,fc_corr_mm_none,3,fc_corr_mm,auc_late,none
fc_corr_mm|sat_k|none,0.01,condition_index,diploid,fc_corr_mm_none,3,fc_corr_mm,sat_k,none
fc_corr_mm|delta_auc_late_minus_early|none,1,condition_index,diploid,fc_corr_mm_none,5,fc_corr_mm,delta_auc_late_minus_early,none
fc_corr_mm|lin_slope|none,0.99,condition_index,diploid,fc_corr_mm_none,5,fc_corr_mm,lin_slope,none
fc_corr_mm|peak_value|none,0.68,condition_index,diploid,fc_corr_mm_none,5,fc_corr_mm,peak_value,none
fc_corr_mm|rate_h2|none,0.64,condition_index,diploid,fc_corr_mm_none,5,fc_corr_mm,rate_h2,none
fc_corr_mm|value_3h|none,0.59,condition_index,diploid,fc_corr_mm_none,5,fc_corr_mm,value_3h,none
fc_corr_mm|sat_asymptote|none,0.58,condition_index,diploid,fc_corr_mm_none,5,fc_corr_mm,sat_asymptote,none
fc_corr_mm|final_value|none,0.17,condition_index,diploid,fc_corr_mm_none,5,fc_corr_mm,final_value,none
fc_corr_mm|mean_rate|none,0.14,condition_index,diploid,fc_corr_mm_none,5,fc_corr_mm,mean_rate,none
fc_corr_mm|auc_late|none,0.1,condition_index,diploid,fc_corr_mm_none,5,fc_corr_mm,auc_late,none
fc_corr_mm|sat_k|none,0.05,condition_index,diploid,fc_corr_mm_none,5,fc_corr_mm,sat_k,none
fc_corr_mm|value_4h|none,0.04,condition_index,diploid,fc_corr_mm_none,5,fc_corr_mm,value_4h,none
fc_corr_mm|rate_h3|none,0.01,condition_index,diploid,fc_corr_mm_none,5,fc_corr_mm,rate_h3,none
fc_corr_mm|value_2h|none,0.01,condition_index,diploid,fc_corr_mm_none,5,fc_corr_mm,value_2h,none
fc_corr_mm|delta_auc_late_minus_early|none,1,condition_index,diploid,fc_corr_mm_none,8,fc_corr_mm,delta_auc_late_minus_early,none
fc_corr_mm|lin_slope|none,1,condition_index,diploid,fc_corr_mm_none,8,fc_corr_mm,lin_slope,none
fc_corr_mm|peak_value|none,1,condition_index,diploid,fc_corr_mm_none,8,fc_corr_mm,peak_value,none
fc_corr_mm|value_3h|none,0.94,condition_index,diploid,fc_corr_mm_none,8,fc_corr_mm,value_3h,none
fc_corr_mm|final_value|none,0.87,condition_index,diploid,fc_corr_mm_none,8,fc_corr_mm,final_value,none
fc_corr_mm|mean_rate|none,0.79,condition_index,diploid,fc_corr_mm_none,8,fc_corr_mm,mean_rate,none
fc_corr_mm|sat_asymptote|none,0.77,condition_index,diploid,fc_corr_mm_none,8,fc_corr_mm,sat_asymptote,none
fc_corr_mm|rate_h2|none,0.71,condition_index,diploid,fc_corr_mm_none,8,fc_corr_mm,rate_h2,none
fc_corr_mm|value_4h|none,0.6,condition_index,diploid,fc_corr_mm_none,8,fc_corr_mm,value_4h,none
fc_corr_mm|auc_late|none,0.27,condition_index,diploid,fc_corr_mm_none,8,fc_corr_mm,auc_late,none
fc_corr_mm|sat_k|none,0.04,condition_index,diploid,fc_corr_mm_none,8,fc_corr_mm,sat_k,none
fc_corr_mm|depression_abs|none,0.01,condition_index,diploid,fc_corr_mm_none,8,fc_corr_mm,depression_abs,none
fc_corr_mm|rate_h2|resid,0.97,condition_index,diploid,short_assay_2h,3,fc_corr_mm,rate_h2,resid
fc_corr|rate_h2|resid,0.58,condition_index,diploid,short_assay_2h,3,fc_corr,rate_h2,resid
raw_rfu|rate_h2|resid,0.52,condition_index,diploid,short_assay_2h,3,raw_rfu,rate_h2,resid
fc_corr|rate_h2|none,0.45,condition_index,diploid,short_assay_2h,3,fc_corr,rate_h2,none
raw_rfu|rate_h2|none,0.3,condition_index,diploid,short_assay_2h,3,raw_rfu,rate_h2,none
raw_delta_mm|rate_h2|resid,0.1,condition_index,diploid,short_assay_2h,3,raw_delta_mm,rate_h2,resid
raw_rfu|value_2h|none,0.04,condition_index,diploid,short_assay_2h,3,raw_rfu,value_2h,none
raw_delta|value_2h|none,0.03,condition_index,diploid,short_assay_2h,3,raw_delta,value_2h,none
raw_delta_mm|value_2h|resid,0.01,condition_index,diploid,short_assay_2h,3,raw_delta_mm,value_2h,resid
fc_corr_mm|rate_h2|resid,0.99,condition_index,diploid,short_assay_2h,5,fc_corr_mm,rate_h2,resid
fc_corr|rate_h2|resid,0.94,condition_index,diploid,short_assay_2h,5,fc_corr,rate_h2,resid
fc_corr|rate_h2|none,0.88,condition_index,diploid,short_assay_2h,5,fc_corr,rate_h2,none
raw_rfu|rate_h2|resid,0.88,condition_index,diploid,short_assay_2h,5,raw_rfu,rate_h2,resid
raw_rfu|rate_h2|none,0.66,condition_index,diploid,short_assay_2h,5,raw_rfu,rate_h2,none
raw_delta_mm|rate_h2|resid,0.47,condition_index,diploid,short_assay_2h,5,raw_delta_mm,rate_h2,resid
raw_rfu|value_2h|none,0.09,condition_index,diploid,short_assay_2h,5,raw_rfu,value_2h,none
raw_delta|value_2h|none,0.04,condition_index,diploid,short_assay_2h,5,raw_delta,value_2h,none
fc_corr|value_2h|none,0.02,condition_index,diploid,short_assay_2h,5,fc_corr,value_2h,none
raw_delta_mm|value_2h|none,0.02,condition_index,diploid,short_assay_2h,5,raw_delta_mm,value_2h,none
raw_rfu|auc_0_2h|none,0.01,condition_index,diploid,short_assay_2h,5,raw_rfu,auc_0_2h,none
fc_corr_mm|rate_h2|resid,0.99,condition_index,diploid,short_assay_2h,8,fc_corr_mm,rate_h2,resid
fc_corr|rate_h2|none,0.99,condition_index,diploid,short_assay_2h,8,fc_corr,rate_h2,none
fc_corr|rate_h2|resid,0.97,condition_index,diploid,short_assay_2h,8,fc_corr,rate_h2,resid
raw_rfu|rate_h2|none,0.97,condition_index,diploid,short_assay_2h,8,raw_rfu,rate_h2,none
raw_rfu|rate_h2|resid,0.97,condition_index,diploid,short_assay_2h,8,raw_rfu,rate_h2,resid
raw_delta_mm|rate_h2|resid,0.96,condition_index,diploid,short_assay_2h,8,raw_delta_mm,rate_h2,resid
fc_corr_mm|rate_h2|none,0.81,condition_index,diploid,short_assay_2h,8,fc_corr_mm,rate_h2,none
raw_delta_mm|rate_h2|none,0.79,condition_index,diploid,short_assay_2h,8,raw_delta_mm,rate_h2,none
raw_rfu|value_2h|none,0.22,condition_index,diploid,short_assay_2h,8,raw_rfu,value_2h,none
raw_delta|value_2h|none,0.17,condition_index,diploid,short_assay_2h,8,raw_delta,value_2h,none
fc_corr|value_2h|none,0.05,condition_index,diploid,short_assay_2h,8,fc_corr,value_2h,none
raw_delta_mm|value_2h|none,0.03,condition_index,diploid,short_assay_2h,8,raw_delta_mm,value_2h,none
raw_delta_mm|value_2h|resid,0.03,condition_index,diploid,short_assay_2h,8,raw_delta_mm,value_2h,resid
fc_corr|value_2h|resid,0.02,condition_index,diploid,short_assay_2h,8,fc_corr,value_2h,resid
fc_corr_mm|value_2h|resid,0.01,condition_index,diploid,short_assay_2h,8,fc_corr_mm,value_2h,resid
fc_corr|auc_0_2h|none,0.01,condition_index,diploid,short_assay_2h,8,fc_corr,auc_0_2h,none
raw_rfu|auc_0_2h|none,0.01,condition_index,diploid,short_assay_2h,8,raw_rfu,auc_0_2h,none
fc_corr|sat_r2|resid,0.53,condition_index,pooled_adj,all,3,fc_corr,sat_r2,resid
raw_rfu|sat_r2|resid,0.49,condition_index,pooled_adj,all,3,raw_rfu,sat_r2,resid
raw_rfu|quad_coef|none,0.17,condition_index,pooled_adj,all,3,raw_rfu,quad_coef,none
raw_rfu|time_to_peak|none,0.15,condition_index,pooled_adj,all,3,raw_rfu,time_to_peak,none
raw_delta_mm|rate_h3|resid,0.12,condition_index,pooled_adj,all,3,raw_delta_mm,rate_h3,resid
raw_rfu|auc_0_3h|none,0.12,condition_index,pooled_adj,all,3,raw_rfu,auc_0_3h,none
raw_rfu|n_negative_intervals|none,0.12,condition_index,pooled_adj,all,3,raw_rfu,n_negative_intervals,none
fc_corr|sat_r2|none,0.11,condition_index,pooled_adj,all,3,fc_corr,sat_r2,none
fc_corr|late_early_auc_ratio|resid,0.1,condition_index,pooled_adj,all,3,fc_corr,late_early_auc_ratio,resid
raw_rfu|sat_r2|none,0.1,condition_index,pooled_adj,all,3,raw_rfu,sat_r2,none
raw_rfu|baseline_value|none,0.09,condition_index,pooled_adj,all,3,raw_rfu,baseline_value,none
raw_delta_mm|sat_asymptote|resid,0.08,condition_index,pooled_adj,all,3,raw_delta_mm,sat_asymptote,resid
raw_rfu|sat_asymptote|resid,0.07,condition_index,pooled_adj,all,3,raw_rfu,sat_asymptote,resid
fc_corr|depression_abs|resid,0.06,condition_index,pooled_adj,all,3,fc_corr,depression_abs,resid
raw_rfu|rate_h3|resid,0.06,condition_index,pooled_adj,all,3,raw_rfu,rate_h3,resid
raw_rfu|resilience_ratio|resid,0.06,condition_index,pooled_adj,all,3,raw_rfu,resilience_ratio,resid
raw_delta|late_early_auc_ratio|resid,0.05,condition_index,pooled_adj,all,3,raw_delta,late_early_auc_ratio,resid
raw_delta|auc_0_3h|none,0.04,condition_index,pooled_adj,all,3,raw_delta,auc_0_3h,none
raw_rfu|depression_abs|resid,0.04,condition_index,pooled_adj,all,3,raw_rfu,depression_abs,resid
raw_rfu|lin_slope|none,0.04,condition_index,pooled_adj,all,3,raw_rfu,lin_slope,none
fc_corr|stability_cv|resid,0.03,condition_index,pooled_adj,all,3,fc_corr,stability_cv,resid
raw_delta|stability_cv|resid,0.03,condition_index,pooled_adj,all,3,raw_delta,stability_cv,resid
raw_rfu|auc_0_2h|none,0.03,condition_index,pooled_adj,all,3,raw_rfu,auc_0_2h,none
raw_rfu|time_to_peak|resid,0.03,condition_index,pooled_adj,all,3,raw_rfu,time_to_peak,resid
raw_rfu|value_2h|none,0.03,condition_index,pooled_adj,all,3,raw_rfu,value_2h,none
fc_corr_mm|rate_h3|resid,0.02,condition_index,pooled_adj,all,3,fc_corr_mm,rate_h3,resid
raw_delta|frac_auc_first_half|resid,0.02,condition_index,pooled_adj,all,3,raw_delta,frac_auc_first_half,resid
raw_delta|value_2h|none,0.02,condition_index,pooled_adj,all,3,raw_delta,value_2h,none
raw_rfu|delta_auc_late_minus_early|none,0.02,condition_index,pooled_adj,all,3,raw_rfu,delta_auc_late_minus_early,none
fc_corr|frac_auc_first_half|resid,0.01,condition_index,pooled_adj,all,3,fc_corr,frac_auc_first_half,resid
fc_corr|metabolic_depression_index|resid,0.01,condition_index,pooled_adj,all,3,fc_corr,metabolic_depression_index,resid
fc_corr|resilience_ratio|resid,0.01,condition_index,pooled_adj,all,3,fc_corr,resilience_ratio,resid
fc_corr|stability_cv|none,0.01,condition_index,pooled_adj,all,3,fc_corr,stability_cv,none
raw_delta_mm|depression_abs|none,0.01,condition_index,pooled_adj,all,3,raw_delta_mm,depression_abs,none
raw_delta|auc_0_2h|none,0.01,condition_index,pooled_adj,all,3,raw_delta,auc_0_2h,none
raw_delta|late_early_auc_ratio|none,0.01,condition_index,pooled_adj,all,3,raw_delta,late_early_auc_ratio,none
raw_delta|stability_cv|none,0.01,condition_index,pooled_adj,all,3,raw_delta,stability_cv,none
raw_delta|value_3h|none,0.01,condition_index,pooled_adj,all,3,raw_delta,value_3h,none
raw_rfu|auc_total|none,0.01,condition_index,pooled_adj,all,3,raw_rfu,auc_total,none
raw_rfu|inflection_time|resid,0.01,condition_index,pooled_adj,all,3,raw_rfu,inflection_time,resid
raw_rfu|late_early_auc_ratio|resid,0.01,condition_index,pooled_adj,all,3,raw_rfu,late_early_auc_ratio,resid
raw_rfu|metabolic_depression_index|none,0.01,condition_index,pooled_adj,all,3,raw_rfu,metabolic_depression_index,none
raw_rfu|rate_h3|none,0.01,condition_index,pooled_adj,all,3,raw_rfu,rate_h3,none
raw_rfu|time_to_min_slope|none,0.01,condition_index,pooled_adj,all,3,raw_rfu,time_to_min_slope,none
raw_rfu|time_to_vmax|none,0.01,condition_index,pooled_adj,all,3,raw_rfu,time_to_vmax,none
raw_rfu|value_3h|none,0.01,condition_index,pooled_adj,all,3,raw_rfu,value_3h,none
fc_corr|sat_r2|resid,0.64,condition_index,pooled_adj,all,5,fc_corr,sat_r2,resid
raw_rfu|sat_r2|resid,0.64,condition_index,pooled_adj,all,5,raw_rfu,sat_r2,resid
fc_corr|sat_r2|none,0.28,condition_index,pooled_adj,all,5,fc_corr,sat_r2,none
raw_rfu|sat_r2|none,0.26,condition_index,pooled_adj,all,5,raw_rfu,sat_r2,none
raw_delta_mm|rate_h3|resid,0.21,condition_index,pooled_adj,all,5,raw_delta_mm,rate_h3,resid
raw_rfu|time_to_peak|none,0.21,condition_index,pooled_adj,all,5,raw_rfu,time_to_peak,none
raw_delta_mm|sat_asymptote|resid,0.2,condition_index,pooled_adj,all,5,raw_delta_mm,sat_asymptote,resid
raw_rfu|quad_coef|none,0.17,condition_index,pooled_adj,all,5,raw_rfu,quad_coef,none
raw_rfu|rate_h3|resid,0.16,condition_index,pooled_adj,all,5,raw_rfu,rate_h3,resid
raw_rfu|sat_asymptote|resid,0.16,condition_index,pooled_adj,all,5,raw_rfu,sat_asymptote,resid
raw_rfu|n_negative_intervals|none,0.15,condition_index,pooled_adj,all,5,raw_rfu,n_negative_intervals,none
fc_corr|late_early_auc_ratio|resid,0.14,condition_index,pooled_adj,all,5,fc_corr,late_early_auc_ratio,resid
raw_delta|late_early_auc_ratio|resid,0.11,condition_index,pooled_adj,all,5,raw_delta,late_early_auc_ratio,resid
raw_delta|stability_cv|resid,0.11,condition_index,pooled_adj,all,5,raw_delta,stability_cv,resid
fc_corr|stability_cv|resid,0.09,condition_index,pooled_adj,all,5,fc_corr,stability_cv,resid
raw_rfu|inflection_time|resid,0.09,condition_index,pooled_adj,all,5,raw_rfu,inflection_time,resid
fc_corr|depression_abs|resid,0.08,condition_index,pooled_adj,all,5,fc_corr,depression_abs,resid
raw_rfu|auc_0_3h|none,0.07,condition_index,pooled_adj,all,5,raw_rfu,auc_0_3h,none
raw_delta_mm|depression_abs|none,0.06,condition_index,pooled_adj,all,5,raw_delta_mm,depression_abs,none
raw_delta|frac_auc_first_half|resid,0.06,condition_index,pooled_adj,all,5,raw_delta,frac_auc_first_half,resid
raw_rfu|auc_0_2h|none,0.06,condition_index,pooled_adj,all,5,raw_rfu,auc_0_2h,none
fc_corr_mm|rate_h3|resid,0.05,condition_index,pooled_adj,all,5,fc_corr_mm,rate_h3,resid
raw_rfu|auc_early|none,0.05,condition_index,pooled_adj,all,5,raw_rfu,auc_early,none
raw_rfu|depression_abs|resid,0.05,condition_index,pooled_adj,all,5,raw_rfu,depression_abs,resid
raw_rfu|time_to_vmax|none,0.05,condition_index,pooled_adj,all,5,raw_rfu,time_to_vmax,none
fc_corr_mm|depression_abs|none,0.04,condition_index,pooled_adj,all,5,fc_corr_mm,depression_abs,none
fc_corr_mm|sat_asymptote|resid,0.04,condition_index,pooled_adj,all,5,fc_corr_mm,sat_asymptote,resid
raw_delta|value_2h|none,0.04,condition_index,pooled_adj,all,5,raw_delta,value_2h,none
raw_rfu|auc_0_1h|none,0.04,condition_index,pooled_adj,all,5,raw_rfu,auc_0_1h,none
raw_rfu|baseline_value|none,0.04,condition_index,pooled_adj,all,5,raw_rfu,baseline_value,none
raw_rfu|resilience_ratio|resid,0.04,condition_index,pooled_adj,all,5,raw_rfu,resilience_ratio,resid
raw_rfu|value_2h|none,0.04,condition_index,pooled_adj,all,5,raw_rfu,value_2h,none
fc_corr|metabolic_depression_index|resid,0.03,condition_index,pooled_adj,all,5,fc_corr,metabolic_depression_index,resid
raw_delta|auc_0_2h|none,0.03,condition_index,pooled_adj,all,5,raw_delta,auc_0_2h,none
raw_rfu|late_early_auc_ratio|resid,0.03,condition_index,pooled_adj,all,5,raw_rfu,late_early_auc_ratio,resid
raw_rfu|time_to_min_slope|none,0.03,condition_index,pooled_adj,all,5,raw_rfu,time_to_min_slope,none
fc_corr|frac_auc_first_half|resid,0.02,condition_index,pooled_adj,all,5,fc_corr,frac_auc_first_half,resid
fc_corr|quad_coef|none,0.02,condition_index,pooled_adj,all,5,fc_corr,quad_coef,none
fc_corr|rate_h2|resid,0.02,condition_index,pooled_adj,all,5,fc_corr,rate_h2,resid
fc_corr|rate_h3|resid,0.02,condition_index,pooled_adj,all,5,fc_corr,rate_h3,resid
fc_corr|resilience_ratio|resid,0.02,condition_index,pooled_adj,all,5,fc_corr,resilience_ratio,resid
raw_delta|auc_0_3h|none,0.02,condition_index,pooled_adj,all,5,raw_delta,auc_0_3h,none
raw_rfu|delta_auc_late_minus_early|none,0.02,condition_index,pooled_adj,all,5,raw_rfu,delta_auc_late_minus_early,none
raw_rfu|depression_abs|none,0.02,condition_index,pooled_adj,all,5,raw_rfu,depression_abs,none
raw_rfu|n_negative_intervals|resid,0.02,condition_index,pooled_adj,all,5,raw_rfu,n_negative_intervals,resid
raw_rfu|rate_cv|none,0.02,condition_index,pooled_adj,all,5,raw_rfu,rate_cv,none
raw_rfu|rate_h2|resid,0.02,condition_index,pooled_adj,all,5,raw_rfu,rate_h2,resid
raw_rfu|time_to_peak|resid,0.02,condition_index,pooled_adj,all,5,raw_rfu,time_to_peak,resid
raw_rfu|value_1h|none,0.02,condition_index,pooled_adj,all,5,raw_rfu,value_1h,none
raw_rfu|vmax|none,0.02,condition_index,pooled_adj,all,5,raw_rfu,vmax,none
fc_corr_mm|max_drop|none,0.01,condition_index,pooled_adj,all,5,fc_corr_mm,max_drop,none
fc_corr_mm|rate_h2|resid,0.01,condition_index,pooled_adj,all,5,fc_corr_mm,rate_h2,resid
fc_corr|max_drop|none,0.01,condition_index,pooled_adj,all,5,fc_corr,max_drop,none
fc_corr|rate_cv|none,0.01,condition_index,pooled_adj,all,5,fc_corr,rate_cv,none
fc_corr|vmax|none,0.01,condition_index,pooled_adj,all,5,fc_corr,vmax,none
fc_corr|vmax|resid,0.01,condition_index,pooled_adj,all,5,fc_corr,vmax,resid
raw_delta_mm|max_drop|none,0.01,condition_index,pooled_adj,all,5,raw_delta_mm,max_drop,none
raw_delta_mm|rate_h2|resid,0.01,condition_index,pooled_adj,all,5,raw_delta_mm,rate_h2,resid
raw_delta|auc_early|none,0.01,condition_index,pooled_adj,all,5,raw_delta,auc_early,none
raw_delta|resilience_ratio|resid,0.01,condition_index,pooled_adj,all,5,raw_delta,resilience_ratio,resid
raw_rfu|auc_total|none,0.01,condition_index,pooled_adj,all,5,raw_rfu,auc_total,none
raw_rfu|lin_slope|none,0.01,condition_index,pooled_adj,all,5,raw_rfu,lin_slope,none
raw_rfu|metabolic_depression_index|none,0.01,condition_index,pooled_adj,all,5,raw_rfu,metabolic_depression_index,none
raw_rfu|metabolic_depression_index|resid,0.01,condition_index,pooled_adj,all,5,raw_rfu,metabolic_depression_index,resid
raw_rfu|metabolic_scope|none,0.01,condition_index,pooled_adj,all,5,raw_rfu,metabolic_scope,none
raw_rfu|rate_h3|none,0.01,condition_index,pooled_adj,all,5,raw_rfu,rate_h3,none
raw_rfu|value_3h|none,0.01,condition_index,pooled_adj,all,5,raw_rfu,value_3h,none
fc_corr|sat_r2|resid,0.7,condition_index,pooled_adj,all,8,fc_corr,sat_r2,resid
raw_rfu|sat_r2|resid,0.67,condition_index,pooled_adj,all,8,raw_rfu,sat_r2,resid
raw_rfu|sat_r2|none,0.35,condition_index,pooled_adj,all,8,raw_rfu,sat_r2,none
fc_corr|sat_r2|none,0.34,condition_index,pooled_adj,all,8,fc_corr,sat_r2,none
raw_delta_mm|rate_h3|resid,0.3,condition_index,pooled_adj,all,8,raw_delta_mm,rate_h3,resid
raw_rfu|time_to_peak|none,0.29,condition_index,pooled_adj,all,8,raw_rfu,time_to_peak,none
raw_delta_mm|sat_asymptote|resid,0.27,condition_index,pooled_adj,all,8,raw_delta_mm,sat_asymptote,resid
raw_rfu|n_negative_intervals|none,0.27,condition_index,pooled_adj,all,8,raw_rfu,n_negative_intervals,none
raw_rfu|rate_h3|resid,0.25,condition_index,pooled_adj,all,8,raw_rfu,rate_h3,resid
raw_rfu|auc_0_3h|none,0.23,condition_index,pooled_adj,all,8,raw_rfu,auc_0_3h,none
raw_rfu|sat_asymptote|resid,0.22,condition_index,pooled_adj,all,8,raw_rfu,sat_asymptote,resid
raw_rfu|quad_coef|none,0.19,condition_index,pooled_adj,all,8,raw_rfu,quad_coef,none
fc_corr|late_early_auc_ratio|resid,0.16,condition_index,pooled_adj,all,8,fc_corr,late_early_auc_ratio,resid
raw_delta|late_early_auc_ratio|resid,0.15,condition_index,pooled_adj,all,8,raw_delta,late_early_auc_ratio,resid
raw_rfu|auc_0_2h|none,0.14,condition_index,pooled_adj,all,8,raw_rfu,auc_0_2h,none
raw_rfu|auc_early|none,0.14,condition_index,pooled_adj,all,8,raw_rfu,auc_early,none
raw_delta|auc_0_2h|none,0.12,condition_index,pooled_adj,all,8,raw_delta,auc_0_2h,none
raw_rfu|value_2h|none,0.12,condition_index,pooled_adj,all,8,raw_rfu,value_2h,none
fc_corr|stability_cv|resid,0.11,condition_index,pooled_adj,all,8,fc_corr,stability_cv,resid
raw_delta|auc_0_3h|none,0.11,condition_index,pooled_adj,all,8,raw_delta,auc_0_3h,none
raw_delta|stability_cv|resid,0.11,condition_index,pooled_adj,all,8,raw_delta,stability_cv,resid
raw_rfu|inflection_time|resid,0.11,condition_index,pooled_adj,all,8,raw_rfu,inflection_time,resid
raw_rfu|lin_slope|none,0.11,condition_index,pooled_adj,all,8,raw_rfu,lin_slope,none
fc_corr_mm|rate_h3|resid,0.1,condition_index,pooled_adj,all,8,fc_corr_mm,rate_h3,resid
fc_corr_mm|sat_asymptote|resid,0.1,condition_index,pooled_adj,all,8,fc_corr_mm,sat_asymptote,resid
raw_rfu|resilience_ratio|resid,0.1,condition_index,pooled_adj,all,8,raw_rfu,resilience_ratio,resid
fc_corr|rate_h3|resid,0.09,condition_index,pooled_adj,all,8,fc_corr,rate_h3,resid
raw_delta|value_2h|none,0.08,condition_index,pooled_adj,all,8,raw_delta,value_2h,none
raw_rfu|baseline_value|none,0.08,condition_index,pooled_adj,all,8,raw_rfu,baseline_value,none
raw_rfu|time_to_peak|resid,0.08,condition_index,pooled_adj,all,8,raw_rfu,time_to_peak,resid
fc_corr|depression_abs|resid,0.07,condition_index,pooled_adj,all,8,fc_corr,depression_abs,resid
fc_corr|metabolic_depression_index|resid,0.07,condition_index,pooled_adj,all,8,fc_corr,metabolic_depression_index,resid
fc_corr|resilience_ratio|resid,0.07,condition_index,pooled_adj,all,8,fc_corr,resilience_ratio,resid
raw_delta|value_3h|none,0.07,condition_index,pooled_adj,all,8,raw_delta,value_3h,none
raw_rfu|late_early_auc_ratio|resid,0.07,condition_index,pooled_adj,all,8,raw_rfu,late_early_auc_ratio,resid
raw_rfu|metabolic_depression_index|none,0.07,condition_index,pooled_adj,all,8,raw_rfu,metabolic_depression_index,none
raw_rfu|metabolic_depression_index|resid,0.07,condition_index,pooled_adj,all,8,raw_rfu,metabolic_depression_index,resid
raw_rfu|value_3h|none,0.07,condition_index,pooled_adj,all,8,raw_rfu,value_3h,none
raw_delta|resilience_ratio|resid,0.06,condition_index,pooled_adj,all,8,raw_delta,resilience_ratio,resid
raw_rfu|auc_0_1h|none,0.06,condition_index,pooled_adj,all,8,raw_rfu,auc_0_1h,none
raw_rfu|auc_total|none,0.06,condition_index,pooled_adj,all,8,raw_rfu,auc_total,none
fc_corr|frac_auc_first_half|resid,0.05,condition_index,pooled_adj,all,8,fc_corr,frac_auc_first_half,resid
raw_delta_mm|depression_abs|none,0.05,condition_index,pooled_adj,all,8,raw_delta_mm,depression_abs,none
raw_delta|frac_auc_first_half|resid,0.05,condition_index,pooled_adj,all,8,raw_delta,frac_auc_first_half,resid
raw_rfu|depression_abs|resid,0.05,condition_index,pooled_adj,all,8,raw_rfu,depression_abs,resid
fc_corr_mm|depression_abs|none,0.04,condition_index,pooled_adj,all,8,fc_corr_mm,depression_abs,none
fc_corr|sat_asymptote|resid,0.04,condition_index,pooled_adj,all,8,fc_corr,sat_asymptote,resid
raw_rfu|delta_auc_late_minus_early|none,0.04,condition_index,pooled_adj,all,8,raw_rfu,delta_auc_late_minus_early,none
raw_rfu|frac_auc_first_half|resid,0.04,condition_index,pooled_adj,all,8,raw_rfu,frac_auc_first_half,resid
raw_rfu|peak_value|none,0.04,condition_index,pooled_adj,all,8,raw_rfu,peak_value,none
raw_rfu|resilience_ratio|none,0.04,condition_index,pooled_adj,all,8,raw_rfu,resilience_ratio,none
raw_rfu|value_4h|none,0.04,condition_index,pooled_adj,all,8,raw_rfu,value_4h,none
fc_corr|auc_early|resid,0.03,condition_index,pooled_adj,all,8,fc_corr,auc_early,resid
fc_corr|rate_cv|none,0.03,condition_index,pooled_adj,all,8,fc_corr,rate_cv,none
fc_corr|vmax|resid,0.03,condition_index,pooled_adj,all,8,fc_corr,vmax,resid
raw_delta|auc_early|none,0.03,condition_index,pooled_adj,all,8,raw_delta,auc_early,none
raw_rfu|metabolic_scope|none,0.03,condition_index,pooled_adj,all,8,raw_rfu,metabolic_scope,none
raw_rfu|rate_cv|none,0.03,condition_index,pooled_adj,all,8,raw_rfu,rate_cv,none
raw_rfu|rate_h3|none,0.03,condition_index,pooled_adj,all,8,raw_rfu,rate_h3,none
raw_rfu|value_1h|none,0.03,condition_index,pooled_adj,all,8,raw_rfu,value_1h,none
fc_corr_mm|rate_h2|resid,0.02,condition_index,pooled_adj,all,8,fc_corr_mm,rate_h2,resid
fc_corr|auc_0_1h|resid,0.02,condition_index,pooled_adj,all,8,fc_corr,auc_0_1h,resid
fc_corr|auc_0_2h|resid,0.02,condition_index,pooled_adj,all,8,fc_corr,auc_0_2h,resid
fc_corr|initial_slope|resid,0.02,condition_index,pooled_adj,all,8,fc_corr,initial_slope,resid
fc_corr|metabolic_depression_index|none,0.02,condition_index,pooled_adj,all,8,fc_corr,metabolic_depression_index,none
fc_corr|resilience_ratio|none,0.02,condition_index,pooled_adj,all,8,fc_corr,resilience_ratio,none
raw_delta|resilience_ratio|none,0.02,condition_index,pooled_adj,all,8,raw_delta,resilience_ratio,none
raw_rfu|baseline_value|resid,0.02,condition_index,pooled_adj,all,8,raw_rfu,baseline_value,resid
raw_rfu|depression_abs|none,0.02,condition_index,pooled_adj,all,8,raw_rfu,depression_abs,none
raw_rfu|final_delta|none,0.02,condition_index,pooled_adj,all,8,raw_rfu,final_delta,none
raw_rfu|n_negative_intervals|resid,0.02,condition_index,pooled_adj,all,8,raw_rfu,n_negative_intervals,resid
raw_rfu|time_to_min_slope|none,0.02,condition_index,pooled_adj,all,8,raw_rfu,time_to_min_slope,none
raw_rfu|time_to_vmax|none,0.02,condition_index,pooled_adj,all,8,raw_rfu,time_to_vmax,none
fc_corr_mm|auc_total|none,0.01,condition_index,pooled_adj,all,8,fc_corr_mm,auc_total,none
fc_corr_mm|max_drop|none,0.01,condition_index,pooled_adj,all,8,fc_corr_mm,max_drop,none
fc_corr_mm|vmax|resid,0.01,condition_index,pooled_adj,all,8,fc_corr_mm,vmax,resid
fc_corr|auc_0_2h|none,0.01,condition_index,pooled_adj,all,8,fc_corr,auc_0_2h,none
fc_corr|auc_0_3h|resid,0.01,condition_index,pooled_adj,all,8,fc_corr,auc_0_3h,resid
fc_corr|auc_total|resid,0.01,condition_index,pooled_adj,all,8,fc_corr,auc_total,resid
fc_corr|max_drop|none,0.01,condition_index,pooled_adj,all,8,fc_corr,max_drop,none
fc_corr|rate_h2|none,0.01,condition_index,pooled_adj,all,8,fc_corr,rate_h2,none
fc_corr|rate_h2|resid,0.01,condition_index,pooled_adj,all,8,fc_corr,rate_h2,resid
fc_corr|t_half|resid,0.01,condition_index,pooled_adj,all,8,fc_corr,t_half,resid
raw_delta_mm|max_drop|none,0.01,condition_index,pooled_adj,all,8,raw_delta_mm,max_drop,none
raw_delta_mm|rate_h2|resid,0.01,condition_index,pooled_adj,all,8,raw_delta_mm,rate_h2,resid
raw_delta|auc_total|none,0.01,condition_index,pooled_adj,all,8,raw_delta,auc_total,none
raw_delta|value_4h|none,0.01,condition_index,pooled_adj,all,8,raw_delta,value_4h,none
raw_rfu|final_value|none,0.01,condition_index,pooled_adj,all,8,raw_rfu,final_value,none
raw_rfu|rate_cv|resid,0.01,condition_index,pooled_adj,all,8,raw_rfu,rate_cv,resid
raw_rfu|rate_h2|none,0.01,condition_index,pooled_adj,all,8,raw_rfu,rate_h2,none
raw_rfu|rate_h2|resid,0.01,condition_index,pooled_adj,all,8,raw_rfu,rate_h2,resid
raw_rfu|vmax|none,0.01,condition_index,pooled_adj,all,8,raw_rfu,vmax,none
fc_corr_mm|depression_abs|none,0.82,condition_index,pooled_adj,fc_corr_mm_none,3,fc_corr_mm,depression_abs,none
fc_corr_mm|max_drop|none,0.62,condition_index,pooled_adj,fc_corr_mm_none,3,fc_corr_mm,max_drop,none
fc_corr_mm|rate_h3|none,0.36,condition_index,pooled_adj,fc_corr_mm_none,3,fc_corr_mm,rate_h3,none
fc_corr_mm|quad_coef|none,0.33,condition_index,pooled_adj,fc_corr_mm_none,3,fc_corr_mm,quad_coef,none
fc_corr_mm|delta_auc_late_minus_early|none,0.18,condition_index,pooled_adj,fc_corr_mm_none,3,fc_corr_mm,delta_auc_late_minus_early,none
fc_corr_mm|rate_h2|none,0.15,condition_index,pooled_adj,fc_corr_mm_none,3,fc_corr_mm,rate_h2,none
fc_corr_mm|min_slope|none,0.1,condition_index,pooled_adj,fc_corr_mm_none,3,fc_corr_mm,min_slope,none
fc_corr_mm|sat_k|none,0.09,condition_index,pooled_adj,fc_corr_mm_none,3,fc_corr_mm,sat_k,none
fc_corr_mm|auc_total|none,0.08,condition_index,pooled_adj,fc_corr_mm_none,3,fc_corr_mm,auc_total,none
fc_corr_mm|initial_slope|none,0.05,condition_index,pooled_adj,fc_corr_mm_none,3,fc_corr_mm,initial_slope,none
fc_corr_mm|rate_h4|none,0.05,condition_index,pooled_adj,fc_corr_mm_none,3,fc_corr_mm,rate_h4,none
fc_corr_mm|auc_late|none,0.04,condition_index,pooled_adj,fc_corr_mm_none,3,fc_corr_mm,auc_late,none
fc_corr_mm|vmax|none,0.04,condition_index,pooled_adj,fc_corr_mm_none,3,fc_corr_mm,vmax,none
fc_corr_mm|auc_0_1h|none,0.03,condition_index,pooled_adj,fc_corr_mm_none,3,fc_corr_mm,auc_0_1h,none
fc_corr_mm|auc_0_2h|none,0.03,condition_index,pooled_adj,fc_corr_mm_none,3,fc_corr_mm,auc_0_2h,none
fc_corr_mm|lin_slope|none,0.02,condition_index,pooled_adj,fc_corr_mm_none,3,fc_corr_mm,lin_slope,none
fc_corr_mm|sat_asymptote|none,0.01,condition_index,pooled_adj,fc_corr_mm_none,3,fc_corr_mm,sat_asymptote,none
fc_corr_mm|depression_abs|none,0.82,condition_index,pooled_adj,fc_corr_mm_none,5,fc_corr_mm,depression_abs,none
fc_corr_mm|max_drop|none,0.72,condition_index,pooled_adj,fc_corr_mm_none,5,fc_corr_mm,max_drop,none
fc_corr_mm|quad_coef|none,0.46,condition_index,pooled_adj,fc_corr_mm_none,5,fc_corr_mm,quad_coef,none
fc_corr_mm|rate_h3|none,0.46,condition_index,pooled_adj,fc_corr_mm_none,5,fc_corr_mm,rate_h3,none
fc_corr_mm|delta_auc_late_minus_early|none,0.33,condition_index,pooled_adj,fc_corr_mm_none,5,fc_corr_mm,delta_auc_late_minus_early,none
fc_corr_mm|rate_h2|none,0.26,condition_index,pooled_adj,fc_corr_mm_none,5,fc_corr_mm,rate_h2,none
fc_corr_mm|initial_slope|none,0.24,condition_index,pooled_adj,fc_corr_mm_none,5,fc_corr_mm,initial_slope,none
fc_corr_mm|rate_h4|none,0.24,condition_index,pooled_adj,fc_corr_mm_none,5,fc_corr_mm,rate_h4,none
fc_corr_mm|min_slope|none,0.18,condition_index,pooled_adj,fc_corr_mm_none,5,fc_corr_mm,min_slope,none
fc_corr_mm|auc_0_1h|none,0.17,condition_index,pooled_adj,fc_corr_mm_none,5,fc_corr_mm,auc_0_1h,none
fc_corr_mm|sat_k|none,0.15,condition_index,pooled_adj,fc_corr_mm_none,5,fc_corr_mm,sat_k,none
fc_corr_mm|auc_total|none,0.14,condition_index,pooled_adj,fc_corr_mm_none,5,fc_corr_mm,auc_total,none
fc_corr_mm|sat_asymptote|none,0.14,condition_index,pooled_adj,fc_corr_mm_none,5,fc_corr_mm,sat_asymptote,none
fc_corr_mm|lin_slope|none,0.13,condition_index,pooled_adj,fc_corr_mm_none,5,fc_corr_mm,lin_slope,none
fc_corr_mm|vmax|none,0.12,condition_index,pooled_adj,fc_corr_mm_none,5,fc_corr_mm,vmax,none
fc_corr_mm|value_2h|none,0.11,condition_index,pooled_adj,fc_corr_mm_none,5,fc_corr_mm,value_2h,none
fc_corr_mm|auc_0_2h|none,0.1,condition_index,pooled_adj,fc_corr_mm_none,5,fc_corr_mm,auc_0_2h,none
fc_corr_mm|auc_late|none,0.1,condition_index,pooled_adj,fc_corr_mm_none,5,fc_corr_mm,auc_late,none
fc_corr_mm|auc_early|none,0.04,condition_index,pooled_adj,fc_corr_mm_none,5,fc_corr_mm,auc_early,none
fc_corr_mm|value_3h|none,0.03,condition_index,pooled_adj,fc_corr_mm_none,5,fc_corr_mm,value_3h,none
fc_corr_mm|final_value|none,0.02,condition_index,pooled_adj,fc_corr_mm_none,5,fc_corr_mm,final_value,none
fc_corr_mm|peak_value|none,0.02,condition_index,pooled_adj,fc_corr_mm_none,5,fc_corr_mm,peak_value,none
fc_corr_mm|auc_0_3h|none,0.01,condition_index,pooled_adj,fc_corr_mm_none,5,fc_corr_mm,auc_0_3h,none
fc_corr_mm|value_4h|none,0.01,condition_index,pooled_adj,fc_corr_mm_none,5,fc_corr_mm,value_4h,none
fc_corr_mm|depression_abs|none,0.86,condition_index,pooled_adj,fc_corr_mm_none,8,fc_corr_mm,depression_abs,none
fc_corr_mm|max_drop|none,0.77,condition_index,pooled_adj,fc_corr_mm_none,8,fc_corr_mm,max_drop,none
fc_corr_mm|quad_coef|none,0.6,condition_index,pooled_adj,fc_corr_mm_none,8,fc_corr_mm,quad_coef,none
fc_corr_mm|rate_h3|none,0.59,condition_index,pooled_adj,fc_corr_mm_none,8,fc_corr_mm,rate_h3,none
fc_corr_mm|delta_auc_late_minus_early|none,0.53,condition_index,pooled_adj,fc_corr_mm_none,8,fc_corr_mm,delta_auc_late_minus_early,none
fc_corr_mm|auc_0_2h|none,0.38,condition_index,pooled_adj,fc_corr_mm_none,8,fc_corr_mm,auc_0_2h,none
fc_corr_mm|rate_h2|none,0.35,condition_index,pooled_adj,fc_corr_mm_none,8,fc_corr_mm,rate_h2,none
fc_corr_mm|value_2h|none,0.33,condition_index,pooled_adj,fc_corr_mm_none,8,fc_corr_mm,value_2h,none
fc_corr_mm|initial_slope|none,0.3,condition_index,pooled_adj,fc_corr_mm_none,8,fc_corr_mm,initial_slope,none
fc_corr_mm|vmax|none,0.29,condition_index,pooled_adj,fc_corr_mm_none,8,fc_corr_mm,vmax,none
fc_corr_mm|auc_0_1h|none,0.27,condition_index,pooled_adj,fc_corr_mm_none,8,fc_corr_mm,auc_0_1h,none
fc_corr_mm|auc_0_3h|none,0.27,condition_index,pooled_adj,fc_corr_mm_none,8,fc_corr_mm,auc_0_3h,none
fc_corr_mm|auc_total|none,0.27,condition_index,pooled_adj,fc_corr_mm_none,8,fc_corr_mm,auc_total,none
fc_corr_mm|lin_slope|none,0.27,condition_index,pooled_adj,fc_corr_mm_none,8,fc_corr_mm,lin_slope,none
fc_corr_mm|min_slope|none,0.26,condition_index,pooled_adj,fc_corr_mm_none,8,fc_corr_mm,min_slope,none
fc_corr_mm|auc_late|none,0.23,condition_index,pooled_adj,fc_corr_mm_none,8,fc_corr_mm,auc_late,none
fc_corr_mm|rate_h4|none,0.23,condition_index,pooled_adj,fc_corr_mm_none,8,fc_corr_mm,rate_h4,none
fc_corr_mm|sat_k|none,0.22,condition_index,pooled_adj,fc_corr_mm_none,8,fc_corr_mm,sat_k,none
fc_corr_mm|sat_asymptote|none,0.18,condition_index,pooled_adj,fc_corr_mm_none,8,fc_corr_mm,sat_asymptote,none
fc_corr_mm|auc_early|none,0.16,condition_index,pooled_adj,fc_corr_mm_none,8,fc_corr_mm,auc_early,none
fc_corr_mm|final_value|none,0.15,condition_index,pooled_adj,fc_corr_mm_none,8,fc_corr_mm,final_value,none
fc_corr_mm|peak_value|none,0.15,condition_index,pooled_adj,fc_corr_mm_none,8,fc_corr_mm,peak_value,none
fc_corr_mm|mean_rate|none,0.13,condition_index,pooled_adj,fc_corr_mm_none,8,fc_corr_mm,mean_rate,none
fc_corr_mm|value_3h|none,0.11,condition_index,pooled_adj,fc_corr_mm_none,8,fc_corr_mm,value_3h,none
fc_corr_mm|value_4h|none,0.1,condition_index,pooled_adj,fc_corr_mm_none,8,fc_corr_mm,value_4h,none
raw_rfu|auc_0_2h|none,0.72,condition_index,pooled_adj,short_assay_2h,3,raw_rfu,auc_0_2h,none
raw_rfu|value_2h|none,0.52,condition_index,pooled_adj,short_assay_2h,3,raw_rfu,value_2h,none
raw_delta|auc_0_2h|none,0.39,condition_index,pooled_adj,short_assay_2h,3,raw_delta,auc_0_2h,none
raw_delta|value_2h|none,0.3,condition_index,pooled_adj,short_assay_2h,3,raw_delta,value_2h,none
raw_rfu|baseline_value|none,0.28,condition_index,pooled_adj,short_assay_2h,3,raw_rfu,baseline_value,none
raw_rfu|auc_0_1h|none,0.27,condition_index,pooled_adj,short_assay_2h,3,raw_rfu,auc_0_1h,none
fc_corr|initial_slope|resid,0.11,condition_index,pooled_adj,short_assay_2h,3,fc_corr,initial_slope,resid
raw_rfu|baseline_value|resid,0.11,condition_index,pooled_adj,short_assay_2h,3,raw_rfu,baseline_value,resid
raw_rfu|value_1h|none,0.08,condition_index,pooled_adj,short_assay_2h,3,raw_rfu,value_1h,none
fc_corr|auc_0_1h|resid,0.07,condition_index,pooled_adj,short_assay_2h,3,fc_corr,auc_0_1h,resid
fc_corr|auc_0_2h|resid,0.05,condition_index,pooled_adj,short_assay_2h,3,fc_corr,auc_0_2h,resid
fc_corr_mm|rate_h2|resid,0.03,condition_index,pooled_adj,short_assay_2h,3,fc_corr_mm,rate_h2,resid
raw_rfu|rate_h2|none,0.02,condition_index,pooled_adj,short_assay_2h,3,raw_rfu,rate_h2,none
fc_corr|auc_0_2h|none,0.01,condition_index,pooled_adj,short_assay_2h,3,fc_corr,auc_0_2h,none
fc_corr|rate_h2|none,0.01,condition_index,pooled_adj,short_assay_2h,3,fc_corr,rate_h2,none
raw_delta_mm|rate_h2|resid,0.01,condition_index,pooled_adj,short_assay_2h,3,raw_delta_mm,rate_h2,resid
raw_delta_mm|value_2h|none,0.01,condition_index,pooled_adj,short_assay_2h,3,raw_delta_mm,value_2h,none
raw_rfu|rate_h2|resid,0.01,condition_index,pooled_adj,short_assay_2h,3,raw_rfu,rate_h2,resid
raw_rfu|auc_0_2h|none,0.83,condition_index,pooled_adj,short_assay_2h,5,raw_rfu,auc_0_2h,none
raw_delta|auc_0_2h|none,0.76,condition_index,pooled_adj,short_assay_2h,5,raw_delta,auc_0_2h,none
raw_rfu|value_2h|none,0.58,condition_index,pooled_adj,short_assay_2h,5,raw_rfu,value_2h,none
raw_delta|value_2h|none,0.49,condition_index,pooled_adj,short_assay_2h,5,raw_delta,value_2h,none
raw_rfu|auc_0_1h|none,0.47,condition_index,pooled_adj,short_assay_2h,5,raw_rfu,auc_0_1h,none
raw_rfu|baseline_value|none,0.38,condition_index,pooled_adj,short_assay_2h,5,raw_rfu,baseline_value,none
raw_rfu|value_1h|none,0.32,condition_index,pooled_adj,short_assay_2h,5,raw_rfu,value_1h,none
raw_rfu|initial_slope|none,0.21,condition_index,pooled_adj,short_assay_2h,5,raw_rfu,initial_slope,none
fc_corr|auc_0_1h|resid,0.14,condition_index,pooled_adj,short_assay_2h,5,fc_corr,auc_0_1h,resid
fc_corr|initial_slope|resid,0.14,condition_index,pooled_adj,short_assay_2h,5,fc_corr,initial_slope,resid
fc_corr|auc_0_2h|resid,0.12,condition_index,pooled_adj,short_assay_2h,5,fc_corr,auc_0_2h,resid
fc_corr|auc_0_2h|none,0.11,condition_index,pooled_adj,short_assay_2h,5,fc_corr,auc_0_2h,none
raw_rfu|baseline_value|resid,0.11,condition_index,pooled_adj,short_assay_2h,5,raw_rfu,baseline_value,resid
fc_corr_mm|rate_h2|resid,0.1,condition_index,pooled_adj,short_assay_2h,5,fc_corr_mm,rate_h2,resid
raw_delta_mm|rate_h2|resid,0.06,condition_index,pooled_adj,short_assay_2h,5,raw_delta_mm,rate_h2,resid
fc_corr|rate_h2|resid,0.04,condition_index,pooled_adj,short_assay_2h,5,fc_corr,rate_h2,resid
raw_delta|auc_0_1h|none,0.03,condition_index,pooled_adj,short_assay_2h,5,raw_delta,auc_0_1h,none
raw_rfu|rate_h2|resid,0.03,condition_index,pooled_adj,short_assay_2h,5,raw_rfu,rate_h2,resid
raw_rfu|rate_h2|none,0.02,condition_index,pooled_adj,short_assay_2h,5,raw_rfu,rate_h2,none
fc_corr_mm|auc_0_1h|resid,0.01,condition_index,pooled_adj,short_assay_2h,5,fc_corr_mm,auc_0_1h,resid
fc_corr_mm|initial_slope|resid,0.01,condition_index,pooled_adj,short_assay_2h,5,fc_corr_mm,initial_slope,resid
fc_corr|value_2h|none,0.01,condition_index,pooled_adj,short_assay_2h,5,fc_corr,value_2h,none
raw_delta_mm|value_2h|none,0.01,condition_index,pooled_adj,short_assay_2h,5,raw_delta_mm,value_2h,none
raw_delta|auc_0_1h|resid,0.01,condition_index,pooled_adj,short_assay_2h,5,raw_delta,auc_0_1h,resid
raw_rfu|initial_slope|resid,0.01,condition_index,pooled_adj,short_assay_2h,5,raw_rfu,initial_slope,resid
raw_delta|auc_0_2h|none,0.84,condition_index,pooled_adj,short_assay_2h,8,raw_delta,auc_0_2h,none
raw_rfu|auc_0_2h|none,0.84,condition_index,pooled_adj,short_assay_2h,8,raw_rfu,auc_0_2h,none
raw_rfu|value_2h|none,0.81,condition_index,pooled_adj,short_assay_2h,8,raw_rfu,value_2h,none
raw_rfu|auc_0_1h|none,0.76,condition_index,pooled_adj,short_assay_2h,8,raw_rfu,auc_0_1h,none
raw_delta|value_2h|none,0.72,condition_index,pooled_adj,short_assay_2h,8,raw_delta,value_2h,none
raw_rfu|value_1h|none,0.72,condition_index,pooled_adj,short_assay_2h,8,raw_rfu,value_1h,none
raw_rfu|initial_slope|none,0.53,condition_index,pooled_adj,short_assay_2h,8,raw_rfu,initial_slope,none
raw_rfu|baseline_value|none,0.44,condition_index,pooled_adj,short_assay_2h,8,raw_rfu,baseline_value,none
raw_delta|auc_0_1h|none,0.34,condition_index,pooled_adj,short_assay_2h,8,raw_delta,auc_0_1h,none
fc_corr|auc_0_2h|none,0.32,condition_index,pooled_adj,short_assay_2h,8,fc_corr,auc_0_2h,none
raw_rfu|baseline_value|resid,0.21,condition_index,pooled_adj,short_assay_2h,8,raw_rfu,baseline_value,resid
fc_corr_mm|rate_h2|resid,0.17,condition_index,pooled_adj,short_assay_2h,8,fc_corr_mm,rate_h2,resid
fc_corr|initial_slope|resid,0.15,condition_index,pooled_adj,short_assay_2h,8,fc_corr,initial_slope,resid
fc_corr|auc_0_1h|resid,0.14,condition_index,pooled_adj,short_assay_2h,8,fc_corr,auc_0_1h,resid
raw_delta_mm|rate_h2|resid,0.14,condition_index,pooled_adj,short_assay_2h,8,raw_delta_mm,rate_h2,resid
fc_corr|auc_0_2h|resid,0.11,condition_index,pooled_adj,short_assay_2h,8,fc_corr,auc_0_2h,resid
raw_rfu|rate_h2|none,0.1,condition_index,pooled_adj,short_assay_2h,8,raw_rfu,rate_h2,none
fc_corr|rate_h2|resid,0.09,condition_index,pooled_adj,short_assay_2h,8,fc_corr,rate_h2,resid
fc_corr|value_2h|none,0.09,condition_index,pooled_adj,short_assay_2h,8,fc_corr,value_2h,none
raw_rfu|rate_h2|resid,0.09,condition_index,pooled_adj,short_assay_2h,8,raw_rfu,rate_h2,resid
fc_corr|initial_slope|none,0.06,condition_index,pooled_adj,short_assay_2h,8,fc_corr,initial_slope,none
fc_corr|rate_h2|none,0.05,condition_index,pooled_adj,short_assay_2h,8,fc_corr,rate_h2,none
fc_corr_mm|initial_slope|resid,0.04,condition_index,pooled_adj,short_assay_2h,8,fc_corr_mm,initial_slope,resid
raw_rfu|value_1h|resid,0.04,condition_index,pooled_adj,short_assay_2h,8,raw_rfu,value_1h,resid
fc_corr_mm|auc_0_1h|resid,0.03,condition_index,pooled_adj,short_assay_2h,8,fc_corr_mm,auc_0_1h,resid
raw_delta_mm|value_2h|none,0.03,condition_index,pooled_adj,short_assay_2h,8,raw_delta_mm,value_2h,none
fc_corr_mm|auc_0_2h|resid,0.02,condition_index,pooled_adj,short_assay_2h,8,fc_corr_mm,auc_0_2h,resid
fc_corr|auc_0_1h|none,0.02,condition_index,pooled_adj,short_assay_2h,8,fc_corr,auc_0_1h,none
fc_corr|value_2h|resid,0.02,condition_index,pooled_adj,short_assay_2h,8,fc_corr,value_2h,resid
raw_delta|auc_0_1h|resid,0.02,condition_index,pooled_adj,short_assay_2h,8,raw_delta,auc_0_1h,resid
raw_rfu|initial_slope|resid,0.02,condition_index,pooled_adj,short_assay_2h,8,raw_rfu,initial_slope,resid
fc_corr_mm|value_2h|none,0.01,condition_index,pooled_adj,short_assay_2h,8,fc_corr_mm,value_2h,none
fc_corr_mm|value_2h|resid,0.01,condition_index,pooled_adj,short_assay_2h,8,fc_corr_mm,value_2h,resid
raw_delta|auc_0_2h|resid,0.01,condition_index,pooled_adj,short_assay_2h,8,raw_delta,auc_0_2h,resid
raw_rfu|auc_0_1h|resid,0.01,condition_index,pooled_adj,short_assay_2h,8,raw_rfu,auc_0_1h,resid
fc_corr_mm|delta_auc_late_minus_early|none,0.68,condition_index,triploid,all,3,fc_corr_mm,delta_auc_late_minus_early,none
raw_rfu|inflection_time|none,0.46,condition_index,triploid,all,3,raw_rfu,inflection_time,none
raw_delta_mm|delta_auc_late_minus_early|none,0.35,condition_index,triploid,all,3,raw_delta_mm,delta_auc_late_minus_early,none
fc_corr|delta_auc_late_minus_early|resid,0.26,condition_index,triploid,all,3,fc_corr,delta_auc_late_minus_early,resid
raw_rfu|t_half|none,0.22,condition_index,triploid,all,3,raw_rfu,t_half,none
fc_corr_mm|rate_h2|none,0.14,condition_index,triploid,all,3,fc_corr_mm,rate_h2,none
fc_corr_mm|delta_auc_late_minus_early|resid,0.13,condition_index,triploid,all,3,fc_corr_mm,delta_auc_late_minus_early,resid
fc_corr_mm|rate_h2|resid,0.13,condition_index,triploid,all,3,fc_corr_mm,rate_h2,resid
fc_corr|t_half|none,0.11,condition_index,triploid,all,3,fc_corr,t_half,none
fc_corr|rate_h2|resid,0.1,condition_index,triploid,all,3,fc_corr,rate_h2,resid
fc_corr_mm|sat_asymptote|none,0.06,condition_index,triploid,all,3,fc_corr_mm,sat_asymptote,none
raw_rfu|rate_h2|resid,0.05,condition_index,triploid,all,3,raw_rfu,rate_h2,resid
raw_delta_mm|rate_h2|none,0.04,condition_index,triploid,all,3,raw_delta_mm,rate_h2,none
fc_corr_mm|lin_slope|resid,0.03,condition_index,triploid,all,3,fc_corr_mm,lin_slope,resid
fc_corr|value_4h|resid,0.03,condition_index,triploid,all,3,fc_corr,value_4h,resid
raw_delta_mm|rate_h2|resid,0.03,condition_index,triploid,all,3,raw_delta_mm,rate_h2,resid
raw_rfu|time_to_vmax|none,0.03,condition_index,triploid,all,3,raw_rfu,time_to_vmax,none
fc_corr_mm|peak_value|resid,0.02,condition_index,triploid,all,3,fc_corr_mm,peak_value,resid
fc_corr|final_value|resid,0.02,condition_index,triploid,all,3,fc_corr,final_value,resid
fc_corr|peak_value|resid,0.02,condition_index,triploid,all,3,fc_corr,peak_value,resid
raw_rfu|inflection_time|resid,0.02,condition_index,triploid,all,3,raw_rfu,inflection_time,resid
fc_corr|auc_late|resid,0.01,condition_index,triploid,all,3,fc_corr,auc_late,resid
fc_corr|delta_auc_late_minus_early|none,0.01,condition_index,triploid,all,3,fc_corr,delta_auc_late_minus_early,none
fc_corr|rate_cv|none,0.01,condition_index,triploid,all,3,fc_corr,rate_cv,none
raw_rfu|late_early_auc_ratio|none,0.01,condition_index,triploid,all,3,raw_rfu,late_early_auc_ratio,none
raw_rfu|rate_cv|none,0.01,condition_index,triploid,all,3,raw_rfu,rate_cv,none
raw_rfu|sat_r2|resid,0.01,condition_index,triploid,all,3,raw_rfu,sat_r2,resid
raw_rfu|t_half|resid,0.01,condition_index,triploid,all,3,raw_rfu,t_half,resid
fc_corr_mm|delta_auc_late_minus_early|none,0.81,condition_index,triploid,all,5,fc_corr_mm,delta_auc_late_minus_early,none
raw_delta_mm|delta_auc_late_minus_early|none,0.54,condition_index,triploid,all,5,raw_delta_mm,delta_auc_late_minus_early,none
raw_rfu|inflection_time|none,0.52,condition_index,triploid,all,5,raw_rfu,inflection_time,none
fc_corr|delta_auc_late_minus_early|resid,0.49,condition_index,triploid,all,5,fc_corr,delta_auc_late_minus_early,resid
fc_corr_mm|delta_auc_late_minus_early|resid,0.33,condition_index,triploid,all,5,fc_corr_mm,delta_auc_late_minus_early,resid
raw_rfu|t_half|none,0.27,condition_index,triploid,all,5,raw_rfu,t_half,none
fc_corr|t_half|none,0.24,condition_index,triploid,all,5,fc_corr,t_half,none
fc_corr_mm|rate_h2|resid,0.17,condition_index,triploid,all,5,fc_corr_mm,rate_h2,resid
fc_corr_mm|rate_h2|none,0.15,condition_index,triploid,all,5,fc_corr_mm,rate_h2,none
fc_corr|rate_h2|resid,0.15,condition_index,triploid,all,5,fc_corr,rate_h2,resid
fc_corr|value_4h|resid,0.15,condition_index,triploid,all,5,fc_corr,value_4h,resid
fc_corr|lin_slope|resid,0.1,condition_index,triploid,all,5,fc_corr,lin_slope,resid
fc_corr|peak_value|resid,0.1,condition_index,triploid,all,5,fc_corr,peak_value,resid
fc_corr|rate_cv|none,0.09,condition_index,triploid,all,5,fc_corr,rate_cv,none
fc_corr_mm|sat_asymptote|none,0.08,condition_index,triploid,all,5,fc_corr_mm,sat_asymptote,none
raw_delta_mm|rate_h2|none,0.08,condition_index,triploid,all,5,raw_delta_mm,rate_h2,none
raw_rfu|rate_h2|resid,0.08,condition_index,triploid,all,5,raw_rfu,rate_h2,resid
fc_corr_mm|peak_value|resid,0.07,condition_index,triploid,all,5,fc_corr_mm,peak_value,resid
raw_rfu|time_to_vmax|none,0.07,condition_index,triploid,all,5,raw_rfu,time_to_vmax,none
fc_corr|sat_r2|resid,0.06,condition_index,triploid,all,5,fc_corr,sat_r2,resid
raw_rfu|rate_cv|none,0.06,condition_index,triploid,all,5,raw_rfu,rate_cv,none
fc_corr|delta_auc_late_minus_early|none,0.05,condition_index,triploid,all,5,fc_corr,delta_auc_late_minus_early,none
raw_delta_mm|rate_h2|resid,0.05,condition_index,triploid,all,5,raw_delta_mm,rate_h2,resid
raw_rfu|sat_r2|resid,0.05,condition_index,triploid,all,5,raw_rfu,sat_r2,resid
raw_delta_mm|lin_slope|resid,0.04,condition_index,triploid,all,5,raw_delta_mm,lin_slope,resid
raw_rfu|late_early_auc_ratio|none,0.04,condition_index,triploid,all,5,raw_rfu,late_early_auc_ratio,none
fc_corr_mm|auc_late|resid,0.02,condition_index,triploid,all,5,fc_corr_mm,auc_late,resid
fc_corr_mm|lin_slope|resid,0.02,condition_index,triploid,all,5,fc_corr_mm,lin_slope,resid
fc_corr|rate_h2|none,0.02,condition_index,triploid,all,5,fc_corr,rate_h2,none
fc_corr_mm|value_3h|resid,0.01,condition_index,triploid,all,5,fc_corr_mm,value_3h,resid
fc_corr_mm|value_4h|resid,0.01,condition_index,triploid,all,5,fc_corr_mm,value_4h,resid
fc_corr|auc_late|resid,0.01,condition_index,triploid,all,5,fc_corr,auc_late,resid
fc_corr|final_value|resid,0.01,condition_index,triploid,all,5,fc_corr,final_value,resid
fc_corr|sat_asymptote|none,0.01,condition_index,triploid,all,5,fc_corr,sat_asymptote,none
fc_corr|value_3h|resid,0.01,condition_index,triploid,all,5,fc_corr,value_3h,resid
raw_delta_mm|final_value|none,0.01,condition_index,triploid,all,5,raw_delta_mm,final_value,none
raw_delta_mm|lin_slope|none,0.01,condition_index,triploid,all,5,raw_delta_mm,lin_slope,none
raw_rfu|frac_auc_first_half|none,0.01,condition_index,triploid,all,5,raw_rfu,frac_auc_first_half,none
raw_rfu|inflection_time|resid,0.01,condition_index,triploid,all,5,raw_rfu,inflection_time,resid
fc_corr_mm|delta_auc_late_minus_early|none,0.93,condition_index,triploid,all,8,fc_corr_mm,delta_auc_late_minus_early,none
raw_delta_mm|delta_auc_late_minus_early|none,0.75,condition_index,triploid,all,8,raw_delta_mm,delta_auc_late_minus_early,none
fc_corr|delta_auc_late_minus_early|resid,0.68,condition_index,triploid,all,8,fc_corr,delta_auc_late_minus_early,resid
raw_rfu|inflection_time|none,0.6,condition_index,triploid,all,8,raw_rfu,inflection_time,none
fc_corr_mm|delta_auc_late_minus_early|resid,0.54,condition_index,triploid,all,8,fc_corr_mm,delta_auc_late_minus_early,resid
raw_rfu|t_half|none,0.43,condition_index,triploid,all,8,raw_rfu,t_half,none
fc_corr|t_half|none,0.35,condition_index,triploid,all,8,fc_corr,t_half,none
fc_corr|value_4h|resid,0.32,condition_index,triploid,all,8,fc_corr,value_4h,resid
fc_corr_mm|rate_h2|none,0.29,condition_index,triploid,all,8,fc_corr_mm,rate_h2,none
fc_corr|lin_slope|resid,0.28,condition_index,triploid,all,8,fc_corr,lin_slope,resid
fc_corr_mm|peak_value|resid,0.21,condition_index,triploid,all,8,fc_corr_mm,peak_value,resid
raw_delta_mm|rate_h2|none,0.2,condition_index,triploid,all,8,raw_delta_mm,rate_h2,none
fc_corr_mm|rate_h2|resid,0.18,condition_index,triploid,all,8,fc_corr_mm,rate_h2,resid
fc_corr_mm|sat_asymptote|none,0.18,condition_index,triploid,all,8,fc_corr_mm,sat_asymptote,none
fc_corr|rate_h2|resid,0.18,condition_index,triploid,all,8,fc_corr,rate_h2,resid
fc_corr|peak_value|resid,0.17,condition_index,triploid,all,8,fc_corr,peak_value,resid
fc_corr_mm|lin_slope|resid,0.15,condition_index,triploid,all,8,fc_corr_mm,lin_slope,resid
fc_corr|final_value|resid,0.14,condition_index,triploid,all,8,fc_corr,final_value,resid
raw_rfu|rate_h2|resid,0.13,condition_index,triploid,all,8,raw_rfu,rate_h2,resid
fc_corr|rate_cv|none,0.1,condition_index,triploid,all,8,fc_corr,rate_cv,none
raw_delta_mm|rate_h2|resid,0.1,condition_index,triploid,all,8,raw_delta_mm,rate_h2,resid
fc_corr|delta_auc_late_minus_early|none,0.09,condition_index,triploid,all,8,fc_corr,delta_auc_late_minus_early,none
fc_corr|mean_rate|resid,0.09,condition_index,triploid,all,8,fc_corr,mean_rate,resid
raw_rfu|late_early_auc_ratio|none,0.09,condition_index,triploid,all,8,raw_rfu,late_early_auc_ratio,none
raw_rfu|rate_cv|none,0.09,condition_index,triploid,all,8,raw_rfu,rate_cv,none
fc_corr_mm|value_4h|resid,0.08,condition_index,triploid,all,8,fc_corr_mm,value_4h,resid
raw_rfu|frac_auc_first_half|none,0.07,condition_index,triploid,all,8,raw_rfu,frac_auc_first_half,none
fc_corr_mm|value_3h|resid,0.06,condition_index,triploid,all,8,fc_corr_mm,value_3h,resid
fc_corr|rate_h2|none,0.05,condition_index,triploid,all,8,fc_corr,rate_h2,none
fc_corr|sat_r2|resid,0.05,condition_index,triploid,all,8,fc_corr,sat_r2,resid
raw_delta|late_early_auc_ratio|none,0.05,condition_index,triploid,all,8,raw_delta,late_early_auc_ratio,none
raw_delta|frac_auc_first_half|none,0.04,condition_index,triploid,all,8,raw_delta,frac_auc_first_half,none
raw_rfu|sat_r2|resid,0.04,condition_index,triploid,all,8,raw_rfu,sat_r2,resid
raw_rfu|time_to_vmax|none,0.04,condition_index,triploid,all,8,raw_rfu,time_to_vmax,none
fc_corr|sat_asymptote|none,0.03,condition_index,triploid,all,8,fc_corr,sat_asymptote,none
raw_delta_mm|lin_slope|resid,0.03,condition_index,triploid,all,8,raw_delta_mm,lin_slope,resid
raw_rfu|inflection_time|resid,0.03,condition_index,triploid,all,8,raw_rfu,inflection_time,resid
fc_corr_mm|auc_late|resid,0.02,condition_index,triploid,all,8,fc_corr_mm,auc_late,resid
fc_corr|late_early_auc_ratio|none,0.02,condition_index,triploid,all,8,fc_corr,late_early_auc_ratio,none
raw_delta_mm|lin_slope|none,0.02,condition_index,triploid,all,8,raw_delta_mm,lin_slope,none
raw_rfu|rate_h2|none,0.02,condition_index,triploid,all,8,raw_rfu,rate_h2,none
fc_corr_mm|final_value|resid,0.01,condition_index,triploid,all,8,fc_corr_mm,final_value,resid
fc_corr_mm|lin_slope|none,0.01,condition_index,triploid,all,8,fc_corr_mm,lin_slope,none
fc_corr_mm|mean_rate|resid,0.01,condition_index,triploid,all,8,fc_corr_mm,mean_rate,resid
fc_corr|auc_late|resid,0.01,condition_index,triploid,all,8,fc_corr,auc_late,resid
fc_corr|t_half|resid,0.01,condition_index,triploid,all,8,fc_corr,t_half,resid
fc_corr|value_3h|resid,0.01,condition_index,triploid,all,8,fc_corr,value_3h,resid
raw_rfu|baseline_value|none,0.01,condition_index,triploid,all,8,raw_rfu,baseline_value,none
raw_rfu|t_half|resid,0.01,condition_index,triploid,all,8,raw_rfu,t_half,resid
fc_corr_mm|delta_auc_late_minus_early|none,1,condition_index,triploid,fc_corr_mm_none,3,fc_corr_mm,delta_auc_late_minus_early,none
fc_corr_mm|sat_asymptote|none,0.79,condition_index,triploid,fc_corr_mm_none,3,fc_corr_mm,sat_asymptote,none
fc_corr_mm|lin_slope|none,0.58,condition_index,triploid,fc_corr_mm_none,3,fc_corr_mm,lin_slope,none
fc_corr_mm|rate_h2|none,0.42,condition_index,triploid,fc_corr_mm_none,3,fc_corr_mm,rate_h2,none
fc_corr_mm|mean_rate|none,0.08,condition_index,triploid,fc_corr_mm_none,3,fc_corr_mm,mean_rate,none
fc_corr_mm|peak_value|none,0.07,condition_index,triploid,fc_corr_mm_none,3,fc_corr_mm,peak_value,none
fc_corr_mm|auc_late|none,0.03,condition_index,triploid,fc_corr_mm_none,3,fc_corr_mm,auc_late,none
fc_corr_mm|sat_k|none,0.02,condition_index,triploid,fc_corr_mm_none,3,fc_corr_mm,sat_k,none
fc_corr_mm|value_3h|none,0.01,condition_index,triploid,fc_corr_mm_none,3,fc_corr_mm,value_3h,none
fc_corr_mm|delta_auc_late_minus_early|none,1,condition_index,triploid,fc_corr_mm_none,5,fc_corr_mm,delta_auc_late_minus_early,none
fc_corr_mm|lin_slope|none,0.96,condition_index,triploid,fc_corr_mm_none,5,fc_corr_mm,lin_slope,none
fc_corr_mm|sat_asymptote|none,0.93,condition_index,triploid,fc_corr_mm_none,5,fc_corr_mm,sat_asymptote,none
fc_corr_mm|rate_h2|none,0.53,condition_index,triploid,fc_corr_mm_none,5,fc_corr_mm,rate_h2,none
fc_corr_mm|auc_late|none,0.48,condition_index,triploid,fc_corr_mm_none,5,fc_corr_mm,auc_late,none
fc_corr_mm|peak_value|none,0.46,condition_index,triploid,fc_corr_mm_none,5,fc_corr_mm,peak_value,none
fc_corr_mm|mean_rate|none,0.29,condition_index,triploid,fc_corr_mm_none,5,fc_corr_mm,mean_rate,none
fc_corr_mm|value_3h|none,0.17,condition_index,triploid,fc_corr_mm_none,5,fc_corr_mm,value_3h,none
fc_corr_mm|sat_k|none,0.1,condition_index,triploid,fc_corr_mm_none,5,fc_corr_mm,sat_k,none
fc_corr_mm|final_value|none,0.08,condition_index,triploid,fc_corr_mm_none,5,fc_corr_mm,final_value,none
fc_corr_mm|delta_auc_late_minus_early|none,1,condition_index,triploid,fc_corr_mm_none,8,fc_corr_mm,delta_auc_late_minus_early,none
fc_corr_mm|lin_slope|none,0.99,condition_index,triploid,fc_corr_mm_none,8,fc_corr_mm,lin_slope,none
fc_corr_mm|peak_value|none,0.98,condition_index,triploid,fc_corr_mm_none,8,fc_corr_mm,peak_value,none
fc_corr_mm|sat_asymptote|none,0.97,condition_index,triploid,fc_corr_mm_none,8,fc_corr_mm,sat_asymptote,none
fc_corr_mm|mean_rate|none,0.94,condition_index,triploid,fc_corr_mm_none,8,fc_corr_mm,mean_rate,none
fc_corr_mm|auc_late|none,0.9,condition_index,triploid,fc_corr_mm_none,8,fc_corr_mm,auc_late,none
fc_corr_mm|rate_h2|none,0.69,condition_index,triploid,fc_corr_mm_none,8,fc_corr_mm,rate_h2,none
fc_corr_mm|value_3h|none,0.62,condition_index,triploid,fc_corr_mm_none,8,fc_corr_mm,value_3h,none
fc_corr_mm|final_value|none,0.53,condition_index,triploid,fc_corr_mm_none,8,fc_corr_mm,final_value,none
fc_corr_mm|sat_k|none,0.24,condition_index,triploid,fc_corr_mm_none,8,fc_corr_mm,sat_k,none
fc_corr_mm|value_4h|none,0.13,condition_index,triploid,fc_corr_mm_none,8,fc_corr_mm,value_4h,none
fc_corr_mm|value_2h|none,0.01,condition_index,triploid,fc_corr_mm_none,8,fc_corr_mm,value_2h,none
fc_corr_mm|rate_h2|none,0.88,condition_index,triploid,short_assay_2h,3,fc_corr_mm,rate_h2,none
raw_delta_mm|rate_h2|none,0.63,condition_index,triploid,short_assay_2h,3,raw_delta_mm,rate_h2,none
fc_corr|rate_h2|resid,0.5,condition_index,triploid,short_assay_2h,3,fc_corr,rate_h2,resid
fc_corr_mm|rate_h2|resid,0.41,condition_index,triploid,short_assay_2h,3,fc_corr_mm,rate_h2,resid
raw_rfu|rate_h2|resid,0.17,condition_index,triploid,short_assay_2h,3,raw_rfu,rate_h2,resid
fc_corr|rate_h2|none,0.14,condition_index,triploid,short_assay_2h,3,fc_corr,rate_h2,none
raw_rfu|baseline_value|none,0.09,condition_index,triploid,short_assay_2h,3,raw_rfu,baseline_value,none
fc_corr|value_2h|resid,0.04,condition_index,triploid,short_assay_2h,3,fc_corr,value_2h,resid
raw_delta_mm|rate_h2|resid,0.04,condition_index,triploid,short_assay_2h,3,raw_delta_mm,rate_h2,resid
raw_rfu|value_1h|none,0.04,condition_index,triploid,short_assay_2h,3,raw_rfu,value_1h,none
raw_rfu|initial_slope|none,0.02,condition_index,triploid,short_assay_2h,3,raw_rfu,initial_slope,none
fc_corr|auc_0_1h|none,0.01,condition_index,triploid,short_assay_2h,3,fc_corr,auc_0_1h,none
fc_corr|initial_slope|none,0.01,condition_index,triploid,short_assay_2h,3,fc_corr,initial_slope,none
raw_delta|auc_0_1h|none,0.01,condition_index,triploid,short_assay_2h,3,raw_delta,auc_0_1h,none
raw_rfu|baseline_value|resid,0.01,condition_index,triploid,short_assay_2h,3,raw_rfu,baseline_value,resid
fc_corr_mm|rate_h2|none,0.95,condition_index,triploid,short_assay_2h,5,fc_corr_mm,rate_h2,none
fc_corr|rate_h2|resid,0.87,condition_index,triploid,short_assay_2h,5,fc_corr,rate_h2,resid
raw_delta_mm|rate_h2|none,0.74,condition_index,triploid,short_assay_2h,5,raw_delta_mm,rate_h2,none
fc_corr_mm|rate_h2|resid,0.69,condition_index,triploid,short_assay_2h,5,fc_corr_mm,rate_h2,resid
raw_rfu|rate_h2|resid,0.64,condition_index,triploid,short_assay_2h,5,raw_rfu,rate_h2,resid
fc_corr|rate_h2|none,0.42,condition_index,triploid,short_assay_2h,5,fc_corr,rate_h2,none
raw_delta_mm|rate_h2|resid,0.23,condition_index,triploid,short_assay_2h,5,raw_delta_mm,rate_h2,resid
raw_rfu|baseline_value|none,0.15,condition_index,triploid,short_assay_2h,5,raw_rfu,baseline_value,none
raw_rfu|rate_h2|none,0.07,condition_index,triploid,short_assay_2h,5,raw_rfu,rate_h2,none
raw_rfu|baseline_value|resid,0.05,condition_index,triploid,short_assay_2h,5,raw_rfu,baseline_value,resid
raw_delta|auc_0_1h|none,0.04,condition_index,triploid,short_assay_2h,5,raw_delta,auc_0_1h,none
raw_rfu|initial_slope|none,0.04,condition_index,triploid,short_assay_2h,5,raw_rfu,initial_slope,none
raw_rfu|value_1h|none,0.04,condition_index,triploid,short_assay_2h,5,raw_rfu,value_1h,none
fc_corr|value_2h|resid,0.02,condition_index,triploid,short_assay_2h,5,fc_corr,value_2h,resid
raw_rfu|auc_0_1h|none,0.02,condition_index,triploid,short_assay_2h,5,raw_rfu,auc_0_1h,none
fc_corr_mm|value_2h|resid,0.01,condition_index,triploid,short_assay_2h,5,fc_corr_mm,value_2h,resid
fc_corr|auc_0_1h|none,0.01,condition_index,triploid,short_assay_2h,5,fc_corr,auc_0_1h,none
fc_corr|initial_slope|none,0.01,condition_index,triploid,short_assay_2h,5,fc_corr,initial_slope,none
fc_corr|rate_h2|resid,0.99,condition_index,triploid,short_assay_2h,8,fc_corr,rate_h2,resid
fc_corr_mm|rate_h2|none,0.98,condition_index,triploid,short_assay_2h,8,fc_corr_mm,rate_h2,none
raw_rfu|rate_h2|resid,0.96,condition_index,triploid,short_assay_2h,8,raw_rfu,rate_h2,resid
fc_corr_mm|rate_h2|resid,0.94,condition_index,triploid,short_assay_2h,8,fc_corr_mm,rate_h2,resid
raw_delta_mm|rate_h2|none,0.94,condition_index,triploid,short_assay_2h,8,raw_delta_mm,rate_h2,none
fc_corr|rate_h2|none,0.88,condition_index,triploid,short_assay_2h,8,fc_corr,rate_h2,none
raw_delta_mm|rate_h2|resid,0.78,condition_index,triploid,short_assay_2h,8,raw_delta_mm,rate_h2,resid
raw_rfu|rate_h2|none,0.72,condition_index,triploid,short_assay_2h,8,raw_rfu,rate_h2,none
raw_rfu|baseline_value|none,0.18,condition_index,triploid,short_assay_2h,8,raw_rfu,baseline_value,none
fc_corr|value_2h|resid,0.17,condition_index,triploid,short_assay_2h,8,fc_corr,value_2h,resid
fc_corr_mm|value_2h|resid,0.1,condition_index,triploid,short_assay_2h,8,fc_corr_mm,value_2h,resid
raw_rfu|baseline_value|resid,0.07,condition_index,triploid,short_assay_2h,8,raw_rfu,baseline_value,resid
raw_rfu|value_1h|none,0.07,condition_index,triploid,short_assay_2h,8,raw_rfu,value_1h,none
raw_rfu|initial_slope|none,0.06,condition_index,triploid,short_assay_2h,8,raw_rfu,initial_slope,none
raw_delta|auc_0_1h|none,0.05,condition_index,triploid,short_assay_2h,8,raw_delta,auc_0_1h,none
raw_rfu|auc_0_1h|none,0.04,condition_index,triploid,short_assay_2h,8,raw_rfu,auc_0_1h,none
fc_corr_mm|value_2h|none,0.02,condition_index,triploid,short_assay_2h,8,fc_corr_mm,value_2h,none
fc_corr|auc_0_1h|none,0.02,condition_index,triploid,short_assay_2h,8,fc_corr,auc_0_1h,none
fc_corr|initial_slope|none,0.02,condition_index,triploid,short_assay_2h,8,fc_corr,initial_slope,none
raw_delta|auc_0_2h|none,0.01,condition_index,triploid,short_assay_2h,8,raw_delta,auc_0_2h,none
fc_corr_mm|sat_asymptote|resid,0.27,growth_abs,diploid,all,3,fc_corr_mm,sat_asymptote,resid
fc_corr|sat_asymptote|resid,0.24,growth_abs,diploid,all,3,fc_corr,sat_asymptote,resid
raw_rfu|quad_coef|resid,0.19,growth_abs,diploid,all,3,raw_rfu,quad_coef,resid
fc_corr|initial_slope|resid,0.18,growth_abs,diploid,all,3,fc_corr,initial_slope,resid
fc_corr|sat_asymptote|none,0.17,growth_abs,diploid,all,3,fc_corr,sat_asymptote,none
raw_rfu|auc_0_1h|resid,0.17,growth_abs,diploid,all,3,raw_rfu,auc_0_1h,resid
raw_rfu|value_1h|resid,0.16,growth_abs,diploid,all,3,raw_rfu,value_1h,resid
raw_delta_mm|quad_coef|resid,0.15,growth_abs,diploid,all,3,raw_delta_mm,quad_coef,resid
fc_corr_mm|lin_slope|none,0.14,growth_abs,diploid,all,3,fc_corr_mm,lin_slope,none
fc_corr|auc_0_1h|resid,0.14,growth_abs,diploid,all,3,fc_corr,auc_0_1h,resid
fc_corr|quad_coef|resid,0.1,growth_abs,diploid,all,3,fc_corr,quad_coef,resid
raw_rfu|rate_h4|none,0.1,growth_abs,diploid,all,3,raw_rfu,rate_h4,none
raw_rfu|sat_r2|resid,0.1,growth_abs,diploid,all,3,raw_rfu,sat_r2,resid
fc_corr|sat_r2|resid,0.09,growth_abs,diploid,all,3,fc_corr,sat_r2,resid
raw_delta_mm|rate_h4|none,0.09,growth_abs,diploid,all,3,raw_delta_mm,rate_h4,none
fc_corr|sat_k|resid,0.07,growth_abs,diploid,all,3,fc_corr,sat_k,resid
raw_delta_mm|rate_h4|resid,0.07,growth_abs,diploid,all,3,raw_delta_mm,rate_h4,resid
fc_corr_mm|sat_asymptote|none,0.06,growth_abs,diploid,all,3,fc_corr_mm,sat_asymptote,none
fc_corr_mm|sat_k|resid,0.06,growth_abs,diploid,all,3,fc_corr_mm,sat_k,resid
raw_rfu|sat_asymptote|none,0.06,growth_abs,diploid,all,3,raw_rfu,sat_asymptote,none
raw_delta_mm|sat_asymptote|resid,0.04,growth_abs,diploid,all,3,raw_delta_mm,sat_asymptote,resid
raw_rfu|sat_k|resid,0.04,growth_abs,diploid,all,3,raw_rfu,sat_k,resid
raw_rfu|time_to_vmax|resid,0.04,growth_abs,diploid,all,3,raw_rfu,time_to_vmax,resid
fc_corr_mm|quad_coef|resid,0.03,growth_abs,diploid,all,3,fc_corr_mm,quad_coef,resid
fc_corr|sat_r2|none,0.03,growth_abs,diploid,all,3,fc_corr,sat_r2,none
fc_corr_mm|delta_auc_late_minus_early|none,0.02,growth_abs,diploid,all,3,fc_corr_mm,delta_auc_late_minus_early,none
fc_corr_mm|final_value|none,0.02,growth_abs,diploid,all,3,fc_corr_mm,final_value,none
fc_corr_mm|peak_value|none,0.02,growth_abs,diploid,all,3,fc_corr_mm,peak_value,none
fc_corr_mm|rate_h4|none,0.02,growth_abs,diploid,all,3,fc_corr_mm,rate_h4,none
raw_delta_mm|initial_slope|resid,0.02,growth_abs,diploid,all,3,raw_delta_mm,initial_slope,resid
raw_rfu|auc_0_2h|resid,0.02,growth_abs,diploid,all,3,raw_rfu,auc_0_2h,resid
raw_rfu|initial_slope|resid,0.02,growth_abs,diploid,all,3,raw_rfu,initial_slope,resid
fc_corr_mm|initial_slope|resid,0.01,growth_abs,diploid,all,3,fc_corr_mm,initial_slope,resid
fc_corr_mm|mean_rate|none,0.01,growth_abs,diploid,all,3,fc_corr_mm,mean_rate,none
fc_corr_mm|rate_h4|resid,0.01,growth_abs,diploid,all,3,fc_corr_mm,rate_h4,resid
fc_corr|lin_slope|none,0.01,growth_abs,diploid,all,3,fc_corr,lin_slope,none
raw_delta_mm|auc_0_1h|resid,0.01,growth_abs,diploid,all,3,raw_delta_mm,auc_0_1h,resid
raw_rfu|delta_auc_late_minus_early|none,0.01,growth_abs,diploid,all,3,raw_rfu,delta_auc_late_minus_early,none
raw_rfu|rate_h4|resid,0.01,growth_abs,diploid,all,3,raw_rfu,rate_h4,resid
fc_corr_mm|sat_asymptote|resid,0.32,growth_abs,diploid,all,5,fc_corr_mm,sat_asymptote,resid
fc_corr|sat_asymptote|resid,0.32,growth_abs,diploid,all,5,fc_corr,sat_asymptote,resid
raw_rfu|auc_0_1h|resid,0.3,growth_abs,diploid,all,5,raw_rfu,auc_0_1h,resid
fc_corr|sat_asymptote|none,0.25,growth_abs,diploid,all,5,fc_corr,sat_asymptote,none
fc_corr_mm|lin_slope|none,0.24,growth_abs,diploid,all,5,fc_corr_mm,lin_slope,none
raw_rfu|value_1h|resid,0.23,growth_abs,diploid,all,5,raw_rfu,value_1h,resid
fc_corr|initial_slope|resid,0.22,growth_abs,diploid,all,5,fc_corr,initial_slope,resid
raw_rfu|quad_coef|resid,0.22,growth_abs,diploid,all,5,raw_rfu,quad_coef,resid
fc_corr|auc_0_1h|resid,0.17,growth_abs,diploid,all,5,fc_corr,auc_0_1h,resid
raw_delta_mm|quad_coef|resid,0.17,growth_abs,diploid,all,5,raw_delta_mm,quad_coef,resid
raw_delta_mm|rate_h4|resid,0.16,growth_abs,diploid,all,5,raw_delta_mm,rate_h4,resid
fc_corr_mm|sat_asymptote|none,0.15,growth_abs,diploid,all,5,fc_corr_mm,sat_asymptote,none
fc_corr|quad_coef|resid,0.14,growth_abs,diploid,all,5,fc_corr,quad_coef,resid
raw_rfu|rate_h4|resid,0.13,growth_abs,diploid,all,5,raw_rfu,rate_h4,resid
raw_rfu|sat_asymptote|none,0.12,growth_abs,diploid,all,5,raw_rfu,sat_asymptote,none
raw_rfu|sat_r2|resid,0.12,growth_abs,diploid,all,5,raw_rfu,sat_r2,resid
fc_corr|sat_k|resid,0.11,growth_abs,diploid,all,5,fc_corr,sat_k,resid
raw_rfu|rate_h4|none,0.11,growth_abs,diploid,all,5,raw_rfu,rate_h4,none
raw_rfu|sat_k|resid,0.11,growth_abs,diploid,all,5,raw_rfu,sat_k,resid
raw_rfu|time_to_vmax|resid,0.11,growth_abs,diploid,all,5,raw_rfu,time_to_vmax,resid
fc_corr_mm|quad_coef|resid,0.1,growth_abs,diploid,all,5,fc_corr_mm,quad_coef,resid
fc_corr_mm|sat_k|resid,0.1,growth_abs,diploid,all,5,fc_corr_mm,sat_k,resid
fc_corr|sat_r2|resid,0.09,growth_abs,diploid,all,5,fc_corr,sat_r2,resid
raw_delta_mm|sat_asymptote|resid,0.09,growth_abs,diploid,all,5,raw_delta_mm,sat_asymptote,resid
raw_rfu|initial_slope|resid,0.09,growth_abs,diploid,all,5,raw_rfu,initial_slope,resid
fc_corr_mm|rate_h4|resid,0.07,growth_abs,diploid,all,5,fc_corr_mm,rate_h4,resid
raw_delta_mm|rate_h4|none,0.07,growth_abs,diploid,all,5,raw_delta_mm,rate_h4,none
raw_delta_mm|sat_k|resid,0.07,growth_abs,diploid,all,5,raw_delta_mm,sat_k,resid
fc_corr|rate_h4|resid,0.06,growth_abs,diploid,all,5,fc_corr,rate_h4,resid
raw_rfu|sat_asymptote|resid,0.06,growth_abs,diploid,all,5,raw_rfu,sat_asymptote,resid
fc_corr_mm|delta_auc_late_minus_early|none,0.05,growth_abs,diploid,all,5,fc_corr_mm,delta_auc_late_minus_early,none
fc_corr_mm|final_value|none,0.05,growth_abs,diploid,all,5,fc_corr_mm,final_value,none
fc_corr_mm|peak_value|none,0.05,growth_abs,diploid,all,5,fc_corr_mm,peak_value,none
raw_rfu|auc_0_2h|resid,0.04,growth_abs,diploid,all,5,raw_rfu,auc_0_2h,resid
fc_corr|sat_r2|none,0.03,growth_abs,diploid,all,5,fc_corr,sat_r2,none
raw_delta|auc_0_1h|resid,0.03,growth_abs,diploid,all,5,raw_delta,auc_0_1h,resid
fc_corr_mm|mean_rate|none,0.02,growth_abs,diploid,all,5,fc_corr_mm,mean_rate,none
fc_corr_mm|rate_h4|none,0.02,growth_abs,diploid,all,5,fc_corr_mm,rate_h4,none
raw_delta_mm|quad_coef|none,0.02,growth_abs,diploid,all,5,raw_delta_mm,quad_coef,none
raw_rfu|auc_early|resid,0.02,growth_abs,diploid,all,5,raw_rfu,auc_early,resid
raw_rfu|sat_r2|none,0.02,growth_abs,diploid,all,5,raw_rfu,sat_r2,none
fc_corr_mm|quad_coef|none,0.01,growth_abs,diploid,all,5,fc_corr_mm,quad_coef,none
fc_corr_mm|value_4h|none,0.01,growth_abs,diploid,all,5,fc_corr_mm,value_4h,none
fc_corr|lin_slope|none,0.01,growth_abs,diploid,all,5,fc_corr,lin_slope,none
fc_corr|mean_rate|none,0.01,growth_abs,diploid,all,5,fc_corr,mean_rate,none
fc_corr|peak_value|none,0.01,growth_abs,diploid,all,5,fc_corr,peak_value,none
fc_corr|rate_h4|none,0.01,growth_abs,diploid,all,5,fc_corr,rate_h4,none
fc_corr|rate_last_first_ratio|none,0.01,growth_abs,diploid,all,5,fc_corr,rate_last_first_ratio,none
fc_corr|rate_last_first_ratio|resid,0.01,growth_abs,diploid,all,5,fc_corr,rate_last_first_ratio,resid
raw_delta_mm|initial_slope|none,0.01,growth_abs,diploid,all,5,raw_delta_mm,initial_slope,none
raw_delta_mm|initial_slope|resid,0.01,growth_abs,diploid,all,5,raw_delta_mm,initial_slope,resid
raw_delta_mm|sat_asymptote|none,0.01,growth_abs,diploid,all,5,raw_delta_mm,sat_asymptote,none
raw_rfu|rate_last_first_ratio|none,0.01,growth_abs,diploid,all,5,raw_rfu,rate_last_first_ratio,none
raw_rfu|rate_last_first_ratio|resid,0.01,growth_abs,diploid,all,5,raw_rfu,rate_last_first_ratio,resid
raw_rfu|time_to_min_slope|resid,0.01,growth_abs,diploid,all,5,raw_rfu,time_to_min_slope,resid
raw_rfu|value_1h|none,0.01,growth_abs,diploid,all,5,raw_rfu,value_1h,none
fc_corr_mm|sat_asymptote|resid,0.4,growth_abs,diploid,all,8,fc_corr_mm,sat_asymptote,resid
raw_rfu|auc_0_1h|resid,0.4,growth_abs,diploid,all,8,raw_rfu,auc_0_1h,resid
fc_corr|sat_asymptote|resid,0.39,growth_abs,diploid,all,8,fc_corr,sat_asymptote,resid
fc_corr|sat_asymptote|none,0.37,growth_abs,diploid,all,8,fc_corr,sat_asymptote,none
raw_rfu|value_1h|resid,0.36,growth_abs,diploid,all,8,raw_rfu,value_1h,resid
fc_corr_mm|lin_slope|none,0.33,growth_abs,diploid,all,8,fc_corr_mm,lin_slope,none
fc_corr_mm|sat_asymptote|none,0.29,growth_abs,diploid,all,8,fc_corr_mm,sat_asymptote,none
fc_corr|initial_slope|resid,0.29,growth_abs,diploid,all,8,fc_corr,initial_slope,resid
raw_rfu|quad_coef|resid,0.29,growth_abs,diploid,all,8,raw_rfu,quad_coef,resid
raw_rfu|initial_slope|resid,0.28,growth_abs,diploid,all,8,raw_rfu,initial_slope,resid
fc_corr|auc_0_1h|resid,0.27,growth_abs,diploid,all,8,fc_corr,auc_0_1h,resid
raw_delta|auc_0_1h|resid,0.26,growth_abs,diploid,all,8,raw_delta,auc_0_1h,resid
raw_delta_mm|sat_asymptote|resid,0.22,growth_abs,diploid,all,8,raw_delta_mm,sat_asymptote,resid
raw_delta_mm|quad_coef|resid,0.2,growth_abs,diploid,all,8,raw_delta_mm,quad_coef,resid
raw_rfu|sat_asymptote|none,0.2,growth_abs,diploid,all,8,raw_rfu,sat_asymptote,none
fc_corr|sat_k|resid,0.19,growth_abs,diploid,all,8,fc_corr,sat_k,resid
raw_rfu|sat_r2|resid,0.18,growth_abs,diploid,all,8,raw_rfu,sat_r2,resid
fc_corr|sat_r2|resid,0.17,growth_abs,diploid,all,8,fc_corr,sat_r2,resid
raw_rfu|sat_asymptote|resid,0.17,growth_abs,diploid,all,8,raw_rfu,sat_asymptote,resid
raw_delta_mm|initial_slope|resid,0.16,growth_abs,diploid,all,8,raw_delta_mm,initial_slope,resid
fc_corr_mm|sat_k|resid,0.15,growth_abs,diploid,all,8,fc_corr_mm,sat_k,resid
fc_corr|quad_coef|resid,0.15,growth_abs,diploid,all,8,fc_corr,quad_coef,resid
raw_rfu|sat_k|resid,0.14,growth_abs,diploid,all,8,raw_rfu,sat_k,resid
raw_delta_mm|sat_k|resid,0.13,growth_abs,diploid,all,8,raw_delta_mm,sat_k,resid
raw_delta_mm|auc_0_1h|resid,0.12,growth_abs,diploid,all,8,raw_delta_mm,auc_0_1h,resid
raw_delta_mm|rate_h4|none,0.12,growth_abs,diploid,all,8,raw_delta_mm,rate_h4,none
raw_delta_mm|rate_h4|resid,0.12,growth_abs,diploid,all,8,raw_delta_mm,rate_h4,resid
raw_rfu|rate_h4|none,0.12,growth_abs,diploid,all,8,raw_rfu,rate_h4,none
fc_corr_mm|peak_value|none,0.11,growth_abs,diploid,all,8,fc_corr_mm,peak_value,none
fc_corr_mm|quad_coef|resid,0.11,growth_abs,diploid,all,8,fc_corr_mm,quad_coef,resid
fc_corr_mm|final_value|none,0.09,growth_abs,diploid,all,8,fc_corr_mm,final_value,none
raw_rfu|rate_h4|resid,0.09,growth_abs,diploid,all,8,raw_rfu,rate_h4,resid
fc_corr|sat_r2|none,0.08,growth_abs,diploid,all,8,fc_corr,sat_r2,none
raw_rfu|auc_0_2h|resid,0.08,growth_abs,diploid,all,8,raw_rfu,auc_0_2h,resid
raw_rfu|time_to_vmax|resid,0.08,growth_abs,diploid,all,8,raw_rfu,time_to_vmax,resid
fc_corr_mm|delta_auc_late_minus_early|none,0.07,growth_abs,diploid,all,8,fc_corr_mm,delta_auc_late_minus_early,none
fc_corr|lin_slope|none,0.07,growth_abs,diploid,all,8,fc_corr,lin_slope,none
fc_corr|rate_h4|resid,0.07,growth_abs,diploid,all,8,fc_corr,rate_h4,resid
raw_rfu|sat_r2|none,0.06,growth_abs,diploid,all,8,raw_rfu,sat_r2,none
fc_corr_mm|rate_h4|resid,0.05,growth_abs,diploid,all,8,fc_corr_mm,rate_h4,resid
fc_corr_mm|mean_rate|none,0.04,growth_abs,diploid,all,8,fc_corr_mm,mean_rate,none
fc_corr|rate_h4|none,0.04,growth_abs,diploid,all,8,fc_corr,rate_h4,none
raw_rfu|auc_early|resid,0.04,growth_abs,diploid,all,8,raw_rfu,auc_early,resid
fc_corr_mm|rate_h4|none,0.03,growth_abs,diploid,all,8,fc_corr_mm,rate_h4,none
raw_delta_mm|delta_auc_late_minus_early|none,0.03,growth_abs,diploid,all,8,raw_delta_mm,delta_auc_late_minus_early,none
raw_rfu|rate_last_first_ratio|none,0.03,growth_abs,diploid,all,8,raw_rfu,rate_last_first_ratio,none
raw_rfu|time_to_vmax|none,0.03,growth_abs,diploid,all,8,raw_rfu,time_to_vmax,none
raw_rfu|vmax|none,0.03,growth_abs,diploid,all,8,raw_rfu,vmax,none
fc_corr_mm|quad_coef|none,0.02,growth_abs,diploid,all,8,fc_corr_mm,quad_coef,none
fc_corr_mm|value_4h|none,0.02,growth_abs,diploid,all,8,fc_corr_mm,value_4h,none
fc_corr|peak_value|none,0.02,growth_abs,diploid,all,8,fc_corr,peak_value,none
fc_corr|rate_last_first_ratio|none,0.02,growth_abs,diploid,all,8,fc_corr,rate_last_first_ratio,none
fc_corr|rate_last_first_ratio|resid,0.02,growth_abs,diploid,all,8,fc_corr,rate_last_first_ratio,resid
fc_corr|vmax|none,0.02,growth_abs,diploid,all,8,fc_corr,vmax,none
raw_delta_mm|quad_coef|none,0.02,growth_abs,diploid,all,8,raw_delta_mm,quad_coef,none
fc_corr_mm|auc_0_1h|none,0.01,growth_abs,diploid,all,8,fc_corr_mm,auc_0_1h,none
fc_corr_mm|initial_slope|none,0.01,growth_abs,diploid,all,8,fc_corr_mm,initial_slope,none
fc_corr|final_value|none,0.01,growth_abs,diploid,all,8,fc_corr,final_value,none
fc_corr|mean_rate|none,0.01,growth_abs,diploid,all,8,fc_corr,mean_rate,none
fc_corr|rate_cv|none,0.01,growth_abs,diploid,all,8,fc_corr,rate_cv,none
fc_corr|value_4h|none,0.01,growth_abs,diploid,all,8,fc_corr,value_4h,none
raw_delta_mm|auc_0_1h|none,0.01,growth_abs,diploid,all,8,raw_delta_mm,auc_0_1h,none
raw_delta_mm|initial_slope|none,0.01,growth_abs,diploid,all,8,raw_delta_mm,initial_slope,none
raw_delta_mm|sat_asymptote|none,0.01,growth_abs,diploid,all,8,raw_delta_mm,sat_asymptote,none
raw_delta|auc_0_2h|resid,0.01,growth_abs,diploid,all,8,raw_delta,auc_0_2h,resid
raw_delta|auc_early|resid,0.01,growth_abs,diploid,all,8,raw_delta,auc_early,resid
raw_rfu|auc_0_1h|none,0.01,growth_abs,diploid,all,8,raw_rfu,auc_0_1h,none
raw_rfu|lin_slope|none,0.01,growth_abs,diploid,all,8,raw_rfu,lin_slope,none
raw_rfu|rate_cv|none,0.01,growth_abs,diploid,all,8,raw_rfu,rate_cv,none
raw_rfu|rate_last_first_ratio|resid,0.01,growth_abs,diploid,all,8,raw_rfu,rate_last_first_ratio,resid
raw_rfu|value_1h|none,0.01,growth_abs,diploid,all,8,raw_rfu,value_1h,none
fc_corr_mm|lin_slope|none,0.73,growth_abs,diploid,fc_corr_mm_none,3,fc_corr_mm,lin_slope,none
fc_corr_mm|sat_asymptote|none,0.54,growth_abs,diploid,fc_corr_mm_none,3,fc_corr_mm,sat_asymptote,none
fc_corr_mm|delta_auc_late_minus_early|none,0.31,growth_abs,diploid,fc_corr_mm_none,3,fc_corr_mm,delta_auc_late_minus_early,none
fc_corr_mm|quad_coef|none,0.28,growth_abs,diploid,fc_corr_mm_none,3,fc_corr_mm,quad_coef,none
fc_corr_mm|peak_value|none,0.25,growth_abs,diploid,fc_corr_mm_none,3,fc_corr_mm,peak_value,none
fc_corr_mm|rate_h4|none,0.22,growth_abs,diploid,fc_corr_mm_none,3,fc_corr_mm,rate_h4,none
fc_corr_mm|final_value|none,0.2,growth_abs,diploid,fc_corr_mm_none,3,fc_corr_mm,final_value,none
fc_corr_mm|initial_slope|none,0.18,growth_abs,diploid,fc_corr_mm_none,3,fc_corr_mm,initial_slope,none
fc_corr_mm|auc_0_1h|none,0.14,growth_abs,diploid,fc_corr_mm_none,3,fc_corr_mm,auc_0_1h,none
fc_corr_mm|mean_rate|none,0.06,growth_abs,diploid,fc_corr_mm_none,3,fc_corr_mm,mean_rate,none
fc_corr_mm|vmax|none,0.03,growth_abs,diploid,fc_corr_mm_none,3,fc_corr_mm,vmax,none
fc_corr_mm|auc_early|none,0.01,growth_abs,diploid,fc_corr_mm_none,3,fc_corr_mm,auc_early,none
fc_corr_mm|depression_abs|none,0.01,growth_abs,diploid,fc_corr_mm_none,3,fc_corr_mm,depression_abs,none
fc_corr_mm|min_slope|none,0.01,growth_abs,diploid,fc_corr_mm_none,3,fc_corr_mm,min_slope,none
fc_corr_mm|sat_k|none,0.01,growth_abs,diploid,fc_corr_mm_none,3,fc_corr_mm,sat_k,none
fc_corr_mm|value_2h|none,0.01,growth_abs,diploid,fc_corr_mm_none,3,fc_corr_mm,value_2h,none
fc_corr_mm|value_4h|none,0.01,growth_abs,diploid,fc_corr_mm_none,3,fc_corr_mm,value_4h,none
fc_corr_mm|lin_slope|none,0.85,growth_abs,diploid,fc_corr_mm_none,5,fc_corr_mm,lin_slope,none
fc_corr_mm|sat_asymptote|none,0.75,growth_abs,diploid,fc_corr_mm_none,5,fc_corr_mm,sat_asymptote,none
fc_corr_mm|final_value|none,0.63,growth_abs,diploid,fc_corr_mm_none,5,fc_corr_mm,final_value,none
fc_corr_mm|peak_value|none,0.55,growth_abs,diploid,fc_corr_mm_none,5,fc_corr_mm,peak_value,none
fc_corr_mm|delta_auc_late_minus_early|none,0.53,growth_abs,diploid,fc_corr_mm_none,5,fc_corr_mm,delta_auc_late_minus_early,none
fc_corr_mm|quad_coef|none,0.34,growth_abs,diploid,fc_corr_mm_none,5,fc_corr_mm,quad_coef,none
fc_corr_mm|rate_h4|none,0.33,growth_abs,diploid,fc_corr_mm_none,5,fc_corr_mm,rate_h4,none
fc_corr_mm|mean_rate|none,0.26,growth_abs,diploid,fc_corr_mm_none,5,fc_corr_mm,mean_rate,none
fc_corr_mm|initial_slope|none,0.24,growth_abs,diploid,fc_corr_mm_none,5,fc_corr_mm,initial_slope,none
fc_corr_mm|auc_0_1h|none,0.17,growth_abs,diploid,fc_corr_mm_none,5,fc_corr_mm,auc_0_1h,none
fc_corr_mm|value_4h|none,0.14,growth_abs,diploid,fc_corr_mm_none,5,fc_corr_mm,value_4h,none
fc_corr_mm|min_slope|none,0.06,growth_abs,diploid,fc_corr_mm_none,5,fc_corr_mm,min_slope,none
fc_corr_mm|auc_0_2h|none,0.04,growth_abs,diploid,fc_corr_mm_none,5,fc_corr_mm,auc_0_2h,none
fc_corr_mm|auc_early|none,0.04,growth_abs,diploid,fc_corr_mm_none,5,fc_corr_mm,auc_early,none
fc_corr_mm|sat_k|none,0.04,growth_abs,diploid,fc_corr_mm_none,5,fc_corr_mm,sat_k,none
fc_corr_mm|max_drop|none,0.01,growth_abs,diploid,fc_corr_mm_none,5,fc_corr_mm,max_drop,none
fc_corr_mm|rate_h2|none,0.01,growth_abs,diploid,fc_corr_mm_none,5,fc_corr_mm,rate_h2,none
fc_corr_mm|vmax|none,0.01,growth_abs,diploid,fc_corr_mm_none,5,fc_corr_mm,vmax,none
fc_corr_mm|lin_slope|none,0.92,growth_abs,diploid,fc_corr_mm_none,8,fc_corr_mm,lin_slope,none
fc_corr_mm|sat_asymptote|none,0.9,growth_abs,diploid,fc_corr_mm_none,8,fc_corr_mm,sat_asymptote,none
fc_corr_mm|delta_auc_late_minus_early|none,0.79,growth_abs,diploid,fc_corr_mm_none,8,fc_corr_mm,delta_auc_late_minus_early,none
fc_corr_mm|peak_value|none,0.79,growth_abs,diploid,fc_corr_mm_none,8,fc_corr_mm,peak_value,none
fc_corr_mm|final_value|none,0.77,growth_abs,diploid,fc_corr_mm_none,8,fc_corr_mm,final_value,none
fc_corr_mm|mean_rate|none,0.7,growth_abs,diploid,fc_corr_mm_none,8,fc_corr_mm,mean_rate,none
fc_corr_mm|value_4h|none,0.69,growth_abs,diploid,fc_corr_mm_none,8,fc_corr_mm,value_4h,none
fc_corr_mm|rate_h4|none,0.46,growth_abs,diploid,fc_corr_mm_none,8,fc_corr_mm,rate_h4,none
fc_corr_mm|quad_coef|none,0.43,growth_abs,diploid,fc_corr_mm_none,8,fc_corr_mm,quad_coef,none
fc_corr_mm|initial_slope|none,0.3,growth_abs,diploid,fc_corr_mm_none,8,fc_corr_mm,initial_slope,none
fc_corr_mm|auc_0_1h|none,0.27,growth_abs,diploid,fc_corr_mm_none,8,fc_corr_mm,auc_0_1h,none
fc_corr_mm|auc_early|none,0.15,growth_abs,diploid,fc_corr_mm_none,8,fc_corr_mm,auc_early,none
fc_corr_mm|auc_0_2h|none,0.14,growth_abs,diploid,fc_corr_mm_none,8,fc_corr_mm,auc_0_2h,none
fc_corr_mm|auc_late|none,0.11,growth_abs,diploid,fc_corr_mm_none,8,fc_corr_mm,auc_late,none
fc_corr_mm|min_slope|none,0.08,growth_abs,diploid,fc_corr_mm_none,8,fc_corr_mm,min_slope,none
fc_corr_mm|sat_k|none,0.08,growth_abs,diploid,fc_corr_mm_none,8,fc_corr_mm,sat_k,none
fc_corr_mm|value_3h|none,0.08,growth_abs,diploid,fc_corr_mm_none,8,fc_corr_mm,value_3h,none
fc_corr_mm|vmax|none,0.08,growth_abs,diploid,fc_corr_mm_none,8,fc_corr_mm,vmax,none
fc_corr_mm|value_2h|none,0.07,growth_abs,diploid,fc_corr_mm_none,8,fc_corr_mm,value_2h,none
fc_corr_mm|depression_abs|none,0.05,growth_abs,diploid,fc_corr_mm_none,8,fc_corr_mm,depression_abs,none
fc_corr_mm|max_drop|none,0.05,growth_abs,diploid,fc_corr_mm_none,8,fc_corr_mm,max_drop,none
fc_corr_mm|rate_h2|none,0.03,growth_abs,diploid,fc_corr_mm_none,8,fc_corr_mm,rate_h2,none
fc_corr_mm|auc_0_3h|none,0.02,growth_abs,diploid,fc_corr_mm_none,8,fc_corr_mm,auc_0_3h,none
fc_corr_mm|auc_total|none,0.02,growth_abs,diploid,fc_corr_mm_none,8,fc_corr_mm,auc_total,none
fc_corr_mm|rate_h3|none,0.02,growth_abs,diploid,fc_corr_mm_none,8,fc_corr_mm,rate_h3,none
raw_rfu|auc_0_1h|resid,0.81,growth_abs,diploid,short_assay_2h,3,raw_rfu,auc_0_1h,resid
raw_rfu|value_1h|resid,0.68,growth_abs,diploid,short_assay_2h,3,raw_rfu,value_1h,resid
fc_corr|initial_slope|resid,0.58,growth_abs,diploid,short_assay_2h,3,fc_corr,initial_slope,resid
fc_corr|auc_0_1h|resid,0.37,growth_abs,diploid,short_assay_2h,3,fc_corr,auc_0_1h,resid
raw_rfu|initial_slope|resid,0.21,growth_abs,diploid,short_assay_2h,3,raw_rfu,initial_slope,resid
raw_rfu|auc_0_2h|resid,0.12,growth_abs,diploid,short_assay_2h,3,raw_rfu,auc_0_2h,resid
raw_delta_mm|initial_slope|resid,0.1,growth_abs,diploid,short_assay_2h,3,raw_delta_mm,initial_slope,resid
raw_delta|auc_0_2h|resid,0.05,growth_abs,diploid,short_assay_2h,3,raw_delta,auc_0_2h,resid
raw_delta_mm|auc_0_1h|resid,0.04,growth_abs,diploid,short_assay_2h,3,raw_delta_mm,auc_0_1h,resid
raw_delta_mm|auc_0_2h|resid,0.02,growth_abs,diploid,short_assay_2h,3,raw_delta_mm,auc_0_2h,resid
fc_corr|auc_0_2h|resid,0.01,growth_abs,diploid,short_assay_2h,3,fc_corr,auc_0_2h,resid
raw_rfu|rate_h2|none,0.01,growth_abs,diploid,short_assay_2h,3,raw_rfu,rate_h2,none
raw_rfu|auc_0_1h|resid,0.94,growth_abs,diploid,short_assay_2h,5,raw_rfu,auc_0_1h,resid
raw_rfu|value_1h|resid,0.92,growth_abs,diploid,short_assay_2h,5,raw_rfu,value_1h,resid
fc_corr|initial_slope|resid,0.75,growth_abs,diploid,short_assay_2h,5,fc_corr,initial_slope,resid
raw_rfu|initial_slope|resid,0.74,growth_abs,diploid,short_assay_2h,5,raw_rfu,initial_slope,resid
fc_corr|auc_0_1h|resid,0.55,growth_abs,diploid,short_assay_2h,5,fc_corr,auc_0_1h,resid
raw_delta|auc_0_1h|resid,0.29,growth_abs,diploid,short_assay_2h,5,raw_delta,auc_0_1h,resid
raw_delta_mm|initial_slope|resid,0.21,growth_abs,diploid,short_assay_2h,5,raw_delta_mm,initial_slope,resid
raw_rfu|auc_0_2h|resid,0.2,growth_abs,diploid,short_assay_2h,5,raw_rfu,auc_0_2h,resid
raw_delta_mm|auc_0_1h|resid,0.11,growth_abs,diploid,short_assay_2h,5,raw_delta_mm,auc_0_1h,resid
raw_delta|auc_0_2h|resid,0.06,growth_abs,diploid,short_assay_2h,5,raw_delta,auc_0_2h,resid
raw_delta|value_2h|resid,0.04,growth_abs,diploid,short_assay_2h,5,raw_delta,value_2h,resid
raw_rfu|value_2h|resid,0.03,growth_abs,diploid,short_assay_2h,5,raw_rfu,value_2h,resid
fc_corr|auc_0_2h|none,0.02,growth_abs,diploid,short_assay_2h,5,fc_corr,auc_0_2h,none
fc_corr|value_2h|none,0.02,growth_abs,diploid,short_assay_2h,5,fc_corr,value_2h,none
raw_delta_mm|value_2h|resid,0.02,growth_abs,diploid,short_assay_2h,5,raw_delta_mm,value_2h,resid
raw_rfu|baseline_value|none,0.02,growth_abs,diploid,short_assay_2h,5,raw_rfu,baseline_value,none
raw_rfu|baseline_value|resid,0.02,growth_abs,diploid,short_assay_2h,5,raw_rfu,baseline_value,resid
fc_corr_mm|auc_0_1h|none,0.01,growth_abs,diploid,short_assay_2h,5,fc_corr_mm,auc_0_1h,none
fc_corr_mm|initial_slope|none,0.01,growth_abs,diploid,short_assay_2h,5,fc_corr_mm,initial_slope,none
fc_corr|auc_0_2h|resid,0.01,growth_abs,diploid,short_assay_2h,5,fc_corr,auc_0_2h,resid
raw_delta_mm|auc_0_2h|resid,0.01,growth_abs,diploid,short_assay_2h,5,raw_delta_mm,auc_0_2h,resid
raw_delta_mm|rate_h2|resid,0.01,growth_abs,diploid,short_assay_2h,5,raw_delta_mm,rate_h2,resid
raw_delta|auc_0_2h|none,0.01,growth_abs,diploid,short_assay_2h,5,raw_delta,auc_0_2h,none
raw_rfu|auc_0_1h|resid,0.98,growth_abs,diploid,short_assay_2h,8,raw_rfu,auc_0_1h,resid
raw_rfu|value_1h|resid,0.98,growth_abs,diploid,short_assay_2h,8,raw_rfu,value_1h,resid
raw_rfu|initial_slope|resid,0.97,growth_abs,diploid,short_assay_2h,8,raw_rfu,initial_slope,resid
fc_corr|initial_slope|resid,0.91,growth_abs,diploid,short_assay_2h,8,fc_corr,initial_slope,resid
raw_delta|auc_0_1h|resid,0.9,growth_abs,diploid,short_assay_2h,8,raw_delta,auc_0_1h,resid
fc_corr|auc_0_1h|resid,0.82,growth_abs,diploid,short_assay_2h,8,fc_corr,auc_0_1h,resid
raw_delta_mm|initial_slope|resid,0.79,growth_abs,diploid,short_assay_2h,8,raw_delta_mm,initial_slope,resid
raw_delta_mm|auc_0_1h|resid,0.7,growth_abs,diploid,short_assay_2h,8,raw_delta_mm,auc_0_1h,resid
raw_rfu|auc_0_2h|resid,0.39,growth_abs,diploid,short_assay_2h,8,raw_rfu,auc_0_2h,resid
raw_delta|auc_0_2h|resid,0.16,growth_abs,diploid,short_assay_2h,8,raw_delta,auc_0_2h,resid
raw_rfu|rate_h2|none,0.06,growth_abs,diploid,short_assay_2h,8,raw_rfu,rate_h2,none
raw_delta_mm|initial_slope|none,0.05,growth_abs,diploid,short_assay_2h,8,raw_delta_mm,initial_slope,none
fc_corr|value_2h|none,0.04,growth_abs,diploid,short_assay_2h,8,fc_corr,value_2h,none
raw_delta_mm|auc_0_1h|none,0.04,growth_abs,diploid,short_assay_2h,8,raw_delta_mm,auc_0_1h,none
fc_corr|rate_h2|none,0.03,growth_abs,diploid,short_assay_2h,8,fc_corr,rate_h2,none
raw_delta_mm|auc_0_2h|resid,0.03,growth_abs,diploid,short_assay_2h,8,raw_delta_mm,auc_0_2h,resid
fc_corr|auc_0_2h|none,0.02,growth_abs,diploid,short_assay_2h,8,fc_corr,auc_0_2h,none
raw_delta|value_2h|resid,0.02,growth_abs,diploid,short_assay_2h,8,raw_delta,value_2h,resid
raw_rfu|rate_h2|resid,0.02,growth_abs,diploid,short_assay_2h,8,raw_rfu,rate_h2,resid
fc_corr_mm|auc_0_1h|none,0.01,growth_abs,diploid,short_assay_2h,8,fc_corr_mm,auc_0_1h,none
fc_corr_mm|auc_0_1h|resid,0.01,growth_abs,diploid,short_assay_2h,8,fc_corr_mm,auc_0_1h,resid
fc_corr_mm|initial_slope|none,0.01,growth_abs,diploid,short_assay_2h,8,fc_corr_mm,initial_slope,none
fc_corr_mm|initial_slope|resid,0.01,growth_abs,diploid,short_assay_2h,8,fc_corr_mm,initial_slope,resid
fc_corr_mm|rate_h2|none,0.01,growth_abs,diploid,short_assay_2h,8,fc_corr_mm,rate_h2,none
fc_corr|rate_h2|resid,0.01,growth_abs,diploid,short_assay_2h,8,fc_corr,rate_h2,resid
raw_delta_mm|rate_h2|none,0.01,growth_abs,diploid,short_assay_2h,8,raw_delta_mm,rate_h2,none
raw_delta_mm|value_2h|resid,0.01,growth_abs,diploid,short_assay_2h,8,raw_delta_mm,value_2h,resid
raw_rfu|value_2h|resid,0.01,growth_abs,diploid,short_assay_2h,8,raw_rfu,value_2h,resid
fc_corr|rate_last_first_ratio|resid,0.39,growth_abs,pooled_adj,all,3,fc_corr,rate_last_first_ratio,resid
raw_rfu|rate_last_first_ratio|resid,0.25,growth_abs,pooled_adj,all,3,raw_rfu,rate_last_first_ratio,resid
fc_corr|quad_coef|resid,0.24,growth_abs,pooled_adj,all,3,fc_corr,quad_coef,resid
raw_rfu|rate_last_first_ratio|none,0.24,growth_abs,pooled_adj,all,3,raw_rfu,rate_last_first_ratio,none
fc_corr|rate_last_first_ratio|none,0.22,growth_abs,pooled_adj,all,3,fc_corr,rate_last_first_ratio,none
raw_rfu|quad_coef|resid,0.2,growth_abs,pooled_adj,all,3,raw_rfu,quad_coef,resid
fc_corr|auc_0_3h|resid,0.18,growth_abs,pooled_adj,all,3,fc_corr,auc_0_3h,resid
raw_rfu|time_to_min_slope|none,0.15,growth_abs,pooled_adj,all,3,raw_rfu,time_to_min_slope,none
fc_corr_mm|auc_0_3h|resid,0.13,growth_abs,pooled_adj,all,3,fc_corr_mm,auc_0_3h,resid
fc_corr_mm|value_2h|resid,0.12,growth_abs,pooled_adj,all,3,fc_corr_mm,value_2h,resid
fc_corr|value_2h|resid,0.12,growth_abs,pooled_adj,all,3,fc_corr,value_2h,resid
raw_delta_mm|quad_coef|resid,0.12,growth_abs,pooled_adj,all,3,raw_delta_mm,quad_coef,resid
fc_corr|auc_0_2h|resid,0.06,growth_abs,pooled_adj,all,3,fc_corr,auc_0_2h,resid
raw_delta_mm|rate_h2|resid,0.05,growth_abs,pooled_adj,all,3,raw_delta_mm,rate_h2,resid
raw_delta_mm|rate_h4|none,0.05,growth_abs,pooled_adj,all,3,raw_delta_mm,rate_h4,none
raw_rfu|rate_h4|none,0.05,growth_abs,pooled_adj,all,3,raw_rfu,rate_h4,none
raw_rfu|time_to_peak|resid,0.05,growth_abs,pooled_adj,all,3,raw_rfu,time_to_peak,resid
fc_corr_mm|auc_total|resid,0.03,growth_abs,pooled_adj,all,3,fc_corr_mm,auc_total,resid
fc_corr|rate_h2|none,0.03,growth_abs,pooled_adj,all,3,fc_corr,rate_h2,none
fc_corr_mm|sat_asymptote|resid,0.02,growth_abs,pooled_adj,all,3,fc_corr_mm,sat_asymptote,resid
fc_corr_mm|sat_k|none,0.02,growth_abs,pooled_adj,all,3,fc_corr_mm,sat_k,none
fc_corr|auc_early|resid,0.02,growth_abs,pooled_adj,all,3,fc_corr,auc_early,resid
fc_corr|rate_cv|resid,0.02,growth_abs,pooled_adj,all,3,fc_corr,rate_cv,resid
fc_corr|sat_k|none,0.02,growth_abs,pooled_adj,all,3,fc_corr,sat_k,none
raw_rfu|time_to_min_slope|resid,0.02,growth_abs,pooled_adj,all,3,raw_rfu,time_to_min_slope,resid
raw_rfu|time_to_vmax|none,0.02,growth_abs,pooled_adj,all,3,raw_rfu,time_to_vmax,none
raw_rfu|value_2h|resid,0.02,growth_abs,pooled_adj,all,3,raw_rfu,value_2h,resid
fc_corr_mm|rate_h2|none,0.01,growth_abs,pooled_adj,all,3,fc_corr_mm,rate_h2,none
fc_corr|auc_0_1h|resid,0.01,growth_abs,pooled_adj,all,3,fc_corr,auc_0_1h,resid
fc_corr|auc_total|resid,0.01,growth_abs,pooled_adj,all,3,fc_corr,auc_total,resid
fc_corr|initial_slope|resid,0.01,growth_abs,pooled_adj,all,3,fc_corr,initial_slope,resid
fc_corr|rate_h4|none,0.01,growth_abs,pooled_adj,all,3,fc_corr,rate_h4,none
fc_corr|sat_k|resid,0.01,growth_abs,pooled_adj,all,3,fc_corr,sat_k,resid
raw_delta_mm|auc_0_3h|resid,0.01,growth_abs,pooled_adj,all,3,raw_delta_mm,auc_0_3h,resid
raw_delta_mm|max_drop|resid,0.01,growth_abs,pooled_adj,all,3,raw_delta_mm,max_drop,resid
raw_delta_mm|rate_h4|resid,0.01,growth_abs,pooled_adj,all,3,raw_delta_mm,rate_h4,resid
raw_delta_mm|sat_k|resid,0.01,growth_abs,pooled_adj,all,3,raw_delta_mm,sat_k,resid
raw_delta|value_2h|resid,0.01,growth_abs,pooled_adj,all,3,raw_delta,value_2h,resid
raw_rfu|baseline_value|none,0.01,growth_abs,pooled_adj,all,3,raw_rfu,baseline_value,none
raw_rfu|rate_cv|resid,0.01,growth_abs,pooled_adj,all,3,raw_rfu,rate_cv,resid
raw_rfu|sat_k|none,0.01,growth_abs,pooled_adj,all,3,raw_rfu,sat_k,none
raw_rfu|sat_k|resid,0.01,growth_abs,pooled_adj,all,3,raw_rfu,sat_k,resid
raw_rfu|time_to_peak|none,0.01,growth_abs,pooled_adj,all,3,raw_rfu,time_to_peak,none
fc_corr|rate_last_first_ratio|resid,0.44,growth_abs,pooled_adj,all,5,fc_corr,rate_last_first_ratio,resid
raw_rfu|rate_last_first_ratio|resid,0.38,growth_abs,pooled_adj,all,5,raw_rfu,rate_last_first_ratio,resid
fc_corr|rate_last_first_ratio|none,0.34,growth_abs,pooled_adj,all,5,fc_corr,rate_last_first_ratio,none
raw_rfu|rate_last_first_ratio|none,0.32,growth_abs,pooled_adj,all,5,raw_rfu,rate_last_first_ratio,none
raw_rfu|quad_coef|resid,0.31,growth_abs,pooled_adj,all,5,raw_rfu,quad_coef,resid
fc_corr|auc_0_3h|resid,0.3,growth_abs,pooled_adj,all,5,fc_corr,auc_0_3h,resid
fc_corr|quad_coef|resid,0.3,growth_abs,pooled_adj,all,5,fc_corr,quad_coef,resid
fc_corr_mm|auc_0_3h|resid,0.29,growth_abs,pooled_adj,all,5,fc_corr_mm,auc_0_3h,resid
fc_corr_mm|value_2h|resid,0.23,growth_abs,pooled_adj,all,5,fc_corr_mm,value_2h,resid
raw_delta_mm|rate_h4|none,0.19,growth_abs,pooled_adj,all,5,raw_delta_mm,rate_h4,none
raw_rfu|time_to_min_slope|none,0.19,growth_abs,pooled_adj,all,5,raw_rfu,time_to_min_slope,none
fc_corr|value_2h|resid,0.17,growth_abs,pooled_adj,all,5,fc_corr,value_2h,resid
raw_delta_mm|quad_coef|resid,0.17,growth_abs,pooled_adj,all,5,raw_delta_mm,quad_coef,resid
raw_delta_mm|rate_h2|resid,0.14,growth_abs,pooled_adj,all,5,raw_delta_mm,rate_h2,resid
raw_rfu|rate_h4|none,0.1,growth_abs,pooled_adj,all,5,raw_rfu,rate_h4,none
fc_corr_mm|auc_total|resid,0.09,growth_abs,pooled_adj,all,5,fc_corr_mm,auc_total,resid
fc_corr|auc_0_2h|resid,0.09,growth_abs,pooled_adj,all,5,fc_corr,auc_0_2h,resid
raw_rfu|time_to_peak|resid,0.09,growth_abs,pooled_adj,all,5,raw_rfu,time_to_peak,resid
fc_corr|auc_early|resid,0.07,growth_abs,pooled_adj,all,5,fc_corr,auc_early,resid
fc_corr_mm|quad_coef|resid,0.05,growth_abs,pooled_adj,all,5,fc_corr_mm,quad_coef,resid
fc_corr|sat_k|none,0.05,growth_abs,pooled_adj,all,5,fc_corr,sat_k,none
raw_delta|value_2h|resid,0.05,growth_abs,pooled_adj,all,5,raw_delta,value_2h,resid
fc_corr|auc_total|resid,0.04,growth_abs,pooled_adj,all,5,fc_corr,auc_total,resid
fc_corr_mm|rate_h2|resid,0.03,growth_abs,pooled_adj,all,5,fc_corr_mm,rate_h2,resid
fc_corr_mm|sat_k|none,0.03,growth_abs,pooled_adj,all,5,fc_corr_mm,sat_k,none
fc_corr|initial_slope|resid,0.03,growth_abs,pooled_adj,all,5,fc_corr,initial_slope,resid
fc_corr|rate_cv|resid,0.03,growth_abs,pooled_adj,all,5,fc_corr,rate_cv,resid
raw_rfu|baseline_value|none,0.03,growth_abs,pooled_adj,all,5,raw_rfu,baseline_value,none
raw_rfu|rate_cv|resid,0.03,growth_abs,pooled_adj,all,5,raw_rfu,rate_cv,resid
raw_rfu|sat_k|none,0.03,growth_abs,pooled_adj,all,5,raw_rfu,sat_k,none
fc_corr_mm|sat_k|resid,0.02,growth_abs,pooled_adj,all,5,fc_corr_mm,sat_k,resid
fc_corr_mm|value_2h|none,0.02,growth_abs,pooled_adj,all,5,fc_corr_mm,value_2h,none
fc_corr|auc_0_1h|resid,0.02,growth_abs,pooled_adj,all,5,fc_corr,auc_0_1h,resid
fc_corr|rate_h2|none,0.02,growth_abs,pooled_adj,all,5,fc_corr,rate_h2,none
fc_corr|sat_k|resid,0.02,growth_abs,pooled_adj,all,5,fc_corr,sat_k,resid
fc_corr|value_2h|none,0.02,growth_abs,pooled_adj,all,5,fc_corr,value_2h,none
raw_delta_mm|sat_k|resid,0.02,growth_abs,pooled_adj,all,5,raw_delta_mm,sat_k,resid
raw_rfu|rate_h4|resid,0.02,growth_abs,pooled_adj,all,5,raw_rfu,rate_h4,resid
raw_rfu|sat_k|resid,0.02,growth_abs,pooled_adj,all,5,raw_rfu,sat_k,resid
raw_rfu|time_to_min_slope|resid,0.02,growth_abs,pooled_adj,all,5,raw_rfu,time_to_min_slope,resid
raw_rfu|time_to_vmax|none,0.02,growth_abs,pooled_adj,all,5,raw_rfu,time_to_vmax,none
raw_rfu|value_2h|resid,0.02,growth_abs,pooled_adj,all,5,raw_rfu,value_2h,resid
fc_corr_mm|max_drop|resid,0.01,growth_abs,pooled_adj,all,5,fc_corr_mm,max_drop,resid
fc_corr_mm|rate_h3|resid,0.01,growth_abs,pooled_adj,all,5,fc_corr_mm,rate_h3,resid
fc_corr_mm|rate_h4|none,0.01,growth_abs,pooled_adj,all,5,fc_corr_mm,rate_h4,none
fc_corr|auc_early|none,0.01,growth_abs,pooled_adj,all,5,fc_corr,auc_early,none
fc_corr|rate_cv|none,0.01,growth_abs,pooled_adj,all,5,fc_corr,rate_cv,none
fc_corr|rate_h4|none,0.01,growth_abs,pooled_adj,all,5,fc_corr,rate_h4,none
fc_corr|sat_asymptote|none,0.01,growth_abs,pooled_adj,all,5,fc_corr,sat_asymptote,none
raw_delta_mm|max_drop|resid,0.01,growth_abs,pooled_adj,all,5,raw_delta_mm,max_drop,resid
raw_delta_mm|sat_k|none,0.01,growth_abs,pooled_adj,all,5,raw_delta_mm,sat_k,none
raw_delta|auc_0_3h|resid,0.01,growth_abs,pooled_adj,all,5,raw_delta,auc_0_3h,resid
raw_rfu|auc_early|resid,0.01,growth_abs,pooled_adj,all,5,raw_rfu,auc_early,resid
raw_rfu|max_drop|resid,0.01,growth_abs,pooled_adj,all,5,raw_rfu,max_drop,resid
raw_rfu|rate_cv|none,0.01,growth_abs,pooled_adj,all,5,raw_rfu,rate_cv,none
raw_rfu|rate_h2|none,0.01,growth_abs,pooled_adj,all,5,raw_rfu,rate_h2,none
raw_rfu|time_to_peak|none,0.01,growth_abs,pooled_adj,all,5,raw_rfu,time_to_peak,none
fc_corr|rate_last_first_ratio|resid,0.56,growth_abs,pooled_adj,all,8,fc_corr,rate_last_first_ratio,resid
fc_corr|rate_last_first_ratio|none,0.52,growth_abs,pooled_adj,all,8,fc_corr,rate_last_first_ratio,none
raw_rfu|rate_last_first_ratio|none,0.52,growth_abs,pooled_adj,all,8,raw_rfu,rate_last_first_ratio,none
raw_rfu|rate_last_first_ratio|resid,0.5,growth_abs,pooled_adj,all,8,raw_rfu,rate_last_first_ratio,resid
fc_corr_mm|auc_0_3h|resid,0.39,growth_abs,pooled_adj,all,8,fc_corr_mm,auc_0_3h,resid
fc_corr_mm|value_2h|resid,0.39,growth_abs,pooled_adj,all,8,fc_corr_mm,value_2h,resid
fc_corr|auc_0_3h|resid,0.38,growth_abs,pooled_adj,all,8,fc_corr,auc_0_3h,resid
raw_delta_mm|rate_h4|none,0.36,growth_abs,pooled_adj,all,8,raw_delta_mm,rate_h4,none
fc_corr|value_2h|resid,0.33,growth_abs,pooled_adj,all,8,fc_corr,value_2h,resid
fc_corr|quad_coef|resid,0.31,growth_abs,pooled_adj,all,8,fc_corr,quad_coef,resid
raw_rfu|rate_h4|none,0.31,growth_abs,pooled_adj,all,8,raw_rfu,rate_h4,none
raw_rfu|quad_coef|resid,0.29,growth_abs,pooled_adj,all,8,raw_rfu,quad_coef,resid
raw_rfu|time_to_min_slope|none,0.24,growth_abs,pooled_adj,all,8,raw_rfu,time_to_min_slope,none
raw_delta_mm|rate_h2|resid,0.23,growth_abs,pooled_adj,all,8,raw_delta_mm,rate_h2,resid
fc_corr|auc_0_2h|resid,0.17,growth_abs,pooled_adj,all,8,fc_corr,auc_0_2h,resid
raw_delta_mm|quad_coef|resid,0.17,growth_abs,pooled_adj,all,8,raw_delta_mm,quad_coef,resid
fc_corr|auc_early|resid,0.16,growth_abs,pooled_adj,all,8,fc_corr,auc_early,resid
fc_corr_mm|auc_total|resid,0.15,growth_abs,pooled_adj,all,8,fc_corr_mm,auc_total,resid
fc_corr_mm|rate_h2|resid,0.15,growth_abs,pooled_adj,all,8,fc_corr_mm,rate_h2,resid
fc_corr_mm|rate_h4|none,0.14,growth_abs,pooled_adj,all,8,fc_corr_mm,rate_h4,none
fc_corr|auc_total|resid,0.14,growth_abs,pooled_adj,all,8,fc_corr,auc_total,resid
fc_corr|rate_h4|none,0.14,growth_abs,pooled_adj,all,8,fc_corr,rate_h4,none
raw_rfu|rate_h2|resid,0.11,growth_abs,pooled_adj,all,8,raw_rfu,rate_h2,resid
raw_rfu|rate_h4|resid,0.11,growth_abs,pooled_adj,all,8,raw_rfu,rate_h4,resid
raw_delta_mm|rate_h4|resid,0.09,growth_abs,pooled_adj,all,8,raw_delta_mm,rate_h4,resid
fc_corr|rate_h2|resid,0.08,growth_abs,pooled_adj,all,8,fc_corr,rate_h2,resid
fc_corr_mm|quad_coef|resid,0.07,growth_abs,pooled_adj,all,8,fc_corr_mm,quad_coef,resid
fc_corr|rate_h2|none,0.07,growth_abs,pooled_adj,all,8,fc_corr,rate_h2,none
raw_delta|value_2h|resid,0.07,growth_abs,pooled_adj,all,8,raw_delta,value_2h,resid
fc_corr_mm|sat_k|none,0.06,growth_abs,pooled_adj,all,8,fc_corr_mm,sat_k,none
fc_corr|sat_k|none,0.06,growth_abs,pooled_adj,all,8,fc_corr,sat_k,none
raw_delta_mm|value_2h|resid,0.06,growth_abs,pooled_adj,all,8,raw_delta_mm,value_2h,resid
raw_rfu|rate_h2|none,0.05,growth_abs,pooled_adj,all,8,raw_rfu,rate_h2,none
raw_rfu|time_to_peak|resid,0.05,growth_abs,pooled_adj,all,8,raw_rfu,time_to_peak,resid
fc_corr_mm|rate_h2|none,0.04,growth_abs,pooled_adj,all,8,fc_corr_mm,rate_h2,none
raw_delta_mm|max_drop|resid,0.04,growth_abs,pooled_adj,all,8,raw_delta_mm,max_drop,resid
raw_rfu|rate_cv|resid,0.04,growth_abs,pooled_adj,all,8,raw_rfu,rate_cv,resid
raw_rfu|sat_k|none,0.04,growth_abs,pooled_adj,all,8,raw_rfu,sat_k,none
fc_corr_mm|max_drop|resid,0.03,growth_abs,pooled_adj,all,8,fc_corr_mm,max_drop,resid
raw_delta_mm|sat_k|none,0.03,growth_abs,pooled_adj,all,8,raw_delta_mm,sat_k,none
raw_rfu|auc_early|resid,0.03,growth_abs,pooled_adj,all,8,raw_rfu,auc_early,resid
raw_rfu|baseline_value|none,0.03,growth_abs,pooled_adj,all,8,raw_rfu,baseline_value,none
fc_corr|initial_slope|resid,0.02,growth_abs,pooled_adj,all,8,fc_corr,initial_slope,resid
fc_corr|rate_cv|resid,0.02,growth_abs,pooled_adj,all,8,fc_corr,rate_cv,resid
fc_corr|value_2h|none,0.02,growth_abs,pooled_adj,all,8,fc_corr,value_2h,none
raw_delta|auc_0_3h|resid,0.02,growth_abs,pooled_adj,all,8,raw_delta,auc_0_3h,resid
raw_rfu|time_to_peak|none,0.02,growth_abs,pooled_adj,all,8,raw_rfu,time_to_peak,none
fc_corr_mm|auc_late|resid,0.01,growth_abs,pooled_adj,all,8,fc_corr_mm,auc_late,resid
fc_corr_mm|quad_coef|none,0.01,growth_abs,pooled_adj,all,8,fc_corr_mm,quad_coef,none
fc_corr_mm|rate_h3|resid,0.01,growth_abs,pooled_adj,all,8,fc_corr_mm,rate_h3,resid
fc_corr_mm|value_2h|none,0.01,growth_abs,pooled_adj,all,8,fc_corr_mm,value_2h,none
fc_corr|auc_0_1h|resid,0.01,growth_abs,pooled_adj,all,8,fc_corr,auc_0_1h,resid
fc_corr|auc_0_2h|none,0.01,growth_abs,pooled_adj,all,8,fc_corr,auc_0_2h,none
fc_corr|auc_early|none,0.01,growth_abs,pooled_adj,all,8,fc_corr,auc_early,none
fc_corr|max_drop|resid,0.01,growth_abs,pooled_adj,all,8,fc_corr,max_drop,resid
fc_corr|quad_coef|none,0.01,growth_abs,pooled_adj,all,8,fc_corr,quad_coef,none
raw_delta_mm|rate_h2|none,0.01,growth_abs,pooled_adj,all,8,raw_delta_mm,rate_h2,none
raw_delta_mm|sat_asymptote|resid,0.01,growth_abs,pooled_adj,all,8,raw_delta_mm,sat_asymptote,resid
raw_delta|auc_0_2h|resid,0.01,growth_abs,pooled_adj,all,8,raw_delta,auc_0_2h,resid
raw_delta|auc_early|resid,0.01,growth_abs,pooled_adj,all,8,raw_delta,auc_early,resid
raw_rfu|auc_0_2h|resid,0.01,growth_abs,pooled_adj,all,8,raw_rfu,auc_0_2h,resid
raw_rfu|auc_0_3h|resid,0.01,growth_abs,pooled_adj,all,8,raw_rfu,auc_0_3h,resid
raw_rfu|inflection_time|resid,0.01,growth_abs,pooled_adj,all,8,raw_rfu,inflection_time,resid
raw_rfu|max_drop|resid,0.01,growth_abs,pooled_adj,all,8,raw_rfu,max_drop,resid
raw_rfu|time_to_min_slope|resid,0.01,growth_abs,pooled_adj,all,8,raw_rfu,time_to_min_slope,resid
raw_rfu|value_2h|resid,0.01,growth_abs,pooled_adj,all,8,raw_rfu,value_2h,resid
fc_corr_mm|rate_h4|none,0.68,growth_abs,pooled_adj,fc_corr_mm_none,3,fc_corr_mm,rate_h4,none
fc_corr_mm|value_2h|none,0.62,growth_abs,pooled_adj,fc_corr_mm_none,3,fc_corr_mm,value_2h,none
fc_corr_mm|quad_coef|none,0.58,growth_abs,pooled_adj,fc_corr_mm_none,3,fc_corr_mm,quad_coef,none
fc_corr_mm|rate_h2|none,0.42,growth_abs,pooled_adj,fc_corr_mm_none,3,fc_corr_mm,rate_h2,none
fc_corr_mm|sat_k|none,0.32,growth_abs,pooled_adj,fc_corr_mm_none,3,fc_corr_mm,sat_k,none
fc_corr_mm|auc_0_3h|none,0.16,growth_abs,pooled_adj,fc_corr_mm_none,3,fc_corr_mm,auc_0_3h,none
fc_corr_mm|auc_early|none,0.06,growth_abs,pooled_adj,fc_corr_mm_none,3,fc_corr_mm,auc_early,none
fc_corr_mm|min_slope|none,0.06,growth_abs,pooled_adj,fc_corr_mm_none,3,fc_corr_mm,min_slope,none
fc_corr_mm|sat_asymptote|none,0.04,growth_abs,pooled_adj,fc_corr_mm_none,3,fc_corr_mm,sat_asymptote,none
fc_corr_mm|max_drop|none,0.02,growth_abs,pooled_adj,fc_corr_mm_none,3,fc_corr_mm,max_drop,none
fc_corr_mm|auc_0_1h|none,0.01,growth_abs,pooled_adj,fc_corr_mm_none,3,fc_corr_mm,auc_0_1h,none
fc_corr_mm|depression_abs|none,0.01,growth_abs,pooled_adj,fc_corr_mm_none,3,fc_corr_mm,depression_abs,none
fc_corr_mm|initial_slope|none,0.01,growth_abs,pooled_adj,fc_corr_mm_none,3,fc_corr_mm,initial_slope,none
fc_corr_mm|rate_h3|none,0.01,growth_abs,pooled_adj,fc_corr_mm_none,3,fc_corr_mm,rate_h3,none
fc_corr_mm|value_2h|none,0.89,growth_abs,pooled_adj,fc_corr_mm_none,5,fc_corr_mm,value_2h,none
fc_corr_mm|quad_coef|none,0.83,growth_abs,pooled_adj,fc_corr_mm_none,5,fc_corr_mm,quad_coef,none
fc_corr_mm|rate_h4|none,0.74,growth_abs,pooled_adj,fc_corr_mm_none,5,fc_corr_mm,rate_h4,none
fc_corr_mm|rate_h2|none,0.63,growth_abs,pooled_adj,fc_corr_mm_none,5,fc_corr_mm,rate_h2,none
fc_corr_mm|auc_0_3h|none,0.61,growth_abs,pooled_adj,fc_corr_mm_none,5,fc_corr_mm,auc_0_3h,none
fc_corr_mm|auc_early|none,0.37,growth_abs,pooled_adj,fc_corr_mm_none,5,fc_corr_mm,auc_early,none
fc_corr_mm|sat_k|none,0.35,growth_abs,pooled_adj,fc_corr_mm_none,5,fc_corr_mm,sat_k,none
fc_corr_mm|min_slope|none,0.17,growth_abs,pooled_adj,fc_corr_mm_none,5,fc_corr_mm,min_slope,none
fc_corr_mm|auc_total|none,0.09,growth_abs,pooled_adj,fc_corr_mm_none,5,fc_corr_mm,auc_total,none
fc_corr_mm|sat_asymptote|none,0.09,growth_abs,pooled_adj,fc_corr_mm_none,5,fc_corr_mm,sat_asymptote,none
fc_corr_mm|auc_0_2h|none,0.06,growth_abs,pooled_adj,fc_corr_mm_none,5,fc_corr_mm,auc_0_2h,none
fc_corr_mm|rate_h3|none,0.04,growth_abs,pooled_adj,fc_corr_mm_none,5,fc_corr_mm,rate_h3,none
fc_corr_mm|depression_abs|none,0.03,growth_abs,pooled_adj,fc_corr_mm_none,5,fc_corr_mm,depression_abs,none
fc_corr_mm|initial_slope|none,0.03,growth_abs,pooled_adj,fc_corr_mm_none,5,fc_corr_mm,initial_slope,none
fc_corr_mm|max_drop|none,0.03,growth_abs,pooled_adj,fc_corr_mm_none,5,fc_corr_mm,max_drop,none
fc_corr_mm|value_3h|none,0.02,growth_abs,pooled_adj,fc_corr_mm_none,5,fc_corr_mm,value_3h,none
fc_corr_mm|peak_value|none,0.01,growth_abs,pooled_adj,fc_corr_mm_none,5,fc_corr_mm,peak_value,none
fc_corr_mm|vmax|none,0.01,growth_abs,pooled_adj,fc_corr_mm_none,5,fc_corr_mm,vmax,none
fc_corr_mm|value_2h|none,0.98,growth_abs,pooled_adj,fc_corr_mm_none,8,fc_corr_mm,value_2h,none
fc_corr_mm|auc_0_3h|none,0.92,growth_abs,pooled_adj,fc_corr_mm_none,8,fc_corr_mm,auc_0_3h,none
fc_corr_mm|quad_coef|none,0.92,growth_abs,pooled_adj,fc_corr_mm_none,8,fc_corr_mm,quad_coef,none
fc_corr_mm|rate_h4|none,0.81,growth_abs,pooled_adj,fc_corr_mm_none,8,fc_corr_mm,rate_h4,none
fc_corr_mm|auc_early|none,0.8,growth_abs,pooled_adj,fc_corr_mm_none,8,fc_corr_mm,auc_early,none
fc_corr_mm|rate_h2|none,0.67,growth_abs,pooled_adj,fc_corr_mm_none,8,fc_corr_mm,rate_h2,none
fc_corr_mm|auc_0_2h|none,0.54,growth_abs,pooled_adj,fc_corr_mm_none,8,fc_corr_mm,auc_0_2h,none
fc_corr_mm|sat_k|none,0.51,growth_abs,pooled_adj,fc_corr_mm_none,8,fc_corr_mm,sat_k,none
fc_corr_mm|auc_total|none,0.45,growth_abs,pooled_adj,fc_corr_mm_none,8,fc_corr_mm,auc_total,none
fc_corr_mm|initial_slope|none,0.26,growth_abs,pooled_adj,fc_corr_mm_none,8,fc_corr_mm,initial_slope,none
fc_corr_mm|min_slope|none,0.25,growth_abs,pooled_adj,fc_corr_mm_none,8,fc_corr_mm,min_slope,none
fc_corr_mm|auc_0_1h|none,0.15,growth_abs,pooled_adj,fc_corr_mm_none,8,fc_corr_mm,auc_0_1h,none
fc_corr_mm|sat_asymptote|none,0.15,growth_abs,pooled_adj,fc_corr_mm_none,8,fc_corr_mm,sat_asymptote,none
fc_corr_mm|rate_h3|none,0.14,growth_abs,pooled_adj,fc_corr_mm_none,8,fc_corr_mm,rate_h3,none
fc_corr_mm|max_drop|none,0.09,growth_abs,pooled_adj,fc_corr_mm_none,8,fc_corr_mm,max_drop,none
fc_corr_mm|depression_abs|none,0.08,growth_abs,pooled_adj,fc_corr_mm_none,8,fc_corr_mm,depression_abs,none
fc_corr_mm|auc_late|none,0.07,growth_abs,pooled_adj,fc_corr_mm_none,8,fc_corr_mm,auc_late,none
fc_corr_mm|peak_value|none,0.06,growth_abs,pooled_adj,fc_corr_mm_none,8,fc_corr_mm,peak_value,none
fc_corr_mm|vmax|none,0.04,growth_abs,pooled_adj,fc_corr_mm_none,8,fc_corr_mm,vmax,none
fc_corr_mm|lin_slope|none,0.03,growth_abs,pooled_adj,fc_corr_mm_none,8,fc_corr_mm,lin_slope,none
fc_corr_mm|value_3h|none,0.03,growth_abs,pooled_adj,fc_corr_mm_none,8,fc_corr_mm,value_3h,none
fc_corr_mm|delta_auc_late_minus_early|none,0.02,growth_abs,pooled_adj,fc_corr_mm_none,8,fc_corr_mm,delta_auc_late_minus_early,none
fc_corr_mm|final_value|none,0.02,growth_abs,pooled_adj,fc_corr_mm_none,8,fc_corr_mm,final_value,none
fc_corr_mm|value_4h|none,0.01,growth_abs,pooled_adj,fc_corr_mm_none,8,fc_corr_mm,value_4h,none
fc_corr_mm|value_2h|resid,0.57,growth_abs,pooled_adj,short_assay_2h,3,fc_corr_mm,value_2h,resid
fc_corr|value_2h|resid,0.55,growth_abs,pooled_adj,short_assay_2h,3,fc_corr,value_2h,resid
fc_corr|auc_0_2h|resid,0.42,growth_abs,pooled_adj,short_assay_2h,3,fc_corr,auc_0_2h,resid
raw_delta_mm|rate_h2|resid,0.4,growth_abs,pooled_adj,short_assay_2h,3,raw_delta_mm,rate_h2,resid
raw_delta|value_2h|resid,0.14,growth_abs,pooled_adj,short_assay_2h,3,raw_delta,value_2h,resid
fc_corr|initial_slope|resid,0.13,growth_abs,pooled_adj,short_assay_2h,3,fc_corr,initial_slope,resid
fc_corr_mm|rate_h2|resid,0.12,growth_abs,pooled_adj,short_assay_2h,3,fc_corr_mm,rate_h2,resid
raw_delta_mm|value_2h|resid,0.11,growth_abs,pooled_adj,short_assay_2h,3,raw_delta_mm,value_2h,resid
fc_corr|auc_0_1h|resid,0.1,growth_abs,pooled_adj,short_assay_2h,3,fc_corr,auc_0_1h,resid
raw_rfu|value_2h|resid,0.1,growth_abs,pooled_adj,short_assay_2h,3,raw_rfu,value_2h,resid
fc_corr|value_2h|none,0.07,growth_abs,pooled_adj,short_assay_2h,3,fc_corr,value_2h,none
fc_corr_mm|value_2h|none,0.06,growth_abs,pooled_adj,short_assay_2h,3,fc_corr_mm,value_2h,none
raw_rfu|baseline_value|none,0.05,growth_abs,pooled_adj,short_assay_2h,3,raw_rfu,baseline_value,none
raw_rfu|auc_0_2h|resid,0.04,growth_abs,pooled_adj,short_assay_2h,3,raw_rfu,auc_0_2h,resid
raw_rfu|rate_h2|resid,0.04,growth_abs,pooled_adj,short_assay_2h,3,raw_rfu,rate_h2,resid
fc_corr|rate_h2|none,0.03,growth_abs,pooled_adj,short_assay_2h,3,fc_corr,rate_h2,none
fc_corr|auc_0_2h|none,0.02,growth_abs,pooled_adj,short_assay_2h,3,fc_corr,auc_0_2h,none
fc_corr|rate_h2|resid,0.02,growth_abs,pooled_adj,short_assay_2h,3,fc_corr,rate_h2,resid
fc_corr|initial_slope|none,0.01,growth_abs,pooled_adj,short_assay_2h,3,fc_corr,initial_slope,none
raw_delta|auc_0_2h|resid,0.01,growth_abs,pooled_adj,short_assay_2h,3,raw_delta,auc_0_2h,resid
raw_rfu|auc_0_1h|resid,0.01,growth_abs,pooled_adj,short_assay_2h,3,raw_rfu,auc_0_1h,resid
fc_corr_mm|value_2h|resid,0.74,growth_abs,pooled_adj,short_assay_2h,5,fc_corr_mm,value_2h,resid
fc_corr|value_2h|resid,0.69,growth_abs,pooled_adj,short_assay_2h,5,fc_corr,value_2h,resid
fc_corr|auc_0_2h|resid,0.54,growth_abs,pooled_adj,short_assay_2h,5,fc_corr,auc_0_2h,resid
raw_delta_mm|rate_h2|resid,0.47,growth_abs,pooled_adj,short_assay_2h,5,raw_delta_mm,rate_h2,resid
fc_corr_mm|rate_h2|resid,0.32,growth_abs,pooled_adj,short_assay_2h,5,fc_corr_mm,rate_h2,resid
raw_delta|value_2h|resid,0.31,growth_abs,pooled_adj,short_assay_2h,5,raw_delta,value_2h,resid
raw_delta_mm|value_2h|resid,0.26,growth_abs,pooled_adj,short_assay_2h,5,raw_delta_mm,value_2h,resid
raw_rfu|rate_h2|resid,0.21,growth_abs,pooled_adj,short_assay_2h,5,raw_rfu,rate_h2,resid
fc_corr|auc_0_1h|resid,0.16,growth_abs,pooled_adj,short_assay_2h,5,fc_corr,auc_0_1h,resid
fc_corr|initial_slope|resid,0.16,growth_abs,pooled_adj,short_assay_2h,5,fc_corr,initial_slope,resid
raw_rfu|value_2h|resid,0.15,growth_abs,pooled_adj,short_assay_2h,5,raw_rfu,value_2h,resid
fc_corr|rate_h2|none,0.13,growth_abs,pooled_adj,short_assay_2h,5,fc_corr,rate_h2,none
fc_corr|value_2h|none,0.12,growth_abs,pooled_adj,short_assay_2h,5,fc_corr,value_2h,none
fc_corr_mm|value_2h|none,0.1,growth_abs,pooled_adj,short_assay_2h,5,fc_corr_mm,value_2h,none
fc_corr|rate_h2|resid,0.1,growth_abs,pooled_adj,short_assay_2h,5,fc_corr,rate_h2,resid
raw_delta|auc_0_2h|resid,0.09,growth_abs,pooled_adj,short_assay_2h,5,raw_delta,auc_0_2h,resid
raw_rfu|auc_0_2h|resid,0.08,growth_abs,pooled_adj,short_assay_2h,5,raw_rfu,auc_0_2h,resid
raw_rfu|baseline_value|none,0.07,growth_abs,pooled_adj,short_assay_2h,5,raw_rfu,baseline_value,none
raw_rfu|rate_h2|none,0.07,growth_abs,pooled_adj,short_assay_2h,5,raw_rfu,rate_h2,none
fc_corr_mm|auc_0_2h|resid,0.06,growth_abs,pooled_adj,short_assay_2h,5,fc_corr_mm,auc_0_2h,resid
fc_corr_mm|rate_h2|none,0.06,growth_abs,pooled_adj,short_assay_2h,5,fc_corr_mm,rate_h2,none
fc_corr|auc_0_2h|none,0.04,growth_abs,pooled_adj,short_assay_2h,5,fc_corr,auc_0_2h,none
fc_corr_mm|auc_0_2h|none,0.01,growth_abs,pooled_adj,short_assay_2h,5,fc_corr_mm,auc_0_2h,none
fc_corr|auc_0_1h|none,0.01,growth_abs,pooled_adj,short_assay_2h,5,fc_corr,auc_0_1h,none
fc_corr|initial_slope|none,0.01,growth_abs,pooled_adj,short_assay_2h,5,fc_corr,initial_slope,none
raw_delta_mm|rate_h2|none,0.01,growth_abs,pooled_adj,short_assay_2h,5,raw_delta_mm,rate_h2,none
raw_rfu|auc_0_1h|resid,0.01,growth_abs,pooled_adj,short_assay_2h,5,raw_rfu,auc_0_1h,resid
raw_rfu|baseline_value|resid,0.01,growth_abs,pooled_adj,short_assay_2h,5,raw_rfu,baseline_value,resid
raw_rfu|value_1h|resid,0.01,growth_abs,pooled_adj,short_assay_2h,5,raw_rfu,value_1h,resid
fc_corr_mm|value_2h|resid,0.86,growth_abs,pooled_adj,short_assay_2h,8,fc_corr_mm,value_2h,resid
fc_corr|value_2h|resid,0.79,growth_abs,pooled_adj,short_assay_2h,8,fc_corr,value_2h,resid
fc_corr|auc_0_2h|resid,0.73,growth_abs,pooled_adj,short_assay_2h,8,fc_corr,auc_0_2h,resid
raw_delta|value_2h|resid,0.56,growth_abs,pooled_adj,short_assay_2h,8,raw_delta,value_2h,resid
raw_delta_mm|rate_h2|resid,0.55,growth_abs,pooled_adj,short_assay_2h,8,raw_delta_mm,rate_h2,resid
raw_delta_mm|value_2h|resid,0.48,growth_abs,pooled_adj,short_assay_2h,8,raw_delta_mm,value_2h,resid
raw_rfu|value_2h|resid,0.38,growth_abs,pooled_adj,short_assay_2h,8,raw_rfu,value_2h,resid
fc_corr|initial_slope|resid,0.35,growth_abs,pooled_adj,short_assay_2h,8,fc_corr,initial_slope,resid
fc_corr_mm|rate_h2|resid,0.34,growth_abs,pooled_adj,short_assay_2h,8,fc_corr_mm,rate_h2,resid
fc_corr|auc_0_1h|resid,0.34,growth_abs,pooled_adj,short_assay_2h,8,fc_corr,auc_0_1h,resid
raw_rfu|rate_h2|resid,0.28,growth_abs,pooled_adj,short_assay_2h,8,raw_rfu,rate_h2,resid
fc_corr|rate_h2|resid,0.27,growth_abs,pooled_adj,short_assay_2h,8,fc_corr,rate_h2,resid
fc_corr|rate_h2|none,0.24,growth_abs,pooled_adj,short_assay_2h,8,fc_corr,rate_h2,none
raw_rfu|auc_0_2h|resid,0.24,growth_abs,pooled_adj,short_assay_2h,8,raw_rfu,auc_0_2h,resid
fc_corr|value_2h|none,0.22,growth_abs,pooled_adj,short_assay_2h,8,fc_corr,value_2h,none
fc_corr_mm|value_2h|none,0.19,growth_abs,pooled_adj,short_assay_2h,8,fc_corr_mm,value_2h,none
fc_corr_mm|auc_0_2h|resid,0.18,growth_abs,pooled_adj,short_assay_2h,8,fc_corr_mm,auc_0_2h,resid
raw_delta|auc_0_2h|resid,0.18,growth_abs,pooled_adj,short_assay_2h,8,raw_delta,auc_0_2h,resid
raw_rfu|rate_h2|none,0.16,growth_abs,pooled_adj,short_assay_2h,8,raw_rfu,rate_h2,none
fc_corr_mm|rate_h2|none,0.14,growth_abs,pooled_adj,short_assay_2h,8,fc_corr_mm,rate_h2,none
raw_rfu|baseline_value|none,0.1,growth_abs,pooled_adj,short_assay_2h,8,raw_rfu,baseline_value,none
fc_corr|auc_0_2h|none,0.07,growth_abs,pooled_adj,short_assay_2h,8,fc_corr,auc_0_2h,none
raw_rfu|value_1h|resid,0.05,growth_abs,pooled_adj,short_assay_2h,8,raw_rfu,value_1h,resid
fc_corr|initial_slope|none,0.04,growth_abs,pooled_adj,short_assay_2h,8,fc_corr,initial_slope,none
raw_delta_mm|auc_0_2h|resid,0.04,growth_abs,pooled_adj,short_assay_2h,8,raw_delta_mm,auc_0_2h,resid
raw_delta_mm|rate_h2|none,0.04,growth_abs,pooled_adj,short_assay_2h,8,raw_delta_mm,rate_h2,none
fc_corr|auc_0_1h|none,0.03,growth_abs,pooled_adj,short_assay_2h,8,fc_corr,auc_0_1h,none
raw_delta|value_2h|none,0.03,growth_abs,pooled_adj,short_assay_2h,8,raw_delta,value_2h,none
raw_rfu|auc_0_1h|resid,0.03,growth_abs,pooled_adj,short_assay_2h,8,raw_rfu,auc_0_1h,resid
raw_rfu|initial_slope|resid,0.03,growth_abs,pooled_adj,short_assay_2h,8,raw_rfu,initial_slope,resid
fc_corr_mm|auc_0_1h|resid,0.01,growth_abs,pooled_adj,short_assay_2h,8,fc_corr_mm,auc_0_1h,resid
fc_corr_mm|auc_0_2h|none,0.01,growth_abs,pooled_adj,short_assay_2h,8,fc_corr_mm,auc_0_2h,none
fc_corr_mm|initial_slope|resid,0.01,growth_abs,pooled_adj,short_assay_2h,8,fc_corr_mm,initial_slope,resid
raw_delta_mm|value_2h|none,0.01,growth_abs,pooled_adj,short_assay_2h,8,raw_delta_mm,value_2h,none
raw_delta|auc_0_1h|resid,0.01,growth_abs,pooled_adj,short_assay_2h,8,raw_delta,auc_0_1h,resid
raw_rfu|value_2h|none,0.01,growth_abs,pooled_adj,short_assay_2h,8,raw_rfu,value_2h,none
fc_corr|sat_asymptote|none,0.9,growth_abs,triploid,all,3,fc_corr,sat_asymptote,none
raw_rfu|sat_asymptote|none,0.47,growth_abs,triploid,all,3,raw_rfu,sat_asymptote,none
raw_rfu|sat_k|resid,0.47,growth_abs,triploid,all,3,raw_rfu,sat_k,resid
fc_corr_mm|sat_asymptote|none,0.44,growth_abs,triploid,all,3,fc_corr_mm,sat_asymptote,none
raw_delta_mm|sat_k|resid,0.3,growth_abs,triploid,all,3,raw_delta_mm,sat_k,resid
fc_corr|sat_k|resid,0.12,growth_abs,triploid,all,3,fc_corr,sat_k,resid
fc_corr|delta_auc_late_minus_early|none,0.09,growth_abs,triploid,all,3,fc_corr,delta_auc_late_minus_early,none
fc_corr_mm|sat_k|resid,0.04,growth_abs,triploid,all,3,fc_corr_mm,sat_k,resid
fc_corr|lin_slope|none,0.04,growth_abs,triploid,all,3,fc_corr,lin_slope,none
fc_corr|value_4h|none,0.04,growth_abs,triploid,all,3,fc_corr,value_4h,none
raw_rfu|sat_k|none,0.02,growth_abs,triploid,all,3,raw_rfu,sat_k,none
fc_corr|auc_0_3h|none,0.01,growth_abs,triploid,all,3,fc_corr,auc_0_3h,none
fc_corr|auc_late|none,0.01,growth_abs,triploid,all,3,fc_corr,auc_late,none
fc_corr|mean_rate|none,0.01,growth_abs,triploid,all,3,fc_corr,mean_rate,none
fc_corr|sat_k|none,0.01,growth_abs,triploid,all,3,fc_corr,sat_k,none
fc_corr|value_2h|none,0.01,growth_abs,triploid,all,3,fc_corr,value_2h,none
raw_rfu|metabolic_depression_index|none,0.01,growth_abs,triploid,all,3,raw_rfu,metabolic_depression_index,none
raw_rfu|resilience_ratio|none,0.01,growth_abs,triploid,all,3,raw_rfu,resilience_ratio,none
fc_corr|sat_asymptote|none,0.98,growth_abs,triploid,all,5,fc_corr,sat_asymptote,none
raw_rfu|sat_k|resid,0.69,growth_abs,triploid,all,5,raw_rfu,sat_k,resid
raw_delta_mm|sat_k|resid,0.58,growth_abs,triploid,all,5,raw_delta_mm,sat_k,resid
raw_rfu|sat_asymptote|none,0.52,growth_abs,triploid,all,5,raw_rfu,sat_asymptote,none
fc_corr|sat_k|resid,0.48,growth_abs,triploid,all,5,fc_corr,sat_k,resid
fc_corr_mm|sat_asymptote|none,0.43,growth_abs,triploid,all,5,fc_corr_mm,sat_asymptote,none
fc_corr_mm|sat_k|resid,0.37,growth_abs,triploid,all,5,fc_corr_mm,sat_k,resid
fc_corr|delta_auc_late_minus_early|none,0.28,growth_abs,triploid,all,5,fc_corr,delta_auc_late_minus_early,none
fc_corr|lin_slope|none,0.16,growth_abs,triploid,all,5,fc_corr,lin_slope,none
fc_corr|value_4h|none,0.05,growth_abs,triploid,all,5,fc_corr,value_4h,none
raw_rfu|metabolic_depression_index|none,0.05,growth_abs,triploid,all,5,raw_rfu,metabolic_depression_index,none
raw_rfu|resilience_ratio|none,0.05,growth_abs,triploid,all,5,raw_rfu,resilience_ratio,none
raw_delta|resilience_ratio|none,0.04,growth_abs,triploid,all,5,raw_delta,resilience_ratio,none
fc_corr|mean_rate|none,0.03,growth_abs,triploid,all,5,fc_corr,mean_rate,none
fc_corr|metabolic_depression_index|none,0.03,growth_abs,triploid,all,5,fc_corr,metabolic_depression_index,none
raw_rfu|rate_h2|resid,0.03,growth_abs,triploid,all,5,raw_rfu,rate_h2,resid
raw_rfu|sat_k|none,0.03,growth_abs,triploid,all,5,raw_rfu,sat_k,none
fc_corr_mm|sat_k|none,0.02,growth_abs,triploid,all,5,fc_corr_mm,sat_k,none
fc_corr|rate_h2|resid,0.02,growth_abs,triploid,all,5,fc_corr,rate_h2,resid
fc_corr|sat_k|none,0.02,growth_abs,triploid,all,5,fc_corr,sat_k,none
raw_delta_mm|rate_h2|resid,0.02,growth_abs,triploid,all,5,raw_delta_mm,rate_h2,resid
raw_delta_mm|sat_k|none,0.02,growth_abs,triploid,all,5,raw_delta_mm,sat_k,none
fc_corr_mm|depression_abs|none,0.01,growth_abs,triploid,all,5,fc_corr_mm,depression_abs,none
fc_corr_mm|lin_slope|none,0.01,growth_abs,triploid,all,5,fc_corr_mm,lin_slope,none
fc_corr_mm|peak_value|none,0.01,growth_abs,triploid,all,5,fc_corr_mm,peak_value,none
fc_corr|peak_value|none,0.01,growth_abs,triploid,all,5,fc_corr,peak_value,none
fc_corr|rate_last_first_ratio|none,0.01,growth_abs,triploid,all,5,fc_corr,rate_last_first_ratio,none
fc_corr|resilience_ratio|none,0.01,growth_abs,triploid,all,5,fc_corr,resilience_ratio,none
fc_corr|value_3h|none,0.01,growth_abs,triploid,all,5,fc_corr,value_3h,none
raw_delta_mm|sat_asymptote|none,0.01,growth_abs,triploid,all,5,raw_delta_mm,sat_asymptote,none
raw_rfu|rate_last_first_ratio|none,0.01,growth_abs,triploid,all,5,raw_rfu,rate_last_first_ratio,none
raw_rfu|time_to_min_slope|none,0.01,growth_abs,triploid,all,5,raw_rfu,time_to_min_slope,none
fc_corr|sat_asymptote|none,0.99,growth_abs,triploid,all,8,fc_corr,sat_asymptote,none
raw_rfu|sat_asymptote|none,0.92,growth_abs,triploid,all,8,raw_rfu,sat_asymptote,none
raw_rfu|sat_k|resid,0.83,growth_abs,triploid,all,8,raw_rfu,sat_k,resid
fc_corr_mm|sat_asymptote|none,0.81,growth_abs,triploid,all,8,fc_corr_mm,sat_asymptote,none
raw_delta_mm|sat_k|resid,0.8,growth_abs,triploid,all,8,raw_delta_mm,sat_k,resid
fc_corr|sat_k|resid,0.74,growth_abs,triploid,all,8,fc_corr,sat_k,resid
fc_corr_mm|sat_k|resid,0.73,growth_abs,triploid,all,8,fc_corr_mm,sat_k,resid
fc_corr|delta_auc_late_minus_early|none,0.68,growth_abs,triploid,all,8,fc_corr,delta_auc_late_minus_early,none
raw_rfu|sat_k|none,0.21,growth_abs,triploid,all,8,raw_rfu,sat_k,none
fc_corr|lin_slope|none,0.19,growth_abs,triploid,all,8,fc_corr,lin_slope,none
fc_corr|value_4h|none,0.18,growth_abs,triploid,all,8,fc_corr,value_4h,none
fc_corr|mean_rate|none,0.12,growth_abs,triploid,all,8,fc_corr,mean_rate,none
fc_corr|sat_k|none,0.12,growth_abs,triploid,all,8,fc_corr,sat_k,none
fc_corr|peak_value|none,0.1,growth_abs,triploid,all,8,fc_corr,peak_value,none
fc_corr|auc_late|none,0.05,growth_abs,triploid,all,8,fc_corr,auc_late,none
raw_rfu|rate_h2|resid,0.05,growth_abs,triploid,all,8,raw_rfu,rate_h2,resid
fc_corr_mm|sat_k|none,0.04,growth_abs,triploid,all,8,fc_corr_mm,sat_k,none
fc_corr_mm|lin_slope|none,0.03,growth_abs,triploid,all,8,fc_corr_mm,lin_slope,none
fc_corr_mm|peak_value|none,0.03,growth_abs,triploid,all,8,fc_corr_mm,peak_value,none
fc_corr|final_value|none,0.03,growth_abs,triploid,all,8,fc_corr,final_value,none
raw_delta_mm|sat_asymptote|none,0.03,growth_abs,triploid,all,8,raw_delta_mm,sat_asymptote,none
raw_delta_mm|sat_k|none,0.03,growth_abs,triploid,all,8,raw_delta_mm,sat_k,none
raw_rfu|baseline_value|none,0.03,growth_abs,triploid,all,8,raw_rfu,baseline_value,none
raw_rfu|metabolic_depression_index|none,0.03,growth_abs,triploid,all,8,raw_rfu,metabolic_depression_index,none
raw_rfu|resilience_ratio|none,0.03,growth_abs,triploid,all,8,raw_rfu,resilience_ratio,none
fc_corr_mm|depression_abs|none,0.02,growth_abs,triploid,all,8,fc_corr_mm,depression_abs,none
fc_corr|rate_h2|resid,0.02,growth_abs,triploid,all,8,fc_corr,rate_h2,resid
fc_corr|t_half|none,0.02,growth_abs,triploid,all,8,fc_corr,t_half,none
fc_corr|value_3h|none,0.02,growth_abs,triploid,all,8,fc_corr,value_3h,none
raw_delta_mm|rate_h2|resid,0.02,growth_abs,triploid,all,8,raw_delta_mm,rate_h2,resid
fc_corr_mm|delta_auc_late_minus_early|none,0.01,growth_abs,triploid,all,8,fc_corr_mm,delta_auc_late_minus_early,none
fc_corr_mm|rate_h2|resid,0.01,growth_abs,triploid,all,8,fc_corr_mm,rate_h2,resid
fc_corr|depression_abs|none,0.01,growth_abs,triploid,all,8,fc_corr,depression_abs,none
fc_corr|metabolic_depression_index|none,0.01,growth_abs,triploid,all,8,fc_corr,metabolic_depression_index,none
fc_corr|resilience_ratio|none,0.01,growth_abs,triploid,all,8,fc_corr,resilience_ratio,none
fc_corr|value_2h|none,0.01,growth_abs,triploid,all,8,fc_corr,value_2h,none
raw_delta|resilience_ratio|none,0.01,growth_abs,triploid,all,8,raw_delta,resilience_ratio,none
raw_rfu|delta_auc_late_minus_early|none,0.01,growth_abs,triploid,all,8,raw_rfu,delta_auc_late_minus_early,none
raw_rfu|depression_abs|none,0.01,growth_abs,triploid,all,8,raw_rfu,depression_abs,none
raw_rfu|t_half|none,0.01,growth_abs,triploid,all,8,raw_rfu,t_half,none
fc_corr_mm|sat_asymptote|none,0.98,growth_abs,triploid,fc_corr_mm_none,3,fc_corr_mm,sat_asymptote,none
fc_corr_mm|sat_k|none,0.64,growth_abs,triploid,fc_corr_mm_none,3,fc_corr_mm,sat_k,none
fc_corr_mm|peak_value|none,0.39,growth_abs,triploid,fc_corr_mm_none,3,fc_corr_mm,peak_value,none
fc_corr_mm|depression_abs|none,0.35,growth_abs,triploid,fc_corr_mm_none,3,fc_corr_mm,depression_abs,none
fc_corr_mm|lin_slope|none,0.3,growth_abs,triploid,fc_corr_mm_none,3,fc_corr_mm,lin_slope,none
fc_corr_mm|delta_auc_late_minus_early|none,0.19,growth_abs,triploid,fc_corr_mm_none,3,fc_corr_mm,delta_auc_late_minus_early,none
fc_corr_mm|rate_h2|none,0.1,growth_abs,triploid,fc_corr_mm_none,3,fc_corr_mm,rate_h2,none
fc_corr_mm|value_4h|none,0.02,growth_abs,triploid,fc_corr_mm_none,3,fc_corr_mm,value_4h,none
fc_corr_mm|mean_rate|none,0.01,growth_abs,triploid,fc_corr_mm_none,3,fc_corr_mm,mean_rate,none
fc_corr_mm|rate_h4|none,0.01,growth_abs,triploid,fc_corr_mm_none,3,fc_corr_mm,rate_h4,none
fc_corr_mm|value_2h|none,0.01,growth_abs,triploid,fc_corr_mm_none,3,fc_corr_mm,value_2h,none
fc_corr_mm|sat_asymptote|none,0.99,growth_abs,triploid,fc_corr_mm_none,5,fc_corr_mm,sat_asymptote,none
fc_corr_mm|peak_value|none,0.83,growth_abs,triploid,fc_corr_mm_none,5,fc_corr_mm,peak_value,none
fc_corr_mm|lin_slope|none,0.75,growth_abs,triploid,fc_corr_mm_none,5,fc_corr_mm,lin_slope,none
fc_corr_mm|sat_k|none,0.72,growth_abs,triploid,fc_corr_mm_none,5,fc_corr_mm,sat_k,none
fc_corr_mm|delta_auc_late_minus_early|none,0.65,growth_abs,triploid,fc_corr_mm_none,5,fc_corr_mm,delta_auc_late_minus_early,none
fc_corr_mm|depression_abs|none,0.46,growth_abs,triploid,fc_corr_mm_none,5,fc_corr_mm,depression_abs,none
fc_corr_mm|rate_h2|none,0.16,growth_abs,triploid,fc_corr_mm_none,5,fc_corr_mm,rate_h2,none
fc_corr_mm|mean_rate|none,0.15,growth_abs,triploid,fc_corr_mm_none,5,fc_corr_mm,mean_rate,none
fc_corr_mm|value_4h|none,0.12,growth_abs,triploid,fc_corr_mm_none,5,fc_corr_mm,value_4h,none
fc_corr_mm|rate_h4|none,0.07,growth_abs,triploid,fc_corr_mm_none,5,fc_corr_mm,rate_h4,none
fc_corr_mm|value_2h|none,0.04,growth_abs,triploid,fc_corr_mm_none,5,fc_corr_mm,value_2h,none
fc_corr_mm|auc_0_3h|none,0.02,growth_abs,triploid,fc_corr_mm_none,5,fc_corr_mm,auc_0_3h,none
fc_corr_mm|final_value|none,0.02,growth_abs,triploid,fc_corr_mm_none,5,fc_corr_mm,final_value,none
fc_corr_mm|auc_total|none,0.01,growth_abs,triploid,fc_corr_mm_none,5,fc_corr_mm,auc_total,none
fc_corr_mm|quad_coef|none,0.01,growth_abs,triploid,fc_corr_mm_none,5,fc_corr_mm,quad_coef,none
fc_corr_mm|peak_value|none,1,growth_abs,triploid,fc_corr_mm_none,8,fc_corr_mm,peak_value,none
fc_corr_mm|sat_asymptote|none,1,growth_abs,triploid,fc_corr_mm_none,8,fc_corr_mm,sat_asymptote,none
fc_corr_mm|lin_slope|none,0.97,growth_abs,triploid,fc_corr_mm_none,8,fc_corr_mm,lin_slope,none
fc_corr_mm|delta_auc_late_minus_early|none,0.92,growth_abs,triploid,fc_corr_mm_none,8,fc_corr_mm,delta_auc_late_minus_early,none
fc_corr_mm|sat_k|none,0.8,growth_abs,triploid,fc_corr_mm_none,8,fc_corr_mm,sat_k,none
fc_corr_mm|mean_rate|none,0.72,growth_abs,triploid,fc_corr_mm_none,8,fc_corr_mm,mean_rate,none
fc_corr_mm|value_4h|none,0.71,growth_abs,triploid,fc_corr_mm_none,8,fc_corr_mm,value_4h,none
fc_corr_mm|depression_abs|none,0.63,growth_abs,triploid,fc_corr_mm_none,8,fc_corr_mm,depression_abs,none
fc_corr_mm|final_value|none,0.56,growth_abs,triploid,fc_corr_mm_none,8,fc_corr_mm,final_value,none
fc_corr_mm|rate_h2|none,0.32,growth_abs,triploid,fc_corr_mm_none,8,fc_corr_mm,rate_h2,none
fc_corr_mm|rate_h4|none,0.09,growth_abs,triploid,fc_corr_mm_none,8,fc_corr_mm,rate_h4,none
fc_corr_mm|auc_total|none,0.08,growth_abs,triploid,fc_corr_mm_none,8,fc_corr_mm,auc_total,none
fc_corr_mm|auc_late|none,0.07,growth_abs,triploid,fc_corr_mm_none,8,fc_corr_mm,auc_late,none
fc_corr_mm|value_3h|none,0.06,growth_abs,triploid,fc_corr_mm_none,8,fc_corr_mm,value_3h,none
fc_corr_mm|value_2h|none,0.05,growth_abs,triploid,fc_corr_mm_none,8,fc_corr_mm,value_2h,none
fc_corr_mm|auc_0_3h|none,0.01,growth_abs,triploid,fc_corr_mm_none,8,fc_corr_mm,auc_0_3h,none
fc_corr_mm|max_drop|none,0.01,growth_abs,triploid,fc_corr_mm_none,8,fc_corr_mm,max_drop,none
raw_rfu|rate_h2|resid,0.87,growth_abs,triploid,short_assay_2h,3,raw_rfu,rate_h2,resid
raw_delta_mm|rate_h2|resid,0.52,growth_abs,triploid,short_assay_2h,3,raw_delta_mm,rate_h2,resid
fc_corr_mm|rate_h2|resid,0.49,growth_abs,triploid,short_assay_2h,3,fc_corr_mm,rate_h2,resid
fc_corr|rate_h2|resid,0.38,growth_abs,triploid,short_assay_2h,3,fc_corr,rate_h2,resid
raw_rfu|baseline_value|none,0.24,growth_abs,triploid,short_assay_2h,3,raw_rfu,baseline_value,none
fc_corr|value_2h|none,0.23,growth_abs,triploid,short_assay_2h,3,fc_corr,value_2h,none
fc_corr_mm|value_2h|resid,0.08,growth_abs,triploid,short_assay_2h,3,fc_corr_mm,value_2h,resid
raw_rfu|baseline_value|resid,0.06,growth_abs,triploid,short_assay_2h,3,raw_rfu,baseline_value,resid
fc_corr|value_2h|resid,0.05,growth_abs,triploid,short_assay_2h,3,fc_corr,value_2h,resid
fc_corr_mm|value_2h|none,0.02,growth_abs,triploid,short_assay_2h,3,fc_corr_mm,value_2h,none
fc_corr_mm|rate_h2|none,0.01,growth_abs,triploid,short_assay_2h,3,fc_corr_mm,rate_h2,none
raw_delta_mm|auc_0_1h|resid,0.01,growth_abs,triploid,short_assay_2h,3,raw_delta_mm,auc_0_1h,resid
raw_delta_mm|initial_slope|resid,0.01,growth_abs,triploid,short_assay_2h,3,raw_delta_mm,initial_slope,resid
raw_delta_mm|rate_h2|none,0.01,growth_abs,triploid,short_assay_2h,3,raw_delta_mm,rate_h2,none
raw_rfu|rate_h2|none,0.01,growth_abs,triploid,short_assay_2h,3,raw_rfu,rate_h2,none
raw_rfu|value_1h|resid,0.01,growth_abs,triploid,short_assay_2h,3,raw_rfu,value_1h,resid
raw_rfu|rate_h2|resid,0.95,growth_abs,triploid,short_assay_2h,5,raw_rfu,rate_h2,resid
raw_delta_mm|rate_h2|resid,0.83,growth_abs,triploid,short_assay_2h,5,raw_delta_mm,rate_h2,resid
fc_corr_mm|rate_h2|resid,0.81,growth_abs,triploid,short_assay_2h,5,fc_corr_mm,rate_h2,resid
fc_corr|rate_h2|resid,0.76,growth_abs,triploid,short_assay_2h,5,fc_corr,rate_h2,resid
raw_rfu|baseline_value|none,0.46,growth_abs,triploid,short_assay_2h,5,raw_rfu,baseline_value,none
fc_corr|value_2h|none,0.32,growth_abs,triploid,short_assay_2h,5,fc_corr,value_2h,none
fc_corr_mm|value_2h|resid,0.22,growth_abs,triploid,short_assay_2h,5,fc_corr_mm,value_2h,resid
raw_rfu|rate_h2|none,0.14,growth_abs,triploid,short_assay_2h,5,raw_rfu,rate_h2,none
fc_corr|value_2h|resid,0.13,growth_abs,triploid,short_assay_2h,5,fc_corr,value_2h,resid
fc_corr_mm|rate_h2|none,0.11,growth_abs,triploid,short_assay_2h,5,fc_corr_mm,rate_h2,none
raw_rfu|baseline_value|resid,0.06,growth_abs,triploid,short_assay_2h,5,raw_rfu,baseline_value,resid
fc_corr_mm|value_2h|none,0.05,growth_abs,triploid,short_assay_2h,5,fc_corr_mm,value_2h,none
fc_corr|auc_0_2h|resid,0.05,growth_abs,triploid,short_assay_2h,5,fc_corr,auc_0_2h,resid
fc_corr|rate_h2|none,0.05,growth_abs,triploid,short_assay_2h,5,fc_corr,rate_h2,none
raw_delta_mm|value_2h|resid,0.03,growth_abs,triploid,short_assay_2h,5,raw_delta_mm,value_2h,resid
fc_corr|auc_0_2h|none,0.02,growth_abs,triploid,short_assay_2h,5,fc_corr,auc_0_2h,none
raw_delta_mm|rate_h2|none,0.01,growth_abs,triploid,short_assay_2h,5,raw_delta_mm,rate_h2,none
raw_rfu|rate_h2|resid,0.96,growth_abs,triploid,short_assay_2h,8,raw_rfu,rate_h2,resid
raw_delta_mm|rate_h2|resid,0.93,growth_abs,triploid,short_assay_2h,8,raw_delta_mm,rate_h2,resid
fc_corr_mm|rate_h2|resid,0.92,growth_abs,triploid,short_assay_2h,8,fc_corr_mm,rate_h2,resid
fc_corr|rate_h2|resid,0.88,growth_abs,triploid,short_assay_2h,8,fc_corr,rate_h2,resid
fc_corr|value_2h|none,0.61,growth_abs,triploid,short_assay_2h,8,fc_corr,value_2h,none
raw_rfu|rate_h2|none,0.61,growth_abs,triploid,short_assay_2h,8,raw_rfu,rate_h2,none
raw_rfu|baseline_value|none,0.53,growth_abs,triploid,short_assay_2h,8,raw_rfu,baseline_value,none
fc_corr_mm|rate_h2|none,0.52,growth_abs,triploid,short_assay_2h,8,fc_corr_mm,rate_h2,none
fc_corr_mm|value_2h|resid,0.49,growth_abs,triploid,short_assay_2h,8,fc_corr_mm,value_2h,resid
fc_corr|rate_h2|none,0.48,growth_abs,triploid,short_assay_2h,8,fc_corr,rate_h2,none
fc_corr|value_2h|resid,0.38,growth_abs,triploid,short_assay_2h,8,fc_corr,value_2h,resid
raw_delta_mm|rate_h2|none,0.22,growth_abs,triploid,short_assay_2h,8,raw_delta_mm,rate_h2,none
fc_corr_mm|value_2h|none,0.12,growth_abs,triploid,short_assay_2h,8,fc_corr_mm,value_2h,none
raw_rfu|baseline_value|resid,0.11,growth_abs,triploid,short_assay_2h,8,raw_rfu,baseline_value,resid
fc_corr|auc_0_2h|none,0.09,growth_abs,triploid,short_assay_2h,8,fc_corr,auc_0_2h,none
raw_delta_mm|value_2h|resid,0.04,growth_abs,triploid,short_assay_2h,8,raw_delta_mm,value_2h,resid
fc_corr|auc_0_2h|resid,0.02,growth_abs,triploid,short_assay_2h,8,fc_corr,auc_0_2h,resid
raw_delta|value_2h|none,0.02,growth_abs,triploid,short_assay_2h,8,raw_delta,value_2h,none
fc_corr_mm|auc_0_2h|none,0.01,growth_abs,triploid,short_assay_2h,8,fc_corr_mm,auc_0_2h,none
fc_corr|auc_0_1h|none,0.01,growth_abs,triploid,short_assay_2h,8,fc_corr,auc_0_1h,none
fc_corr|initial_slope|none,0.01,growth_abs,triploid,short_assay_2h,8,fc_corr,initial_slope,none
raw_delta_mm|auc_0_1h|resid,0.01,growth_abs,triploid,short_assay_2h,8,raw_delta_mm,auc_0_1h,resid
raw_delta_mm|initial_slope|resid,0.01,growth_abs,triploid,short_assay_2h,8,raw_delta_mm,initial_slope,resid
raw_delta_mm|value_2h|none,0.01,growth_abs,triploid,short_assay_2h,8,raw_delta_mm,value_2h,none
raw_rfu|value_2h|resid,0.01,growth_abs,triploid,short_assay_2h,8,raw_rfu,value_2h,resid
fc_corr_mm|final_value|resid,0.76,survived,diploid,all,3,fc_corr_mm,final_value,resid
fc_corr_mm|mean_rate|resid,0.66,survived,diploid,all,3,fc_corr_mm,mean_rate,resid
fc_corr_mm|peak_value|resid,0.36,survived,diploid,all,3,fc_corr_mm,peak_value,resid
fc_corr|sat_asymptote|resid,0.14,survived,diploid,all,3,fc_corr,sat_asymptote,resid
fc_corr_mm|vmax|resid,0.13,survived,diploid,all,3,fc_corr_mm,vmax,resid
fc_corr|peak_value|resid,0.11,survived,diploid,all,3,fc_corr,peak_value,resid
fc_corr_mm|auc_0_3h|resid,0.1,survived,diploid,all,3,fc_corr_mm,auc_0_3h,resid
fc_corr_mm|sat_asymptote|resid,0.1,survived,diploid,all,3,fc_corr_mm,sat_asymptote,resid
fc_corr|final_value|resid,0.1,survived,diploid,all,3,fc_corr,final_value,resid
raw_delta_mm|sat_asymptote|resid,0.09,survived,diploid,all,3,raw_delta_mm,sat_asymptote,resid
fc_corr_mm|rate_h4|resid,0.08,survived,diploid,all,3,fc_corr_mm,rate_h4,resid
fc_corr_mm|auc_0_2h|resid,0.05,survived,diploid,all,3,fc_corr_mm,auc_0_2h,resid
fc_corr_mm|auc_total|resid,0.05,survived,diploid,all,3,fc_corr_mm,auc_total,resid
raw_delta_mm|final_value|resid,0.04,survived,diploid,all,3,raw_delta_mm,final_value,resid
raw_delta|auc_early|none,0.04,survived,diploid,all,3,raw_delta,auc_early,none
fc_corr|rate_h4|resid,0.03,survived,diploid,all,3,fc_corr,rate_h4,resid
raw_rfu|auc_early|none,0.03,survived,diploid,all,3,raw_rfu,auc_early,none
raw_rfu|vmax|none,0.03,survived,diploid,all,3,raw_rfu,vmax,none
fc_corr|mean_rate|resid,0.02,survived,diploid,all,3,fc_corr,mean_rate,resid
raw_delta_mm|peak_value|resid,0.02,survived,diploid,all,3,raw_delta_mm,peak_value,resid
raw_delta_mm|rate_h4|resid,0.02,survived,diploid,all,3,raw_delta_mm,rate_h4,resid
raw_delta|auc_0_2h|none,0.02,survived,diploid,all,3,raw_delta,auc_0_2h,none
fc_corr_mm|auc_early|resid,0.01,survived,diploid,all,3,fc_corr_mm,auc_early,resid
fc_corr_mm|value_4h|resid,0.01,survived,diploid,all,3,fc_corr_mm,value_4h,resid
fc_corr_mm|final_value|resid,0.92,survived,diploid,all,5,fc_corr_mm,final_value,resid
fc_corr_mm|mean_rate|resid,0.82,survived,diploid,all,5,fc_corr_mm,mean_rate,resid
fc_corr_mm|peak_value|resid,0.54,survived,diploid,all,5,fc_corr_mm,peak_value,resid
fc_corr|peak_value|resid,0.4,survived,diploid,all,5,fc_corr,peak_value,resid
fc_corr_mm|value_4h|resid,0.34,survived,diploid,all,5,fc_corr_mm,value_4h,resid
fc_corr_mm|auc_total|resid,0.23,survived,diploid,all,5,fc_corr_mm,auc_total,resid
fc_corr|final_value|resid,0.2,survived,diploid,all,5,fc_corr,final_value,resid
fc_corr|sat_asymptote|resid,0.18,survived,diploid,all,5,fc_corr,sat_asymptote,resid
fc_corr_mm|sat_asymptote|resid,0.14,survived,diploid,all,5,fc_corr_mm,sat_asymptote,resid
fc_corr|mean_rate|resid,0.13,survived,diploid,all,5,fc_corr,mean_rate,resid
fc_corr_mm|vmax|resid,0.12,survived,diploid,all,5,fc_corr_mm,vmax,resid
raw_delta_mm|sat_asymptote|resid,0.11,survived,diploid,all,5,raw_delta_mm,sat_asymptote,resid
fc_corr_mm|auc_0_3h|resid,0.1,survived,diploid,all,5,fc_corr_mm,auc_0_3h,resid
fc_corr_mm|rate_h4|resid,0.09,survived,diploid,all,5,fc_corr_mm,rate_h4,resid
raw_delta_mm|final_value|resid,0.09,survived,diploid,all,5,raw_delta_mm,final_value,resid
fc_corr_mm|auc_early|resid,0.07,survived,diploid,all,5,fc_corr_mm,auc_early,resid
raw_delta|auc_early|none,0.07,survived,diploid,all,5,raw_delta,auc_early,none
fc_corr_mm|auc_0_2h|resid,0.06,survived,diploid,all,5,fc_corr_mm,auc_0_2h,resid
raw_delta_mm|peak_value|resid,0.05,survived,diploid,all,5,raw_delta_mm,peak_value,resid
raw_rfu|sat_asymptote|resid,0.05,survived,diploid,all,5,raw_rfu,sat_asymptote,resid
fc_corr|rate_h4|resid,0.04,survived,diploid,all,5,fc_corr,rate_h4,resid
raw_delta_mm|mean_rate|resid,0.04,survived,diploid,all,5,raw_delta_mm,mean_rate,resid
raw_rfu|vmax|none,0.04,survived,diploid,all,5,raw_rfu,vmax,none
raw_delta_mm|rate_h4|resid,0.03,survived,diploid,all,5,raw_delta_mm,rate_h4,resid
raw_delta|auc_0_2h|none,0.03,survived,diploid,all,5,raw_delta,auc_0_2h,none
fc_corr_mm|value_2h|resid,0.02,survived,diploid,all,5,fc_corr_mm,value_2h,resid
fc_corr|rate_last_first_ratio|resid,0.02,survived,diploid,all,5,fc_corr,rate_last_first_ratio,resid
raw_rfu|auc_0_2h|none,0.02,survived,diploid,all,5,raw_rfu,auc_0_2h,none
raw_rfu|auc_early|none,0.02,survived,diploid,all,5,raw_rfu,auc_early,none
raw_rfu|rate_last_first_ratio|resid,0.02,survived,diploid,all,5,raw_rfu,rate_last_first_ratio,resid
fc_corr_mm|auc_late|resid,0.01,survived,diploid,all,5,fc_corr_mm,auc_late,resid
fc_corr_mm|final_value|resid,0.99,survived,diploid,all,8,fc_corr_mm,final_value,resid
fc_corr_mm|mean_rate|resid,0.99,survived,diploid,all,8,fc_corr_mm,mean_rate,resid
fc_corr_mm|peak_value|resid,0.84,survived,diploid,all,8,fc_corr_mm,peak_value,resid
fc_corr_mm|value_4h|resid,0.77,survived,diploid,all,8,fc_corr_mm,value_4h,resid
fc_corr|peak_value|resid,0.7,survived,diploid,all,8,fc_corr,peak_value,resid
fc_corr|final_value|resid,0.65,survived,diploid,all,8,fc_corr,final_value,resid
fc_corr|mean_rate|resid,0.5,survived,diploid,all,8,fc_corr,mean_rate,resid
fc_corr_mm|auc_total|resid,0.41,survived,diploid,all,8,fc_corr_mm,auc_total,resid
fc_corr|sat_asymptote|resid,0.29,survived,diploid,all,8,fc_corr,sat_asymptote,resid
fc_corr_mm|sat_asymptote|resid,0.22,survived,diploid,all,8,fc_corr_mm,sat_asymptote,resid
fc_corr_mm|vmax|resid,0.16,survived,diploid,all,8,fc_corr_mm,vmax,resid
fc_corr|value_4h|resid,0.16,survived,diploid,all,8,fc_corr,value_4h,resid
raw_delta_mm|sat_asymptote|resid,0.13,survived,diploid,all,8,raw_delta_mm,sat_asymptote,resid
fc_corr_mm|auc_0_3h|resid,0.1,survived,diploid,all,8,fc_corr_mm,auc_0_3h,resid
raw_delta_mm|final_value|resid,0.1,survived,diploid,all,8,raw_delta_mm,final_value,resid
raw_delta_mm|mean_rate|resid,0.1,survived,diploid,all,8,raw_delta_mm,mean_rate,resid
raw_delta_mm|peak_value|resid,0.1,survived,diploid,all,8,raw_delta_mm,peak_value,resid
fc_corr_mm|auc_0_2h|resid,0.09,survived,diploid,all,8,fc_corr_mm,auc_0_2h,resid
fc_corr_mm|rate_h4|resid,0.09,survived,diploid,all,8,fc_corr_mm,rate_h4,resid
raw_delta|auc_early|none,0.09,survived,diploid,all,8,raw_delta,auc_early,none
fc_corr_mm|auc_early|resid,0.08,survived,diploid,all,8,fc_corr_mm,auc_early,resid
raw_rfu|sat_asymptote|resid,0.06,survived,diploid,all,8,raw_rfu,sat_asymptote,resid
fc_corr|auc_total|resid,0.05,survived,diploid,all,8,fc_corr,auc_total,resid
fc_corr_mm|auc_late|resid,0.04,survived,diploid,all,8,fc_corr_mm,auc_late,resid
raw_delta_mm|value_4h|resid,0.04,survived,diploid,all,8,raw_delta_mm,value_4h,resid
raw_rfu|auc_early|none,0.04,survived,diploid,all,8,raw_rfu,auc_early,none
raw_rfu|vmax|none,0.04,survived,diploid,all,8,raw_rfu,vmax,none
raw_delta|auc_0_2h|none,0.03,survived,diploid,all,8,raw_delta,auc_0_2h,none
raw_rfu|auc_0_2h|none,0.03,survived,diploid,all,8,raw_rfu,auc_0_2h,none
fc_corr_mm|value_2h|resid,0.02,survived,diploid,all,8,fc_corr_mm,value_2h,resid
fc_corr_mm|value_3h|resid,0.02,survived,diploid,all,8,fc_corr_mm,value_3h,resid
fc_corr|rate_h4|resid,0.02,survived,diploid,all,8,fc_corr,rate_h4,resid
fc_corr_mm|lin_slope|resid,0.01,survived,diploid,all,8,fc_corr_mm,lin_slope,resid
fc_corr|rate_last_first_ratio|resid,0.01,survived,diploid,all,8,fc_corr,rate_last_first_ratio,resid
raw_delta_mm|rate_h4|resid,0.01,survived,diploid,all,8,raw_delta_mm,rate_h4,resid
raw_rfu|mean_rate|resid,0.01,survived,diploid,all,8,raw_rfu,mean_rate,resid
raw_rfu|rate_last_first_ratio|resid,0.01,survived,diploid,all,8,raw_rfu,rate_last_first_ratio,resid
fc_corr_mm|peak_value|none,0.98,survived,diploid,fc_corr_mm_none,3,fc_corr_mm,peak_value,none
fc_corr_mm|mean_rate|none,0.68,survived,diploid,fc_corr_mm_none,3,fc_corr_mm,mean_rate,none
fc_corr_mm|value_4h|none,0.58,survived,diploid,fc_corr_mm_none,3,fc_corr_mm,value_4h,none
fc_corr_mm|final_value|none,0.24,survived,diploid,fc_corr_mm_none,3,fc_corr_mm,final_value,none
fc_corr_mm|auc_total|none,0.18,survived,diploid,fc_corr_mm_none,3,fc_corr_mm,auc_total,none
fc_corr_mm|auc_late|none,0.14,survived,diploid,fc_corr_mm_none,3,fc_corr_mm,auc_late,none
fc_corr_mm|sat_asymptote|none,0.11,survived,diploid,fc_corr_mm_none,3,fc_corr_mm,sat_asymptote,none
fc_corr_mm|rate_h4|none,0.06,survived,diploid,fc_corr_mm_none,3,fc_corr_mm,rate_h4,none
fc_corr_mm|vmax|none,0.03,survived,diploid,fc_corr_mm_none,3,fc_corr_mm,vmax,none
fc_corr_mm|peak_value|none,0.99,survived,diploid,fc_corr_mm_none,5,fc_corr_mm,peak_value,none
fc_corr_mm|value_4h|none,0.99,survived,diploid,fc_corr_mm_none,5,fc_corr_mm,value_4h,none
fc_corr_mm|mean_rate|none,0.98,survived,diploid,fc_corr_mm_none,5,fc_corr_mm,mean_rate,none
fc_corr_mm|final_value|none,0.93,survived,diploid,fc_corr_mm_none,5,fc_corr_mm,final_value,none
fc_corr_mm|auc_total|none,0.49,survived,diploid,fc_corr_mm_none,5,fc_corr_mm,auc_total,none
fc_corr_mm|auc_late|none,0.36,survived,diploid,fc_corr_mm_none,5,fc_corr_mm,auc_late,none
fc_corr_mm|sat_asymptote|none,0.18,survived,diploid,fc_corr_mm_none,5,fc_corr_mm,sat_asymptote,none
fc_corr_mm|rate_h4|none,0.05,survived,diploid,fc_corr_mm_none,5,fc_corr_mm,rate_h4,none
fc_corr_mm|vmax|none,0.02,survived,diploid,fc_corr_mm_none,5,fc_corr_mm,vmax,none
fc_corr_mm|lin_slope|none,0.01,survived,diploid,fc_corr_mm_none,5,fc_corr_mm,lin_slope,none
fc_corr_mm|mean_rate|none,1,survived,diploid,fc_corr_mm_none,8,fc_corr_mm,mean_rate,none
fc_corr_mm|peak_value|none,1,survived,diploid,fc_corr_mm_none,8,fc_corr_mm,peak_value,none
fc_corr_mm|value_4h|none,1,survived,diploid,fc_corr_mm_none,8,fc_corr_mm,value_4h,none
fc_corr_mm|final_value|none,0.99,survived,diploid,fc_corr_mm_none,8,fc_corr_mm,final_value,none
fc_corr_mm|auc_late|none,0.94,survived,diploid,fc_corr_mm_none,8,fc_corr_mm,auc_late,none
fc_corr_mm|auc_total|none,0.87,survived,diploid,fc_corr_mm_none,8,fc_corr_mm,auc_total,none
fc_corr_mm|lin_slope|none,0.67,survived,diploid,fc_corr_mm_none,8,fc_corr_mm,lin_slope,none
fc_corr_mm|value_3h|none,0.52,survived,diploid,fc_corr_mm_none,8,fc_corr_mm,value_3h,none
fc_corr_mm|sat_asymptote|none,0.49,survived,diploid,fc_corr_mm_none,8,fc_corr_mm,sat_asymptote,none
fc_corr_mm|auc_0_3h|none,0.12,survived,diploid,fc_corr_mm_none,8,fc_corr_mm,auc_0_3h,none
fc_corr_mm|rate_h4|none,0.11,survived,diploid,fc_corr_mm_none,8,fc_corr_mm,rate_h4,none
fc_corr_mm|vmax|none,0.1,survived,diploid,fc_corr_mm_none,8,fc_corr_mm,vmax,none
fc_corr_mm|auc_0_2h|none,0.06,survived,diploid,fc_corr_mm_none,8,fc_corr_mm,auc_0_2h,none
fc_corr_mm|delta_auc_late_minus_early|none,0.05,survived,diploid,fc_corr_mm_none,8,fc_corr_mm,delta_auc_late_minus_early,none
fc_corr_mm|auc_early|none,0.04,survived,diploid,fc_corr_mm_none,8,fc_corr_mm,auc_early,none
fc_corr_mm|value_2h|none,0.03,survived,diploid,fc_corr_mm_none,8,fc_corr_mm,value_2h,none
fc_corr_mm|sat_k|none,0.01,survived,diploid,fc_corr_mm_none,8,fc_corr_mm,sat_k,none
raw_rfu|auc_0_2h|none,0.77,survived,diploid,short_assay_2h,3,raw_rfu,auc_0_2h,none
raw_delta|auc_0_2h|none,0.74,survived,diploid,short_assay_2h,3,raw_delta,auc_0_2h,none
fc_corr_mm|auc_0_2h|resid,0.49,survived,diploid,short_assay_2h,3,fc_corr_mm,auc_0_2h,resid
fc_corr_mm|value_2h|resid,0.4,survived,diploid,short_assay_2h,3,fc_corr_mm,value_2h,resid
fc_corr|auc_0_2h|none,0.24,survived,diploid,short_assay_2h,3,fc_corr,auc_0_2h,none
raw_delta_mm|value_2h|resid,0.1,survived,diploid,short_assay_2h,3,raw_delta_mm,value_2h,resid
raw_delta|value_2h|none,0.08,survived,diploid,short_assay_2h,3,raw_delta,value_2h,none
raw_rfu|initial_slope|none,0.07,survived,diploid,short_assay_2h,3,raw_rfu,initial_slope,none
raw_delta_mm|auc_0_2h|resid,0.05,survived,diploid,short_assay_2h,3,raw_delta_mm,auc_0_2h,resid
raw_delta|value_2h|resid,0.02,survived,diploid,short_assay_2h,3,raw_delta,value_2h,resid
fc_corr_mm|auc_0_1h|resid,0.01,survived,diploid,short_assay_2h,3,fc_corr_mm,auc_0_1h,resid
fc_corr_mm|initial_slope|resid,0.01,survived,diploid,short_assay_2h,3,fc_corr_mm,initial_slope,resid
fc_corr|value_2h|resid,0.01,survived,diploid,short_assay_2h,3,fc_corr,value_2h,resid
raw_rfu|value_2h|none,0.01,survived,diploid,short_assay_2h,3,raw_rfu,value_2h,none
raw_rfu|auc_0_2h|none,0.88,survived,diploid,short_assay_2h,5,raw_rfu,auc_0_2h,none
raw_delta|auc_0_2h|none,0.82,survived,diploid,short_assay_2h,5,raw_delta,auc_0_2h,none
fc_corr_mm|value_2h|resid,0.76,survived,diploid,short_assay_2h,5,fc_corr_mm,value_2h,resid
fc_corr_mm|auc_0_2h|resid,0.66,survived,diploid,short_assay_2h,5,fc_corr_mm,auc_0_2h,resid
fc_corr|auc_0_2h|none,0.54,survived,diploid,short_assay_2h,5,fc_corr,auc_0_2h,none
raw_rfu|initial_slope|none,0.19,survived,diploid,short_assay_2h,5,raw_rfu,initial_slope,none
raw_delta|auc_0_1h|none,0.18,survived,diploid,short_assay_2h,5,raw_delta,auc_0_1h,none
raw_delta|value_2h|none,0.18,survived,diploid,short_assay_2h,5,raw_delta,value_2h,none
raw_delta_mm|auc_0_2h|resid,0.14,survived,diploid,short_assay_2h,5,raw_delta_mm,auc_0_2h,resid
raw_delta_mm|value_2h|resid,0.14,survived,diploid,short_assay_2h,5,raw_delta_mm,value_2h,resid
fc_corr_mm|initial_slope|resid,0.12,survived,diploid,short_assay_2h,5,fc_corr_mm,initial_slope,resid
raw_rfu|value_2h|none,0.09,survived,diploid,short_assay_2h,5,raw_rfu,value_2h,none
fc_corr_mm|auc_0_1h|resid,0.07,survived,diploid,short_assay_2h,5,fc_corr_mm,auc_0_1h,resid
raw_delta|value_2h|resid,0.07,survived,diploid,short_assay_2h,5,raw_delta,value_2h,resid
fc_corr|value_2h|resid,0.06,survived,diploid,short_assay_2h,5,fc_corr,value_2h,resid
fc_corr|auc_0_2h|resid,0.05,survived,diploid,short_assay_2h,5,fc_corr,auc_0_2h,resid
raw_rfu|value_1h|none,0.02,survived,diploid,short_assay_2h,5,raw_rfu,value_1h,none
raw_rfu|value_2h|resid,0.02,survived,diploid,short_assay_2h,5,raw_rfu,value_2h,resid
raw_delta_mm|auc_0_2h|none,0.01,survived,diploid,short_assay_2h,5,raw_delta_mm,auc_0_2h,none
raw_rfu|auc_0_2h|none,0.96,survived,diploid,short_assay_2h,8,raw_rfu,auc_0_2h,none
raw_delta|auc_0_2h|none,0.92,survived,diploid,short_assay_2h,8,raw_delta,auc_0_2h,none
fc_corr_mm|value_2h|resid,0.82,survived,diploid,short_assay_2h,8,fc_corr_mm,value_2h,resid
fc_corr|auc_0_2h|none,0.73,survived,diploid,short_assay_2h,8,fc_corr,auc_0_2h,none
fc_corr_mm|auc_0_2h|resid,0.71,survived,diploid,short_assay_2h,8,fc_corr_mm,auc_0_2h,resid
raw_delta_mm|auc_0_2h|resid,0.57,survived,diploid,short_assay_2h,8,raw_delta_mm,auc_0_2h,resid
raw_delta|value_2h|none,0.49,survived,diploid,short_assay_2h,8,raw_delta,value_2h,none
raw_delta_mm|value_2h|resid,0.39,survived,diploid,short_assay_2h,8,raw_delta_mm,value_2h,resid
fc_corr|value_2h|resid,0.28,survived,diploid,short_assay_2h,8,fc_corr,value_2h,resid
raw_rfu|value_2h|none,0.27,survived,diploid,short_assay_2h,8,raw_rfu,value_2h,none
raw_rfu|initial_slope|none,0.26,survived,diploid,short_assay_2h,8,raw_rfu,initial_slope,none
fc_corr_mm|initial_slope|resid,0.25,survived,diploid,short_assay_2h,8,fc_corr_mm,initial_slope,resid
raw_delta|auc_0_1h|none,0.24,survived,diploid,short_assay_2h,8,raw_delta,auc_0_1h,none
fc_corr_mm|auc_0_1h|resid,0.22,survived,diploid,short_assay_2h,8,fc_corr_mm,auc_0_1h,resid
fc_corr|auc_0_2h|resid,0.2,survived,diploid,short_assay_2h,8,fc_corr,auc_0_2h,resid
raw_rfu|auc_0_1h|none,0.17,survived,diploid,short_assay_2h,8,raw_rfu,auc_0_1h,none
raw_rfu|value_1h|none,0.17,survived,diploid,short_assay_2h,8,raw_rfu,value_1h,none
raw_delta|value_2h|resid,0.1,survived,diploid,short_assay_2h,8,raw_delta,value_2h,resid
raw_rfu|value_2h|resid,0.1,survived,diploid,short_assay_2h,8,raw_rfu,value_2h,resid
fc_corr|initial_slope|none,0.08,survived,diploid,short_assay_2h,8,fc_corr,initial_slope,none
raw_delta_mm|auc_0_2h|none,0.04,survived,diploid,short_assay_2h,8,raw_delta_mm,auc_0_2h,none
fc_corr|auc_0_1h|none,0.01,survived,diploid,short_assay_2h,8,fc_corr,auc_0_1h,none
fc_corr|initial_slope|resid,0.01,survived,diploid,short_assay_2h,8,fc_corr,initial_slope,resid
fc_corr|value_2h|none,0.01,survived,diploid,short_assay_2h,8,fc_corr,value_2h,none
raw_rfu|n_negative_intervals|none,0.82,survived,pooled_adj,all,3,raw_rfu,n_negative_intervals,none
raw_rfu|depression_abs|none,0.38,survived,pooled_adj,all,3,raw_rfu,depression_abs,none
raw_rfu|time_to_vmax|none,0.28,survived,pooled_adj,all,3,raw_rfu,time_to_vmax,none
raw_rfu|vmax|none,0.21,survived,pooled_adj,all,3,raw_rfu,vmax,none
raw_delta_mm|depression_abs|none,0.17,survived,pooled_adj,all,3,raw_delta_mm,depression_abs,none
fc_corr|metabolic_depression_index|none,0.16,survived,pooled_adj,all,3,fc_corr,metabolic_depression_index,none
raw_delta_mm|max_drop|none,0.15,survived,pooled_adj,all,3,raw_delta_mm,max_drop,none
fc_corr|depression_abs|none,0.1,survived,pooled_adj,all,3,fc_corr,depression_abs,none
fc_corr|resilience_ratio|none,0.1,survived,pooled_adj,all,3,fc_corr,resilience_ratio,none
raw_rfu|max_drop|none,0.09,survived,pooled_adj,all,3,raw_rfu,max_drop,none
fc_corr_mm|depression_abs|none,0.08,survived,pooled_adj,all,3,fc_corr_mm,depression_abs,none
raw_delta_mm|vmax|none,0.08,survived,pooled_adj,all,3,raw_delta_mm,vmax,none
raw_rfu|time_to_min_slope|none,0.07,survived,pooled_adj,all,3,raw_rfu,time_to_min_slope,none
raw_rfu|sat_r2|resid,0.06,survived,pooled_adj,all,3,raw_rfu,sat_r2,resid
fc_corr_mm|max_drop|none,0.05,survived,pooled_adj,all,3,fc_corr_mm,max_drop,none
fc_corr|sat_r2|resid,0.05,survived,pooled_adj,all,3,fc_corr,sat_r2,resid
raw_delta|stability_cv|resid,0.04,survived,pooled_adj,all,3,raw_delta,stability_cv,resid
fc_corr|stability_cv|resid,0.03,survived,pooled_adj,all,3,fc_corr,stability_cv,resid
raw_rfu|inflection_time|none,0.03,survived,pooled_adj,all,3,raw_rfu,inflection_time,none
fc_corr_mm|sat_asymptote|resid,0.01,survived,pooled_adj,all,3,fc_corr_mm,sat_asymptote,resid
fc_corr|max_drop|none,0.01,survived,pooled_adj,all,3,fc_corr,max_drop,none
raw_rfu|auc_early|none,0.01,survived,pooled_adj,all,3,raw_rfu,auc_early,none
raw_rfu|stability_cv|resid,0.01,survived,pooled_adj,all,3,raw_rfu,stability_cv,resid
raw_rfu|time_to_vmax|resid,0.01,survived,pooled_adj,all,3,raw_rfu,time_to_vmax,resid
raw_rfu|n_negative_intervals|none,0.85,survived,pooled_adj,all,5,raw_rfu,n_negative_intervals,none
raw_rfu|depression_abs|none,0.52,survived,pooled_adj,all,5,raw_rfu,depression_abs,none
raw_delta_mm|depression_abs|none,0.37,survived,pooled_adj,all,5,raw_delta_mm,depression_abs,none
raw_rfu|time_to_vmax|none,0.36,survived,pooled_adj,all,5,raw_rfu,time_to_vmax,none
fc_corr_mm|depression_abs|none,0.32,survived,pooled_adj,all,5,fc_corr_mm,depression_abs,none
fc_corr|metabolic_depression_index|none,0.31,survived,pooled_adj,all,5,fc_corr,metabolic_depression_index,none
fc_corr|resilience_ratio|none,0.29,survived,pooled_adj,all,5,fc_corr,resilience_ratio,none
raw_rfu|vmax|none,0.23,survived,pooled_adj,all,5,raw_rfu,vmax,none
fc_corr|depression_abs|none,0.21,survived,pooled_adj,all,5,fc_corr,depression_abs,none
raw_delta_mm|max_drop|none,0.17,survived,pooled_adj,all,5,raw_delta_mm,max_drop,none
raw_rfu|max_drop|none,0.17,survived,pooled_adj,all,5,raw_rfu,max_drop,none
raw_delta_mm|vmax|none,0.16,survived,pooled_adj,all,5,raw_delta_mm,vmax,none
fc_corr_mm|max_drop|none,0.14,survived,pooled_adj,all,5,fc_corr_mm,max_drop,none
raw_rfu|resilience_ratio|none,0.12,survived,pooled_adj,all,5,raw_rfu,resilience_ratio,none
raw_rfu|metabolic_depression_index|none,0.1,survived,pooled_adj,all,5,raw_rfu,metabolic_depression_index,none
raw_rfu|time_to_min_slope|none,0.09,survived,pooled_adj,all,5,raw_rfu,time_to_min_slope,none
fc_corr|max_drop|none,0.07,survived,pooled_adj,all,5,fc_corr,max_drop,none
fc_corr|sat_r2|resid,0.07,survived,pooled_adj,all,5,fc_corr,sat_r2,resid
raw_rfu|sat_r2|resid,0.07,survived,pooled_adj,all,5,raw_rfu,sat_r2,resid
raw_delta|resilience_ratio|none,0.04,survived,pooled_adj,all,5,raw_delta,resilience_ratio,none
raw_rfu|auc_early|none,0.04,survived,pooled_adj,all,5,raw_rfu,auc_early,none
fc_corr|stability_cv|resid,0.03,survived,pooled_adj,all,5,fc_corr,stability_cv,resid
fc_corr|vmax|none,0.03,survived,pooled_adj,all,5,fc_corr,vmax,none
raw_delta|stability_cv|resid,0.03,survived,pooled_adj,all,5,raw_delta,stability_cv,resid
raw_rfu|time_to_peak|none,0.03,survived,pooled_adj,all,5,raw_rfu,time_to_peak,none
raw_delta_mm|rate_h4|resid,0.02,survived,pooled_adj,all,5,raw_delta_mm,rate_h4,resid
raw_rfu|auc_0_2h|none,0.02,survived,pooled_adj,all,5,raw_rfu,auc_0_2h,none
raw_rfu|sat_r2|none,0.02,survived,pooled_adj,all,5,raw_rfu,sat_r2,none
fc_corr_mm|sat_asymptote|resid,0.01,survived,pooled_adj,all,5,fc_corr_mm,sat_asymptote,resid
fc_corr_mm|vmax|none,0.01,survived,pooled_adj,all,5,fc_corr_mm,vmax,none
fc_corr_mm|vmax|resid,0.01,survived,pooled_adj,all,5,fc_corr_mm,vmax,resid
fc_corr|rate_h4|resid,0.01,survived,pooled_adj,all,5,fc_corr,rate_h4,resid
fc_corr|sat_r2|none,0.01,survived,pooled_adj,all,5,fc_corr,sat_r2,none
raw_delta_mm|sat_asymptote|resid,0.01,survived,pooled_adj,all,5,raw_delta_mm,sat_asymptote,resid
raw_delta|auc_0_2h|none,0.01,survived,pooled_adj,all,5,raw_delta,auc_0_2h,none
raw_rfu|inflection_time|none,0.01,survived,pooled_adj,all,5,raw_rfu,inflection_time,none
raw_rfu|n_negative_intervals|resid,0.01,survived,pooled_adj,all,5,raw_rfu,n_negative_intervals,resid
raw_rfu|rate_h4|resid,0.01,survived,pooled_adj,all,5,raw_rfu,rate_h4,resid
raw_rfu|stability_cv|resid,0.01,survived,pooled_adj,all,5,raw_rfu,stability_cv,resid
raw_rfu|t_half|resid,0.01,survived,pooled_adj,all,5,raw_rfu,t_half,resid
raw_rfu|n_negative_intervals|none,0.93,survived,pooled_adj,all,8,raw_rfu,n_negative_intervals,none
raw_rfu|depression_abs|none,0.83,survived,pooled_adj,all,8,raw_rfu,depression_abs,none
fc_corr|metabolic_depression_index|none,0.66,survived,pooled_adj,all,8,fc_corr,metabolic_depression_index,none
raw_delta_mm|depression_abs|none,0.65,survived,pooled_adj,all,8,raw_delta_mm,depression_abs,none
fc_corr|resilience_ratio|none,0.62,survived,pooled_adj,all,8,fc_corr,resilience_ratio,none
fc_corr_mm|depression_abs|none,0.56,survived,pooled_adj,all,8,fc_corr_mm,depression_abs,none
fc_corr|depression_abs|none,0.5,survived,pooled_adj,all,8,fc_corr,depression_abs,none
raw_rfu|metabolic_depression_index|none,0.4,survived,pooled_adj,all,8,raw_rfu,metabolic_depression_index,none
raw_rfu|time_to_vmax|none,0.38,survived,pooled_adj,all,8,raw_rfu,time_to_vmax,none
raw_rfu|resilience_ratio|none,0.28,survived,pooled_adj,all,8,raw_rfu,resilience_ratio,none
raw_rfu|vmax|none,0.28,survived,pooled_adj,all,8,raw_rfu,vmax,none
raw_delta_mm|max_drop|none,0.21,survived,pooled_adj,all,8,raw_delta_mm,max_drop,none
fc_corr_mm|max_drop|none,0.19,survived,pooled_adj,all,8,fc_corr_mm,max_drop,none
raw_rfu|max_drop|none,0.19,survived,pooled_adj,all,8,raw_rfu,max_drop,none
raw_delta_mm|vmax|none,0.18,survived,pooled_adj,all,8,raw_delta_mm,vmax,none
fc_corr|max_drop|none,0.17,survived,pooled_adj,all,8,fc_corr,max_drop,none
raw_delta|resilience_ratio|none,0.15,survived,pooled_adj,all,8,raw_delta,resilience_ratio,none
raw_rfu|time_to_min_slope|none,0.13,survived,pooled_adj,all,8,raw_rfu,time_to_min_slope,none
fc_corr|sat_r2|resid,0.08,survived,pooled_adj,all,8,fc_corr,sat_r2,resid
raw_rfu|sat_r2|resid,0.08,survived,pooled_adj,all,8,raw_rfu,sat_r2,resid
raw_delta|stability_cv|resid,0.06,survived,pooled_adj,all,8,raw_delta,stability_cv,resid
raw_rfu|auc_early|none,0.06,survived,pooled_adj,all,8,raw_rfu,auc_early,none
fc_corr|stability_cv|resid,0.05,survived,pooled_adj,all,8,fc_corr,stability_cv,resid
raw_rfu|auc_0_2h|none,0.05,survived,pooled_adj,all,8,raw_rfu,auc_0_2h,none
fc_corr|vmax|none,0.04,survived,pooled_adj,all,8,fc_corr,vmax,none
raw_delta|auc_0_2h|none,0.04,survived,pooled_adj,all,8,raw_delta,auc_0_2h,none
fc_corr_mm|sat_asymptote|resid,0.03,survived,pooled_adj,all,8,fc_corr_mm,sat_asymptote,resid
raw_delta|auc_early|none,0.03,survived,pooled_adj,all,8,raw_delta,auc_early,none
raw_rfu|stability_cv|resid,0.03,survived,pooled_adj,all,8,raw_rfu,stability_cv,resid
fc_corr|t_half|resid,0.02,survived,pooled_adj,all,8,fc_corr,t_half,resid
raw_rfu|n_negative_intervals|resid,0.02,survived,pooled_adj,all,8,raw_rfu,n_negative_intervals,resid
raw_rfu|t_half|resid,0.02,survived,pooled_adj,all,8,raw_rfu,t_half,resid
raw_rfu|time_to_peak|none,0.02,survived,pooled_adj,all,8,raw_rfu,time_to_peak,none
fc_corr_mm|vmax|none,0.01,survived,pooled_adj,all,8,fc_corr_mm,vmax,none
fc_corr|sat_r2|none,0.01,survived,pooled_adj,all,8,fc_corr,sat_r2,none
raw_delta_mm|sat_asymptote|resid,0.01,survived,pooled_adj,all,8,raw_delta_mm,sat_asymptote,resid
raw_rfu|inflection_time|none,0.01,survived,pooled_adj,all,8,raw_rfu,inflection_time,none
raw_rfu|sat_r2|none,0.01,survived,pooled_adj,all,8,raw_rfu,sat_r2,none
raw_rfu|time_to_min_slope|resid,0.01,survived,pooled_adj,all,8,raw_rfu,time_to_min_slope,resid
fc_corr_mm|depression_abs|none,1,survived,pooled_adj,fc_corr_mm_none,3,fc_corr_mm,depression_abs,none
fc_corr_mm|max_drop|none,0.98,survived,pooled_adj,fc_corr_mm_none,3,fc_corr_mm,max_drop,none
fc_corr_mm|vmax|none,0.95,survived,pooled_adj,fc_corr_mm_none,3,fc_corr_mm,vmax,none
fc_corr_mm|rate_h4|none,0.07,survived,pooled_adj,fc_corr_mm_none,3,fc_corr_mm,rate_h4,none
fc_corr_mm|depression_abs|none,1,survived,pooled_adj,fc_corr_mm_none,5,fc_corr_mm,depression_abs,none
fc_corr_mm|vmax|none,1,survived,pooled_adj,fc_corr_mm_none,5,fc_corr_mm,vmax,none
fc_corr_mm|max_drop|none,0.99,survived,pooled_adj,fc_corr_mm_none,5,fc_corr_mm,max_drop,none
fc_corr_mm|initial_slope|none,0.42,survived,pooled_adj,fc_corr_mm_none,5,fc_corr_mm,initial_slope,none
fc_corr_mm|rate_h4|none,0.4,survived,pooled_adj,fc_corr_mm_none,5,fc_corr_mm,rate_h4,none
fc_corr_mm|auc_0_2h|none,0.3,survived,pooled_adj,fc_corr_mm_none,5,fc_corr_mm,auc_0_2h,none
fc_corr_mm|auc_0_1h|none,0.25,survived,pooled_adj,fc_corr_mm_none,5,fc_corr_mm,auc_0_1h,none
fc_corr_mm|auc_early|none,0.14,survived,pooled_adj,fc_corr_mm_none,5,fc_corr_mm,auc_early,none
fc_corr_mm|value_2h|none,0.11,survived,pooled_adj,fc_corr_mm_none,5,fc_corr_mm,value_2h,none
fc_corr_mm|peak_value|none,0.1,survived,pooled_adj,fc_corr_mm_none,5,fc_corr_mm,peak_value,none
fc_corr_mm|auc_0_3h|none,0.08,survived,pooled_adj,fc_corr_mm_none,5,fc_corr_mm,auc_0_3h,none
fc_corr_mm|rate_h2|none,0.07,survived,pooled_adj,fc_corr_mm_none,5,fc_corr_mm,rate_h2,none
fc_corr_mm|rate_h3|none,0.07,survived,pooled_adj,fc_corr_mm_none,5,fc_corr_mm,rate_h3,none
fc_corr_mm|min_slope|none,0.03,survived,pooled_adj,fc_corr_mm_none,5,fc_corr_mm,min_slope,none
fc_corr_mm|delta_auc_late_minus_early|none,0.02,survived,pooled_adj,fc_corr_mm_none,5,fc_corr_mm,delta_auc_late_minus_early,none
fc_corr_mm|quad_coef|none,0.01,survived,pooled_adj,fc_corr_mm_none,5,fc_corr_mm,quad_coef,none
fc_corr_mm|sat_k|none,0.01,survived,pooled_adj,fc_corr_mm_none,5,fc_corr_mm,sat_k,none
fc_corr_mm|depression_abs|none,1,survived,pooled_adj,fc_corr_mm_none,8,fc_corr_mm,depression_abs,none
fc_corr_mm|max_drop|none,1,survived,pooled_adj,fc_corr_mm_none,8,fc_corr_mm,max_drop,none
fc_corr_mm|vmax|none,0.99,survived,pooled_adj,fc_corr_mm_none,8,fc_corr_mm,vmax,none
fc_corr_mm|auc_0_2h|none,0.84,survived,pooled_adj,fc_corr_mm_none,8,fc_corr_mm,auc_0_2h,none
fc_corr_mm|auc_early|none,0.75,survived,pooled_adj,fc_corr_mm_none,8,fc_corr_mm,auc_early,none
fc_corr_mm|initial_slope|none,0.68,survived,pooled_adj,fc_corr_mm_none,8,fc_corr_mm,initial_slope,none
fc_corr_mm|auc_0_1h|none,0.57,survived,pooled_adj,fc_corr_mm_none,8,fc_corr_mm,auc_0_1h,none
fc_corr_mm|rate_h4|none,0.45,survived,pooled_adj,fc_corr_mm_none,8,fc_corr_mm,rate_h4,none
fc_corr_mm|auc_0_3h|none,0.42,survived,pooled_adj,fc_corr_mm_none,8,fc_corr_mm,auc_0_3h,none
fc_corr_mm|value_2h|none,0.32,survived,pooled_adj,fc_corr_mm_none,8,fc_corr_mm,value_2h,none
fc_corr_mm|peak_value|none,0.21,survived,pooled_adj,fc_corr_mm_none,8,fc_corr_mm,peak_value,none
fc_corr_mm|quad_coef|none,0.12,survived,pooled_adj,fc_corr_mm_none,8,fc_corr_mm,quad_coef,none
fc_corr_mm|sat_k|none,0.11,survived,pooled_adj,fc_corr_mm_none,8,fc_corr_mm,sat_k,none
fc_corr_mm|rate_h3|none,0.1,survived,pooled_adj,fc_corr_mm_none,8,fc_corr_mm,rate_h3,none
fc_corr_mm|rate_h2|none,0.09,survived,pooled_adj,fc_corr_mm_none,8,fc_corr_mm,rate_h2,none
fc_corr_mm|mean_rate|none,0.08,survived,pooled_adj,fc_corr_mm_none,8,fc_corr_mm,mean_rate,none
fc_corr_mm|delta_auc_late_minus_early|none,0.05,survived,pooled_adj,fc_corr_mm_none,8,fc_corr_mm,delta_auc_late_minus_early,none
fc_corr_mm|final_value|none,0.05,survived,pooled_adj,fc_corr_mm_none,8,fc_corr_mm,final_value,none
fc_corr_mm|min_slope|none,0.04,survived,pooled_adj,fc_corr_mm_none,8,fc_corr_mm,min_slope,none
fc_corr_mm|sat_asymptote|none,0.04,survived,pooled_adj,fc_corr_mm_none,8,fc_corr_mm,sat_asymptote,none
fc_corr_mm|auc_total|none,0.03,survived,pooled_adj,fc_corr_mm_none,8,fc_corr_mm,auc_total,none
fc_corr_mm|value_4h|none,0.03,survived,pooled_adj,fc_corr_mm_none,8,fc_corr_mm,value_4h,none
fc_corr_mm|auc_late|none,0.01,survived,pooled_adj,fc_corr_mm_none,8,fc_corr_mm,auc_late,none
fc_corr_mm|lin_slope|none,0.01,survived,pooled_adj,fc_corr_mm_none,8,fc_corr_mm,lin_slope,none
fc_corr_mm|value_3h|none,0.01,survived,pooled_adj,fc_corr_mm_none,8,fc_corr_mm,value_3h,none
raw_rfu|auc_0_2h|none,0.98,survived,pooled_adj,short_assay_2h,3,raw_rfu,auc_0_2h,none
raw_delta|auc_0_2h|none,0.95,survived,pooled_adj,short_assay_2h,3,raw_delta,auc_0_2h,none
raw_rfu|initial_slope|none,0.42,survived,pooled_adj,short_assay_2h,3,raw_rfu,initial_slope,none
raw_delta_mm|auc_0_2h|none,0.23,survived,pooled_adj,short_assay_2h,3,raw_delta_mm,auc_0_2h,none
raw_delta|value_2h|none,0.2,survived,pooled_adj,short_assay_2h,3,raw_delta,value_2h,none
raw_rfu|auc_0_1h|none,0.13,survived,pooled_adj,short_assay_2h,3,raw_rfu,auc_0_1h,none
raw_rfu|value_2h|none,0.03,survived,pooled_adj,short_assay_2h,3,raw_rfu,value_2h,none
raw_delta_mm|value_2h|resid,0.02,survived,pooled_adj,short_assay_2h,3,raw_delta_mm,value_2h,resid
raw_delta|value_2h|resid,0.01,survived,pooled_adj,short_assay_2h,3,raw_delta,value_2h,resid
raw_rfu|rate_h2|resid,0.01,survived,pooled_adj,short_assay_2h,3,raw_rfu,rate_h2,resid
raw_rfu|value_1h|none,0.01,survived,pooled_adj,short_assay_2h,3,raw_rfu,value_1h,none
raw_rfu|value_2h|resid,0.01,survived,pooled_adj,short_assay_2h,3,raw_rfu,value_2h,resid
raw_rfu|auc_0_2h|none,1,survived,pooled_adj,short_assay_2h,5,raw_rfu,auc_0_2h,none
raw_delta|auc_0_2h|none,0.98,survived,pooled_adj,short_assay_2h,5,raw_delta,auc_0_2h,none
raw_rfu|initial_slope|none,0.72,survived,pooled_adj,short_assay_2h,5,raw_rfu,initial_slope,none
raw_delta|auc_0_1h|none,0.54,survived,pooled_adj,short_assay_2h,5,raw_delta,auc_0_1h,none
raw_rfu|auc_0_1h|none,0.35,survived,pooled_adj,short_assay_2h,5,raw_rfu,auc_0_1h,none
raw_rfu|value_1h|none,0.35,survived,pooled_adj,short_assay_2h,5,raw_rfu,value_1h,none
raw_delta_mm|auc_0_2h|none,0.29,survived,pooled_adj,short_assay_2h,5,raw_delta_mm,auc_0_2h,none
raw_delta|value_2h|none,0.28,survived,pooled_adj,short_assay_2h,5,raw_delta,value_2h,none
raw_rfu|value_2h|none,0.23,survived,pooled_adj,short_assay_2h,5,raw_rfu,value_2h,none
raw_delta_mm|auc_0_1h|none,0.06,survived,pooled_adj,short_assay_2h,5,raw_delta_mm,auc_0_1h,none
raw_delta_mm|initial_slope|none,0.06,survived,pooled_adj,short_assay_2h,5,raw_delta_mm,initial_slope,none
raw_delta_mm|value_2h|resid,0.06,survived,pooled_adj,short_assay_2h,5,raw_delta_mm,value_2h,resid
fc_corr_mm|rate_h2|none,0.02,survived,pooled_adj,short_assay_2h,5,fc_corr_mm,rate_h2,none
raw_delta_mm|rate_h2|none,0.02,survived,pooled_adj,short_assay_2h,5,raw_delta_mm,rate_h2,none
raw_rfu|rate_h2|none,0.02,survived,pooled_adj,short_assay_2h,5,raw_rfu,rate_h2,none
fc_corr|rate_h2|resid,0.01,survived,pooled_adj,short_assay_2h,5,fc_corr,rate_h2,resid
raw_rfu|rate_h2|resid,0.01,survived,pooled_adj,short_assay_2h,5,raw_rfu,rate_h2,resid
raw_delta|auc_0_2h|none,1,survived,pooled_adj,short_assay_2h,8,raw_delta,auc_0_2h,none
raw_rfu|auc_0_2h|none,1,survived,pooled_adj,short_assay_2h,8,raw_rfu,auc_0_2h,none
raw_rfu|initial_slope|none,0.94,survived,pooled_adj,short_assay_2h,8,raw_rfu,initial_slope,none
raw_delta|auc_0_1h|none,0.89,survived,pooled_adj,short_assay_2h,8,raw_delta,auc_0_1h,none
raw_rfu|auc_0_1h|none,0.87,survived,pooled_adj,short_assay_2h,8,raw_rfu,auc_0_1h,none
raw_rfu|value_1h|none,0.83,survived,pooled_adj,short_assay_2h,8,raw_rfu,value_1h,none
raw_delta|value_2h|none,0.71,survived,pooled_adj,short_assay_2h,8,raw_delta,value_2h,none
raw_delta_mm|auc_0_2h|none,0.66,survived,pooled_adj,short_assay_2h,8,raw_delta_mm,auc_0_2h,none
raw_rfu|value_2h|none,0.39,survived,pooled_adj,short_assay_2h,8,raw_rfu,value_2h,none
raw_delta_mm|initial_slope|none,0.25,survived,pooled_adj,short_assay_2h,8,raw_delta_mm,initial_slope,none
raw_delta_mm|value_2h|resid,0.09,survived,pooled_adj,short_assay_2h,8,raw_delta_mm,value_2h,resid
raw_delta_mm|auc_0_1h|none,0.08,survived,pooled_adj,short_assay_2h,8,raw_delta_mm,auc_0_1h,none
fc_corr|auc_0_2h|none,0.07,survived,pooled_adj,short_assay_2h,8,fc_corr,auc_0_2h,none
raw_delta_mm|value_2h|none,0.07,survived,pooled_adj,short_assay_2h,8,raw_delta_mm,value_2h,none
fc_corr_mm|rate_h2|none,0.03,survived,pooled_adj,short_assay_2h,8,fc_corr_mm,rate_h2,none
raw_delta_mm|rate_h2|none,0.03,survived,pooled_adj,short_assay_2h,8,raw_delta_mm,rate_h2,none
raw_rfu|value_2h|resid,0.02,survived,pooled_adj,short_assay_2h,8,raw_rfu,value_2h,resid
fc_corr_mm|auc_0_2h|none,0.01,survived,pooled_adj,short_assay_2h,8,fc_corr_mm,auc_0_2h,none
fc_corr_mm|rate_h2|resid,0.01,survived,pooled_adj,short_assay_2h,8,fc_corr_mm,rate_h2,resid
fc_corr_mm|value_2h|resid,0.01,survived,pooled_adj,short_assay_2h,8,fc_corr_mm,value_2h,resid
raw_delta_mm|rate_h2|resid,0.01,survived,pooled_adj,short_assay_2h,8,raw_delta_mm,rate_h2,resid
raw_delta|value_2h|resid,0.01,survived,pooled_adj,short_assay_2h,8,raw_delta,value_2h,resid
raw_rfu|rate_h2|none,0.01,survived,pooled_adj,short_assay_2h,8,raw_rfu,rate_h2,none
raw_rfu|rate_h2|resid,0.01,survived,pooled_adj,short_assay_2h,8,raw_rfu,rate_h2,resid
raw_rfu|inflection_time|none,0.82,survived,triploid,all,3,raw_rfu,inflection_time,none
raw_rfu|time_to_vmax|resid,0.82,survived,triploid,all,3,raw_rfu,time_to_vmax,resid
raw_rfu|time_to_min_slope|none,0.18,survived,triploid,all,3,raw_rfu,time_to_min_slope,none
raw_rfu|baseline_value|none,0.17,survived,triploid,all,3,raw_rfu,baseline_value,none
raw_rfu|n_negative_intervals|resid,0.17,survived,triploid,all,3,raw_rfu,n_negative_intervals,resid
raw_rfu|time_to_peak|none,0.11,survived,triploid,all,3,raw_rfu,time_to_peak,none
raw_delta_mm|vmax|none,0.1,survived,triploid,all,3,raw_delta_mm,vmax,none
raw_rfu|sat_r2|resid,0.1,survived,triploid,all,3,raw_rfu,sat_r2,resid
fc_corr|delta_auc_late_minus_early|none,0.09,survived,triploid,all,3,fc_corr,delta_auc_late_minus_early,none
raw_rfu|inflection_time|resid,0.09,survived,triploid,all,3,raw_rfu,inflection_time,resid
raw_delta_mm|depression_abs|resid,0.04,survived,triploid,all,3,raw_delta_mm,depression_abs,resid
raw_delta_mm|sat_asymptote|none,0.04,survived,triploid,all,3,raw_delta_mm,sat_asymptote,none
fc_corr_mm|sat_asymptote|none,0.03,survived,triploid,all,3,fc_corr_mm,sat_asymptote,none
raw_rfu|depression_abs|resid,0.03,survived,triploid,all,3,raw_rfu,depression_abs,resid
raw_rfu|vmax|none,0.03,survived,triploid,all,3,raw_rfu,vmax,none
fc_corr_mm|depression_abs|resid,0.02,survived,triploid,all,3,fc_corr_mm,depression_abs,resid
fc_corr|sat_r2|resid,0.02,survived,triploid,all,3,fc_corr,sat_r2,resid
raw_rfu|baseline_value|resid,0.02,survived,triploid,all,3,raw_rfu,baseline_value,resid
raw_rfu|stability_cv|resid,0.02,survived,triploid,all,3,raw_rfu,stability_cv,resid
fc_corr_mm|delta_auc_late_minus_early|none,0.01,survived,triploid,all,3,fc_corr_mm,delta_auc_late_minus_early,none
fc_corr|depression_abs|resid,0.01,survived,triploid,all,3,fc_corr,depression_abs,resid
fc_corr|max_drop|none,0.01,survived,triploid,all,3,fc_corr,max_drop,none
fc_corr|rate_cv|resid,0.01,survived,triploid,all,3,fc_corr,rate_cv,resid
fc_corr|vmax|none,0.01,survived,triploid,all,3,fc_corr,vmax,none
raw_delta_mm|rate_h4|resid,0.01,survived,triploid,all,3,raw_delta_mm,rate_h4,resid
raw_rfu|delta_auc_late_minus_early|resid,0.01,survived,triploid,all,3,raw_rfu,delta_auc_late_minus_early,resid
raw_rfu|n_negative_intervals|none,0.01,survived,triploid,all,3,raw_rfu,n_negative_intervals,none
raw_rfu|rate_cv|none,0.01,survived,triploid,all,3,raw_rfu,rate_cv,none
raw_rfu|resilience_ratio|resid,0.01,survived,triploid,all,3,raw_rfu,resilience_ratio,resid
raw_rfu|time_to_vmax|resid,0.93,survived,triploid,all,5,raw_rfu,time_to_vmax,resid
raw_rfu|inflection_time|none,0.9,survived,triploid,all,5,raw_rfu,inflection_time,none
raw_rfu|n_negative_intervals|resid,0.32,survived,triploid,all,5,raw_rfu,n_negative_intervals,resid
raw_rfu|time_to_min_slope|none,0.27,survived,triploid,all,5,raw_rfu,time_to_min_slope,none
raw_rfu|baseline_value|none,0.26,survived,triploid,all,5,raw_rfu,baseline_value,none
raw_rfu|inflection_time|resid,0.23,survived,triploid,all,5,raw_rfu,inflection_time,resid
raw_delta_mm|vmax|none,0.2,survived,triploid,all,5,raw_delta_mm,vmax,none
raw_rfu|sat_r2|resid,0.2,survived,triploid,all,5,raw_rfu,sat_r2,resid
fc_corr|sat_r2|resid,0.18,survived,triploid,all,5,fc_corr,sat_r2,resid
fc_corr|delta_auc_late_minus_early|none,0.15,survived,triploid,all,5,fc_corr,delta_auc_late_minus_early,none
raw_rfu|baseline_value|resid,0.11,survived,triploid,all,5,raw_rfu,baseline_value,resid
raw_rfu|time_to_peak|none,0.1,survived,triploid,all,5,raw_rfu,time_to_peak,none
raw_rfu|vmax|none,0.1,survived,triploid,all,5,raw_rfu,vmax,none
fc_corr_mm|depression_abs|resid,0.09,survived,triploid,all,5,fc_corr_mm,depression_abs,resid
raw_rfu|n_negative_intervals|none,0.09,survived,triploid,all,5,raw_rfu,n_negative_intervals,none
raw_rfu|stability_cv|resid,0.09,survived,triploid,all,5,raw_rfu,stability_cv,resid
fc_corr_mm|sat_asymptote|none,0.07,survived,triploid,all,5,fc_corr_mm,sat_asymptote,none
raw_delta_mm|depression_abs|resid,0.06,survived,triploid,all,5,raw_delta_mm,depression_abs,resid
raw_rfu|resilience_ratio|resid,0.06,survived,triploid,all,5,raw_rfu,resilience_ratio,resid
raw_delta_mm|sat_asymptote|none,0.05,survived,triploid,all,5,raw_delta_mm,sat_asymptote,none
fc_corr|depression_abs|resid,0.03,survived,triploid,all,5,fc_corr,depression_abs,resid
fc_corr|lin_slope|none,0.03,survived,triploid,all,5,fc_corr,lin_slope,none
fc_corr|sat_asymptote|none,0.03,survived,triploid,all,5,fc_corr,sat_asymptote,none
raw_delta_mm|max_drop|none,0.03,survived,triploid,all,5,raw_delta_mm,max_drop,none
raw_delta|stability_cv|resid,0.03,survived,triploid,all,5,raw_delta,stability_cv,resid
raw_rfu|delta_auc_late_minus_early|none,0.03,survived,triploid,all,5,raw_rfu,delta_auc_late_minus_early,none
raw_rfu|depression_abs|resid,0.03,survived,triploid,all,5,raw_rfu,depression_abs,resid
raw_rfu|max_drop|none,0.03,survived,triploid,all,5,raw_rfu,max_drop,none
raw_rfu|rate_cv|none,0.03,survived,triploid,all,5,raw_rfu,rate_cv,none
raw_rfu|time_to_vmax|none,0.03,survived,triploid,all,5,raw_rfu,time_to_vmax,none
fc_corr_mm|initial_slope|resid,0.02,survived,triploid,all,5,fc_corr_mm,initial_slope,resid
fc_corr_mm|max_drop|none,0.02,survived,triploid,all,5,fc_corr_mm,max_drop,none
fc_corr|vmax|none,0.02,survived,triploid,all,5,fc_corr,vmax,none
raw_delta|resilience_ratio|resid,0.02,survived,triploid,all,5,raw_delta,resilience_ratio,resid
raw_rfu|rate_cv|resid,0.02,survived,triploid,all,5,raw_rfu,rate_cv,resid
fc_corr_mm|delta_auc_late_minus_early|none,0.01,survived,triploid,all,5,fc_corr_mm,delta_auc_late_minus_early,none
fc_corr|max_drop|none,0.01,survived,triploid,all,5,fc_corr,max_drop,none
fc_corr|rate_cv|none,0.01,survived,triploid,all,5,fc_corr,rate_cv,none
fc_corr|rate_cv|resid,0.01,survived,triploid,all,5,fc_corr,rate_cv,resid
fc_corr|rate_h2|resid,0.01,survived,triploid,all,5,fc_corr,rate_h2,resid
fc_corr|stability_cv|resid,0.01,survived,triploid,all,5,fc_corr,stability_cv,resid
raw_rfu|lin_slope|resid,0.01,survived,triploid,all,5,raw_rfu,lin_slope,resid
raw_rfu|metabolic_depression_index|resid,0.01,survived,triploid,all,5,raw_rfu,metabolic_depression_index,resid
raw_rfu|quad_coef|none,0.01,survived,triploid,all,5,raw_rfu,quad_coef,none
raw_rfu|rate_h2|resid,0.01,survived,triploid,all,5,raw_rfu,rate_h2,resid
raw_rfu|sat_asymptote|none,0.01,survived,triploid,all,5,raw_rfu,sat_asymptote,none
raw_rfu|sat_r2|none,0.01,survived,triploid,all,5,raw_rfu,sat_r2,none
raw_rfu|time_to_min_slope|resid,0.01,survived,triploid,all,5,raw_rfu,time_to_min_slope,resid
raw_rfu|time_to_peak|resid,0.01,survived,triploid,all,5,raw_rfu,time_to_peak,resid
raw_rfu|inflection_time|none,0.92,survived,triploid,all,8,raw_rfu,inflection_time,none
raw_rfu|time_to_vmax|resid,0.91,survived,triploid,all,8,raw_rfu,time_to_vmax,resid
raw_rfu|n_negative_intervals|resid,0.52,survived,triploid,all,8,raw_rfu,n_negative_intervals,resid
raw_rfu|time_to_min_slope|none,0.39,survived,triploid,all,8,raw_rfu,time_to_min_slope,none
raw_rfu|inflection_time|resid,0.35,survived,triploid,all,8,raw_rfu,inflection_time,resid
raw_rfu|baseline_value|none,0.33,survived,triploid,all,8,raw_rfu,baseline_value,none
raw_rfu|time_to_peak|none,0.29,survived,triploid,all,8,raw_rfu,time_to_peak,none
fc_corr|delta_auc_late_minus_early|none,0.28,survived,triploid,all,8,fc_corr,delta_auc_late_minus_early,none
raw_delta_mm|vmax|none,0.27,survived,triploid,all,8,raw_delta_mm,vmax,none
raw_rfu|sat_r2|resid,0.25,survived,triploid,all,8,raw_rfu,sat_r2,resid
raw_rfu|n_negative_intervals|none,0.22,survived,triploid,all,8,raw_rfu,n_negative_intervals,none
fc_corr_mm|depression_abs|resid,0.21,survived,triploid,all,8,fc_corr_mm,depression_abs,resid
fc_corr|sat_r2|resid,0.21,survived,triploid,all,8,fc_corr,sat_r2,resid
raw_delta_mm|depression_abs|resid,0.19,survived,triploid,all,8,raw_delta_mm,depression_abs,resid
raw_rfu|vmax|none,0.16,survived,triploid,all,8,raw_rfu,vmax,none
fc_corr_mm|sat_asymptote|none,0.15,survived,triploid,all,8,fc_corr_mm,sat_asymptote,none
raw_delta_mm|sat_asymptote|none,0.15,survived,triploid,all,8,raw_delta_mm,sat_asymptote,none
raw_rfu|resilience_ratio|resid,0.15,survived,triploid,all,8,raw_rfu,resilience_ratio,resid
raw_rfu|baseline_value|resid,0.13,survived,triploid,all,8,raw_rfu,baseline_value,resid
fc_corr|depression_abs|resid,0.12,survived,triploid,all,8,fc_corr,depression_abs,resid
raw_rfu|stability_cv|resid,0.11,survived,triploid,all,8,raw_rfu,stability_cv,resid
raw_rfu|delta_auc_late_minus_early|none,0.1,survived,triploid,all,8,raw_rfu,delta_auc_late_minus_early,none
raw_rfu|depression_abs|resid,0.09,survived,triploid,all,8,raw_rfu,depression_abs,resid
raw_rfu|metabolic_depression_index|resid,0.07,survived,triploid,all,8,raw_rfu,metabolic_depression_index,resid
raw_rfu|rate_cv|none,0.07,survived,triploid,all,8,raw_rfu,rate_cv,none
raw_rfu|time_to_peak|resid,0.07,survived,triploid,all,8,raw_rfu,time_to_peak,resid
raw_rfu|time_to_vmax|none,0.07,survived,triploid,all,8,raw_rfu,time_to_vmax,none
fc_corr_mm|max_drop|none,0.06,survived,triploid,all,8,fc_corr_mm,max_drop,none
fc_corr|lin_slope|none,0.06,survived,triploid,all,8,fc_corr,lin_slope,none
fc_corr|rate_cv|none,0.06,survived,triploid,all,8,fc_corr,rate_cv,none
fc_corr|stability_cv|resid,0.06,survived,triploid,all,8,fc_corr,stability_cv,resid
raw_delta_mm|max_drop|none,0.06,survived,triploid,all,8,raw_delta_mm,max_drop,none
raw_delta|stability_cv|resid,0.06,survived,triploid,all,8,raw_delta,stability_cv,resid
raw_rfu|max_drop|none,0.06,survived,triploid,all,8,raw_rfu,max_drop,none
raw_rfu|time_to_min_slope|resid,0.06,survived,triploid,all,8,raw_rfu,time_to_min_slope,resid
fc_corr_mm|vmax|none,0.05,survived,triploid,all,8,fc_corr_mm,vmax,none
fc_corr|max_drop|none,0.05,survived,triploid,all,8,fc_corr,max_drop,none
fc_corr_mm|delta_auc_late_minus_early|none,0.04,survived,triploid,all,8,fc_corr_mm,delta_auc_late_minus_early,none
raw_delta_mm|delta_auc_late_minus_early|none,0.04,survived,triploid,all,8,raw_delta_mm,delta_auc_late_minus_early,none
raw_delta|resilience_ratio|resid,0.04,survived,triploid,all,8,raw_delta,resilience_ratio,resid
fc_corr_mm|auc_0_1h|resid,0.03,survived,triploid,all,8,fc_corr_mm,auc_0_1h,resid
fc_corr_mm|initial_slope|resid,0.03,survived,triploid,all,8,fc_corr_mm,initial_slope,resid
fc_corr|sat_asymptote|none,0.03,survived,triploid,all,8,fc_corr,sat_asymptote,none
fc_corr|vmax|none,0.03,survived,triploid,all,8,fc_corr,vmax,none
raw_delta_mm|quad_coef|none,0.03,survived,triploid,all,8,raw_delta_mm,quad_coef,none
raw_rfu|rate_cv|resid,0.03,survived,triploid,all,8,raw_rfu,rate_cv,resid
fc_corr_mm|auc_0_2h|resid,0.02,survived,triploid,all,8,fc_corr_mm,auc_0_2h,resid
fc_corr|auc_0_1h|resid,0.02,survived,triploid,all,8,fc_corr,auc_0_1h,resid
fc_corr|initial_slope|resid,0.02,survived,triploid,all,8,fc_corr,initial_slope,resid
fc_corr|rate_cv|resid,0.02,survived,triploid,all,8,fc_corr,rate_cv,resid
raw_rfu|quad_coef|none,0.02,survived,triploid,all,8,raw_rfu,quad_coef,none
fc_corr_mm|auc_early|resid,0.01,survived,triploid,all,8,fc_corr_mm,auc_early,resid
fc_corr_mm|rate_h4|none,0.01,survived,triploid,all,8,fc_corr_mm,rate_h4,none
fc_corr|auc_0_2h|resid,0.01,survived,triploid,all,8,fc_corr,auc_0_2h,resid
fc_corr|auc_late|none,0.01,survived,triploid,all,8,fc_corr,auc_late,none
fc_corr|late_early_auc_ratio|resid,0.01,survived,triploid,all,8,fc_corr,late_early_auc_ratio,resid
fc_corr|rate_h2|resid,0.01,survived,triploid,all,8,fc_corr,rate_h2,resid
fc_corr|rate_h3|resid,0.01,survived,triploid,all,8,fc_corr,rate_h3,resid
fc_corr|rate_last_first_ratio|resid,0.01,survived,triploid,all,8,fc_corr,rate_last_first_ratio,resid
fc_corr|sat_r2|none,0.01,survived,triploid,all,8,fc_corr,sat_r2,none
fc_corr|t_half|resid,0.01,survived,triploid,all,8,fc_corr,t_half,resid
fc_corr|value_3h|resid,0.01,survived,triploid,all,8,fc_corr,value_3h,resid
fc_corr|vmax|resid,0.01,survived,triploid,all,8,fc_corr,vmax,resid
raw_delta_mm|auc_0_2h|none,0.01,survived,triploid,all,8,raw_delta_mm,auc_0_2h,none
raw_delta_mm|max_drop|resid,0.01,survived,triploid,all,8,raw_delta_mm,max_drop,resid
raw_delta_mm|rate_h4|none,0.01,survived,triploid,all,8,raw_delta_mm,rate_h4,none
raw_delta_mm|rate_h4|resid,0.01,survived,triploid,all,8,raw_delta_mm,rate_h4,resid
raw_delta|value_2h|none,0.01,survived,triploid,all,8,raw_delta,value_2h,none
raw_rfu|delta_auc_late_minus_early|resid,0.01,survived,triploid,all,8,raw_rfu,delta_auc_late_minus_early,resid
raw_rfu|late_early_auc_ratio|resid,0.01,survived,triploid,all,8,raw_rfu,late_early_auc_ratio,resid
raw_rfu|rate_h2|resid,0.01,survived,triploid,all,8,raw_rfu,rate_h2,resid
raw_rfu|rate_h3|resid,0.01,survived,triploid,all,8,raw_rfu,rate_h3,resid
raw_rfu|rate_last_first_ratio|resid,0.01,survived,triploid,all,8,raw_rfu,rate_last_first_ratio,resid
raw_rfu|sat_r2|none,0.01,survived,triploid,all,8,raw_rfu,sat_r2,none
raw_rfu|t_half|resid,0.01,survived,triploid,all,8,raw_rfu,t_half,resid
fc_corr_mm|max_drop|none,0.59,survived,triploid,fc_corr_mm_none,3,fc_corr_mm,max_drop,none
fc_corr_mm|sat_asymptote|none,0.55,survived,triploid,fc_corr_mm_none,3,fc_corr_mm,sat_asymptote,none
fc_corr_mm|vmax|none,0.48,survived,triploid,fc_corr_mm_none,3,fc_corr_mm,vmax,none
fc_corr_mm|delta_auc_late_minus_early|none,0.47,survived,triploid,fc_corr_mm_none,3,fc_corr_mm,delta_auc_late_minus_early,none
fc_corr_mm|depression_abs|none,0.38,survived,triploid,fc_corr_mm_none,3,fc_corr_mm,depression_abs,none
fc_corr_mm|lin_slope|none,0.13,survived,triploid,fc_corr_mm_none,3,fc_corr_mm,lin_slope,none
fc_corr_mm|auc_late|none,0.07,survived,triploid,fc_corr_mm_none,3,fc_corr_mm,auc_late,none
fc_corr_mm|min_slope|none,0.04,survived,triploid,fc_corr_mm_none,3,fc_corr_mm,min_slope,none
fc_corr_mm|rate_h3|none,0.04,survived,triploid,fc_corr_mm_none,3,fc_corr_mm,rate_h3,none
fc_corr_mm|rate_h4|none,0.04,survived,triploid,fc_corr_mm_none,3,fc_corr_mm,rate_h4,none
fc_corr_mm|sat_k|none,0.04,survived,triploid,fc_corr_mm_none,3,fc_corr_mm,sat_k,none
fc_corr_mm|auc_0_2h|none,0.03,survived,triploid,fc_corr_mm_none,3,fc_corr_mm,auc_0_2h,none
fc_corr_mm|auc_total|none,0.03,survived,triploid,fc_corr_mm_none,3,fc_corr_mm,auc_total,none
fc_corr_mm|initial_slope|none,0.03,survived,triploid,fc_corr_mm_none,3,fc_corr_mm,initial_slope,none
fc_corr_mm|rate_h2|none,0.03,survived,triploid,fc_corr_mm_none,3,fc_corr_mm,rate_h2,none
fc_corr_mm|quad_coef|none,0.02,survived,triploid,fc_corr_mm_none,3,fc_corr_mm,quad_coef,none
fc_corr_mm|auc_early|none,0.01,survived,triploid,fc_corr_mm_none,3,fc_corr_mm,auc_early,none
fc_corr_mm|value_2h|none,0.01,survived,triploid,fc_corr_mm_none,3,fc_corr_mm,value_2h,none
fc_corr_mm|value_3h|none,0.01,survived,triploid,fc_corr_mm_none,3,fc_corr_mm,value_3h,none
fc_corr_mm|sat_asymptote|none,0.85,survived,triploid,fc_corr_mm_none,5,fc_corr_mm,sat_asymptote,none
fc_corr_mm|max_drop|none,0.81,survived,triploid,fc_corr_mm_none,5,fc_corr_mm,max_drop,none
fc_corr_mm|delta_auc_late_minus_early|none,0.76,survived,triploid,fc_corr_mm_none,5,fc_corr_mm,delta_auc_late_minus_early,none
fc_corr_mm|depression_abs|none,0.58,survived,triploid,fc_corr_mm_none,5,fc_corr_mm,depression_abs,none
fc_corr_mm|vmax|none,0.55,survived,triploid,fc_corr_mm_none,5,fc_corr_mm,vmax,none
fc_corr_mm|lin_slope|none,0.28,survived,triploid,fc_corr_mm_none,5,fc_corr_mm,lin_slope,none
fc_corr_mm|auc_late|none,0.17,survived,triploid,fc_corr_mm_none,5,fc_corr_mm,auc_late,none
fc_corr_mm|rate_h3|none,0.17,survived,triploid,fc_corr_mm_none,5,fc_corr_mm,rate_h3,none
fc_corr_mm|sat_k|none,0.17,survived,triploid,fc_corr_mm_none,5,fc_corr_mm,sat_k,none
fc_corr_mm|rate_h2|none,0.14,survived,triploid,fc_corr_mm_none,5,fc_corr_mm,rate_h2,none
fc_corr_mm|quad_coef|none,0.1,survived,triploid,fc_corr_mm_none,5,fc_corr_mm,quad_coef,none
fc_corr_mm|auc_total|none,0.07,survived,triploid,fc_corr_mm_none,5,fc_corr_mm,auc_total,none
fc_corr_mm|initial_slope|none,0.07,survived,triploid,fc_corr_mm_none,5,fc_corr_mm,initial_slope,none
fc_corr_mm|value_3h|none,0.07,survived,triploid,fc_corr_mm_none,5,fc_corr_mm,value_3h,none
fc_corr_mm|auc_0_1h|none,0.05,survived,triploid,fc_corr_mm_none,5,fc_corr_mm,auc_0_1h,none
fc_corr_mm|rate_h4|none,0.05,survived,triploid,fc_corr_mm_none,5,fc_corr_mm,rate_h4,none
fc_corr_mm|min_slope|none,0.04,survived,triploid,fc_corr_mm_none,5,fc_corr_mm,min_slope,none
fc_corr_mm|value_4h|none,0.03,survived,triploid,fc_corr_mm_none,5,fc_corr_mm,value_4h,none
fc_corr_mm|value_2h|none,0.02,survived,triploid,fc_corr_mm_none,5,fc_corr_mm,value_2h,none
fc_corr_mm|auc_0_2h|none,0.01,survived,triploid,fc_corr_mm_none,5,fc_corr_mm,auc_0_2h,none
fc_corr_mm|peak_value|none,0.01,survived,triploid,fc_corr_mm_none,5,fc_corr_mm,peak_value,none
fc_corr_mm|sat_asymptote|none,0.9,survived,triploid,fc_corr_mm_none,8,fc_corr_mm,sat_asymptote,none
fc_corr_mm|max_drop|none,0.85,survived,triploid,fc_corr_mm_none,8,fc_corr_mm,max_drop,none
fc_corr_mm|delta_auc_late_minus_early|none,0.84,survived,triploid,fc_corr_mm_none,8,fc_corr_mm,delta_auc_late_minus_early,none
fc_corr_mm|depression_abs|none,0.73,survived,triploid,fc_corr_mm_none,8,fc_corr_mm,depression_abs,none
fc_corr_mm|vmax|none,0.61,survived,triploid,fc_corr_mm_none,8,fc_corr_mm,vmax,none
fc_corr_mm|auc_late|none,0.6,survived,triploid,fc_corr_mm_none,8,fc_corr_mm,auc_late,none
fc_corr_mm|lin_slope|none,0.59,survived,triploid,fc_corr_mm_none,8,fc_corr_mm,lin_slope,none
fc_corr_mm|rate_h2|none,0.32,survived,triploid,fc_corr_mm_none,8,fc_corr_mm,rate_h2,none
fc_corr_mm|value_3h|none,0.3,survived,triploid,fc_corr_mm_none,8,fc_corr_mm,value_3h,none
fc_corr_mm|quad_coef|none,0.25,survived,triploid,fc_corr_mm_none,8,fc_corr_mm,quad_coef,none
fc_corr_mm|value_4h|none,0.24,survived,triploid,fc_corr_mm_none,8,fc_corr_mm,value_4h,none
fc_corr_mm|auc_total|none,0.23,survived,triploid,fc_corr_mm_none,8,fc_corr_mm,auc_total,none
fc_corr_mm|rate_h3|none,0.23,survived,triploid,fc_corr_mm_none,8,fc_corr_mm,rate_h3,none
fc_corr_mm|initial_slope|none,0.22,survived,triploid,fc_corr_mm_none,8,fc_corr_mm,initial_slope,none
fc_corr_mm|sat_k|none,0.2,survived,triploid,fc_corr_mm_none,8,fc_corr_mm,sat_k,none
fc_corr_mm|auc_0_1h|none,0.18,survived,triploid,fc_corr_mm_none,8,fc_corr_mm,auc_0_1h,none
fc_corr_mm|min_slope|none,0.15,survived,triploid,fc_corr_mm_none,8,fc_corr_mm,min_slope,none
fc_corr_mm|auc_0_2h|none,0.12,survived,triploid,fc_corr_mm_none,8,fc_corr_mm,auc_0_2h,none
fc_corr_mm|rate_h4|none,0.11,survived,triploid,fc_corr_mm_none,8,fc_corr_mm,rate_h4,none
fc_corr_mm|mean_rate|none,0.1,survived,triploid,fc_corr_mm_none,8,fc_corr_mm,mean_rate,none
fc_corr_mm|auc_early|none,0.09,survived,triploid,fc_corr_mm_none,8,fc_corr_mm,auc_early,none
fc_corr_mm|value_2h|none,0.08,survived,triploid,fc_corr_mm_none,8,fc_corr_mm,value_2h,none
fc_corr_mm|peak_value|none,0.03,survived,triploid,fc_corr_mm_none,8,fc_corr_mm,peak_value,none
fc_corr_mm|final_value|none,0.02,survived,triploid,fc_corr_mm_none,8,fc_corr_mm,final_value,none
fc_corr_mm|auc_0_3h|none,0.01,survived,triploid,fc_corr_mm_none,8,fc_corr_mm,auc_0_3h,none
raw_rfu|baseline_value|none,0.69,survived,triploid,short_assay_2h,3,raw_rfu,baseline_value,none
raw_rfu|baseline_value|resid,0.42,survived,triploid,short_assay_2h,3,raw_rfu,baseline_value,resid
raw_rfu|rate_h2|resid,0.31,survived,triploid,short_assay_2h,3,raw_rfu,rate_h2,resid
fc_corr_mm|initial_slope|resid,0.27,survived,triploid,short_assay_2h,3,fc_corr_mm,initial_slope,resid
fc_corr_mm|auc_0_1h|resid,0.19,survived,triploid,short_assay_2h,3,fc_corr_mm,auc_0_1h,resid
raw_delta_mm|rate_h2|resid,0.16,survived,triploid,short_assay_2h,3,raw_delta_mm,rate_h2,resid
fc_corr|rate_h2|resid,0.14,survived,triploid,short_assay_2h,3,fc_corr,rate_h2,resid
raw_delta_mm|initial_slope|none,0.13,survived,triploid,short_assay_2h,3,raw_delta_mm,initial_slope,none
raw_delta_mm|auc_0_2h|none,0.1,survived,triploid,short_assay_2h,3,raw_delta_mm,auc_0_2h,none
fc_corr_mm|auc_0_2h|resid,0.09,survived,triploid,short_assay_2h,3,fc_corr_mm,auc_0_2h,resid
raw_delta|value_2h|none,0.07,survived,triploid,short_assay_2h,3,raw_delta,value_2h,none
raw_rfu|auc_0_2h|none,0.07,survived,triploid,short_assay_2h,3,raw_rfu,auc_0_2h,none
raw_rfu|value_2h|none,0.05,survived,triploid,short_assay_2h,3,raw_rfu,value_2h,none
raw_delta_mm|auc_0_1h|none,0.04,survived,triploid,short_assay_2h,3,raw_delta_mm,auc_0_1h,none
fc_corr_mm|rate_h2|resid,0.03,survived,triploid,short_assay_2h,3,fc_corr_mm,rate_h2,resid
fc_corr|auc_0_2h|resid,0.03,survived,triploid,short_assay_2h,3,fc_corr,auc_0_2h,resid
fc_corr|initial_slope|resid,0.03,survived,triploid,short_assay_2h,3,fc_corr,initial_slope,resid
raw_delta_mm|initial_slope|resid,0.03,survived,triploid,short_assay_2h,3,raw_delta_mm,initial_slope,resid
fc_corr_mm|rate_h2|none,0.02,survived,triploid,short_assay_2h,3,fc_corr_mm,rate_h2,none
fc_corr|rate_h2|none,0.02,survived,triploid,short_assay_2h,3,fc_corr,rate_h2,none
raw_delta_mm|rate_h2|none,0.02,survived,triploid,short_assay_2h,3,raw_delta_mm,rate_h2,none
raw_delta|auc_0_2h|none,0.02,survived,triploid,short_assay_2h,3,raw_delta,auc_0_2h,none
raw_rfu|value_1h|none,0.02,survived,triploid,short_assay_2h,3,raw_rfu,value_1h,none
fc_corr_mm|value_2h|resid,0.01,survived,triploid,short_assay_2h,3,fc_corr_mm,value_2h,resid
raw_delta_mm|value_2h|none,0.01,survived,triploid,short_assay_2h,3,raw_delta_mm,value_2h,none
raw_rfu|auc_0_1h|none,0.01,survived,triploid,short_assay_2h,3,raw_rfu,auc_0_1h,none
raw_rfu|initial_slope|none,0.01,survived,triploid,short_assay_2h,3,raw_rfu,initial_slope,none
raw_rfu|rate_h2|none,0.01,survived,triploid,short_assay_2h,3,raw_rfu,rate_h2,none
raw_rfu|baseline_value|none,0.74,survived,triploid,short_assay_2h,5,raw_rfu,baseline_value,none
raw_rfu|baseline_value|resid,0.5,survived,triploid,short_assay_2h,5,raw_rfu,baseline_value,resid
fc_corr_mm|initial_slope|resid,0.38,survived,triploid,short_assay_2h,5,fc_corr_mm,initial_slope,resid
raw_rfu|rate_h2|resid,0.38,survived,triploid,short_assay_2h,5,raw_rfu,rate_h2,resid
fc_corr_mm|auc_0_1h|resid,0.34,survived,triploid,short_assay_2h,5,fc_corr_mm,auc_0_1h,resid
fc_corr|rate_h2|resid,0.29,survived,triploid,short_assay_2h,5,fc_corr,rate_h2,resid
raw_delta_mm|rate_h2|resid,0.28,survived,triploid,short_assay_2h,5,raw_delta_mm,rate_h2,resid
fc_corr_mm|auc_0_2h|resid,0.16,survived,triploid,short_assay_2h,5,fc_corr_mm,auc_0_2h,resid
raw_rfu|auc_0_2h|none,0.16,survived,triploid,short_assay_2h,5,raw_rfu,auc_0_2h,none
fc_corr_mm|rate_h2|resid,0.15,survived,triploid,short_assay_2h,5,fc_corr_mm,rate_h2,resid
fc_corr|initial_slope|resid,0.15,survived,triploid,short_assay_2h,5,fc_corr,initial_slope,resid
raw_delta_mm|auc_0_2h|none,0.15,survived,triploid,short_assay_2h,5,raw_delta_mm,auc_0_2h,none
raw_delta_mm|auc_0_1h|none,0.13,survived,triploid,short_assay_2h,5,raw_delta_mm,auc_0_1h,none
raw_delta_mm|initial_slope|none,0.13,survived,triploid,short_assay_2h,5,raw_delta_mm,initial_slope,none
raw_delta|value_2h|none,0.13,survived,triploid,short_assay_2h,5,raw_delta,value_2h,none
raw_delta_mm|initial_slope|resid,0.12,survived,triploid,short_assay_2h,5,raw_delta_mm,initial_slope,resid
raw_delta_mm|auc_0_1h|resid,0.09,survived,triploid,short_assay_2h,5,raw_delta_mm,auc_0_1h,resid
raw_delta_mm|rate_h2|none,0.08,survived,triploid,short_assay_2h,5,raw_delta_mm,rate_h2,none
raw_rfu|auc_0_1h|none,0.08,survived,triploid,short_assay_2h,5,raw_rfu,auc_0_1h,none
fc_corr_mm|rate_h2|none,0.07,survived,triploid,short_assay_2h,5,fc_corr_mm,rate_h2,none
raw_rfu|initial_slope|none,0.07,survived,triploid,short_assay_2h,5,raw_rfu,initial_slope,none
raw_rfu|value_2h|none,0.07,survived,triploid,short_assay_2h,5,raw_rfu,value_2h,none
fc_corr|auc_0_1h|resid,0.06,survived,triploid,short_assay_2h,5,fc_corr,auc_0_1h,resid
raw_rfu|value_1h|none,0.06,survived,triploid,short_assay_2h,5,raw_rfu,value_1h,none
raw_rfu|rate_h2|none,0.05,survived,triploid,short_assay_2h,5,raw_rfu,rate_h2,none
fc_corr|auc_0_2h|resid,0.04,survived,triploid,short_assay_2h,5,fc_corr,auc_0_2h,resid
fc_corr|rate_h2|none,0.04,survived,triploid,short_assay_2h,5,fc_corr,rate_h2,none
raw_delta_mm|value_2h|none,0.04,survived,triploid,short_assay_2h,5,raw_delta_mm,value_2h,none
raw_delta|auc_0_2h|none,0.04,survived,triploid,short_assay_2h,5,raw_delta,auc_0_2h,none
raw_delta|auc_0_1h|none,0.01,survived,triploid,short_assay_2h,5,raw_delta,auc_0_1h,none
raw_rfu|value_1h|resid,0.01,survived,triploid,short_assay_2h,5,raw_rfu,value_1h,resid
raw_rfu|baseline_value|none,0.77,survived,triploid,short_assay_2h,8,raw_rfu,baseline_value,none
raw_rfu|rate_h2|resid,0.54,survived,triploid,short_assay_2h,8,raw_rfu,rate_h2,resid
raw_rfu|baseline_value|resid,0.53,survived,triploid,short_assay_2h,8,raw_rfu,baseline_value,resid
fc_corr_mm|initial_slope|resid,0.45,survived,triploid,short_assay_2h,8,fc_corr_mm,initial_slope,resid
raw_delta_mm|rate_h2|resid,0.43,survived,triploid,short_assay_2h,8,raw_delta_mm,rate_h2,resid
fc_corr|rate_h2|resid,0.42,survived,triploid,short_assay_2h,8,fc_corr,rate_h2,resid
fc_corr_mm|auc_0_1h|resid,0.41,survived,triploid,short_assay_2h,8,fc_corr_mm,auc_0_1h,resid
fc_corr_mm|auc_0_2h|resid,0.33,survived,triploid,short_assay_2h,8,fc_corr_mm,auc_0_2h,resid
raw_delta_mm|auc_0_1h|none,0.3,survived,triploid,short_assay_2h,8,raw_delta_mm,auc_0_1h,none
raw_delta_mm|initial_slope|none,0.3,survived,triploid,short_assay_2h,8,raw_delta_mm,initial_slope,none
raw_rfu|auc_0_2h|none,0.3,survived,triploid,short_assay_2h,8,raw_rfu,auc_0_2h,none
fc_corr_mm|rate_h2|resid,0.28,survived,triploid,short_assay_2h,8,fc_corr_mm,rate_h2,resid
raw_delta_mm|auc_0_2h|none,0.27,survived,triploid,short_assay_2h,8,raw_delta_mm,auc_0_2h,none
fc_corr|auc_0_1h|resid,0.22,survived,triploid,short_assay_2h,8,fc_corr,auc_0_1h,resid
fc_corr|initial_slope|resid,0.22,survived,triploid,short_assay_2h,8,fc_corr,initial_slope,resid
raw_delta|auc_0_2h|none,0.22,survived,triploid,short_assay_2h,8,raw_delta,auc_0_2h,none
fc_corr_mm|rate_h2|none,0.19,survived,triploid,short_assay_2h,8,fc_corr_mm,rate_h2,none
raw_delta_mm|initial_slope|resid,0.19,survived,triploid,short_assay_2h,8,raw_delta_mm,initial_slope,resid
fc_corr|auc_0_2h|resid,0.18,survived,triploid,short_assay_2h,8,fc_corr,auc_0_2h,resid
raw_delta|value_2h|none,0.18,survived,triploid,short_assay_2h,8,raw_delta,value_2h,none
raw_delta_mm|auc_0_1h|resid,0.16,survived,triploid,short_assay_2h,8,raw_delta_mm,auc_0_1h,resid
raw_delta_mm|rate_h2|none,0.16,survived,triploid,short_assay_2h,8,raw_delta_mm,rate_h2,none
raw_rfu|value_2h|none,0.15,survived,triploid,short_assay_2h,8,raw_rfu,value_2h,none
fc_corr|rate_h2|none,0.13,survived,triploid,short_assay_2h,8,fc_corr,rate_h2,none
raw_rfu|auc_0_1h|none,0.12,survived,triploid,short_assay_2h,8,raw_rfu,auc_0_1h,none
raw_rfu|rate_h2|none,0.11,survived,triploid,short_assay_2h,8,raw_rfu,rate_h2,none
raw_rfu|value_1h|none,0.1,survived,triploid,short_assay_2h,8,raw_rfu,value_1h,none
raw_rfu|initial_slope|none,0.09,survived,triploid,short_assay_2h,8,raw_rfu,initial_slope,none
raw_delta_mm|value_2h|none,0.08,survived,triploid,short_assay_2h,8,raw_delta_mm,value_2h,none
raw_delta|auc_0_1h|none,0.05,survived,triploid,short_assay_2h,8,raw_delta,auc_0_1h,none
fc_corr_mm|value_2h|resid,0.03,survived,triploid,short_assay_2h,8,fc_corr_mm,value_2h,resid
raw_rfu|value_1h|resid,0.03,survived,triploid,short_assay_2h,8,raw_rfu,value_1h,resid
raw_delta_mm|value_2h|resid,0.02,survived,triploid,short_assay_2h,8,raw_delta_mm,value_2h,resid
fc_corr_mm|auc_0_1h|none,0.01,survived,triploid,short_assay_2h,8,fc_corr_mm,auc_0_1h,none
fc_corr_mm|initial_slope|none,0.01,survived,triploid,short_assay_2h,8,fc_corr_mm,initial_slope,none
fc_corr_mm|value_2h|none,0.01,survived,triploid,short_assay_2h,8,fc_corr_mm,value_2h,none
raw_rfu|initial_slope|resid,0.01,survived,triploid,short_assay_2h,8,raw_rfu,initial_slope,resid
fc_corr|initial_slope|resid,0.9,yield_dtw,diploid,all,3,fc_corr,initial_slope,resid
fc_corr|auc_0_1h|resid,0.83,yield_dtw,diploid,all,3,fc_corr,auc_0_1h,resid
fc_corr_mm|initial_slope|resid,0.58,yield_dtw,diploid,all,3,fc_corr_mm,initial_slope,resid
raw_rfu|rate_h2|none,0.15,yield_dtw,diploid,all,3,raw_rfu,rate_h2,none
raw_rfu|initial_slope|none,0.11,yield_dtw,diploid,all,3,raw_rfu,initial_slope,none
raw_delta_mm|rate_h2|none,0.1,yield_dtw,diploid,all,3,raw_delta_mm,rate_h2,none
fc_corr_mm|rate_h2|none,0.07,yield_dtw,diploid,all,3,fc_corr_mm,rate_h2,none
raw_rfu|baseline_value|none,0.07,yield_dtw,diploid,all,3,raw_rfu,baseline_value,none
fc_corr|rate_h2|none,0.06,yield_dtw,diploid,all,3,fc_corr,rate_h2,none
fc_corr_mm|auc_0_1h|resid,0.03,yield_dtw,diploid,all,3,fc_corr_mm,auc_0_1h,resid
fc_corr|vmax|resid,0.03,yield_dtw,diploid,all,3,fc_corr,vmax,resid
raw_delta|auc_0_1h|none,0.03,yield_dtw,diploid,all,3,raw_delta,auc_0_1h,none
fc_corr|rate_h3|none,0.01,yield_dtw,diploid,all,3,fc_corr,rate_h3,none
raw_delta_mm|initial_slope|resid,0.01,yield_dtw,diploid,all,3,raw_delta_mm,initial_slope,resid
raw_rfu|time_to_peak|none,0.01,yield_dtw,diploid,all,3,raw_rfu,time_to_peak,none
raw_rfu|value_1h|resid,0.01,yield_dtw,diploid,all,3,raw_rfu,value_1h,resid
fc_corr|initial_slope|resid,0.91,yield_dtw,diploid,all,5,fc_corr,initial_slope,resid
fc_corr|auc_0_1h|resid,0.82,yield_dtw,diploid,all,5,fc_corr,auc_0_1h,resid
fc_corr_mm|initial_slope|resid,0.65,yield_dtw,diploid,all,5,fc_corr_mm,initial_slope,resid
fc_corr_mm|auc_0_1h|resid,0.59,yield_dtw,diploid,all,5,fc_corr_mm,auc_0_1h,resid
raw_delta_mm|initial_slope|resid,0.26,yield_dtw,diploid,all,5,raw_delta_mm,initial_slope,resid
raw_delta_mm|rate_h2|none,0.26,yield_dtw,diploid,all,5,raw_delta_mm,rate_h2,none
raw_rfu|rate_h2|none,0.25,yield_dtw,diploid,all,5,raw_rfu,rate_h2,none
fc_corr_mm|rate_h2|none,0.21,yield_dtw,diploid,all,5,fc_corr_mm,rate_h2,none
fc_corr|rate_h2|none,0.18,yield_dtw,diploid,all,5,fc_corr,rate_h2,none
raw_rfu|initial_slope|none,0.16,yield_dtw,diploid,all,5,raw_rfu,initial_slope,none
raw_rfu|baseline_value|none,0.12,yield_dtw,diploid,all,5,raw_rfu,baseline_value,none
raw_rfu|value_1h|resid,0.11,yield_dtw,diploid,all,5,raw_rfu,value_1h,resid
raw_delta|auc_0_1h|none,0.09,yield_dtw,diploid,all,5,raw_delta,auc_0_1h,none
fc_corr|vmax|resid,0.07,yield_dtw,diploid,all,5,fc_corr,vmax,resid
fc_corr_mm|vmax|resid,0.05,yield_dtw,diploid,all,5,fc_corr_mm,vmax,resid
raw_rfu|value_1h|none,0.05,yield_dtw,diploid,all,5,raw_rfu,value_1h,none
fc_corr|rate_h2|resid,0.03,yield_dtw,diploid,all,5,fc_corr,rate_h2,resid
raw_delta_mm|auc_0_1h|resid,0.03,yield_dtw,diploid,all,5,raw_delta_mm,auc_0_1h,resid
fc_corr|auc_0_2h|resid,0.02,yield_dtw,diploid,all,5,fc_corr,auc_0_2h,resid
raw_delta_mm|vmax|resid,0.02,yield_dtw,diploid,all,5,raw_delta_mm,vmax,resid
raw_rfu|auc_0_1h|none,0.02,yield_dtw,diploid,all,5,raw_rfu,auc_0_1h,none
raw_rfu|auc_0_1h|resid,0.02,yield_dtw,diploid,all,5,raw_rfu,auc_0_1h,resid
fc_corr_mm|auc_0_2h|resid,0.01,yield_dtw,diploid,all,5,fc_corr_mm,auc_0_2h,resid
fc_corr_mm|auc_0_3h|resid,0.01,yield_dtw,diploid,all,5,fc_corr_mm,auc_0_3h,resid
fc_corr_mm|rate_h2|resid,0.01,yield_dtw,diploid,all,5,fc_corr_mm,rate_h2,resid
raw_delta_mm|auc_0_2h|resid,0.01,yield_dtw,diploid,all,5,raw_delta_mm,auc_0_2h,resid
raw_delta_mm|auc_early|resid,0.01,yield_dtw,diploid,all,5,raw_delta_mm,auc_early,resid
raw_rfu|baseline_value|resid,0.01,yield_dtw,diploid,all,5,raw_rfu,baseline_value,resid
raw_rfu|vmax|none,0.01,yield_dtw,diploid,all,5,raw_rfu,vmax,none
raw_rfu|vmax|resid,0.01,yield_dtw,diploid,all,5,raw_rfu,vmax,resid
fc_corr|initial_slope|resid,0.99,yield_dtw,diploid,all,8,fc_corr,initial_slope,resid
fc_corr|auc_0_1h|resid,0.95,yield_dtw,diploid,all,8,fc_corr,auc_0_1h,resid
fc_corr_mm|initial_slope|resid,0.88,yield_dtw,diploid,all,8,fc_corr_mm,initial_slope,resid
fc_corr_mm|auc_0_1h|resid,0.85,yield_dtw,diploid,all,8,fc_corr_mm,auc_0_1h,resid
raw_delta_mm|initial_slope|resid,0.49,yield_dtw,diploid,all,8,raw_delta_mm,initial_slope,resid
raw_delta_mm|auc_0_1h|resid,0.43,yield_dtw,diploid,all,8,raw_delta_mm,auc_0_1h,resid
raw_rfu|initial_slope|none,0.4,yield_dtw,diploid,all,8,raw_rfu,initial_slope,none
raw_delta|auc_0_1h|none,0.35,yield_dtw,diploid,all,8,raw_delta,auc_0_1h,none
raw_rfu|value_1h|resid,0.33,yield_dtw,diploid,all,8,raw_rfu,value_1h,resid
raw_delta_mm|rate_h2|none,0.3,yield_dtw,diploid,all,8,raw_delta_mm,rate_h2,none
raw_rfu|rate_h2|none,0.29,yield_dtw,diploid,all,8,raw_rfu,rate_h2,none
fc_corr|rate_h2|none,0.26,yield_dtw,diploid,all,8,fc_corr,rate_h2,none
fc_corr_mm|rate_h2|none,0.24,yield_dtw,diploid,all,8,fc_corr_mm,rate_h2,none
fc_corr|vmax|resid,0.17,yield_dtw,diploid,all,8,fc_corr,vmax,resid
raw_rfu|initial_slope|resid,0.14,yield_dtw,diploid,all,8,raw_rfu,initial_slope,resid
fc_corr_mm|vmax|resid,0.13,yield_dtw,diploid,all,8,fc_corr_mm,vmax,resid
raw_rfu|baseline_value|none,0.13,yield_dtw,diploid,all,8,raw_rfu,baseline_value,none
raw_rfu|value_1h|none,0.13,yield_dtw,diploid,all,8,raw_rfu,value_1h,none
raw_rfu|auc_0_1h|resid,0.11,yield_dtw,diploid,all,8,raw_rfu,auc_0_1h,resid
raw_rfu|auc_0_1h|none,0.08,yield_dtw,diploid,all,8,raw_rfu,auc_0_1h,none
fc_corr|auc_0_2h|resid,0.04,yield_dtw,diploid,all,8,fc_corr,auc_0_2h,resid
raw_delta|auc_0_1h|resid,0.04,yield_dtw,diploid,all,8,raw_delta,auc_0_1h,resid
fc_corr|rate_h2|resid,0.03,yield_dtw,diploid,all,8,fc_corr,rate_h2,resid
fc_corr|rate_h3|none,0.03,yield_dtw,diploid,all,8,fc_corr,rate_h3,none
raw_delta_mm|vmax|resid,0.03,yield_dtw,diploid,all,8,raw_delta_mm,vmax,resid
fc_corr_mm|auc_0_2h|resid,0.02,yield_dtw,diploid,all,8,fc_corr_mm,auc_0_2h,resid
fc_corr_mm|rate_h2|resid,0.02,yield_dtw,diploid,all,8,fc_corr_mm,rate_h2,resid
raw_rfu|baseline_value|resid,0.02,yield_dtw,diploid,all,8,raw_rfu,baseline_value,resid
raw_rfu|rate_h2|resid,0.02,yield_dtw,diploid,all,8,raw_rfu,rate_h2,resid
fc_corr_mm|auc_total|resid,0.01,yield_dtw,diploid,all,8,fc_corr_mm,auc_total,resid
fc_corr_mm|rate_h3|none,0.01,yield_dtw,diploid,all,8,fc_corr_mm,rate_h3,none
fc_corr_mm|rate_h3|resid,0.01,yield_dtw,diploid,all,8,fc_corr_mm,rate_h3,resid
fc_corr|auc_early|resid,0.01,yield_dtw,diploid,all,8,fc_corr,auc_early,resid
fc_corr|initial_slope|none,0.01,yield_dtw,diploid,all,8,fc_corr,initial_slope,none
fc_corr|rate_h3|resid,0.01,yield_dtw,diploid,all,8,fc_corr,rate_h3,resid
raw_delta_mm|auc_0_2h|resid,0.01,yield_dtw,diploid,all,8,raw_delta_mm,auc_0_2h,resid
raw_rfu|rate_h3|none,0.01,yield_dtw,diploid,all,8,raw_rfu,rate_h3,none
raw_rfu|rate_h3|resid,0.01,yield_dtw,diploid,all,8,raw_rfu,rate_h3,resid
raw_rfu|vmax|resid,0.01,yield_dtw,diploid,all,8,raw_rfu,vmax,resid
fc_corr_mm|initial_slope|none,0.89,yield_dtw,diploid,fc_corr_mm_none,3,fc_corr_mm,initial_slope,none
fc_corr_mm|rate_h2|none,0.79,yield_dtw,diploid,fc_corr_mm_none,3,fc_corr_mm,rate_h2,none
fc_corr_mm|auc_0_1h|none,0.6,yield_dtw,diploid,fc_corr_mm_none,3,fc_corr_mm,auc_0_1h,none
fc_corr_mm|rate_h3|none,0.34,yield_dtw,diploid,fc_corr_mm_none,3,fc_corr_mm,rate_h3,none
fc_corr_mm|auc_0_2h|none,0.14,yield_dtw,diploid,fc_corr_mm_none,3,fc_corr_mm,auc_0_2h,none
fc_corr_mm|sat_k|none,0.1,yield_dtw,diploid,fc_corr_mm_none,3,fc_corr_mm,sat_k,none
fc_corr_mm|delta_auc_late_minus_early|none,0.07,yield_dtw,diploid,fc_corr_mm_none,3,fc_corr_mm,delta_auc_late_minus_early,none
fc_corr_mm|max_drop|none,0.02,yield_dtw,diploid,fc_corr_mm_none,3,fc_corr_mm,max_drop,none
fc_corr_mm|vmax|none,0.02,yield_dtw,diploid,fc_corr_mm_none,3,fc_corr_mm,vmax,none
fc_corr_mm|quad_coef|none,0.01,yield_dtw,diploid,fc_corr_mm_none,3,fc_corr_mm,quad_coef,none
fc_corr_mm|sat_asymptote|none,0.01,yield_dtw,diploid,fc_corr_mm_none,3,fc_corr_mm,sat_asymptote,none
fc_corr_mm|value_2h|none,0.01,yield_dtw,diploid,fc_corr_mm_none,3,fc_corr_mm,value_2h,none
fc_corr_mm|rate_h2|none,0.94,yield_dtw,diploid,fc_corr_mm_none,5,fc_corr_mm,rate_h2,none
fc_corr_mm|initial_slope|none,0.93,yield_dtw,diploid,fc_corr_mm_none,5,fc_corr_mm,initial_slope,none
fc_corr_mm|auc_0_1h|none,0.92,yield_dtw,diploid,fc_corr_mm_none,5,fc_corr_mm,auc_0_1h,none
fc_corr_mm|rate_h3|none,0.61,yield_dtw,diploid,fc_corr_mm_none,5,fc_corr_mm,rate_h3,none
fc_corr_mm|auc_0_2h|none,0.5,yield_dtw,diploid,fc_corr_mm_none,5,fc_corr_mm,auc_0_2h,none
fc_corr_mm|sat_k|none,0.25,yield_dtw,diploid,fc_corr_mm_none,5,fc_corr_mm,sat_k,none
fc_corr_mm|delta_auc_late_minus_early|none,0.22,yield_dtw,diploid,fc_corr_mm_none,5,fc_corr_mm,delta_auc_late_minus_early,none
fc_corr_mm|vmax|none,0.22,yield_dtw,diploid,fc_corr_mm_none,5,fc_corr_mm,vmax,none
fc_corr_mm|auc_early|none,0.16,yield_dtw,diploid,fc_corr_mm_none,5,fc_corr_mm,auc_early,none
fc_corr_mm|lin_slope|none,0.05,yield_dtw,diploid,fc_corr_mm_none,5,fc_corr_mm,lin_slope,none
fc_corr_mm|max_drop|none,0.05,yield_dtw,diploid,fc_corr_mm_none,5,fc_corr_mm,max_drop,none
fc_corr_mm|quad_coef|none,0.05,yield_dtw,diploid,fc_corr_mm_none,5,fc_corr_mm,quad_coef,none
fc_corr_mm|value_2h|none,0.04,yield_dtw,diploid,fc_corr_mm_none,5,fc_corr_mm,value_2h,none
fc_corr_mm|depression_abs|none,0.03,yield_dtw,diploid,fc_corr_mm_none,5,fc_corr_mm,depression_abs,none
fc_corr_mm|sat_asymptote|none,0.03,yield_dtw,diploid,fc_corr_mm_none,5,fc_corr_mm,sat_asymptote,none
fc_corr_mm|rate_h2|none,0.98,yield_dtw,diploid,fc_corr_mm_none,8,fc_corr_mm,rate_h2,none
fc_corr_mm|initial_slope|none,0.97,yield_dtw,diploid,fc_corr_mm_none,8,fc_corr_mm,initial_slope,none
fc_corr_mm|auc_0_1h|none,0.95,yield_dtw,diploid,fc_corr_mm_none,8,fc_corr_mm,auc_0_1h,none
fc_corr_mm|rate_h3|none,0.84,yield_dtw,diploid,fc_corr_mm_none,8,fc_corr_mm,rate_h3,none
fc_corr_mm|auc_0_2h|none,0.83,yield_dtw,diploid,fc_corr_mm_none,8,fc_corr_mm,auc_0_2h,none
fc_corr_mm|vmax|none,0.8,yield_dtw,diploid,fc_corr_mm_none,8,fc_corr_mm,vmax,none
fc_corr_mm|auc_early|none,0.7,yield_dtw,diploid,fc_corr_mm_none,8,fc_corr_mm,auc_early,none
fc_corr_mm|sat_k|none,0.48,yield_dtw,diploid,fc_corr_mm_none,8,fc_corr_mm,sat_k,none
fc_corr_mm|delta_auc_late_minus_early|none,0.29,yield_dtw,diploid,fc_corr_mm_none,8,fc_corr_mm,delta_auc_late_minus_early,none
fc_corr_mm|max_drop|none,0.23,yield_dtw,diploid,fc_corr_mm_none,8,fc_corr_mm,max_drop,none
fc_corr_mm|sat_asymptote|none,0.2,yield_dtw,diploid,fc_corr_mm_none,8,fc_corr_mm,sat_asymptote,none
fc_corr_mm|quad_coef|none,0.14,yield_dtw,diploid,fc_corr_mm_none,8,fc_corr_mm,quad_coef,none
fc_corr_mm|auc_total|none,0.13,yield_dtw,diploid,fc_corr_mm_none,8,fc_corr_mm,auc_total,none
fc_corr_mm|auc_0_3h|none,0.1,yield_dtw,diploid,fc_corr_mm_none,8,fc_corr_mm,auc_0_3h,none
fc_corr_mm|depression_abs|none,0.09,yield_dtw,diploid,fc_corr_mm_none,8,fc_corr_mm,depression_abs,none
fc_corr_mm|value_2h|none,0.09,yield_dtw,diploid,fc_corr_mm_none,8,fc_corr_mm,value_2h,none
fc_corr_mm|lin_slope|none,0.06,yield_dtw,diploid,fc_corr_mm_none,8,fc_corr_mm,lin_slope,none
fc_corr_mm|peak_value|none,0.04,yield_dtw,diploid,fc_corr_mm_none,8,fc_corr_mm,peak_value,none
fc_corr_mm|min_slope|none,0.02,yield_dtw,diploid,fc_corr_mm_none,8,fc_corr_mm,min_slope,none
fc_corr_mm|rate_h4|none,0.02,yield_dtw,diploid,fc_corr_mm_none,8,fc_corr_mm,rate_h4,none
fc_corr_mm|value_3h|none,0.02,yield_dtw,diploid,fc_corr_mm_none,8,fc_corr_mm,value_3h,none
fc_corr_mm|final_value|none,0.01,yield_dtw,diploid,fc_corr_mm_none,8,fc_corr_mm,final_value,none
fc_corr_mm|mean_rate|none,0.01,yield_dtw,diploid,fc_corr_mm_none,8,fc_corr_mm,mean_rate,none
fc_corr|initial_slope|resid,0.85,yield_dtw,diploid,short_assay_2h,3,fc_corr,initial_slope,resid
fc_corr|auc_0_1h|resid,0.8,yield_dtw,diploid,short_assay_2h,3,fc_corr,auc_0_1h,resid
fc_corr_mm|initial_slope|resid,0.64,yield_dtw,diploid,short_assay_2h,3,fc_corr_mm,initial_slope,resid
raw_delta_mm|rate_h2|none,0.13,yield_dtw,diploid,short_assay_2h,3,raw_delta_mm,rate_h2,none
raw_rfu|rate_h2|none,0.12,yield_dtw,diploid,short_assay_2h,3,raw_rfu,rate_h2,none
fc_corr_mm|rate_h2|none,0.09,yield_dtw,diploid,short_assay_2h,3,fc_corr_mm,rate_h2,none
raw_rfu|baseline_value|none,0.09,yield_dtw,diploid,short_assay_2h,3,raw_rfu,baseline_value,none
raw_rfu|initial_slope|none,0.09,yield_dtw,diploid,short_assay_2h,3,raw_rfu,initial_slope,none
fc_corr|rate_h2|none,0.06,yield_dtw,diploid,short_assay_2h,3,fc_corr,rate_h2,none
raw_delta|auc_0_1h|none,0.05,yield_dtw,diploid,short_assay_2h,3,raw_delta,auc_0_1h,none
fc_corr_mm|auc_0_1h|resid,0.03,yield_dtw,diploid,short_assay_2h,3,fc_corr_mm,auc_0_1h,resid
raw_rfu|value_1h|resid,0.02,yield_dtw,diploid,short_assay_2h,3,raw_rfu,value_1h,resid
raw_delta_mm|initial_slope|resid,0.01,yield_dtw,diploid,short_assay_2h,3,raw_delta_mm,initial_slope,resid
raw_rfu|auc_0_1h|resid,0.01,yield_dtw,diploid,short_assay_2h,3,raw_rfu,auc_0_1h,resid
raw_rfu|value_1h|none,0.01,yield_dtw,diploid,short_assay_2h,3,raw_rfu,value_1h,none
fc_corr|initial_slope|resid,0.9,yield_dtw,diploid,short_assay_2h,5,fc_corr,initial_slope,resid
fc_corr|auc_0_1h|resid,0.82,yield_dtw,diploid,short_assay_2h,5,fc_corr,auc_0_1h,resid
fc_corr_mm|initial_slope|resid,0.71,yield_dtw,diploid,short_assay_2h,5,fc_corr_mm,initial_slope,resid
fc_corr_mm|auc_0_1h|resid,0.63,yield_dtw,diploid,short_assay_2h,5,fc_corr_mm,auc_0_1h,resid
raw_delta_mm|initial_slope|resid,0.29,yield_dtw,diploid,short_assay_2h,5,raw_delta_mm,initial_slope,resid
raw_rfu|initial_slope|none,0.26,yield_dtw,diploid,short_assay_2h,5,raw_rfu,initial_slope,none
raw_delta_mm|rate_h2|none,0.24,yield_dtw,diploid,short_assay_2h,5,raw_delta_mm,rate_h2,none
raw_rfu|rate_h2|none,0.24,yield_dtw,diploid,short_assay_2h,5,raw_rfu,rate_h2,none
fc_corr_mm|rate_h2|none,0.21,yield_dtw,diploid,short_assay_2h,5,fc_corr_mm,rate_h2,none
fc_corr|rate_h2|none,0.19,yield_dtw,diploid,short_assay_2h,5,fc_corr,rate_h2,none
raw_delta|auc_0_1h|none,0.13,yield_dtw,diploid,short_assay_2h,5,raw_delta,auc_0_1h,none
raw_rfu|value_1h|resid,0.13,yield_dtw,diploid,short_assay_2h,5,raw_rfu,value_1h,resid
raw_rfu|baseline_value|none,0.1,yield_dtw,diploid,short_assay_2h,5,raw_rfu,baseline_value,none
fc_corr|rate_h2|resid,0.05,yield_dtw,diploid,short_assay_2h,5,fc_corr,rate_h2,resid
raw_rfu|value_1h|none,0.04,yield_dtw,diploid,short_assay_2h,5,raw_rfu,value_1h,none
raw_delta_mm|auc_0_1h|resid,0.02,yield_dtw,diploid,short_assay_2h,5,raw_delta_mm,auc_0_1h,resid
fc_corr_mm|rate_h2|resid,0.01,yield_dtw,diploid,short_assay_2h,5,fc_corr_mm,rate_h2,resid
fc_corr|initial_slope|none,0.01,yield_dtw,diploid,short_assay_2h,5,fc_corr,initial_slope,none
raw_rfu|auc_0_1h|none,0.01,yield_dtw,diploid,short_assay_2h,5,raw_rfu,auc_0_1h,none
raw_rfu|auc_0_1h|resid,0.01,yield_dtw,diploid,short_assay_2h,5,raw_rfu,auc_0_1h,resid
fc_corr|initial_slope|resid,0.95,yield_dtw,diploid,short_assay_2h,8,fc_corr,initial_slope,resid
fc_corr|auc_0_1h|resid,0.92,yield_dtw,diploid,short_assay_2h,8,fc_corr,auc_0_1h,resid
fc_corr_mm|initial_slope|resid,0.87,yield_dtw,diploid,short_assay_2h,8,fc_corr_mm,initial_slope,resid
fc_corr_mm|auc_0_1h|resid,0.86,yield_dtw,diploid,short_assay_2h,8,fc_corr_mm,auc_0_1h,resid
raw_delta_mm|initial_slope|resid,0.48,yield_dtw,diploid,short_assay_2h,8,raw_delta_mm,initial_slope,resid
raw_delta_mm|auc_0_1h|resid,0.44,yield_dtw,diploid,short_assay_2h,8,raw_delta_mm,auc_0_1h,resid
raw_rfu|value_1h|resid,0.38,yield_dtw,diploid,short_assay_2h,8,raw_rfu,value_1h,resid
raw_rfu|initial_slope|none,0.36,yield_dtw,diploid,short_assay_2h,8,raw_rfu,initial_slope,none
fc_corr_mm|rate_h2|none,0.33,yield_dtw,diploid,short_assay_2h,8,fc_corr_mm,rate_h2,none
raw_rfu|rate_h2|none,0.33,yield_dtw,diploid,short_assay_2h,8,raw_rfu,rate_h2,none
raw_delta_mm|rate_h2|none,0.32,yield_dtw,diploid,short_assay_2h,8,raw_delta_mm,rate_h2,none
fc_corr|rate_h2|none,0.29,yield_dtw,diploid,short_assay_2h,8,fc_corr,rate_h2,none
raw_delta|auc_0_1h|none,0.29,yield_dtw,diploid,short_assay_2h,8,raw_delta,auc_0_1h,none
raw_rfu|initial_slope|resid,0.24,yield_dtw,diploid,short_assay_2h,8,raw_rfu,initial_slope,resid
raw_rfu|value_1h|none,0.14,yield_dtw,diploid,short_assay_2h,8,raw_rfu,value_1h,none
raw_rfu|baseline_value|none,0.12,yield_dtw,diploid,short_assay_2h,8,raw_rfu,baseline_value,none
fc_corr|rate_h2|resid,0.1,yield_dtw,diploid,short_assay_2h,8,fc_corr,rate_h2,resid
raw_rfu|auc_0_1h|none,0.1,yield_dtw,diploid,short_assay_2h,8,raw_rfu,auc_0_1h,none
raw_rfu|auc_0_1h|resid,0.1,yield_dtw,diploid,short_assay_2h,8,raw_rfu,auc_0_1h,resid
raw_rfu|rate_h2|resid,0.09,yield_dtw,diploid,short_assay_2h,8,raw_rfu,rate_h2,resid
fc_corr_mm|rate_h2|resid,0.07,yield_dtw,diploid,short_assay_2h,8,fc_corr_mm,rate_h2,resid
raw_delta|auc_0_1h|resid,0.06,yield_dtw,diploid,short_assay_2h,8,raw_delta,auc_0_1h,resid
fc_corr|auc_0_2h|resid,0.05,yield_dtw,diploid,short_assay_2h,8,fc_corr,auc_0_2h,resid
fc_corr_mm|auc_0_2h|resid,0.04,yield_dtw,diploid,short_assay_2h,8,fc_corr_mm,auc_0_2h,resid
fc_corr|initial_slope|none,0.02,yield_dtw,diploid,short_assay_2h,8,fc_corr,initial_slope,none
raw_delta_mm|rate_h2|resid,0.02,yield_dtw,diploid,short_assay_2h,8,raw_delta_mm,rate_h2,resid
fc_corr|auc_0_1h|none,0.01,yield_dtw,diploid,short_assay_2h,8,fc_corr,auc_0_1h,none
raw_delta_mm|auc_0_2h|resid,0.01,yield_dtw,diploid,short_assay_2h,8,raw_delta_mm,auc_0_2h,resid
raw_rfu|baseline_value|resid,0.01,yield_dtw,diploid,short_assay_2h,8,raw_rfu,baseline_value,resid
raw_rfu|vmax|none,0.6,yield_dtw,pooled_adj,all,3,raw_rfu,vmax,none
fc_corr|vmax|none,0.48,yield_dtw,pooled_adj,all,3,fc_corr,vmax,none
raw_rfu|time_to_vmax|resid,0.4,yield_dtw,pooled_adj,all,3,raw_rfu,time_to_vmax,resid
fc_corr_mm|vmax|resid,0.28,yield_dtw,pooled_adj,all,3,fc_corr_mm,vmax,resid
raw_rfu|n_negative_intervals|resid,0.27,yield_dtw,pooled_adj,all,3,raw_rfu,n_negative_intervals,resid
fc_corr|vmax|resid,0.12,yield_dtw,pooled_adj,all,3,fc_corr,vmax,resid
raw_rfu|n_negative_intervals|none,0.12,yield_dtw,pooled_adj,all,3,raw_rfu,n_negative_intervals,none
raw_delta_mm|depression_abs|resid,0.08,yield_dtw,pooled_adj,all,3,raw_delta_mm,depression_abs,resid
fc_corr_mm|depression_abs|resid,0.07,yield_dtw,pooled_adj,all,3,fc_corr_mm,depression_abs,resid
raw_delta|auc_early|none,0.07,yield_dtw,pooled_adj,all,3,raw_delta,auc_early,none
raw_rfu|time_to_peak|resid,0.07,yield_dtw,pooled_adj,all,3,raw_rfu,time_to_peak,resid
fc_corr|depression_abs|none,0.06,yield_dtw,pooled_adj,all,3,fc_corr,depression_abs,none
raw_rfu|depression_abs|none,0.06,yield_dtw,pooled_adj,all,3,raw_rfu,depression_abs,none
fc_corr_mm|auc_total|resid,0.04,yield_dtw,pooled_adj,all,3,fc_corr_mm,auc_total,resid
fc_corr|metabolic_depression_index|none,0.03,yield_dtw,pooled_adj,all,3,fc_corr,metabolic_depression_index,none
raw_rfu|max_drop|none,0.03,yield_dtw,pooled_adj,all,3,raw_rfu,max_drop,none
fc_corr_mm|auc_0_3h|resid,0.02,yield_dtw,pooled_adj,all,3,fc_corr_mm,auc_0_3h,resid
fc_corr_mm|depression_abs|none,0.02,yield_dtw,pooled_adj,all,3,fc_corr_mm,depression_abs,none
fc_corr|initial_slope|none,0.02,yield_dtw,pooled_adj,all,3,fc_corr,initial_slope,none
fc_corr|resilience_ratio|none,0.02,yield_dtw,pooled_adj,all,3,fc_corr,resilience_ratio,none
raw_delta_mm|max_drop|none,0.02,yield_dtw,pooled_adj,all,3,raw_delta_mm,max_drop,none
fc_corr_mm|final_value|resid,0.01,yield_dtw,pooled_adj,all,3,fc_corr_mm,final_value,resid
fc_corr_mm|mean_rate|resid,0.01,yield_dtw,pooled_adj,all,3,fc_corr_mm,mean_rate,resid
fc_corr_mm|value_2h|resid,0.01,yield_dtw,pooled_adj,all,3,fc_corr_mm,value_2h,resid
fc_corr_mm|value_4h|resid,0.01,yield_dtw,pooled_adj,all,3,fc_corr_mm,value_4h,resid
fc_corr|max_drop|none,0.01,yield_dtw,pooled_adj,all,3,fc_corr,max_drop,none
raw_delta_mm|value_2h|resid,0.01,yield_dtw,pooled_adj,all,3,raw_delta_mm,value_2h,resid
raw_delta_mm|vmax|resid,0.01,yield_dtw,pooled_adj,all,3,raw_delta_mm,vmax,resid
raw_delta|auc_0_1h|none,0.01,yield_dtw,pooled_adj,all,3,raw_delta,auc_0_1h,none
raw_rfu|auc_early|none,0.01,yield_dtw,pooled_adj,all,3,raw_rfu,auc_early,none
raw_rfu|inflection_time|resid,0.01,yield_dtw,pooled_adj,all,3,raw_rfu,inflection_time,resid
raw_rfu|initial_slope|none,0.01,yield_dtw,pooled_adj,all,3,raw_rfu,initial_slope,none
raw_rfu|time_to_peak|none,0.01,yield_dtw,pooled_adj,all,3,raw_rfu,time_to_peak,none
raw_rfu|vmax|none,0.74,yield_dtw,pooled_adj,all,5,raw_rfu,vmax,none
fc_corr|vmax|none,0.57,yield_dtw,pooled_adj,all,5,fc_corr,vmax,none
raw_rfu|time_to_vmax|resid,0.47,yield_dtw,pooled_adj,all,5,raw_rfu,time_to_vmax,resid
fc_corr_mm|vmax|resid,0.44,yield_dtw,pooled_adj,all,5,fc_corr_mm,vmax,resid
raw_rfu|n_negative_intervals|resid,0.32,yield_dtw,pooled_adj,all,5,raw_rfu,n_negative_intervals,resid
fc_corr|vmax|resid,0.29,yield_dtw,pooled_adj,all,5,fc_corr,vmax,resid
raw_delta|auc_early|none,0.17,yield_dtw,pooled_adj,all,5,raw_delta,auc_early,none
fc_corr|depression_abs|none,0.16,yield_dtw,pooled_adj,all,5,fc_corr,depression_abs,none
raw_rfu|depression_abs|none,0.16,yield_dtw,pooled_adj,all,5,raw_rfu,depression_abs,none
raw_rfu|n_negative_intervals|none,0.13,yield_dtw,pooled_adj,all,5,raw_rfu,n_negative_intervals,none
raw_rfu|time_to_peak|resid,0.13,yield_dtw,pooled_adj,all,5,raw_rfu,time_to_peak,resid
raw_delta_mm|depression_abs|resid,0.11,yield_dtw,pooled_adj,all,5,raw_delta_mm,depression_abs,resid
raw_rfu|auc_early|none,0.11,yield_dtw,pooled_adj,all,5,raw_rfu,auc_early,none
raw_delta|auc_0_2h|none,0.09,yield_dtw,pooled_adj,all,5,raw_delta,auc_0_2h,none
fc_corr_mm|auc_total|resid,0.08,yield_dtw,pooled_adj,all,5,fc_corr_mm,auc_total,resid
fc_corr_mm|depression_abs|resid,0.07,yield_dtw,pooled_adj,all,5,fc_corr_mm,depression_abs,resid
fc_corr_mm|depression_abs|none,0.06,yield_dtw,pooled_adj,all,5,fc_corr_mm,depression_abs,none
fc_corr|metabolic_depression_index|none,0.06,yield_dtw,pooled_adj,all,5,fc_corr,metabolic_depression_index,none
raw_delta_mm|depression_abs|none,0.06,yield_dtw,pooled_adj,all,5,raw_delta_mm,depression_abs,none
raw_delta_mm|vmax|resid,0.06,yield_dtw,pooled_adj,all,5,raw_delta_mm,vmax,resid
fc_corr_mm|vmax|none,0.05,yield_dtw,pooled_adj,all,5,fc_corr_mm,vmax,none
fc_corr_mm|auc_0_3h|resid,0.04,yield_dtw,pooled_adj,all,5,fc_corr_mm,auc_0_3h,resid
fc_corr|resilience_ratio|none,0.04,yield_dtw,pooled_adj,all,5,fc_corr,resilience_ratio,none
raw_delta_mm|max_drop|none,0.04,yield_dtw,pooled_adj,all,5,raw_delta_mm,max_drop,none
raw_rfu|auc_0_2h|none,0.04,yield_dtw,pooled_adj,all,5,raw_rfu,auc_0_2h,none
raw_rfu|max_drop|none,0.04,yield_dtw,pooled_adj,all,5,raw_rfu,max_drop,none
fc_corr_mm|max_drop|none,0.03,yield_dtw,pooled_adj,all,5,fc_corr_mm,max_drop,none
fc_corr_mm|sat_k|resid,0.03,yield_dtw,pooled_adj,all,5,fc_corr_mm,sat_k,resid
fc_corr|initial_slope|none,0.03,yield_dtw,pooled_adj,all,5,fc_corr,initial_slope,none
fc_corr|max_drop|none,0.03,yield_dtw,pooled_adj,all,5,fc_corr,max_drop,none
fc_corr|sat_k|resid,0.03,yield_dtw,pooled_adj,all,5,fc_corr,sat_k,resid
raw_rfu|metabolic_depression_index|none,0.03,yield_dtw,pooled_adj,all,5,raw_rfu,metabolic_depression_index,none
raw_rfu|stability_cv|resid,0.03,yield_dtw,pooled_adj,all,5,raw_rfu,stability_cv,resid
fc_corr|auc_early|none,0.02,yield_dtw,pooled_adj,all,5,fc_corr,auc_early,none
fc_corr|t_half|resid,0.02,yield_dtw,pooled_adj,all,5,fc_corr,t_half,resid
raw_delta|auc_0_1h|none,0.02,yield_dtw,pooled_adj,all,5,raw_delta,auc_0_1h,none
raw_rfu|initial_slope|none,0.02,yield_dtw,pooled_adj,all,5,raw_rfu,initial_slope,none
raw_rfu|sat_k|resid,0.02,yield_dtw,pooled_adj,all,5,raw_rfu,sat_k,resid
raw_rfu|time_to_peak|none,0.02,yield_dtw,pooled_adj,all,5,raw_rfu,time_to_peak,none
raw_rfu|vmax|resid,0.02,yield_dtw,pooled_adj,all,5,raw_rfu,vmax,resid
fc_corr_mm|peak_value|resid,0.01,yield_dtw,pooled_adj,all,5,fc_corr_mm,peak_value,resid
fc_corr|auc_0_1h|none,0.01,yield_dtw,pooled_adj,all,5,fc_corr,auc_0_1h,none
fc_corr|auc_0_2h|none,0.01,yield_dtw,pooled_adj,all,5,fc_corr,auc_0_2h,none
fc_corr|depression_abs|resid,0.01,yield_dtw,pooled_adj,all,5,fc_corr,depression_abs,resid
fc_corr|quad_coef|none,0.01,yield_dtw,pooled_adj,all,5,fc_corr,quad_coef,none
fc_corr|sat_asymptote|none,0.01,yield_dtw,pooled_adj,all,5,fc_corr,sat_asymptote,none
raw_delta_mm|sat_k|resid,0.01,yield_dtw,pooled_adj,all,5,raw_delta_mm,sat_k,resid
raw_delta_mm|vmax|none,0.01,yield_dtw,pooled_adj,all,5,raw_delta_mm,vmax,none
raw_delta|resilience_ratio|none,0.01,yield_dtw,pooled_adj,all,5,raw_delta,resilience_ratio,none
raw_rfu|resilience_ratio|none,0.01,yield_dtw,pooled_adj,all,5,raw_rfu,resilience_ratio,none
raw_rfu|t_half|resid,0.01,yield_dtw,pooled_adj,all,5,raw_rfu,t_half,resid
raw_rfu|value_1h|none,0.01,yield_dtw,pooled_adj,all,5,raw_rfu,value_1h,none
raw_rfu|vmax|none,0.84,yield_dtw,pooled_adj,all,8,raw_rfu,vmax,none
fc_corr|vmax|none,0.74,yield_dtw,pooled_adj,all,8,fc_corr,vmax,none
fc_corr_mm|vmax|resid,0.58,yield_dtw,pooled_adj,all,8,fc_corr_mm,vmax,resid
raw_rfu|time_to_vmax|resid,0.5,yield_dtw,pooled_adj,all,8,raw_rfu,time_to_vmax,resid
fc_corr|vmax|resid,0.46,yield_dtw,pooled_adj,all,8,fc_corr,vmax,resid
raw_rfu|n_negative_intervals|resid,0.44,yield_dtw,pooled_adj,all,8,raw_rfu,n_negative_intervals,resid
raw_delta|auc_early|none,0.28,yield_dtw,pooled_adj,all,8,raw_delta,auc_early,none
fc_corr|depression_abs|none,0.24,yield_dtw,pooled_adj,all,8,fc_corr,depression_abs,none
raw_rfu|n_negative_intervals|none,0.24,yield_dtw,pooled_adj,all,8,raw_rfu,n_negative_intervals,none
raw_delta_mm|depression_abs|resid,0.23,yield_dtw,pooled_adj,all,8,raw_delta_mm,depression_abs,resid
fc_corr_mm|auc_total|resid,0.22,yield_dtw,pooled_adj,all,8,fc_corr_mm,auc_total,resid
raw_rfu|auc_early|none,0.22,yield_dtw,pooled_adj,all,8,raw_rfu,auc_early,none
raw_delta|auc_0_2h|none,0.19,yield_dtw,pooled_adj,all,8,raw_delta,auc_0_2h,none
raw_rfu|depression_abs|none,0.18,yield_dtw,pooled_adj,all,8,raw_rfu,depression_abs,none
fc_corr_mm|depression_abs|resid,0.15,yield_dtw,pooled_adj,all,8,fc_corr_mm,depression_abs,resid
raw_rfu|auc_0_2h|none,0.15,yield_dtw,pooled_adj,all,8,raw_rfu,auc_0_2h,none
raw_rfu|max_drop|none,0.15,yield_dtw,pooled_adj,all,8,raw_rfu,max_drop,none
raw_rfu|time_to_peak|resid,0.15,yield_dtw,pooled_adj,all,8,raw_rfu,time_to_peak,resid
raw_delta_mm|max_drop|none,0.14,yield_dtw,pooled_adj,all,8,raw_delta_mm,max_drop,none
raw_delta_mm|vmax|resid,0.14,yield_dtw,pooled_adj,all,8,raw_delta_mm,vmax,resid
fc_corr|metabolic_depression_index|none,0.11,yield_dtw,pooled_adj,all,8,fc_corr,metabolic_depression_index,none
fc_corr_mm|auc_0_3h|resid,0.1,yield_dtw,pooled_adj,all,8,fc_corr_mm,auc_0_3h,resid
fc_corr|resilience_ratio|none,0.1,yield_dtw,pooled_adj,all,8,fc_corr,resilience_ratio,none
raw_rfu|initial_slope|none,0.1,yield_dtw,pooled_adj,all,8,raw_rfu,initial_slope,none
fc_corr|auc_early|none,0.09,yield_dtw,pooled_adj,all,8,fc_corr,auc_early,none
fc_corr|max_drop|none,0.09,yield_dtw,pooled_adj,all,8,fc_corr,max_drop,none
raw_delta|auc_0_1h|none,0.09,yield_dtw,pooled_adj,all,8,raw_delta,auc_0_1h,none
fc_corr_mm|max_drop|none,0.08,yield_dtw,pooled_adj,all,8,fc_corr_mm,max_drop,none
fc_corr|initial_slope|none,0.08,yield_dtw,pooled_adj,all,8,fc_corr,initial_slope,none
raw_rfu|vmax|resid,0.08,yield_dtw,pooled_adj,all,8,raw_rfu,vmax,resid
fc_corr_mm|vmax|none,0.07,yield_dtw,pooled_adj,all,8,fc_corr_mm,vmax,none
fc_corr|auc_0_1h|none,0.07,yield_dtw,pooled_adj,all,8,fc_corr,auc_0_1h,none
raw_delta_mm|vmax|none,0.07,yield_dtw,pooled_adj,all,8,raw_delta_mm,vmax,none
fc_corr_mm|depression_abs|none,0.06,yield_dtw,pooled_adj,all,8,fc_corr_mm,depression_abs,none
fc_corr_mm|peak_value|resid,0.05,yield_dtw,pooled_adj,all,8,fc_corr_mm,peak_value,resid
raw_rfu|metabolic_depression_index|none,0.05,yield_dtw,pooled_adj,all,8,raw_rfu,metabolic_depression_index,none
fc_corr_mm|final_value|resid,0.04,yield_dtw,pooled_adj,all,8,fc_corr_mm,final_value,resid
raw_delta_mm|depression_abs|none,0.04,yield_dtw,pooled_adj,all,8,raw_delta_mm,depression_abs,none
fc_corr_mm|mean_rate|resid,0.03,yield_dtw,pooled_adj,all,8,fc_corr_mm,mean_rate,resid
fc_corr|auc_0_2h|none,0.03,yield_dtw,pooled_adj,all,8,fc_corr,auc_0_2h,none
raw_rfu|inflection_time|none,0.03,yield_dtw,pooled_adj,all,8,raw_rfu,inflection_time,none
fc_corr|t_half|resid,0.02,yield_dtw,pooled_adj,all,8,fc_corr,t_half,resid
raw_delta|auc_0_3h|none,0.02,yield_dtw,pooled_adj,all,8,raw_delta,auc_0_3h,none
raw_rfu|resilience_ratio|none,0.02,yield_dtw,pooled_adj,all,8,raw_rfu,resilience_ratio,none
raw_rfu|t_half|resid,0.02,yield_dtw,pooled_adj,all,8,raw_rfu,t_half,resid
raw_rfu|time_to_peak|none,0.02,yield_dtw,pooled_adj,all,8,raw_rfu,time_to_peak,none
raw_rfu|value_1h|none,0.02,yield_dtw,pooled_adj,all,8,raw_rfu,value_1h,none
fc_corr_mm|auc_late|resid,0.01,yield_dtw,pooled_adj,all,8,fc_corr_mm,auc_late,resid
fc_corr_mm|sat_asymptote|resid,0.01,yield_dtw,pooled_adj,all,8,fc_corr_mm,sat_asymptote,resid
fc_corr_mm|value_2h|resid,0.01,yield_dtw,pooled_adj,all,8,fc_corr_mm,value_2h,resid
fc_corr_mm|value_4h|resid,0.01,yield_dtw,pooled_adj,all,8,fc_corr_mm,value_4h,resid
fc_corr|auc_total|none,0.01,yield_dtw,pooled_adj,all,8,fc_corr,auc_total,none
fc_corr|auc_total|resid,0.01,yield_dtw,pooled_adj,all,8,fc_corr,auc_total,resid
fc_corr|final_value|none,0.01,yield_dtw,pooled_adj,all,8,fc_corr,final_value,none
fc_corr|sat_asymptote|none,0.01,yield_dtw,pooled_adj,all,8,fc_corr,sat_asymptote,none
fc_corr|value_2h|none,0.01,yield_dtw,pooled_adj,all,8,fc_corr,value_2h,none
raw_delta_mm|value_2h|resid,0.01,yield_dtw,pooled_adj,all,8,raw_delta_mm,value_2h,resid
raw_delta|auc_total|none,0.01,yield_dtw,pooled_adj,all,8,raw_delta,auc_total,none
raw_rfu|auc_0_1h|none,0.01,yield_dtw,pooled_adj,all,8,raw_rfu,auc_0_1h,none
raw_rfu|baseline_value|none,0.01,yield_dtw,pooled_adj,all,8,raw_rfu,baseline_value,none
raw_rfu|depression_abs|resid,0.01,yield_dtw,pooled_adj,all,8,raw_rfu,depression_abs,resid
raw_rfu|inflection_time|resid,0.01,yield_dtw,pooled_adj,all,8,raw_rfu,inflection_time,resid
raw_rfu|rate_h3|resid,0.01,yield_dtw,pooled_adj,all,8,raw_rfu,rate_h3,resid
raw_rfu|sat_asymptote|none,0.01,yield_dtw,pooled_adj,all,8,raw_rfu,sat_asymptote,none
raw_rfu|stability_cv|resid,0.01,yield_dtw,pooled_adj,all,8,raw_rfu,stability_cv,resid
fc_corr_mm|vmax|none,0.95,yield_dtw,pooled_adj,fc_corr_mm_none,3,fc_corr_mm,vmax,none
fc_corr_mm|max_drop|none,0.81,yield_dtw,pooled_adj,fc_corr_mm_none,3,fc_corr_mm,max_drop,none
fc_corr_mm|depression_abs|none,0.8,yield_dtw,pooled_adj,fc_corr_mm_none,3,fc_corr_mm,depression_abs,none
fc_corr_mm|auc_early|none,0.1,yield_dtw,pooled_adj,fc_corr_mm_none,3,fc_corr_mm,auc_early,none
fc_corr_mm|initial_slope|none,0.07,yield_dtw,pooled_adj,fc_corr_mm_none,3,fc_corr_mm,initial_slope,none
fc_corr_mm|sat_asymptote|none,0.07,yield_dtw,pooled_adj,fc_corr_mm_none,3,fc_corr_mm,sat_asymptote,none
fc_corr_mm|auc_0_1h|none,0.05,yield_dtw,pooled_adj,fc_corr_mm_none,3,fc_corr_mm,auc_0_1h,none
fc_corr_mm|sat_k|none,0.04,yield_dtw,pooled_adj,fc_corr_mm_none,3,fc_corr_mm,sat_k,none
fc_corr_mm|auc_total|none,0.03,yield_dtw,pooled_adj,fc_corr_mm_none,3,fc_corr_mm,auc_total,none
fc_corr_mm|auc_0_2h|none,0.02,yield_dtw,pooled_adj,fc_corr_mm_none,3,fc_corr_mm,auc_0_2h,none
fc_corr_mm|value_2h|none,0.02,yield_dtw,pooled_adj,fc_corr_mm_none,3,fc_corr_mm,value_2h,none
fc_corr_mm|auc_0_3h|none,0.01,yield_dtw,pooled_adj,fc_corr_mm_none,3,fc_corr_mm,auc_0_3h,none
fc_corr_mm|mean_rate|none,0.01,yield_dtw,pooled_adj,fc_corr_mm_none,3,fc_corr_mm,mean_rate,none
fc_corr_mm|min_slope|none,0.01,yield_dtw,pooled_adj,fc_corr_mm_none,3,fc_corr_mm,min_slope,none
fc_corr_mm|rate_h4|none,0.01,yield_dtw,pooled_adj,fc_corr_mm_none,3,fc_corr_mm,rate_h4,none
fc_corr_mm|vmax|none,1,yield_dtw,pooled_adj,fc_corr_mm_none,5,fc_corr_mm,vmax,none
fc_corr_mm|depression_abs|none,0.87,yield_dtw,pooled_adj,fc_corr_mm_none,5,fc_corr_mm,depression_abs,none
fc_corr_mm|max_drop|none,0.84,yield_dtw,pooled_adj,fc_corr_mm_none,5,fc_corr_mm,max_drop,none
fc_corr_mm|auc_early|none,0.38,yield_dtw,pooled_adj,fc_corr_mm_none,5,fc_corr_mm,auc_early,none
fc_corr_mm|initial_slope|none,0.37,yield_dtw,pooled_adj,fc_corr_mm_none,5,fc_corr_mm,initial_slope,none
fc_corr_mm|auc_0_1h|none,0.28,yield_dtw,pooled_adj,fc_corr_mm_none,5,fc_corr_mm,auc_0_1h,none
fc_corr_mm|sat_asymptote|none,0.27,yield_dtw,pooled_adj,fc_corr_mm_none,5,fc_corr_mm,sat_asymptote,none
fc_corr_mm|auc_total|none,0.19,yield_dtw,pooled_adj,fc_corr_mm_none,5,fc_corr_mm,auc_total,none
fc_corr_mm|value_2h|none,0.18,yield_dtw,pooled_adj,fc_corr_mm_none,5,fc_corr_mm,value_2h,none
fc_corr_mm|auc_0_2h|none,0.14,yield_dtw,pooled_adj,fc_corr_mm_none,5,fc_corr_mm,auc_0_2h,none
fc_corr_mm|auc_0_3h|none,0.11,yield_dtw,pooled_adj,fc_corr_mm_none,5,fc_corr_mm,auc_0_3h,none
fc_corr_mm|min_slope|none,0.09,yield_dtw,pooled_adj,fc_corr_mm_none,5,fc_corr_mm,min_slope,none
fc_corr_mm|peak_value|none,0.08,yield_dtw,pooled_adj,fc_corr_mm_none,5,fc_corr_mm,peak_value,none
fc_corr_mm|sat_k|none,0.07,yield_dtw,pooled_adj,fc_corr_mm_none,5,fc_corr_mm,sat_k,none
fc_corr_mm|quad_coef|none,0.04,yield_dtw,pooled_adj,fc_corr_mm_none,5,fc_corr_mm,quad_coef,none
fc_corr_mm|rate_h2|none,0.04,yield_dtw,pooled_adj,fc_corr_mm_none,5,fc_corr_mm,rate_h2,none
fc_corr_mm|rate_h3|none,0.02,yield_dtw,pooled_adj,fc_corr_mm_none,5,fc_corr_mm,rate_h3,none
fc_corr_mm|rate_h4|none,0.02,yield_dtw,pooled_adj,fc_corr_mm_none,5,fc_corr_mm,rate_h4,none
fc_corr_mm|delta_auc_late_minus_early|none,0.01,yield_dtw,pooled_adj,fc_corr_mm_none,5,fc_corr_mm,delta_auc_late_minus_early,none
fc_corr_mm|vmax|none,1,yield_dtw,pooled_adj,fc_corr_mm_none,8,fc_corr_mm,vmax,none
fc_corr_mm|depression_abs|none,0.93,yield_dtw,pooled_adj,fc_corr_mm_none,8,fc_corr_mm,depression_abs,none
fc_corr_mm|max_drop|none,0.85,yield_dtw,pooled_adj,fc_corr_mm_none,8,fc_corr_mm,max_drop,none
fc_corr_mm|auc_early|none,0.8,yield_dtw,pooled_adj,fc_corr_mm_none,8,fc_corr_mm,auc_early,none
fc_corr_mm|initial_slope|none,0.63,yield_dtw,pooled_adj,fc_corr_mm_none,8,fc_corr_mm,initial_slope,none
fc_corr_mm|auc_0_2h|none,0.61,yield_dtw,pooled_adj,fc_corr_mm_none,8,fc_corr_mm,auc_0_2h,none
fc_corr_mm|auc_0_1h|none,0.53,yield_dtw,pooled_adj,fc_corr_mm_none,8,fc_corr_mm,auc_0_1h,none
fc_corr_mm|auc_0_3h|none,0.53,yield_dtw,pooled_adj,fc_corr_mm_none,8,fc_corr_mm,auc_0_3h,none
fc_corr_mm|sat_asymptote|none,0.39,yield_dtw,pooled_adj,fc_corr_mm_none,8,fc_corr_mm,sat_asymptote,none
fc_corr_mm|auc_total|none,0.38,yield_dtw,pooled_adj,fc_corr_mm_none,8,fc_corr_mm,auc_total,none
fc_corr_mm|value_2h|none,0.35,yield_dtw,pooled_adj,fc_corr_mm_none,8,fc_corr_mm,value_2h,none
fc_corr_mm|peak_value|none,0.21,yield_dtw,pooled_adj,fc_corr_mm_none,8,fc_corr_mm,peak_value,none
fc_corr_mm|min_slope|none,0.18,yield_dtw,pooled_adj,fc_corr_mm_none,8,fc_corr_mm,min_slope,none
fc_corr_mm|sat_k|none,0.14,yield_dtw,pooled_adj,fc_corr_mm_none,8,fc_corr_mm,sat_k,none
fc_corr_mm|quad_coef|none,0.12,yield_dtw,pooled_adj,fc_corr_mm_none,8,fc_corr_mm,quad_coef,none
fc_corr_mm|mean_rate|none,0.1,yield_dtw,pooled_adj,fc_corr_mm_none,8,fc_corr_mm,mean_rate,none
fc_corr_mm|rate_h2|none,0.05,yield_dtw,pooled_adj,fc_corr_mm_none,8,fc_corr_mm,rate_h2,none
fc_corr_mm|rate_h4|none,0.05,yield_dtw,pooled_adj,fc_corr_mm_none,8,fc_corr_mm,rate_h4,none
fc_corr_mm|final_value|none,0.04,yield_dtw,pooled_adj,fc_corr_mm_none,8,fc_corr_mm,final_value,none
fc_corr_mm|rate_h3|none,0.04,yield_dtw,pooled_adj,fc_corr_mm_none,8,fc_corr_mm,rate_h3,none
fc_corr_mm|value_4h|none,0.03,yield_dtw,pooled_adj,fc_corr_mm_none,8,fc_corr_mm,value_4h,none
fc_corr_mm|delta_auc_late_minus_early|none,0.02,yield_dtw,pooled_adj,fc_corr_mm_none,8,fc_corr_mm,delta_auc_late_minus_early,none
fc_corr_mm|auc_late|none,0.01,yield_dtw,pooled_adj,fc_corr_mm_none,8,fc_corr_mm,auc_late,none
fc_corr_mm|lin_slope|none,0.01,yield_dtw,pooled_adj,fc_corr_mm_none,8,fc_corr_mm,lin_slope,none
raw_delta|auc_0_2h|none,0.67,yield_dtw,pooled_adj,short_assay_2h,3,raw_delta,auc_0_2h,none
raw_rfu|auc_0_2h|none,0.66,yield_dtw,pooled_adj,short_assay_2h,3,raw_rfu,auc_0_2h,none
raw_rfu|initial_slope|none,0.37,yield_dtw,pooled_adj,short_assay_2h,3,raw_rfu,initial_slope,none
fc_corr|auc_0_2h|none,0.33,yield_dtw,pooled_adj,short_assay_2h,3,fc_corr,auc_0_2h,none
fc_corr|initial_slope|none,0.2,yield_dtw,pooled_adj,short_assay_2h,3,fc_corr,initial_slope,none
raw_delta|auc_0_1h|none,0.18,yield_dtw,pooled_adj,short_assay_2h,3,raw_delta,auc_0_1h,none
fc_corr|auc_0_1h|none,0.12,yield_dtw,pooled_adj,short_assay_2h,3,fc_corr,auc_0_1h,none
raw_delta_mm|value_2h|resid,0.12,yield_dtw,pooled_adj,short_assay_2h,3,raw_delta_mm,value_2h,resid
fc_corr_mm|value_2h|resid,0.08,yield_dtw,pooled_adj,short_assay_2h,3,fc_corr_mm,value_2h,resid
raw_rfu|value_1h|none,0.06,yield_dtw,pooled_adj,short_assay_2h,3,raw_rfu,value_1h,none
fc_corr|value_2h|none,0.05,yield_dtw,pooled_adj,short_assay_2h,3,fc_corr,value_2h,none
fc_corr|auc_0_2h|resid,0.04,yield_dtw,pooled_adj,short_assay_2h,3,fc_corr,auc_0_2h,resid
raw_delta|value_2h|none,0.04,yield_dtw,pooled_adj,short_assay_2h,3,raw_delta,value_2h,none
fc_corr|value_2h|resid,0.02,yield_dtw,pooled_adj,short_assay_2h,3,fc_corr,value_2h,resid
raw_rfu|baseline_value|none,0.02,yield_dtw,pooled_adj,short_assay_2h,3,raw_rfu,baseline_value,none
fc_corr_mm|auc_0_2h|resid,0.01,yield_dtw,pooled_adj,short_assay_2h,3,fc_corr_mm,auc_0_2h,resid
raw_rfu|auc_0_1h|none,0.01,yield_dtw,pooled_adj,short_assay_2h,3,raw_rfu,auc_0_1h,none
raw_rfu|baseline_value|resid,0.01,yield_dtw,pooled_adj,short_assay_2h,3,raw_rfu,baseline_value,resid
raw_rfu|value_2h|none,0.01,yield_dtw,pooled_adj,short_assay_2h,3,raw_rfu,value_2h,none
raw_delta|auc_0_2h|none,0.85,yield_dtw,pooled_adj,short_assay_2h,5,raw_delta,auc_0_2h,none
raw_rfu|auc_0_2h|none,0.85,yield_dtw,pooled_adj,short_assay_2h,5,raw_rfu,auc_0_2h,none
raw_rfu|initial_slope|none,0.56,yield_dtw,pooled_adj,short_assay_2h,5,raw_rfu,initial_slope,none
raw_delta|auc_0_1h|none,0.51,yield_dtw,pooled_adj,short_assay_2h,5,raw_delta,auc_0_1h,none
fc_corr|auc_0_2h|none,0.45,yield_dtw,pooled_adj,short_assay_2h,5,fc_corr,auc_0_2h,none
fc_corr|initial_slope|none,0.33,yield_dtw,pooled_adj,short_assay_2h,5,fc_corr,initial_slope,none
raw_rfu|value_1h|none,0.28,yield_dtw,pooled_adj,short_assay_2h,5,raw_rfu,value_1h,none
fc_corr|auc_0_1h|none,0.27,yield_dtw,pooled_adj,short_assay_2h,5,fc_corr,auc_0_1h,none
fc_corr_mm|value_2h|resid,0.19,yield_dtw,pooled_adj,short_assay_2h,5,fc_corr_mm,value_2h,resid
raw_delta_mm|value_2h|resid,0.17,yield_dtw,pooled_adj,short_assay_2h,5,raw_delta_mm,value_2h,resid
raw_delta|value_2h|none,0.13,yield_dtw,pooled_adj,short_assay_2h,5,raw_delta,value_2h,none
fc_corr|value_2h|none,0.08,yield_dtw,pooled_adj,short_assay_2h,5,fc_corr,value_2h,none
fc_corr|value_2h|resid,0.07,yield_dtw,pooled_adj,short_assay_2h,5,fc_corr,value_2h,resid
raw_rfu|baseline_value|none,0.07,yield_dtw,pooled_adj,short_assay_2h,5,raw_rfu,baseline_value,none
fc_corr|auc_0_2h|resid,0.05,yield_dtw,pooled_adj,short_assay_2h,5,fc_corr,auc_0_2h,resid
raw_rfu|auc_0_1h|none,0.05,yield_dtw,pooled_adj,short_assay_2h,5,raw_rfu,auc_0_1h,none
raw_rfu|value_2h|none,0.04,yield_dtw,pooled_adj,short_assay_2h,5,raw_rfu,value_2h,none
fc_corr|initial_slope|resid,0.02,yield_dtw,pooled_adj,short_assay_2h,5,fc_corr,initial_slope,resid
fc_corr_mm|auc_0_2h|resid,0.01,yield_dtw,pooled_adj,short_assay_2h,5,fc_corr_mm,auc_0_2h,resid
fc_corr|auc_0_1h|resid,0.01,yield_dtw,pooled_adj,short_assay_2h,5,fc_corr,auc_0_1h,resid
raw_rfu|baseline_value|resid,0.01,yield_dtw,pooled_adj,short_assay_2h,5,raw_rfu,baseline_value,resid
raw_delta|auc_0_2h|none,0.97,yield_dtw,pooled_adj,short_assay_2h,8,raw_delta,auc_0_2h,none
raw_rfu|auc_0_2h|none,0.95,yield_dtw,pooled_adj,short_assay_2h,8,raw_rfu,auc_0_2h,none
raw_rfu|initial_slope|none,0.85,yield_dtw,pooled_adj,short_assay_2h,8,raw_rfu,initial_slope,none
raw_delta|auc_0_1h|none,0.79,yield_dtw,pooled_adj,short_assay_2h,8,raw_delta,auc_0_1h,none
fc_corr|auc_0_2h|none,0.71,yield_dtw,pooled_adj,short_assay_2h,8,fc_corr,auc_0_2h,none
fc_corr|initial_slope|none,0.71,yield_dtw,pooled_adj,short_assay_2h,8,fc_corr,initial_slope,none
raw_rfu|value_1h|none,0.69,yield_dtw,pooled_adj,short_assay_2h,8,raw_rfu,value_1h,none
fc_corr|auc_0_1h|none,0.62,yield_dtw,pooled_adj,short_assay_2h,8,fc_corr,auc_0_1h,none
raw_rfu|auc_0_1h|none,0.32,yield_dtw,pooled_adj,short_assay_2h,8,raw_rfu,auc_0_1h,none
raw_delta|value_2h|none,0.26,yield_dtw,pooled_adj,short_assay_2h,8,raw_delta,value_2h,none
fc_corr|value_2h|none,0.23,yield_dtw,pooled_adj,short_assay_2h,8,fc_corr,value_2h,none
raw_delta_mm|value_2h|resid,0.22,yield_dtw,pooled_adj,short_assay_2h,8,raw_delta_mm,value_2h,resid
fc_corr_mm|value_2h|resid,0.19,yield_dtw,pooled_adj,short_assay_2h,8,fc_corr_mm,value_2h,resid
raw_rfu|value_2h|none,0.16,yield_dtw,pooled_adj,short_assay_2h,8,raw_rfu,value_2h,none
fc_corr|auc_0_2h|resid,0.08,yield_dtw,pooled_adj,short_assay_2h,8,fc_corr,auc_0_2h,resid
fc_corr|value_2h|resid,0.07,yield_dtw,pooled_adj,short_assay_2h,8,fc_corr,value_2h,resid
fc_corr_mm|auc_0_2h|resid,0.05,yield_dtw,pooled_adj,short_assay_2h,8,fc_corr_mm,auc_0_2h,resid
raw_rfu|baseline_value|none,0.04,yield_dtw,pooled_adj,short_assay_2h,8,raw_rfu,baseline_value,none
raw_rfu|baseline_value|resid,0.02,yield_dtw,pooled_adj,short_assay_2h,8,raw_rfu,baseline_value,resid
fc_corr_mm|rate_h2|none,0.01,yield_dtw,pooled_adj,short_assay_2h,8,fc_corr_mm,rate_h2,none
fc_corr_mm|rate_h2|resid,0.01,yield_dtw,pooled_adj,short_assay_2h,8,fc_corr_mm,rate_h2,resid
fc_corr|rate_h2|none,0.01,yield_dtw,pooled_adj,short_assay_2h,8,fc_corr,rate_h2,none
raw_delta_mm|auc_0_2h|resid,0.01,yield_dtw,pooled_adj,short_assay_2h,8,raw_delta_mm,auc_0_2h,resid
raw_delta_mm|rate_h2|none,0.01,yield_dtw,pooled_adj,short_assay_2h,8,raw_delta_mm,rate_h2,none
raw_delta_mm|rate_h2|resid,0.01,yield_dtw,pooled_adj,short_assay_2h,8,raw_delta_mm,rate_h2,resid
raw_rfu|rate_h2|none,0.01,yield_dtw,pooled_adj,short_assay_2h,8,raw_rfu,rate_h2,none
fc_corr|depression_abs|none,0.63,yield_dtw,triploid,all,3,fc_corr,depression_abs,none
raw_rfu|time_to_vmax|resid,0.54,yield_dtw,triploid,all,3,raw_rfu,time_to_vmax,resid
raw_rfu|depression_abs|none,0.43,yield_dtw,triploid,all,3,raw_rfu,depression_abs,none
fc_corr_mm|depression_abs|none,0.32,yield_dtw,triploid,all,3,fc_corr_mm,depression_abs,none
raw_rfu|time_to_peak|none,0.26,yield_dtw,triploid,all,3,raw_rfu,time_to_peak,none
raw_rfu|n_negative_intervals|none,0.12,yield_dtw,triploid,all,3,raw_rfu,n_negative_intervals,none
fc_corr_mm|rate_h2|resid,0.11,yield_dtw,triploid,all,3,fc_corr_mm,rate_h2,resid
fc_corr_mm|depression_abs|resid,0.07,yield_dtw,triploid,all,3,fc_corr_mm,depression_abs,resid
raw_delta_mm|depression_abs|none,0.06,yield_dtw,triploid,all,3,raw_delta_mm,depression_abs,none
raw_delta_mm|depression_abs|resid,0.06,yield_dtw,triploid,all,3,raw_delta_mm,depression_abs,resid
fc_corr|vmax|none,0.04,yield_dtw,triploid,all,3,fc_corr,vmax,none
raw_delta_mm|rate_h2|resid,0.04,yield_dtw,triploid,all,3,raw_delta_mm,rate_h2,resid
fc_corr_mm|sat_k|resid,0.03,yield_dtw,triploid,all,3,fc_corr_mm,sat_k,resid
fc_corr|sat_k|resid,0.03,yield_dtw,triploid,all,3,fc_corr,sat_k,resid
raw_delta|value_2h|none,0.03,yield_dtw,triploid,all,3,raw_delta,value_2h,none
fc_corr|metabolic_depression_index|none,0.02,yield_dtw,triploid,all,3,fc_corr,metabolic_depression_index,none
fc_corr|rate_h2|resid,0.02,yield_dtw,triploid,all,3,fc_corr,rate_h2,resid
fc_corr|resilience_ratio|none,0.02,yield_dtw,triploid,all,3,fc_corr,resilience_ratio,none
raw_rfu|metabolic_depression_index|none,0.02,yield_dtw,triploid,all,3,raw_rfu,metabolic_depression_index,none
raw_rfu|n_negative_intervals|resid,0.02,yield_dtw,triploid,all,3,raw_rfu,n_negative_intervals,resid
raw_rfu|time_to_peak|resid,0.02,yield_dtw,triploid,all,3,raw_rfu,time_to_peak,resid
raw_rfu|vmax|none,0.02,yield_dtw,triploid,all,3,raw_rfu,vmax,none
fc_corr_mm|rate_h3|none,0.01,yield_dtw,triploid,all,3,fc_corr_mm,rate_h3,none
fc_corr|t_half|resid,0.01,yield_dtw,triploid,all,3,fc_corr,t_half,resid
raw_delta_mm|rate_h3|none,0.01,yield_dtw,triploid,all,3,raw_delta_mm,rate_h3,none
raw_rfu|quad_coef|none,0.01,yield_dtw,triploid,all,3,raw_rfu,quad_coef,none
raw_rfu|rate_h3|resid,0.01,yield_dtw,triploid,all,3,raw_rfu,rate_h3,resid
raw_rfu|resilience_ratio|none,0.01,yield_dtw,triploid,all,3,raw_rfu,resilience_ratio,none
raw_rfu|t_half|resid,0.01,yield_dtw,triploid,all,3,raw_rfu,t_half,resid
raw_rfu|time_to_min_slope|resid,0.01,yield_dtw,triploid,all,3,raw_rfu,time_to_min_slope,resid
raw_rfu|value_2h|none,0.01,yield_dtw,triploid,all,3,raw_rfu,value_2h,none
fc_corr|depression_abs|none,0.85,yield_dtw,triploid,all,5,fc_corr,depression_abs,none
raw_rfu|depression_abs|none,0.81,yield_dtw,triploid,all,5,raw_rfu,depression_abs,none
fc_corr_mm|depression_abs|none,0.72,yield_dtw,triploid,all,5,fc_corr_mm,depression_abs,none
raw_rfu|time_to_vmax|resid,0.68,yield_dtw,triploid,all,5,raw_rfu,time_to_vmax,resid
raw_delta_mm|depression_abs|none,0.42,yield_dtw,triploid,all,5,raw_delta_mm,depression_abs,none
raw_rfu|time_to_peak|none,0.31,yield_dtw,triploid,all,5,raw_rfu,time_to_peak,none
fc_corr|metabolic_depression_index|none,0.18,yield_dtw,triploid,all,5,fc_corr,metabolic_depression_index,none
raw_rfu|n_negative_intervals|none,0.16,yield_dtw,triploid,all,5,raw_rfu,n_negative_intervals,none
fc_corr_mm|rate_h2|resid,0.12,yield_dtw,triploid,all,5,fc_corr_mm,rate_h2,resid
fc_corr|vmax|none,0.06,yield_dtw,triploid,all,5,fc_corr,vmax,none
raw_delta_mm|depression_abs|resid,0.06,yield_dtw,triploid,all,5,raw_delta_mm,depression_abs,resid
fc_corr_mm|depression_abs|resid,0.05,yield_dtw,triploid,all,5,fc_corr_mm,depression_abs,resid
fc_corr|resilience_ratio|none,0.05,yield_dtw,triploid,all,5,fc_corr,resilience_ratio,none
fc_corr|rate_h2|resid,0.04,yield_dtw,triploid,all,5,fc_corr,rate_h2,resid
raw_rfu|depression_abs|resid,0.04,yield_dtw,triploid,all,5,raw_rfu,depression_abs,resid
raw_rfu|time_to_peak|resid,0.04,yield_dtw,triploid,all,5,raw_rfu,time_to_peak,resid
raw_rfu|vmax|none,0.04,yield_dtw,triploid,all,5,raw_rfu,vmax,none
fc_corr|depression_abs|resid,0.03,yield_dtw,triploid,all,5,fc_corr,depression_abs,resid
raw_delta_mm|rate_h2|resid,0.03,yield_dtw,triploid,all,5,raw_delta_mm,rate_h2,resid
raw_delta|value_2h|none,0.03,yield_dtw,triploid,all,5,raw_delta,value_2h,none
raw_rfu|metabolic_depression_index|none,0.03,yield_dtw,triploid,all,5,raw_rfu,metabolic_depression_index,none
fc_corr|value_2h|none,0.02,yield_dtw,triploid,all,5,fc_corr,value_2h,none
raw_rfu|n_negative_intervals|resid,0.02,yield_dtw,triploid,all,5,raw_rfu,n_negative_intervals,resid
raw_rfu|rate_h2|resid,0.02,yield_dtw,triploid,all,5,raw_rfu,rate_h2,resid
raw_rfu|rate_h3|resid,0.02,yield_dtw,triploid,all,5,raw_rfu,rate_h3,resid
fc_corr_mm|rate_h3|none,0.01,yield_dtw,triploid,all,5,fc_corr_mm,rate_h3,none
fc_corr_mm|vmax|none,0.01,yield_dtw,triploid,all,5,fc_corr_mm,vmax,none
fc_corr|final_value|none,0.01,yield_dtw,triploid,all,5,fc_corr,final_value,none
fc_corr|rate_h3|resid,0.01,yield_dtw,triploid,all,5,fc_corr,rate_h3,resid
fc_corr|sat_asymptote|none,0.01,yield_dtw,triploid,all,5,fc_corr,sat_asymptote,none
fc_corr|t_half|resid,0.01,yield_dtw,triploid,all,5,fc_corr,t_half,resid
raw_delta_mm|vmax|none,0.01,yield_dtw,triploid,all,5,raw_delta_mm,vmax,none
raw_delta|auc_late|none,0.01,yield_dtw,triploid,all,5,raw_delta,auc_late,none
raw_delta|resilience_ratio|none,0.01,yield_dtw,triploid,all,5,raw_delta,resilience_ratio,none
raw_rfu|final_delta|none,0.01,yield_dtw,triploid,all,5,raw_rfu,final_delta,none
raw_rfu|final_value|none,0.01,yield_dtw,triploid,all,5,raw_rfu,final_value,none
raw_rfu|resilience_ratio|none,0.01,yield_dtw,triploid,all,5,raw_rfu,resilience_ratio,none
raw_rfu|resilience_ratio|resid,0.01,yield_dtw,triploid,all,5,raw_rfu,resilience_ratio,resid
raw_rfu|sat_asymptote|none,0.01,yield_dtw,triploid,all,5,raw_rfu,sat_asymptote,none
raw_rfu|stability_cv|resid,0.01,yield_dtw,triploid,all,5,raw_rfu,stability_cv,resid
raw_rfu|t_half|resid,0.01,yield_dtw,triploid,all,5,raw_rfu,t_half,resid
raw_rfu|value_2h|none,0.01,yield_dtw,triploid,all,5,raw_rfu,value_2h,none
fc_corr|depression_abs|none,0.86,yield_dtw,triploid,all,8,fc_corr,depression_abs,none
fc_corr_mm|depression_abs|none,0.85,yield_dtw,triploid,all,8,fc_corr_mm,depression_abs,none
raw_rfu|depression_abs|none,0.85,yield_dtw,triploid,all,8,raw_rfu,depression_abs,none
raw_delta_mm|depression_abs|none,0.7,yield_dtw,triploid,all,8,raw_delta_mm,depression_abs,none
raw_rfu|time_to_vmax|resid,0.66,yield_dtw,triploid,all,8,raw_rfu,time_to_vmax,resid
fc_corr|metabolic_depression_index|none,0.58,yield_dtw,triploid,all,8,fc_corr,metabolic_depression_index,none
fc_corr|resilience_ratio|none,0.47,yield_dtw,triploid,all,8,fc_corr,resilience_ratio,none
raw_rfu|metabolic_depression_index|none,0.45,yield_dtw,triploid,all,8,raw_rfu,metabolic_depression_index,none
raw_rfu|time_to_peak|none,0.4,yield_dtw,triploid,all,8,raw_rfu,time_to_peak,none
raw_rfu|resilience_ratio|none,0.28,yield_dtw,triploid,all,8,raw_rfu,resilience_ratio,none
raw_rfu|n_negative_intervals|none,0.22,yield_dtw,triploid,all,8,raw_rfu,n_negative_intervals,none
fc_corr_mm|rate_h2|resid,0.16,yield_dtw,triploid,all,8,fc_corr_mm,rate_h2,resid
raw_delta_mm|depression_abs|resid,0.11,yield_dtw,triploid,all,8,raw_delta_mm,depression_abs,resid
fc_corr_mm|depression_abs|resid,0.1,yield_dtw,triploid,all,8,fc_corr_mm,depression_abs,resid
raw_delta|resilience_ratio|none,0.1,yield_dtw,triploid,all,8,raw_delta,resilience_ratio,none
fc_corr|vmax|none,0.09,yield_dtw,triploid,all,8,fc_corr,vmax,none
raw_rfu|vmax|none,0.09,yield_dtw,triploid,all,8,raw_rfu,vmax,none
raw_delta_mm|rate_h2|resid,0.07,yield_dtw,triploid,all,8,raw_delta_mm,rate_h2,resid
raw_rfu|n_negative_intervals|resid,0.07,yield_dtw,triploid,all,8,raw_rfu,n_negative_intervals,resid
raw_rfu|time_to_peak|resid,0.07,yield_dtw,triploid,all,8,raw_rfu,time_to_peak,resid
raw_delta|value_2h|none,0.06,yield_dtw,triploid,all,8,raw_delta,value_2h,none
fc_corr|rate_h2|none,0.04,yield_dtw,triploid,all,8,fc_corr,rate_h2,none
fc_corr|rate_h2|resid,0.04,yield_dtw,triploid,all,8,fc_corr,rate_h2,resid
fc_corr|value_2h|none,0.04,yield_dtw,triploid,all,8,fc_corr,value_2h,none
raw_rfu|rate_h2|none,0.04,yield_dtw,triploid,all,8,raw_rfu,rate_h2,none
raw_rfu|stability_cv|resid,0.04,yield_dtw,triploid,all,8,raw_rfu,stability_cv,resid
raw_rfu|value_2h|none,0.04,yield_dtw,triploid,all,8,raw_rfu,value_2h,none
fc_corr_mm|rate_h2|none,0.03,yield_dtw,triploid,all,8,fc_corr_mm,rate_h2,none
fc_corr|depression_abs|resid,0.03,yield_dtw,triploid,all,8,fc_corr,depression_abs,resid
raw_delta|resilience_ratio|resid,0.03,yield_dtw,triploid,all,8,raw_delta,resilience_ratio,resid
raw_rfu|depression_abs|resid,0.03,yield_dtw,triploid,all,8,raw_rfu,depression_abs,resid
raw_rfu|metabolic_depression_index|resid,0.03,yield_dtw,triploid,all,8,raw_rfu,metabolic_depression_index,resid
raw_rfu|resilience_ratio|resid,0.03,yield_dtw,triploid,all,8,raw_rfu,resilience_ratio,resid
fc_corr_mm|rate_h3|none,0.02,yield_dtw,triploid,all,8,fc_corr_mm,rate_h3,none
fc_corr|stability_cv|resid,0.02,yield_dtw,triploid,all,8,fc_corr,stability_cv,resid
raw_delta_mm|rate_h3|none,0.02,yield_dtw,triploid,all,8,raw_delta_mm,rate_h3,none
raw_delta|stability_cv|resid,0.02,yield_dtw,triploid,all,8,raw_delta,stability_cv,resid
raw_rfu|rate_h2|resid,0.02,yield_dtw,triploid,all,8,raw_rfu,rate_h2,resid
raw_rfu|rate_h3|resid,0.02,yield_dtw,triploid,all,8,raw_rfu,rate_h3,resid
raw_rfu|t_half|resid,0.02,yield_dtw,triploid,all,8,raw_rfu,t_half,resid
fc_corr_mm|auc_late|resid,0.01,yield_dtw,triploid,all,8,fc_corr_mm,auc_late,resid
fc_corr_mm|auc_total|resid,0.01,yield_dtw,triploid,all,8,fc_corr_mm,auc_total,resid
fc_corr_mm|peak_value|resid,0.01,yield_dtw,triploid,all,8,fc_corr_mm,peak_value,resid
fc_corr_mm|sat_asymptote|resid,0.01,yield_dtw,triploid,all,8,fc_corr_mm,sat_asymptote,resid
fc_corr_mm|sat_k|resid,0.01,yield_dtw,triploid,all,8,fc_corr_mm,sat_k,resid
fc_corr|late_early_auc_ratio|resid,0.01,yield_dtw,triploid,all,8,fc_corr,late_early_auc_ratio,resid
fc_corr|rate_h3|resid,0.01,yield_dtw,triploid,all,8,fc_corr,rate_h3,resid
fc_corr|sat_k|resid,0.01,yield_dtw,triploid,all,8,fc_corr,sat_k,resid
fc_corr|t_half|resid,0.01,yield_dtw,triploid,all,8,fc_corr,t_half,resid
raw_delta_mm|peak_value|resid,0.01,yield_dtw,triploid,all,8,raw_delta_mm,peak_value,resid
raw_delta_mm|rate_h2|none,0.01,yield_dtw,triploid,all,8,raw_delta_mm,rate_h2,none
raw_delta_mm|rate_h3|resid,0.01,yield_dtw,triploid,all,8,raw_delta_mm,rate_h3,resid
raw_delta|auc_0_3h|none,0.01,yield_dtw,triploid,all,8,raw_delta,auc_0_3h,none
raw_delta|frac_auc_first_half|resid,0.01,yield_dtw,triploid,all,8,raw_delta,frac_auc_first_half,resid
raw_rfu|auc_0_3h|none,0.01,yield_dtw,triploid,all,8,raw_rfu,auc_0_3h,none
raw_rfu|frac_auc_first_half|resid,0.01,yield_dtw,triploid,all,8,raw_rfu,frac_auc_first_half,resid
raw_rfu|inflection_time|none,0.01,yield_dtw,triploid,all,8,raw_rfu,inflection_time,none
raw_rfu|late_early_auc_ratio|resid,0.01,yield_dtw,triploid,all,8,raw_rfu,late_early_auc_ratio,resid
raw_rfu|sat_asymptote|none,0.01,yield_dtw,triploid,all,8,raw_rfu,sat_asymptote,none
raw_rfu|time_to_min_slope|resid,0.01,yield_dtw,triploid,all,8,raw_rfu,time_to_min_slope,resid
fc_corr_mm|depression_abs|none,1,yield_dtw,triploid,fc_corr_mm_none,3,fc_corr_mm,depression_abs,none
fc_corr_mm|max_drop|none,0.77,yield_dtw,triploid,fc_corr_mm_none,3,fc_corr_mm,max_drop,none
fc_corr_mm|rate_h2|none,0.43,yield_dtw,triploid,fc_corr_mm_none,3,fc_corr_mm,rate_h2,none
fc_corr_mm|vmax|none,0.35,yield_dtw,triploid,fc_corr_mm_none,3,fc_corr_mm,vmax,none
fc_corr_mm|rate_h3|none,0.24,yield_dtw,triploid,fc_corr_mm_none,3,fc_corr_mm,rate_h3,none
fc_corr_mm|peak_value|none,0.1,yield_dtw,triploid,fc_corr_mm_none,3,fc_corr_mm,peak_value,none
fc_corr_mm|value_2h|none,0.07,yield_dtw,triploid,fc_corr_mm_none,3,fc_corr_mm,value_2h,none
fc_corr_mm|min_slope|none,0.03,yield_dtw,triploid,fc_corr_mm_none,3,fc_corr_mm,min_slope,none
fc_corr_mm|quad_coef|none,0.01,yield_dtw,triploid,fc_corr_mm_none,3,fc_corr_mm,quad_coef,none
fc_corr_mm|depression_abs|none,1,yield_dtw,triploid,fc_corr_mm_none,5,fc_corr_mm,depression_abs,none
fc_corr_mm|max_drop|none,0.86,yield_dtw,triploid,fc_corr_mm_none,5,fc_corr_mm,max_drop,none
fc_corr_mm|rate_h2|none,0.79,yield_dtw,triploid,fc_corr_mm_none,5,fc_corr_mm,rate_h2,none
fc_corr_mm|vmax|none,0.69,yield_dtw,triploid,fc_corr_mm_none,5,fc_corr_mm,vmax,none
fc_corr_mm|peak_value|none,0.43,yield_dtw,triploid,fc_corr_mm_none,5,fc_corr_mm,peak_value,none
fc_corr_mm|rate_h3|none,0.38,yield_dtw,triploid,fc_corr_mm_none,5,fc_corr_mm,rate_h3,none
fc_corr_mm|value_2h|none,0.3,yield_dtw,triploid,fc_corr_mm_none,5,fc_corr_mm,value_2h,none
fc_corr_mm|min_slope|none,0.13,yield_dtw,triploid,fc_corr_mm_none,5,fc_corr_mm,min_slope,none
fc_corr_mm|quad_coef|none,0.13,yield_dtw,triploid,fc_corr_mm_none,5,fc_corr_mm,quad_coef,none
fc_corr_mm|sat_k|none,0.08,yield_dtw,triploid,fc_corr_mm_none,5,fc_corr_mm,sat_k,none
fc_corr_mm|mean_rate|none,0.05,yield_dtw,triploid,fc_corr_mm_none,5,fc_corr_mm,mean_rate,none
fc_corr_mm|initial_slope|none,0.03,yield_dtw,triploid,fc_corr_mm_none,5,fc_corr_mm,initial_slope,none
fc_corr_mm|sat_asymptote|none,0.03,yield_dtw,triploid,fc_corr_mm_none,5,fc_corr_mm,sat_asymptote,none
fc_corr_mm|delta_auc_late_minus_early|none,0.02,yield_dtw,triploid,fc_corr_mm_none,5,fc_corr_mm,delta_auc_late_minus_early,none
fc_corr_mm|final_value|none,0.02,yield_dtw,triploid,fc_corr_mm_none,5,fc_corr_mm,final_value,none
fc_corr_mm|rate_h4|none,0.02,yield_dtw,triploid,fc_corr_mm_none,5,fc_corr_mm,rate_h4,none
fc_corr_mm|auc_late|none,0.01,yield_dtw,triploid,fc_corr_mm_none,5,fc_corr_mm,auc_late,none
fc_corr_mm|auc_total|none,0.01,yield_dtw,triploid,fc_corr_mm_none,5,fc_corr_mm,auc_total,none
fc_corr_mm|lin_slope|none,0.01,yield_dtw,triploid,fc_corr_mm_none,5,fc_corr_mm,lin_slope,none
fc_corr_mm|value_4h|none,0.01,yield_dtw,triploid,fc_corr_mm_none,5,fc_corr_mm,value_4h,none
fc_corr_mm|depression_abs|none,1,yield_dtw,triploid,fc_corr_mm_none,8,fc_corr_mm,depression_abs,none
fc_corr_mm|max_drop|none,0.93,yield_dtw,triploid,fc_corr_mm_none,8,fc_corr_mm,max_drop,none
fc_corr_mm|vmax|none,0.91,yield_dtw,triploid,fc_corr_mm_none,8,fc_corr_mm,vmax,none
fc_corr_mm|rate_h2|none,0.87,yield_dtw,triploid,fc_corr_mm_none,8,fc_corr_mm,rate_h2,none
fc_corr_mm|value_2h|none,0.73,yield_dtw,triploid,fc_corr_mm_none,8,fc_corr_mm,value_2h,none
fc_corr_mm|peak_value|none,0.72,yield_dtw,triploid,fc_corr_mm_none,8,fc_corr_mm,peak_value,none
fc_corr_mm|rate_h3|none,0.56,yield_dtw,triploid,fc_corr_mm_none,8,fc_corr_mm,rate_h3,none
fc_corr_mm|min_slope|none,0.32,yield_dtw,triploid,fc_corr_mm_none,8,fc_corr_mm,min_slope,none
fc_corr_mm|auc_0_3h|none,0.31,yield_dtw,triploid,fc_corr_mm_none,8,fc_corr_mm,auc_0_3h,none
fc_corr_mm|quad_coef|none,0.28,yield_dtw,triploid,fc_corr_mm_none,8,fc_corr_mm,quad_coef,none
fc_corr_mm|mean_rate|none,0.26,yield_dtw,triploid,fc_corr_mm_none,8,fc_corr_mm,mean_rate,none
fc_corr_mm|sat_k|none,0.18,yield_dtw,triploid,fc_corr_mm_none,8,fc_corr_mm,sat_k,none
fc_corr_mm|final_value|none,0.16,yield_dtw,triploid,fc_corr_mm_none,8,fc_corr_mm,final_value,none
fc_corr_mm|auc_total|none,0.13,yield_dtw,triploid,fc_corr_mm_none,8,fc_corr_mm,auc_total,none
fc_corr_mm|rate_h4|none,0.11,yield_dtw,triploid,fc_corr_mm_none,8,fc_corr_mm,rate_h4,none
fc_corr_mm|auc_0_1h|none,0.09,yield_dtw,triploid,fc_corr_mm_none,8,fc_corr_mm,auc_0_1h,none
fc_corr_mm|initial_slope|none,0.09,yield_dtw,triploid,fc_corr_mm_none,8,fc_corr_mm,initial_slope,none
fc_corr_mm|lin_slope|none,0.07,yield_dtw,triploid,fc_corr_mm_none,8,fc_corr_mm,lin_slope,none
fc_corr_mm|sat_asymptote|none,0.06,yield_dtw,triploid,fc_corr_mm_none,8,fc_corr_mm,sat_asymptote,none
fc_corr_mm|value_4h|none,0.06,yield_dtw,triploid,fc_corr_mm_none,8,fc_corr_mm,value_4h,none
fc_corr_mm|auc_early|none,0.04,yield_dtw,triploid,fc_corr_mm_none,8,fc_corr_mm,auc_early,none
fc_corr_mm|auc_late|none,0.04,yield_dtw,triploid,fc_corr_mm_none,8,fc_corr_mm,auc_late,none
fc_corr_mm|delta_auc_late_minus_early|none,0.04,yield_dtw,triploid,fc_corr_mm_none,8,fc_corr_mm,delta_auc_late_minus_early,none
fc_corr_mm|value_3h|none,0.04,yield_dtw,triploid,fc_corr_mm_none,8,fc_corr_mm,value_3h,none
fc_corr_mm|rate_h2|resid,0.69,yield_dtw,triploid,short_assay_2h,3,fc_corr_mm,rate_h2,resid
raw_delta|value_2h|none,0.63,yield_dtw,triploid,short_assay_2h,3,raw_delta,value_2h,none
raw_delta_mm|rate_h2|resid,0.4,yield_dtw,triploid,short_assay_2h,3,raw_delta_mm,rate_h2,resid
raw_rfu|value_2h|none,0.37,yield_dtw,triploid,short_assay_2h,3,raw_rfu,value_2h,none
fc_corr|value_2h|none,0.29,yield_dtw,triploid,short_assay_2h,3,fc_corr,value_2h,none
fc_corr|rate_h2|resid,0.17,yield_dtw,triploid,short_assay_2h,3,fc_corr,rate_h2,resid
fc_corr|rate_h2|none,0.11,yield_dtw,triploid,short_assay_2h,3,fc_corr,rate_h2,none
raw_delta_mm|auc_0_1h|resid,0.06,yield_dtw,triploid,short_assay_2h,3,raw_delta_mm,auc_0_1h,resid
raw_delta_mm|initial_slope|resid,0.06,yield_dtw,triploid,short_assay_2h,3,raw_delta_mm,initial_slope,resid
raw_rfu|rate_h2|none,0.06,yield_dtw,triploid,short_assay_2h,3,raw_rfu,rate_h2,none
fc_corr_mm|initial_slope|resid,0.04,yield_dtw,triploid,short_assay_2h,3,fc_corr_mm,initial_slope,resid
fc_corr_mm|value_2h|resid,0.02,yield_dtw,triploid,short_assay_2h,3,fc_corr_mm,value_2h,resid
raw_delta_mm|value_2h|resid,0.02,yield_dtw,triploid,short_assay_2h,3,raw_delta_mm,value_2h,resid
raw_rfu|auc_0_2h|none,0.02,yield_dtw,triploid,short_assay_2h,3,raw_rfu,auc_0_2h,none
raw_rfu|value_1h|resid,0.02,yield_dtw,triploid,short_assay_2h,3,raw_rfu,value_1h,resid
fc_corr_mm|auc_0_1h|resid,0.01,yield_dtw,triploid,short_assay_2h,3,fc_corr_mm,auc_0_1h,resid
fc_corr_mm|rate_h2|none,0.01,yield_dtw,triploid,short_assay_2h,3,fc_corr_mm,rate_h2,none
fc_corr|auc_0_2h|none,0.01,yield_dtw,triploid,short_assay_2h,3,fc_corr,auc_0_2h,none
raw_rfu|auc_0_1h|resid,0.01,yield_dtw,triploid,short_assay_2h,3,raw_rfu,auc_0_1h,resid
fc_corr_mm|rate_h2|resid,0.79,yield_dtw,triploid,short_assay_2h,5,fc_corr_mm,rate_h2,resid
raw_delta|value_2h|none,0.72,yield_dtw,triploid,short_assay_2h,5,raw_delta,value_2h,none
raw_delta_mm|rate_h2|resid,0.58,yield_dtw,triploid,short_assay_2h,5,raw_delta_mm,rate_h2,resid
raw_rfu|value_2h|none,0.52,yield_dtw,triploid,short_assay_2h,5,raw_rfu,value_2h,none
fc_corr|value_2h|none,0.47,yield_dtw,triploid,short_assay_2h,5,fc_corr,value_2h,none
fc_corr|rate_h2|none,0.37,yield_dtw,triploid,short_assay_2h,5,fc_corr,rate_h2,none
fc_corr|rate_h2|resid,0.36,yield_dtw,triploid,short_assay_2h,5,fc_corr,rate_h2,resid
raw_rfu|rate_h2|none,0.22,yield_dtw,triploid,short_assay_2h,5,raw_rfu,rate_h2,none
raw_rfu|auc_0_2h|none,0.14,yield_dtw,triploid,short_assay_2h,5,raw_rfu,auc_0_2h,none
raw_delta_mm|initial_slope|resid,0.1,yield_dtw,triploid,short_assay_2h,5,raw_delta_mm,initial_slope,resid
raw_delta|auc_0_2h|none,0.1,yield_dtw,triploid,short_assay_2h,5,raw_delta,auc_0_2h,none
raw_rfu|rate_h2|resid,0.1,yield_dtw,triploid,short_assay_2h,5,raw_rfu,rate_h2,resid
raw_delta_mm|auc_0_1h|resid,0.08,yield_dtw,triploid,short_assay_2h,5,raw_delta_mm,auc_0_1h,resid
raw_delta_mm|value_2h|resid,0.06,yield_dtw,triploid,short_assay_2h,5,raw_delta_mm,value_2h,resid
fc_corr_mm|auc_0_1h|resid,0.05,yield_dtw,triploid,short_assay_2h,5,fc_corr_mm,auc_0_1h,resid
fc_corr_mm|initial_slope|resid,0.05,yield_dtw,triploid,short_assay_2h,5,fc_corr_mm,initial_slope,resid
fc_corr_mm|rate_h2|none,0.04,yield_dtw,triploid,short_assay_2h,5,fc_corr_mm,rate_h2,none
fc_corr_mm|value_2h|resid,0.04,yield_dtw,triploid,short_assay_2h,5,fc_corr_mm,value_2h,resid
fc_corr|auc_0_2h|none,0.04,yield_dtw,triploid,short_assay_2h,5,fc_corr,auc_0_2h,none
fc_corr|value_2h|resid,0.04,yield_dtw,triploid,short_assay_2h,5,fc_corr,value_2h,resid
raw_delta_mm|rate_h2|none,0.03,yield_dtw,triploid,short_assay_2h,5,raw_delta_mm,rate_h2,none
raw_rfu|value_1h|resid,0.03,yield_dtw,triploid,short_assay_2h,5,raw_rfu,value_1h,resid
fc_corr_mm|value_2h|none,0.01,yield_dtw,triploid,short_assay_2h,5,fc_corr_mm,value_2h,none
fc_corr|auc_0_1h|none,0.01,yield_dtw,triploid,short_assay_2h,5,fc_corr,auc_0_1h,none
fc_corr|initial_slope|none,0.01,yield_dtw,triploid,short_assay_2h,5,fc_corr,initial_slope,none
fc_corr|initial_slope|resid,0.01,yield_dtw,triploid,short_assay_2h,5,fc_corr,initial_slope,resid
raw_delta_mm|value_2h|none,0.01,yield_dtw,triploid,short_assay_2h,5,raw_delta_mm,value_2h,none
raw_delta|auc_0_1h|resid,0.01,yield_dtw,triploid,short_assay_2h,5,raw_delta,auc_0_1h,resid
raw_rfu|initial_slope|resid,0.01,yield_dtw,triploid,short_assay_2h,5,raw_rfu,initial_slope,resid
fc_corr_mm|rate_h2|resid,0.92,yield_dtw,triploid,short_assay_2h,8,fc_corr_mm,rate_h2,resid
raw_delta_mm|rate_h2|resid,0.85,yield_dtw,triploid,short_assay_2h,8,raw_delta_mm,rate_h2,resid
raw_delta|value_2h|none,0.8,yield_dtw,triploid,short_assay_2h,8,raw_delta,value_2h,none
raw_rfu|value_2h|none,0.69,yield_dtw,triploid,short_assay_2h,8,raw_rfu,value_2h,none
fc_corr|rate_h2|none,0.67,yield_dtw,triploid,short_assay_2h,8,fc_corr,rate_h2,none
fc_corr|value_2h|none,0.67,yield_dtw,triploid,short_assay_2h,8,fc_corr,value_2h,none
fc_corr|rate_h2|resid,0.65,yield_dtw,triploid,short_assay_2h,8,fc_corr,rate_h2,resid
raw_rfu|rate_h2|none,0.55,yield_dtw,triploid,short_assay_2h,8,raw_rfu,rate_h2,none
raw_rfu|rate_h2|resid,0.3,yield_dtw,triploid,short_assay_2h,8,raw_rfu,rate_h2,resid
raw_rfu|auc_0_2h|none,0.28,yield_dtw,triploid,short_assay_2h,8,raw_rfu,auc_0_2h,none
fc_corr_mm|rate_h2|none,0.22,yield_dtw,triploid,short_assay_2h,8,fc_corr_mm,rate_h2,none
raw_delta|auc_0_2h|none,0.16,yield_dtw,triploid,short_assay_2h,8,raw_delta,auc_0_2h,none
fc_corr|auc_0_2h|none,0.13,yield_dtw,triploid,short_assay_2h,8,fc_corr,auc_0_2h,none
raw_delta_mm|rate_h2|none,0.13,yield_dtw,triploid,short_assay_2h,8,raw_delta_mm,rate_h2,none
raw_delta_mm|auc_0_1h|resid,0.11,yield_dtw,triploid,short_assay_2h,8,raw_delta_mm,auc_0_1h,resid
raw_delta_mm|initial_slope|resid,0.11,yield_dtw,triploid,short_assay_2h,8,raw_delta_mm,initial_slope,resid
raw_delta_mm|value_2h|resid,0.11,yield_dtw,triploid,short_assay_2h,8,raw_delta_mm,value_2h,resid
fc_corr_mm|auc_0_1h|resid,0.09,yield_dtw,triploid,short_assay_2h,8,fc_corr_mm,auc_0_1h,resid
fc_corr_mm|initial_slope|resid,0.09,yield_dtw,triploid,short_assay_2h,8,fc_corr_mm,initial_slope,resid
fc_corr_mm|value_2h|resid,0.09,yield_dtw,triploid,short_assay_2h,8,fc_corr_mm,value_2h,resid
raw_rfu|value_1h|resid,0.09,yield_dtw,triploid,short_assay_2h,8,raw_rfu,value_1h,resid
raw_rfu|auc_0_1h|resid,0.07,yield_dtw,triploid,short_assay_2h,8,raw_rfu,auc_0_1h,resid
fc_corr|value_2h|resid,0.06,yield_dtw,triploid,short_assay_2h,8,fc_corr,value_2h,resid
raw_rfu|initial_slope|resid,0.06,yield_dtw,triploid,short_assay_2h,8,raw_rfu,initial_slope,resid
raw_delta|auc_0_1h|resid,0.04,yield_dtw,triploid,short_assay_2h,8,raw_delta,auc_0_1h,resid
fc_corr_mm|value_2h|none,0.02,yield_dtw,triploid,short_assay_2h,8,fc_corr_mm,value_2h,none
raw_delta_mm|value_2h|none,0.02,yield_dtw,triploid,short_assay_2h,8,raw_delta_mm,value_2h,none
fc_corr|auc_0_1h|resid,0.01,yield_dtw,triploid,short_assay_2h,8,fc_corr,auc_0_1h,resid
fc_corr|initial_slope|resid,0.01,yield_dtw,triploid,short_assay_2h,8,fc_corr,initial_slope,resid
