stratum,index_id,auc,rank_biserial,mw_p,fw_perm_p,or_per_sd,glm_p,n,n_dead,q_bh,null_best_auc_dev_95,scale,feature,adjustment
diploid,fc_corr_mm|final_value|resid,0.7417840375586855,0.483568075117371,0.0190338153659487,0.318,2.2731239273535686,0.07025083029419399,80,9,0.18937788314942597,0.31275206796333554,fc_corr_mm,final_value,resid
diploid,fc_corr_mm|mean_rate|resid,0.7417840375586855,0.483568075117371,0.0190338153659487,0.318,2.2779358895866815,0.06962136549509913,80,9,0.18937788314942597,0.31275206796333554,fc_corr_mm,mean_rate,resid
diploid,fc_corr_mm|peak_value|resid,0.7386541471048513,0.47730829420970267,0.02064495803573094,0.34,2.1285403238691427,0.09208758796738083,80,9,0.18937788314942597,0.31275206796333554,fc_corr_mm,peak_value,resid
diploid,fc_corr_mm|value_4h|resid,0.7370892018779343,0.4741784037558685,0.021494221753410984,0.348,2.2232036503179473,0.0765949774542592,80,9,0.18937788314942597,0.31275206796333554,fc_corr_mm,value_4h,resid
diploid,fc_corr|peak_value|resid,0.7355242566510172,0.47104851330203434,0.022373742794304742,0.358,1.9558428710334856,0.12523682787321586,80,9,0.18937788314942597,0.31275206796333554,fc_corr,peak_value,resid
diploid,fc_corr|final_value|resid,0.7339593114241002,0.4679186228482004,0.023284388009825376,0.363,2.080169527242745,0.09866747981876837,80,9,0.18937788314942597,0.31275206796333554,fc_corr,final_value,resid
diploid,fc_corr|mean_rate|resid,0.7339593114241002,0.4679186228482004,0.023284388009825376,0.363,2.0843430759347226,0.09776793386025098,80,9,0.18937788314942597,0.31275206796333554,fc_corr,mean_rate,resid
diploid,fc_corr_mm|auc_total|resid,0.7323943661971831,0.46478873239436624,0.02422704024195337,0.374,2.1392693101883036,0.09005636595448463,80,9,0.18937788314942597,0.31275206796333554,fc_corr_mm,auc_total,resid
diploid,fc_corr|value_4h|resid,0.730829420970266,0.4616588419405321,0.025202598262440246,0.381,2.040772735308362,0.10611481832809677,80,9,0.18937788314942597,0.31275206796333554,fc_corr,value_4h,resid
diploid,fc_corr_mm|auc_late|resid,0.729264475743349,0.4585289514866979,0.026211976694847594,0.394,2.1070477421144393,0.10127136650246647,80,9,0.18937788314942597,0.31275206796333554,fc_corr_mm,auc_late,resid
diploid,fc_corr_mm|value_3h|resid,0.7276995305164319,0.45539906103286376,0.027256105918912074,0.402,1.975993365611689,0.12589177752796687,80,9,0.18937788314942597,0.31275206796333554,fc_corr_mm,value_3h,resid
diploid,raw_delta_mm|peak_value|resid,0.7261345852895149,0.4522691705790298,0.028335931956734284,0.411,2.104647367448724,0.07996783181793082,80,9,0.18937788314942597,0.31275206796333554,raw_delta_mm,peak_value,resid
diploid,fc_corr|auc_total|resid,0.7230046948356808,0.4460093896713615,0.030606535959835725,0.442,1.97972069606589,0.11655622870431896,80,9,0.18937788314942597,0.31275206796333554,fc_corr,auc_total,resid
diploid,fc_corr_mm|lin_slope|resid,0.7230046948356808,0.4460093896713615,0.030606535959835725,0.442,2.097612380171111,0.10250753174379892,80,9,0.18937788314942597,0.31275206796333554,fc_corr_mm,lin_slope,resid
diploid,raw_delta_mm|final_value|resid,0.7214397496087637,0.44287949921752734,0.03179928289256533,0.454,2.21996882658042,0.06107264152057628,80,9,0.18937788314942597,0.31275206796333554,raw_delta_mm,final_value,resid
diploid,raw_delta_mm|mean_rate|resid,0.7214397496087637,0.44287949921752734,0.03179928289256533,0.454,2.2242719415954513,0.06048591222703353,80,9,0.18937788314942597,0.31275206796333554,raw_delta_mm,mean_rate,resid
diploid,fc_corr|auc_late|resid,0.7198748043818466,0.4397496087636932,0.03303166421133837,0.466,1.9547394696876081,0.13109420188198792,80,9,0.18937788314942597,0.31275206796333554,fc_corr,auc_late,resid
diploid,raw_delta_mm|value_4h|resid,0.7198748043818466,0.4397496087636932,0.03303166421133837,0.466,2.1768529276820052,0.06676091912579757,80,9,0.18937788314942597,0.31275206796333554,raw_delta_mm,value_4h,resid
diploid,fc_corr|sat_asymptote|resid,0.719047619047619,0.4380952380952381,0.03386537033282514,0.466,3.179202284904859,0.13384263473576458,79,9,0.18937788314942597,0.31275206796333554,fc_corr,sat_asymptote,resid
diploid,raw_rfu|metabolic_scope|resid,0.7183098591549296,0.43661971830985924,0.03430470177274786,0.47,1.9340762188569873,0.11576222922887554,80,9,0.18937788314942597,0.31275206796333554,raw_rfu,metabolic_scope,resid
diploid,fc_corr|value_3h|resid,0.7183098591549296,0.43661971830985924,0.03430470177274786,0.47,1.849614926075309,0.15880153091495128,80,9,0.18937788314942597,0.31275206796333554,fc_corr,value_3h,resid
diploid,fc_corr_mm|auc_0_3h|resid,0.7183098591549296,0.43661971830985924,0.03430470177274786,0.47,2.163015160498096,0.08673720333245824,80,9,0.18937788314942597,0.31275206796333554,fc_corr_mm,auc_0_3h,resid
diploid,fc_corr_mm|sat_asymptote|resid,0.7174603174603175,0.43492063492063493,0.03518344709314491,0.477,3.8894102106374313,0.09854929885679987,79,9,0.18937788314942597,0.31275206796333554,fc_corr_mm,sat_asymptote,resid
diploid,raw_delta|auc_early|none,0.7151799687010955,0.4303599374021909,0.03697690554996557,0.505,2.2202885707328104,0.07858826241406823,80,9,0.18937788314942597,0.31275206796333554,raw_delta,auc_early,none
diploid,raw_rfu|peak_value|resid,0.7151799687010955,0.4303599374021909,0.03697690554996557,0.505,1.9293911190365973,0.11628433456486732,80,9,0.18937788314942597,0.31275206796333554,raw_rfu,peak_value,resid
diploid,raw_rfu|mean_rate|resid,0.7151799687010955,0.4303599374021909,0.03697690554996557,0.505,2.0409861124233126,0.09109803235647318,80,9,0.18937788314942597,0.31275206796333554,raw_rfu,mean_rate,resid
diploid,fc_corr|peak_value|none,0.7136150234741784,0.42723004694835676,0.038378187194497246,0.52,1.9437588569879634,0.14457068010331314,80,9,0.18937788314942597,0.31275206796333554,fc_corr,peak_value,none
diploid,raw_rfu|final_value|resid,0.7136150234741784,0.42723004694835676,0.038378187194497246,0.52,2.0317961338236996,0.09241187429685147,80,9,0.18937788314942597,0.31275206796333554,raw_rfu,final_value,resid
diploid,raw_rfu|final_delta|resid,0.7136150234741784,0.42723004694835676,0.038378187194497246,0.52,2.0372803759318776,0.09199896063732854,80,9,0.18937788314942597,0.31275206796333554,raw_rfu,final_delta,resid
diploid,raw_delta|value_4h|resid,0.7136150234741784,0.42723004694835676,0.038378187194497246,0.52,2.0022387464351143,0.0989146899075035,80,9,0.18937788314942597,0.31275206796333554,raw_delta,value_4h,resid
diploid,fc_corr|lin_slope|resid,0.7136150234741784,0.42723004694835676,0.038378187194497246,0.52,1.937807586103348,0.13785295108128964,80,9,0.18937788314942597,0.31275206796333554,fc_corr,lin_slope,resid
diploid,fc_corr_mm|vmax|resid,0.7136150234741784,0.42723004694835676,0.038378187194497246,0.52,2.0536649770151194,0.08721235804299673,80,9,0.18937788314942597,0.31275206796333554,fc_corr_mm,vmax,resid
diploid,raw_delta_mm|sat_asymptote|resid,0.7126984126984127,0.42539682539682544,0.03940334760230562,0.522,3.9499638085677713,0.0928606255342466,79,9,0.18937788314942597,0.31275206796333554,raw_delta_mm,sat_asymptote,resid
diploid,raw_rfu|auc_early|none,0.7120500782472613,0.4241001564945226,0.03982435536481073,0.529,2.203031797059597,0.08020284076581201,80,9,0.18937788314942597,0.31275206796333554,raw_rfu,auc_early,none
diploid,raw_rfu|metabolic_scope|none,0.7120500782472613,0.4241001564945226,0.03982435536481073,0.529,2.086674799100135,0.09644414138741152,80,9,0.18937788314942597,0.31275206796333554,raw_rfu,metabolic_scope,none
diploid,raw_rfu|value_4h|resid,0.7120500782472613,0.4241001564945226,0.03982435536481073,0.529,1.9969350140169486,0.09937021115823881,80,9,0.18937788314942597,0.31275206796333554,raw_rfu,value_4h,resid
diploid,raw_delta_mm|auc_late|resid,0.7120500782472613,0.4241001564945226,0.03982435536481073,0.529,2.0761823914038597,0.090650770772272,80,9,0.18937788314942597,0.31275206796333554,raw_delta_mm,auc_late,resid
diploid,raw_rfu|final_delta|none,0.7104851330203443,0.42097026604068866,0.041316501909377974,0.537,2.236770286469721,0.07275513638495382,80,9,0.18937788314942597,0.31275206796333554,raw_rfu,final_delta,none
diploid,raw_delta|value_4h|none,0.7104851330203443,0.42097026604068866,0.041316501909377974,0.537,2.1933929388214053,0.07854162824671053,80,9,0.18937788314942597,0.31275206796333554,raw_delta,value_4h,none
diploid,fc_corr|final_value|none,0.7104851330203443,0.42097026604068866,0.041316501909377974,0.537,2.0930823643431804,0.11211840686938866,80,9,0.18937788314942597,0.31275206796333554,fc_corr,final_value,none
diploid,fc_corr|mean_rate|none,0.7104851330203443,0.42097026604068866,0.041316501909377974,0.537,2.0846551098589647,0.11290253178694742,80,9,0.18937788314942597,0.31275206796333554,fc_corr,mean_rate,none
diploid,fc_corr|value_4h|none,0.7104851330203443,0.42097026604068866,0.041316501909377974,0.537,2.052443239263477,0.12000155437697628,80,9,0.18937788314942597,0.31275206796333554,fc_corr,value_4h,none
diploid,raw_rfu|final_value|none,0.7089201877934272,0.4178403755868545,0.0428557317344965,0.553,2.2297675940243136,0.07300938838817178,80,9,0.18937788314942597,0.31275206796333554,raw_rfu,final_value,none
diploid,raw_rfu|peak_value|none,0.7089201877934272,0.4178403755868545,0.0428557317344965,0.553,2.080981616866571,0.09681106882776357,80,9,0.18937788314942597,0.31275206796333554,raw_rfu,peak_value,none
diploid,raw_rfu|mean_rate|none,0.7089201877934272,0.4178403755868545,0.0428557317344965,0.553,2.22817454573043,0.07331243563618745,80,9,0.18937788314942597,0.31275206796333554,raw_rfu,mean_rate,none
diploid,raw_rfu|auc_0_2h|none,0.7089201877934272,0.4178403755868545,0.0428557317344965,0.553,2.1904554342164544,0.0826153178780828,80,9,0.18937788314942597,0.31275206796333554,raw_rfu,auc_0_2h,none
diploid,raw_delta|auc_0_2h|none,0.7089201877934272,0.4178403755868545,0.0428557317344965,0.553,2.2075590451982223,0.08088921794609803,80,9,0.18937788314942597,0.31275206796333554,raw_delta,auc_0_2h,none
diploid,raw_rfu|value_4h|none,0.7073552425665102,0.41471048513302033,0.04444316243737106,0.559,2.1866452748051795,0.07883063329352397,80,9,0.18937788314942597,0.31275206796333554,raw_rfu,value_4h,none
diploid,raw_delta|auc_total|none,0.7073552425665102,0.41471048513302033,0.04444316243737106,0.559,2.159740969514134,0.0829170385868882,80,9,0.18937788314942597,0.31275206796333554,raw_delta,auc_total,none
diploid,raw_delta_mm|auc_total|resid,0.7073552425665102,0.41471048513302033,0.04444316243737106,0.559,2.109275837103439,0.08060449435100628,80,9,0.18937788314942597,0.31275206796333554,raw_delta_mm,auc_total,resid
diploid,raw_delta_mm|lin_slope|resid,0.7073552425665102,0.41471048513302033,0.04444316243737106,0.559,2.062281166789812,0.09150546193552656,80,9,0.18937788314942597,0.31275206796333554,raw_delta_mm,lin_slope,resid
diploid,raw_rfu|auc_total|none,0.7057902973395931,0.4115805946791862,0.046079923915667,0.575,2.14936414815668,0.08365763871300466,80,9,0.18937788314942597,0.31275206796333554,raw_rfu,auc_total,none
diploid,raw_rfu|vmax|none,0.7057902973395931,0.4115805946791862,0.046079923915667,0.575,2.210980918600154,0.08343479868754458,80,9,0.18937788314942597,0.31275206796333554,raw_rfu,vmax,none
diploid,raw_delta|auc_0_3h|none,0.704225352112676,0.408450704225352,0.047767157953255174,0.583,2.171814035565103,0.08407742219160592,80,9,0.18937788314942597,0.31275206796333554,raw_delta,auc_0_3h,none
diploid,raw_rfu|sat_asymptote|resid,0.7031746031746032,0.40634920634920646,0.049140833911851145,0.583,3.2079162921247053,0.13151514312298235,79,9,0.18937788314942597,0.31275206796333554,raw_rfu,sat_asymptote,resid
diploid,raw_delta|auc_late|resid,0.702660406885759,0.4053208137715181,0.049506017781893286,0.586,1.9230160475163192,0.123959841000441,80,9,0.18937788314942597,0.31275206796333554,raw_delta,auc_late,resid
diploid,fc_corr_mm|auc_0_2h|resid,0.702660406885759,0.4053208137715181,0.049506017781893286,0.586,2.0933385476228143,0.08778276519715335,80,9,0.18937788314942597,0.31275206796333554,fc_corr_mm,auc_0_2h,resid
diploid,raw_delta_mm|value_3h|resid,0.702660406885759,0.4053208137715181,0.049506017781893286,0.586,1.9612392485146692,0.1123380226772201,80,9,0.18937788314942597,0.31275206796333554,raw_delta_mm,value_3h,resid
diploid,raw_rfu|auc_0_3h|none,0.701095461658842,0.4021909233176839,0.051297667618614665,0.6,2.159045689868299,0.08514152141154166,80,9,0.18937788314942597,0.31275206796333554,raw_rfu,auc_0_3h,none
diploid,raw_rfu|lin_slope|resid,0.701095461658842,0.4021909233176839,0.051297667618614665,0.6,1.9068634165892728,0.1304816278037118,80,9,0.18937788314942597,0.31275206796333554,raw_rfu,lin_slope,resid
diploid,raw_delta|auc_total|resid,0.701095461658842,0.4021909233176839,0.051297667618614665,0.6,1.9462401368244653,0.11040334481496944,80,9,0.18937788314942597,0.31275206796333554,raw_delta,auc_total,resid
diploid,fc_corr|auc_0_3h|resid,0.701095461658842,0.4021909233176839,0.051297667618614665,0.6,1.999175985172926,0.11007388763870894,80,9,0.18937788314942597,0.31275206796333554,fc_corr,auc_0_3h,resid
diploid,fc_corr_mm|auc_early|resid,0.701095461658842,0.4021909233176839,0.051297667618614665,0.6,2.097493412457514,0.08844379373986948,80,9,0.18937788314942597,0.31275206796333554,fc_corr_mm,auc_early,resid
diploid,fc_corr_mm|value_2h|resid,0.701095461658842,0.4021909233176839,0.051297667618614665,0.6,2.269050113067028,0.09008558433429223,80,9,0.18937788314942597,0.31275206796333554,fc_corr_mm,value_2h,resid
diploid,raw_delta_mm|auc_0_3h|resid,0.701095461658842,0.4021909233176839,0.051297667618614665,0.6,2.131465449471955,0.07961670185497485,80,9,0.18937788314942597,0.31275206796333554,raw_delta_mm,auc_0_3h,resid
diploid,fc_corr|auc_total|none,0.6995305164319249,0.39906103286384975,0.05314328217862277,0.612,2.015367195724521,0.12401406974410076,80,9,0.18937788314942597,0.31275206796333554,fc_corr,auc_total,none
diploid,fc_corr|auc_late|none,0.6995305164319249,0.39906103286384975,0.05314328217862277,0.612,1.962762981994193,0.1450177471282132,80,9,0.18937788314942597,0.31275206796333554,fc_corr,auc_late,none
diploid,fc_corr_mm|peak_value|none,0.6995305164319249,0.39906103286384975,0.05314328217862277,0.612,1.7127745863788235,0.2196635092536595,80,9,0.18937788314942597,0.31275206796333554,fc_corr_mm,peak_value,none
diploid,raw_rfu|auc_total|resid,0.6995305164319249,0.39906103286384975,0.05314328217862277,0.612,1.9378348521826958,0.11141441275835487,80,9,0.18937788314942597,0.31275206796333554,raw_rfu,auc_total,resid
diploid,raw_rfu|auc_late|resid,0.6995305164319249,0.39906103286384975,0.05314328217862277,0.612,1.9175185518947342,0.12464455415808706,80,9,0.18937788314942597,0.31275206796333554,raw_rfu,auc_late,resid
diploid,raw_rfu|sat_asymptote|none,0.6984126984126984,0.39682539682539675,0.05472203768713299,0.612,3.3350625255723387,0.1729801031294928,79,9,0.18937788314942597,0.31275206796333554,raw_rfu,sat_asymptote,none
diploid,fc_corr|value_3h|none,0.6979655712050078,0.3959311424100156,0.055044046163518025,0.62,1.8531615874485579,0.17481000289198378,80,9,0.18937788314942597,0.31275206796333554,fc_corr,value_3h,none
diploid,raw_rfu|auc_late|none,0.6964006259780907,0.39280125195618143,0.057001153724712816,0.631,2.0913862007555304,0.09986636844236002,80,9,0.18937788314942597,0.31275206796333554,raw_rfu,auc_late,none
diploid,raw_delta|auc_late|none,0.6964006259780907,0.39280125195618143,0.057001153724712816,0.631,2.0982251233706415,0.09936994453657487,80,9,0.18937788314942597,0.31275206796333554,raw_delta,auc_late,none
diploid,fc_corr|auc_early|none,0.6964006259780907,0.39280125195618143,0.057001153724712816,0.631,2.0513053252240225,0.11199160824328012,80,9,0.18937788314942597,0.31275206796333554,fc_corr,auc_early,none
diploid,fc_corr|auc_0_2h|none,0.6964006259780907,0.39280125195618143,0.057001153724712816,0.631,2.0351992518690945,0.11469860921610829,80,9,0.18937788314942597,0.31275206796333554,fc_corr,auc_0_2h,none
diploid,fc_corr|sat_asymptote|none,0.6952380952380952,0.3904761904761904,0.058729072714563554,0.634,2.890630927254607,0.2159086689275358,79,9,0.18937788314942597,0.31275206796333554,fc_corr,sat_asymptote,none
diploid,raw_rfu|lin_slope|none,0.6948356807511737,0.3896713615023475,0.05901580790192205,0.641,2.0388073662659365,0.11603526544290291,80,9,0.18937788314942597,0.31275206796333554,raw_rfu,lin_slope,none
diploid,fc_corr|lin_slope|none,0.6948356807511737,0.3896713615023475,0.05901580790192205,0.641,1.91117944359396,0.16413723562783664,80,9,0.18937788314942597,0.31275206796333554,fc_corr,lin_slope,none
diploid,fc_corr_mm|mean_rate|none,0.6948356807511737,0.3896713615023475,0.05901580790192205,0.641,1.82187370373173,0.1754304842408134,80,9,0.18937788314942597,0.31275206796333554,fc_corr_mm,mean_rate,none
diploid,fc_corr_mm|value_4h|none,0.6948356807511737,0.3896713615023475,0.05901580790192205,0.641,1.7951716808120126,0.18586722876685066,80,9,0.18937788314942597,0.31275206796333554,fc_corr_mm,value_4h,none
diploid,fc_corr_mm|delta_auc_late_minus_early|resid,0.6948356807511737,0.3896713615023475,0.05901580790192205,0.641,1.890016635005115,0.15872394175924182,80,9,0.18937788314942597,0.31275206796333554,fc_corr_mm,delta_auc_late_minus_early,resid
diploid,fc_corr_mm|final_value|none,0.6932707355242567,0.38654147104851333,0.06108922003664776,0.667,1.827689084618217,0.17417636367844821,80,9,0.18937788314942597,0.31275206796333554,fc_corr_mm,final_value,none
diploid,fc_corr|vmax|none,0.6917057902973396,0.38341158059467917,0.06322260916060878,0.685,2.0142109500830805,0.11809931910108348,80,9,0.18937788314942597,0.31275206796333554,fc_corr,vmax,none
diploid,raw_rfu|value_3h|resid,0.6917057902973396,0.38341158059467917,0.06322260916060878,0.685,1.8263450244316393,0.14975687188003217,80,9,0.18937788314942597,0.31275206796333554,raw_rfu,value_3h,resid
diploid,raw_delta|value_3h|resid,0.6917057902973396,0.38341158059467917,0.06322260916060878,0.685,1.8310980732434636,0.14894705300227998,80,9,0.18937788314942597,0.31275206796333554,raw_delta,value_3h,resid
diploid,raw_delta_mm|value_2h|resid,0.6917057902973396,0.38341158059467917,0.06322260916060878,0.685,2.2149095093417275,0.08652031667021026,80,9,0.18937788314942597,0.31275206796333554,raw_delta_mm,value_2h,resid
diploid,raw_delta_mm|auc_0_2h|resid,0.6917057902973396,0.38341158059467917,0.06322260916060878,0.685,2.0753812435270245,0.08259197564298965,80,9,0.18937788314942597,0.31275206796333554,raw_delta_mm,auc_0_2h,resid
diploid,raw_delta|value_2h|none,0.6901408450704225,0.380281690140845,0.06541720135910198,0.698,2.147033292149647,0.10257889229319195,80,9,0.18937788314942597,0.31275206796333554,raw_delta,value_2h,none
diploid,raw_delta|value_3h|none,0.6901408450704225,0.380281690140845,0.06541720135910198,0.698,1.9832279206018208,0.1215667766609481,80,9,0.18937788314942597,0.31275206796333554,raw_delta,value_3h,none
diploid,raw_delta_mm|auc_early|resid,0.6901408450704225,0.380281690140845,0.06541720135910198,0.698,2.0779153602136917,0.08317674100259849,80,9,0.18937788314942597,0.31275206796333554,raw_delta_mm,auc_early,resid
diploid,fc_corr_mm|auc_total|none,0.6885758998435054,0.37715179968701085,0.06767422910931437,0.714,1.7432041676249541,0.20163573268158475,80,9,0.18937788314942597,0.31275206796333554,fc_corr_mm,auc_total,none
diploid,fc_corr_mm|auc_late|none,0.6885758998435054,0.37715179968701085,0.06767422910931437,0.714,1.7139978455658196,0.22462504872367248,80,9,0.18937788314942597,0.31275206796333554,fc_corr_mm,auc_late,none
diploid,raw_delta_mm|peak_value|none,0.6885758998435054,0.37715179968701085,0.06767422910931437,0.714,1.820771805974662,0.15243317713774054,80,9,0.18937788314942597,0.31275206796333554,raw_delta_mm,peak_value,none
diploid,raw_delta_mm|vmax|resid,0.6885758998435054,0.37715179968701085,0.06767422910931437,0.714,2.070028203374179,0.0820536917929114,80,9,0.18937788314942597,0.31275206796333554,raw_delta_mm,vmax,resid
diploid,raw_rfu|value_2h|none,0.6870109546165885,0.3740219092331769,0.06999493059364316,0.719,2.1377304123806677,0.1033655126671985,80,9,0.18937788314942597,0.31275206796333554,raw_rfu,value_2h,none
diploid,raw_rfu|value_3h|none,0.6870109546165885,0.3740219092331769,0.06999493059364316,0.719,1.977324674919462,0.12217820026468995,80,9,0.18937788314942597,0.31275206796333554,raw_rfu,value_3h,none
diploid,fc_corr|auc_0_3h|none,0.6854460093896714,0.37089201877934275,0.07238054898811708,0.729,2.0215355343555665,0.12134648958660568,80,9,0.18937788314942597,0.31275206796333554,fc_corr,auc_0_3h,none
diploid,fc_corr|delta_auc_late_minus_early|resid,0.6854460093896714,0.37089201877934275,0.07238054898811708,0.729,1.76148291452904,0.2029279342260742,80,9,0.18937788314942597,0.31275206796333554,fc_corr,delta_auc_late_minus_early,resid
diploid,fc_corr|vmax|resid,0.6854460093896714,0.37089201877934275,0.07238054898811708,0.729,1.9088511508079946,0.11040381066250914,80,9,0.18937788314942597,0.31275206796333554,fc_corr,vmax,resid
diploid,raw_delta_mm|final_value|none,0.6838810641627543,0.3677621283255086,0.07483233172604871,0.741,1.9271988455403988,0.11790562175388092,80,9,0.18937788314942597,0.31275206796333554,raw_delta_mm,final_value,none
diploid,raw_delta_mm|auc_late|none,0.6838810641627543,0.3677621283255086,0.07483233172604871,0.741,1.8165387336601408,0.16058382561933118,80,9,0.18937788314942597,0.31275206796333554,raw_delta_mm,auc_late,none
diploid,raw_delta_mm|value_4h|none,0.6838810641627543,0.3677621283255086,0.07483233172604871,0.741,1.8953509656599725,0.12682079868640392,80,9,0.18937788314942597,0.31275206796333554,raw_delta_mm,value_4h,none
diploid,raw_delta|auc_0_3h|resid,0.6838810641627543,0.3677621283255086,0.07483233172604871,0.741,1.9599816781214099,0.10661617950485212,80,9,0.18937788314942597,0.31275206796333554,raw_delta,auc_0_3h,resid
diploid,fc_corr|value_2h|resid,0.6838810641627543,0.3677621283255086,0.07483233172604871,0.741,2.0934687671795933,0.11061897661168218,80,9,0.18937788314942597,0.31275206796333554,fc_corr,value_2h,resid
diploid,raw_delta_mm|delta_auc_late_minus_early|resid,0.6838810641627543,0.3677621283255086,0.07483233172604871,0.741,1.8669959659113244,0.14804007549877615,80,9,0.18937788314942597,0.31275206796333554,raw_delta_mm,delta_auc_late_minus_early,resid
diploid,fc_corr_mm|sat_asymptote|none,0.6825396825396826,0.3650793650793651,0.07726619237155392,0.743,2.5756016337328482,0.2775587494631528,79,9,0.18937788314942597,0.31275206796333554,fc_corr_mm,sat_asymptote,none
diploid,raw_delta_mm|sat_asymptote|none,0.6825396825396826,0.3650793650793651,0.07726619237155392,0.743,2.943006319580736,0.2256050846686577,79,9,0.18937788314942597,0.31275206796333554,raw_delta_mm,sat_asymptote,none
diploid,raw_rfu|initial_slope|none,0.6823161189358372,0.3646322378716744,0.07735152973708949,0.751,2.191692982647571,0.09632130654866694,80,9,0.18937788314942597,0.31275206796333554,raw_rfu,initial_slope,none
diploid,raw_delta|auc_0_1h|none,0.6823161189358372,0.3646322378716744,0.07735152973708949,0.751,2.191692982647571,0.09632130654866694,80,9,0.18937788314942597,0.31275206796333554,raw_delta,auc_0_1h,none
diploid,fc_corr_mm|lin_slope|none,0.6823161189358372,0.3646322378716744,0.07735152973708949,0.751,1.690855569351283,0.23786613531426554,80,9,0.18937788314942597,0.31275206796333554,fc_corr_mm,lin_slope,none
diploid,fc_corr_mm|value_3h|none,0.6823161189358372,0.3646322378716744,0.07735152973708949,0.751,1.6253356790378601,0.26683562171707137,80,9,0.18937788314942597,0.31275206796333554,fc_corr_mm,value_3h,none
diploid,raw_delta_mm|lin_slope|none,0.6823161189358372,0.3646322378716744,0.07735152973708949,0.751,1.7846325640484717,0.17359329659415154,80,9,0.18937788314942597,0.31275206796333554,raw_delta_mm,lin_slope,none
diploid,raw_delta_mm|mean_rate|none,0.6823161189358372,0.3646322378716744,0.07735152973708949,0.751,1.921767068469646,0.11887380539508015,80,9,0.18937788314942597,0.31275206796333554,raw_delta_mm,mean_rate,none
diploid,raw_rfu|auc_0_3h|resid,0.6823161189358372,0.3646322378716744,0.07735152973708949,0.751,1.9491527914009181,0.10792817368916321,80,9,0.18937788314942597,0.31275206796333554,raw_rfu,auc_0_3h,resid
diploid,fc_corr_mm|rate_h4|resid,0.6823161189358372,0.3646322378716744,0.07735152973708949,0.751,1.5543653701627922,0.18801007059985095,80,9,0.18937788314942597,0.31275206796333554,fc_corr_mm,rate_h4,resid
diploid,raw_delta_mm|auc_total|none,0.6807511737089202,0.3615023474178405,0.07993939666189426,0.756,1.8511235935395192,0.14144182639643907,80,9,0.19404092864938433,0.31275206796333554,raw_delta_mm,auc_total,none
diploid,raw_rfu|delta_auc_late_minus_early|resid,0.6791862284820032,0.3583724569640063,0.0825971880426461,0.77,1.7383930378355985,0.19773374776407554,80,9,0.19712270087488648,0.31275206796333554,raw_rfu,delta_auc_late_minus_early,resid
diploid,fc_corr|auc_early|resid,0.6791862284820032,0.3583724569640063,0.0825971880426461,0.77,1.9371793160241901,0.11354007071687719,80,9,0.19712270087488648,0.31275206796333554,fc_corr,auc_early,resid
diploid,fc_corr|auc_0_2h|resid,0.6776212832550861,0.35524256651017216,0.08532616048973102,0.779,1.932634756528304,0.1129869886700131,80,9,0.20193857982569674,0.31275206796333554,fc_corr,auc_0_2h,resid
diploid,raw_delta_mm|value_3h|none,0.676056338028169,0.352112676056338,0.08812757082489368,0.793,1.7281700073122774,0.19386913982881204,80,9,0.20684487697743642,0.31275206796333554,raw_delta_mm,value_3h,none
diploid,raw_rfu|value_1h|none,0.6744913928012519,0.34898278560250384,0.09100267520124893,0.803,2.177575056631518,0.09847956014842169,80,9,0.20842548191253787,0.31275206796333554,raw_rfu,value_1h,none
diploid,fc_corr_mm|initial_slope|resid,0.6744913928012519,0.34898278560250384,0.09100267520124893,0.803,1.9275966066151935,0.119607931917218,80,9,0.20842548191253787,0.31275206796333554,fc_corr_mm,initial_slope,resid
diploid,fc_corr_mm|auc_0_1h|resid,0.6744913928012519,0.34898278560250384,0.09100267520124893,0.803,1.9275966066151935,0.119607931917218,80,9,0.20842548191253787,0.31275206796333554,fc_corr_mm,auc_0_1h,resid
diploid,raw_rfu|auc_0_1h|none,0.672926447574335,0.3458528951486699,0.09395272820056426,0.808,2.1626037321763243,0.10083086341515808,80,9,0.20845761569500196,0.31275206796333554,raw_rfu,auc_0_1h,none
diploid,fc_corr|delta_auc_late_minus_early|none,0.672926447574335,0.3458528951486699,0.09395272820056426,0.808,1.7045905693763714,0.24506647527584963,80,9,0.20845761569500196,0.31275206796333554,fc_corr,delta_auc_late_minus_early,none
diploid,fc_corr|value_2h|none,0.672926447574335,0.3458528951486699,0.09395272820056426,0.808,2.019325665167607,0.13597633600883782,80,9,0.20845761569500196,0.31275206796333554,fc_corr,value_2h,none
diploid,raw_delta|value_2h|resid,0.672926447574335,0.3458528951486699,0.09395272820056426,0.808,2.0331698437040697,0.11127979257025569,80,9,0.20845761569500196,0.31275206796333554,raw_delta,value_2h,resid
diploid,raw_delta_mm|vmax|none,0.6713615023474179,0.34272300469483574,0.09697898190827361,0.82,1.8497099459537156,0.1463971654518024,80,9,0.21024451039656264,0.31275206796333554,raw_delta_mm,vmax,none
diploid,raw_delta|auc_early|resid,0.6713615023474179,0.34272300469483574,0.09697898190827361,0.82,1.9042863968702044,0.11251846109240284,80,9,0.21024451039656264,0.31275206796333554,raw_delta,auc_early,resid
diploid,raw_delta_mm|rate_h4|resid,0.6713615023474179,0.34272300469483574,0.09697898190827361,0.82,1.482047279151503,0.23764259975868418,80,9,0.21024451039656264,0.31275206796333554,raw_delta_mm,rate_h4,resid
diploid,fc_corr|initial_slope|none,0.6697965571205008,0.3395931142410016,0.10008268496672505,0.837,2.0006571337247467,0.12981065303537961,80,9,0.21054431504111049,0.31275206796333554,fc_corr,initial_slope,none
diploid,fc_corr|auc_0_1h|none,0.6697965571205008,0.3395931142410016,0.10008268496672505,0.837,2.0006571337247467,0.12981065303537961,80,9,0.21054431504111049,0.31275206796333554,fc_corr,auc_0_1h,none
diploid,raw_delta|auc_0_2h|resid,0.6697965571205008,0.3395931142410016,0.10008268496672505,0.837,1.900851429773706,0.11199076614985659,80,9,0.21054431504111049,0.31275206796333554,raw_delta,auc_0_2h,resid
diploid,fc_corr|rate_h4|resid,0.6697965571205008,0.3395931142410016,0.10008268496672505,0.837,1.49640385869894,0.21535100049986347,80,9,0.21054431504111049,0.31275206796333554,fc_corr,rate_h4,resid
diploid,raw_delta_mm|auc_0_2h|none,0.6682316118935837,0.3364632237871674,0.10326508160720839,0.841,1.8316605215194963,0.14570728236619146,80,9,0.21406776041202324,0.31275206796333554,raw_delta_mm,auc_0_2h,none
diploid,raw_rfu|value_2h|resid,0.6682316118935837,0.3364632237871674,0.10326508160720839,0.841,2.0247250724440504,0.11211126841198554,80,9,0.21406776041202324,0.31275206796333554,raw_rfu,value_2h,resid
diploid,raw_delta_mm|auc_early|none,0.6666666666666666,0.33333333333333326,0.10652741066135489,0.85,1.8434148064951317,0.14166386483162346,80,9,0.2160984616273199,0.31275206796333554,raw_delta_mm,auc_early,none
diploid,raw_delta_mm|delta_auc_late_minus_early|none,0.6666666666666666,0.33333333333333326,0.10652741066135489,0.85,1.6162449609743856,0.2589442119055738,80,9,0.2160984616273199,0.31275206796333554,raw_delta_mm,delta_auc_late_minus_early,none
diploid,raw_delta_mm|auc_0_3h|none,0.6666666666666666,0.33333333333333326,0.10652741066135489,0.85,1.84391790517203,0.14566146377564027,80,9,0.2160984616273199,0.31275206796333554,raw_delta_mm,auc_0_3h,none
diploid,raw_rfu|delta_auc_late_minus_early|none,0.6651017214397497,0.3302034428794993,0.10987090455254213,0.859,1.7980563392422246,0.19508987572850195,80,9,0.21820515309735639,0.31275206796333554,raw_rfu,delta_auc_late_minus_early,none
diploid,raw_rfu|auc_early|resid,0.6651017214397497,0.3302034428794993,0.10987090455254213,0.859,1.8909291694316797,0.11462652138087266,80,9,0.21820515309735639,0.31275206796333554,raw_rfu,auc_early,resid
diploid,raw_rfu|auc_0_2h|resid,0.6651017214397497,0.3302034428794993,0.10987090455254213,0.859,1.887313747595384,0.11417110094197154,80,9,0.21820515309735639,0.31275206796333554,raw_rfu,auc_0_2h,resid
diploid,fc_corr_mm|auc_0_3h|none,0.6635367762128326,0.32707355242566516,0.11329678826798414,0.867,1.7348980963199314,0.20013286163844463,80,9,0.22190543357315515,0.31275206796333554,fc_corr_mm,auc_0_3h,none
diploid,raw_rfu|vmax|resid,0.6635367762128326,0.32707355242566516,0.11329678826798414,0.867,1.9029385923970616,0.10811964559506174,80,9,0.22190543357315515,0.31275206796333554,raw_rfu,vmax,resid
diploid,fc_corr_mm|delta_auc_late_minus_early|none,0.6572769953051644,0.31455399061032874,0.12784840175425097,0.899,1.5438295826887278,0.3213550413501472,80,9,0.24533071687977887,0.31275206796333554,fc_corr_mm,delta_auc_late_minus_early,none
diploid,fc_corr_mm|vmax|none,0.6572769953051644,0.31455399061032874,0.12784840175425097,0.899,1.7092559517749644,0.19808464019507901,80,9,0.24533071687977887,0.31275206796333554,fc_corr_mm,vmax,none
diploid,raw_rfu|rate_h4|resid,0.6572769953051644,0.31455399061032874,0.12784840175425097,0.899,1.428328891938495,0.2717965157431081,80,9,0.24533071687977887,0.31275206796333554,raw_rfu,rate_h4,resid
diploid,raw_delta_mm|initial_slope|resid,0.6557120500782473,0.3114241001564946,0.13170427490328834,0.911,1.9252846120654257,0.11731217806126476,80,9,0.2493600938168926,0.31275206796333554,raw_delta_mm,initial_slope,resid
diploid,raw_delta_mm|auc_0_1h|resid,0.6557120500782473,0.3114241001564946,0.13170427490328834,0.911,1.9252846120654257,0.11731217806126476,80,9,0.2493600938168926,0.31275206796333554,raw_delta_mm,auc_0_1h,resid
diploid,fc_corr_mm|auc_early|none,0.6541471048513302,0.3082942097026604,0.13564967183533763,0.92,1.7280871945729095,0.19139704109687178,80,9,0.255129184114145,0.31275206796333554,fc_corr_mm,auc_early,none
diploid,fc_corr_mm|value_2h|none,0.6525821596244131,0.30516431924882625,0.13968573524352645,0.928,1.745599594083493,0.21211549184303233,80,9,0.2559403148978162,0.31275206796333554,fc_corr_mm,value_2h,none
diploid,fc_corr_mm|auc_0_2h|none,0.6525821596244131,0.30516431924882625,0.13968573524352645,0.928,1.714608489078752,0.1958105689164712,80,9,0.2559403148978162,0.31275206796333554,fc_corr_mm,auc_0_2h,none
diploid,raw_rfu|t_half|resid,0.6525821596244131,0.30516431924882625,0.13968573524352645,0.928,2.1543685567957405,0.12077271157777975,80,9,0.2559403148978162,0.31275206796333554,raw_rfu,t_half,resid
diploid,fc_corr|t_half|resid,0.6525821596244131,0.30516431924882625,0.13968573524352645,0.928,2.150659731980025,0.12120834737827715,80,9,0.2559403148978162,0.31275206796333554,fc_corr,t_half,resid
diploid,raw_delta|stability_cv|resid,0.6494522691705791,0.29890453834115815,0.14803434980306066,0.932,1.870755561964433,0.14320931314305024,80,9,0.2644135556230769,0.31275206796333554,raw_delta,stability_cv,resid
diploid,fc_corr|initial_slope|resid,0.6494522691705791,0.29890453834115815,0.14803434980306066,0.932,1.7850928927269463,0.15489335706537044,80,9,0.2644135556230769,0.31275206796333554,fc_corr,initial_slope,resid
diploid,fc_corr|stability_cv|resid,0.6494522691705791,0.29890453834115815,0.14803434980306066,0.932,1.8684775139425924,0.14381635018695066,80,9,0.2644135556230769,0.31275206796333554,fc_corr,stability_cv,resid
diploid,fc_corr|auc_0_1h|resid,0.6494522691705791,0.29890453834115815,0.14803434980306066,0.932,1.7850928927269463,0.15489335706537044,80,9,0.2644135556230769,0.31275206796333554,fc_corr,auc_0_1h,resid
diploid,raw_delta_mm|value_2h|none,0.6463223787167449,0.29264475743348983,0.15675891393072536,0.944,1.836308203561247,0.1663264806055675,80,9,0.2782470722270375,0.31275206796333554,raw_delta_mm,value_2h,none
diploid,raw_delta_mm|initial_slope|none,0.6447574334898278,0.28951486697965567,0.16126484011676911,0.948,1.7830214247355771,0.17383649843657273,80,9,0.28271120119236065,0.31275206796333554,raw_delta_mm,initial_slope,none
diploid,raw_delta_mm|auc_0_1h|none,0.6447574334898278,0.28951486697965567,0.16126484011676911,0.948,1.7830214247355771,0.17383649843657273,80,9,0.28271120119236065,0.31275206796333554,raw_delta_mm,auc_0_1h,none
diploid,raw_rfu|rate_last_first_ratio|resid,0.6416275430359938,0.28325508607198757,0.17056911701078464,0.953,1.4624823718995614,0.2866925869035094,80,9,0.2953757879942856,0.31275206796333554,raw_rfu,rate_last_first_ratio,resid
diploid,fc_corr|rate_last_first_ratio|resid,0.6416275430359938,0.28325508607198757,0.17056911701078464,0.953,1.4604256550457653,0.2884078184653375,80,9,0.2953757879942856,0.31275206796333554,fc_corr,rate_last_first_ratio,resid
diploid,raw_rfu|stability_cv|resid,0.6400625978090767,0.2801251956181534,0.17536945139121068,0.961,1.8837907695660756,0.1413257134116553,80,9,0.3018480254248717,0.31275206796333554,raw_rfu,stability_cv,resid
diploid,raw_rfu|sat_r2|none,0.3619047619047619,-0.2761904761904762,0.18196670304093246,0.968,0.5750900341673498,0.3123388136830775,79,9,0.3113165280941254,0.31275206796333554,raw_rfu,sat_r2,none
diploid,fc_corr|sat_r2|none,0.3634920634920635,-0.27301587301587305,0.18707096251780714,0.971,0.5761084038008413,0.3128493088979295,79,9,0.31813265482070197,0.31275206796333554,fc_corr,sat_r2,none
diploid,fc_corr_mm|initial_slope|none,0.6353677621283255,0.27073552425665093,0.19037459876092128,0.976,1.6590883023196117,0.22243247001990088,80,9,0.31991944407160733,0.31275206796333554,fc_corr_mm,initial_slope,none
diploid,fc_corr_mm|auc_0_1h|none,0.6353677621283255,0.27073552425665093,0.19037459876092128,0.976,1.6590883023196117,0.22243247001990088,80,9,0.31991944407160733,0.31275206796333554,fc_corr_mm,auc_0_1h,none
diploid,raw_rfu|stability_cv|none,0.6275430359937402,0.25508607198748035,0.21744906039194467,0.987,1.686033095966852,0.22406197657152882,80,9,0.3632678420665429,0.31275206796333554,raw_rfu,stability_cv,none
diploid,raw_rfu|sat_k|resid,0.3746031746031746,-0.2507936507936508,0.2257876141936342,0.988,0.8618850685801513,0.6043659323060562,79,9,0.36510573617930014,0.31275206796333554,raw_rfu,sat_k,resid
diploid,fc_corr|sat_k|resid,0.3746031746031746,-0.2507936507936508,0.2257876141936342,0.988,0.8612316264474262,0.6021937716185422,79,9,0.36510573617930014,0.31275206796333554,fc_corr,sat_k,resid
diploid,fc_corr_mm|sat_k|resid,0.3746031746031746,-0.2507936507936508,0.2257876141936342,0.988,0.8612315191450983,0.6021934673389393,79,9,0.36510573617930014,0.31275206796333554,fc_corr_mm,sat_k,resid
diploid,raw_delta_mm|sat_k|resid,0.3746031746031746,-0.2507936507936508,0.2257876141936342,0.988,0.8618854980509046,0.6043671547160094,79,9,0.36510573617930014,0.31275206796333554,raw_delta_mm,sat_k,resid
diploid,fc_corr|rate_h4|none,0.6244131455399061,0.24882629107981225,0.22902011121700894,0.99,1.4664455351882582,0.23700965345152936,80,9,0.36510573617930014,0.31275206796333554,fc_corr,rate_h4,none
diploid,raw_rfu|sat_r2|resid,0.3761904761904762,-0.24761904761904763,0.23175472441333733,0.99,0.6045124398726959,0.34146067550088643,79,9,0.36510573617930014,0.31275206796333554,raw_rfu,sat_r2,resid
diploid,fc_corr|sat_r2|resid,0.3761904761904762,-0.24761904761904763,0.23175472441333733,0.99,0.6057765966535005,0.3422575144707637,79,9,0.36510573617930014,0.31275206796333554,fc_corr,sat_r2,resid
diploid,raw_rfu|rate_h4|none,0.622848200312989,0.24569640062597808,0.23496721922637967,0.99,1.4054444696236603,0.2938666610127889,80,9,0.36510573617930014,0.31275206796333554,raw_rfu,rate_h4,none
diploid,raw_delta|stability_cv|none,0.622848200312989,0.24569640062597808,0.23496721922637967,0.99,1.6740487377142774,0.22721513833844567,80,9,0.36510573617930014,0.31275206796333554,raw_delta,stability_cv,none
diploid,fc_corr|stability_cv|none,0.622848200312989,0.24569640062597808,0.23496721922637967,0.99,1.672009457381342,0.22812332027617177,80,9,0.36510573617930014,0.31275206796333554,fc_corr,stability_cv,none
diploid,fc_corr_mm|rate_h4|none,0.622848200312989,0.24569640062597808,0.23496721922637967,0.99,1.4939227183945365,0.23298385835571508,80,9,0.36510573617930014,0.31275206796333554,fc_corr_mm,rate_h4,none
diploid,raw_rfu|sat_k|none,0.37777777777777777,-0.24444444444444446,0.23783296194778353,0.99,0.8724514876379491,0.6368447526255075,79,9,0.36510573617930014,0.31275206796333554,raw_rfu,sat_k,none
diploid,fc_corr|sat_k|none,0.37777777777777777,-0.24444444444444446,0.23783296194778353,0.99,0.8718617970514909,0.6348771986232404,79,9,0.36510573617930014,0.31275206796333554,fc_corr,sat_k,none
diploid,fc_corr_mm|sat_k|none,0.37777777777777777,-0.24444444444444446,0.23783296194778353,0.99,0.871861705743736,0.6348769397272134,79,9,0.36510573617930014,0.31275206796333554,fc_corr_mm,sat_k,none
diploid,raw_delta_mm|sat_k|none,0.37777777777777777,-0.24444444444444446,0.23783296194778353,0.99,0.872451874697414,0.6368458674470223,79,9,0.36510573617930014,0.31275206796333554,raw_delta_mm,sat_k,none
diploid,raw_delta|frac_auc_first_half|resid,0.37871674491392804,-0.24256651017214392,0.2410228498128532,0.991,0.6473308487894879,0.22136310034290202,80,9,0.36604539757673965,0.31275206796333554,raw_delta,frac_auc_first_half,resid
diploid,fc_corr|frac_auc_first_half|resid,0.37871674491392804,-0.24256651017214392,0.2410228498128532,0.991,0.6475062287164799,0.221671833992927,80,9,0.36604539757673965,0.31275206796333554,fc_corr,frac_auc_first_half,resid
diploid,raw_rfu|t_half|none,0.6197183098591549,0.23943661971830976,0.2471875539057462,0.994,1.6936914090397204,0.25566865624958995,80,9,0.37143526618641226,0.31275206796333554,raw_rfu,t_half,none
diploid,fc_corr|t_half|none,0.6197183098591549,0.23943661971830976,0.2471875539057462,0.994,1.6910400648363633,0.2566173788026437,80,9,0.37143526618641226,0.31275206796333554,fc_corr,t_half,none
diploid,raw_rfu|initial_slope|resid,0.6181533646322379,0.23630672926447582,0.25346184133306415,0.994,1.7642617818798594,0.15799280377200792,80,9,0.3749123069718241,0.31275206796333554,raw_rfu,initial_slope,resid
diploid,raw_rfu|value_1h|resid,0.6181533646322379,0.23630672926447582,0.25346184133306415,0.994,1.7543531435905708,0.1608147622949903,80,9,0.3749123069718241,0.31275206796333554,raw_rfu,value_1h,resid
diploid,raw_delta|auc_0_1h|resid,0.6181533646322379,0.23630672926447582,0.25346184133306415,0.994,1.7642617818798594,0.15799280377200792,80,9,0.3749123069718241,0.31275206796333554,raw_delta,auc_0_1h,resid
diploid,raw_delta_mm|rate_h4|none,0.6165884194053208,0.23317683881064166,0.2598461797283724,0.996,1.4292274744819389,0.28763957361497455,80,9,0.3765118114431518,0.31275206796333554,raw_delta_mm,rate_h4,none
diploid,raw_rfu|late_early_auc_ratio|resid,0.6165884194053208,0.23317683881064166,0.2598461797283724,0.996,1.6267865112125401,0.20560680396473188,80,9,0.3765118114431518,0.31275206796333554,raw_rfu,late_early_auc_ratio,resid
diploid,raw_delta|late_early_auc_ratio|resid,0.6165884194053208,0.23317683881064166,0.2598461797283724,0.996,1.611610596967381,0.21241522043099673,80,9,0.3765118114431518,0.31275206796333554,raw_delta,late_early_auc_ratio,resid
diploid,fc_corr|late_early_auc_ratio|resid,0.6165884194053208,0.23317683881064166,0.2598461797283724,0.996,1.610538107998358,0.21297241676012432,80,9,0.3765118114431518,0.31275206796333554,fc_corr,late_early_auc_ratio,resid
diploid,raw_rfu|quad_coef|none,0.38497652582159625,-0.2300469483568075,0.26634099345770557,0.997,0.6246847279529516,0.2525747928564539,80,9,0.38010473438185116,0.31275206796333554,raw_rfu,quad_coef,none
diploid,fc_corr|quad_coef|none,0.38497652582159625,-0.2300469483568075,0.26634099345770557,0.997,0.6485138490264041,0.2882040669606675,80,9,0.38010473438185116,0.31275206796333554,fc_corr,quad_coef,none
diploid,raw_rfu|frac_auc_first_half|resid,0.38497652582159625,-0.2300469483568075,0.26634099345770557,0.997,0.6442819859047739,0.21733464365944763,80,9,0.38010473438185116,0.31275206796333554,raw_rfu,frac_auc_first_half,resid
diploid,raw_rfu|auc_0_1h|resid,0.6134585289514867,0.22691705790297334,0.27294666256812566,0.997,1.7441773197333148,0.1638735526028531,80,9,0.3875842608467384,0.31275206796333554,raw_rfu,auc_0_1h,resid
diploid,fc_corr|rate_h3|none,0.6103286384976526,0.22065727699530524,0.28649185938133487,0.997,1.0785175601320327,0.8372831544210392,80,9,0.4047944679815876,0.31275206796333554,fc_corr,rate_h3,none
diploid,raw_rfu|rate_cv|none,0.39123630672926446,-0.21752738654147108,0.2934319164555594,0.998,0.835696319552508,0.5964604349977225,80,9,0.4125478429375191,0.31275206796333554,raw_rfu,rate_cv,none
diploid,fc_corr|rate_cv|none,0.39436619718309857,-0.21126760563380287,0.3076479107490029,0.998,0.8360138276143398,0.5973706507996444,80,9,0.4304039736587036,0.31275206796333554,fc_corr,rate_cv,none
diploid,raw_rfu|rate_h3|none,0.6025039123630673,0.20500782472613466,0.322312450964725,0.998,1.1311887782100354,0.7412185213118183,80,9,0.44870949055873477,0.31275206796333554,raw_rfu,rate_h3,none
diploid,raw_rfu|late_early_auc_ratio|none,0.5993740219092332,0.19874804381846634,0.3374256686779091,0.998,1.4279876822529627,0.3502286538557459,80,9,0.4623712149601372,0.31275206796333554,raw_rfu,late_early_auc_ratio,none
diploid,raw_rfu|frac_auc_first_half|none,0.40062597809076683,-0.19874804381846634,0.3374256686779091,0.998,0.7185303771249576,0.35336221095919174,80,9,0.4623712149601372,0.31275206796333554,raw_rfu,frac_auc_first_half,none
diploid,raw_rfu|rate_last_first_ratio|none,0.5978090766823161,0.19561815336463217,0.3451503435617926,0.998,1.3866422820269861,0.3634394075283809,80,9,0.4623712149601372,0.31275206796333554,raw_rfu,rate_last_first_ratio,none
diploid,raw_rfu|lin_r2|none,0.5978090766823161,0.19561815336463217,0.3451503435617926,0.998,1.2490195979236445,0.49046921481944417,80,9,0.4623712149601372,0.31275206796333554,raw_rfu,lin_r2,none
diploid,fc_corr|rate_last_first_ratio|none,0.5978090766823161,0.19561815336463217,0.3451503435617926,0.998,1.3848816724676178,0.3652484473034719,80,9,0.4623712149601372,0.31275206796333554,fc_corr,rate_last_first_ratio,none
diploid,fc_corr|lin_r2|none,0.5978090766823161,0.19561815336463217,0.3451503435617926,0.998,1.2486794901659912,0.491163614896379,80,9,0.4623712149601372,0.31275206796333554,fc_corr,lin_r2,none
diploid,raw_rfu|lin_r2|resid,0.5978090766823161,0.19561815336463217,0.3451503435617926,0.998,1.2995869081798685,0.4183686091800235,80,9,0.4623712149601372,0.31275206796333554,raw_rfu,lin_r2,resid
diploid,fc_corr|lin_r2|resid,0.5978090766823161,0.19561815336463217,0.3451503435617926,0.998,1.2993409730084404,0.41882762914830307,80,9,0.4623712149601372,0.31275206796333554,fc_corr,lin_r2,resid
diploid,raw_delta|late_early_auc_ratio|none,0.594679186228482,0.18935837245696407,0.3609349793364702,0.998,1.416211650707735,0.35899006839563385,80,9,0.4789978230446613,0.31275206796333554,raw_delta,late_early_auc_ratio,none
diploid,raw_delta|frac_auc_first_half|none,0.405320813771518,-0.18935837245696396,0.3609349793364702,0.999,0.72175672838545,0.35873775193284924,80,9,0.4789978230446613,0.31275206796333554,raw_delta,frac_auc_first_half,none
diploid,fc_corr|late_early_auc_ratio|none,0.5915492957746479,0.18309859154929575,0.37716489436595263,1,1.4151949424258181,0.359934617930833,80,9,0.49135243119234195,0.31275206796333554,fc_corr,late_early_auc_ratio,none
diploid,fc_corr|frac_auc_first_half|none,0.4084507042253521,-0.18309859154929575,0.37716489436595263,1,0.7220006586924169,0.3593184309174675,80,9,0.49135243119234195,0.31275206796333554,fc_corr,frac_auc_first_half,none
diploid,fc_corr_mm|rate_h3|none,0.5915492957746479,0.18309859154929575,0.37716489436595263,1,1.0298866716986474,0.9349429878108018,80,9,0.49135243119234195,0.31275206796333554,fc_corr_mm,rate_h3,none
diploid,fc_corr_mm|rate_h2|resid,0.5915492957746479,0.18309859154929575,0.37716489436595263,1,1.688554488321285,0.25033813401311555,80,9,0.49135243119234195,0.31275206796333554,fc_corr_mm,rate_h2,resid
diploid,raw_delta_mm|rate_h2|resid,0.5899843505477308,0.1799687010954616,0.3854459587844417,1,1.6180807957477534,0.27509887950140394,80,9,0.49984772737343125,0.31275206796333554,raw_delta_mm,rate_h2,resid
diploid,fc_corr_mm|max_drop|resid,0.5884194053208138,0.17683881064162765,0.3938371823900754,1,1.020524791620042,0.955230977697886,80,9,0.5038277468413578,0.31275206796333554,fc_corr_mm,max_drop,resid
diploid,raw_rfu|baseline_value|none,0.41158059467918623,-0.17683881064162754,0.3938371823900754,1,0.8580794879112441,0.6341110632636765,80,9,0.5038277468413578,0.31275206796333554,raw_rfu,baseline_value,none
diploid,fc_corr|rate_cv|resid,0.41158059467918623,-0.17683881064162754,0.3938371823900754,1,0.7995972391268562,0.5115480325611044,80,9,0.5038277468413578,0.31275206796333554,fc_corr,rate_cv,resid
diploid,raw_delta_mm|rate_h3|none,0.5868544600938967,0.1737089201877935,0.40233805951427787,1,1.078383009904042,0.8368559644221338,80,9,0.5101071825984594,0.31275206796333554,raw_delta_mm,rate_h3,none
diploid,raw_delta_mm|quad_coef|none,0.4131455399061033,-0.17370892018779338,0.40233805951427787,1,0.7105772004196355,0.38443667134770265,80,9,0.5101071825984594,0.31275206796333554,raw_delta_mm,quad_coef,none
diploid,raw_rfu|rate_cv|resid,0.41471048513302033,-0.17057902973395933,0.4109480267103225,1,0.7994128678784354,0.5110392078486489,80,9,0.5187077314921403,0.31275206796333554,raw_rfu,rate_cv,resid
diploid,fc_corr_mm|quad_coef|resid,0.4162754303599374,-0.16744913928012517,0.41966646239950145,1,0.6332246664925629,0.26549336532938395,80,9,0.5250452657332969,0.31275206796333554,fc_corr_mm,quad_coef,resid
diploid,raw_delta_mm|quad_coef|resid,0.4162754303599374,-0.16744913928012517,0.41966646239950145,1,0.6363868864110293,0.2678644655800443,80,9,0.5250452657332969,0.31275206796333554,raw_delta_mm,quad_coef,resid
diploid,raw_rfu|rate_h2|resid,0.5821596244131455,0.164319248826291,0.4284926865670003,1,1.5485444180678851,0.31110018782552595,80,9,0.5314057772271968,0.31275206796333554,raw_rfu,rate_h2,resid
diploid,fc_corr_mm|rate_h3|resid,0.5821596244131455,0.164319248826291,0.4284926865670003,1,1.07643584072362,0.839943596220246,80,9,0.5314057772271968,0.31275206796333554,fc_corr_mm,rate_h3,resid
diploid,raw_delta_mm|rate_h3|resid,0.5805946791862285,0.16118935837245707,0.43742596050846333,1,1.1052333156528356,0.7848892965896561,80,9,0.5401259686278417,0.31275206796333554,raw_delta_mm,rate_h3,resid
diploid,fc_corr|rate_h2|resid,0.5790297339593115,0.1580594679186229,0.44646548662817875,1,1.6118326992872833,0.2824842987171866,80,9,0.5465353370793222,0.31275206796333554,fc_corr,rate_h2,resid
diploid,raw_rfu|baseline_value|resid,0.4209702660406886,-0.1580594679186228,0.44646548662817875,1,0.8811764749004911,0.6943293566021063,80,9,0.5465353370793222,0.31275206796333554,raw_rfu,baseline_value,resid
diploid,raw_delta_mm|max_drop|resid,0.5774647887323944,0.15492957746478875,0.4556104082897502,1,1.071411851152542,0.8545989399515967,80,9,0.5553362916493092,0.31275206796333554,raw_delta_mm,max_drop,resid
diploid,fc_corr|rate_h3|resid,0.5758998435054773,0.1517996870109546,0.4648598097200602,1,1.0436028181408286,0.9059416497910443,80,9,0.5641888288910132,0.31275206796333554,fc_corr,rate_h3,resid
diploid,raw_rfu|time_to_min_slope|none,0.42566510172143973,-0.14866979655712054,0.46911541840527227,1,0.7179571355092764,0.4317068958208512,80,9,0.566930973732329,0.31275206796333554,raw_rfu,time_to_min_slope,none
diploid,raw_rfu|quad_coef|resid,0.4272300469483568,-0.14553990610328638,0.48366809291348095,1,0.6481807112994016,0.2817430753200884,80,9,0.5820412643535109,0.31275206796333554,raw_rfu,quad_coef,resid
diploid,raw_rfu|rate_h3|resid,0.5712050078247262,0.14241001564945233,0.49322484734281014,1,1.067662308141235,0.8569731621037224,80,9,0.5910373698116375,0.31275206796333554,raw_rfu,rate_h3,resid
diploid,fc_corr_mm|quad_coef|none,0.4303599374021909,-0.13928012519561817,0.5028818270651616,1,0.7335797821701082,0.42674721923128,80,9,0.6000774743130499,0.31275206796333554,fc_corr_mm,quad_coef,none
diploid,fc_corr_mm|min_slope|resid,0.568075117370892,0.136150234741784,0.5126378210964078,1,1.230189689689852,0.53457368383761406,80,9,0.6083337567488927,0.31275206796333554,fc_corr_mm,min_slope,resid
diploid,raw_rfu|inflection_time|none,0.5672926447574335,0.13458528951486692,0.5140848648582191,1,1.3454528852264396,0.44097412778037437,80,9,0.6083337567488927,0.31275206796333554,raw_rfu,inflection_time,none
diploid,fc_corr|quad_coef|resid,0.433489827856025,-0.13302034428794995,0.5224915598952142,1,0.6399612227205925,0.2737067810031381,80,9,0.6106485720586043,0.31275206796333554,fc_corr,quad_coef,resid
diploid,raw_delta_mm|min_slope|resid,0.5665101721439749,0.13302034428794984,0.5224915598952142,1,1.1704420899565444,0.6412391002187845,80,9,0.6106485720586043,0.31275206796333554,raw_delta_mm,min_slope,resid
diploid,raw_rfu|inflection_time|resid,0.5633802816901409,0.12676056338028174,0.5424869026643693,1,1.4471214671379544,0.331339891035774,80,9,0.6314191817896757,0.31275206796333554,raw_rfu,inflection_time,resid
diploid,raw_rfu|n_negative_intervals|none,0.5586854460093896,0.11737089201877926,0.5177044614409422,1,1.3689780928019173,0.44252152052361843,80,9,0.6100749670092431,0.31275206796333554,raw_rfu,n_negative_intervals,none
diploid,fc_corr|min_slope|resid,0.5571205007824727,0.11424100156494532,0.583588246364698,1,1.2197109237080848,0.5526007400686346,80,9,0.6764859672145886,0.31275206796333554,fc_corr,min_slope,resid
diploid,raw_delta_mm|depression_abs|resid,0.5539906103286385,0.107981220657277,0.6046688987662949,1,0.9609560147268862,0.9077866969247672,80,9,0.6980730376001129,0.31275206796333554,raw_delta_mm,depression_abs,resid
diploid,fc_corr_mm|depression_abs|resid,0.5524256651017214,0.10485133020344284,0.6153357400346559,1,0.9226474741658397,0.8084697426554278,80,9,0.707511539149159,0.31275206796333554,fc_corr_mm,depression_abs,resid
diploid,fc_corr|rate_h2|none,0.5492957746478874,0.09859154929577474,0.6369133061031795,1,1.4514293347955032,0.3782110420952567,80,9,0.7293684634407379,0.31275206796333554,fc_corr,rate_h2,none
diploid,raw_rfu|min_slope|resid,0.5477308294209703,0.09546165884194058,0.6478202163033198,1,1.1612828452872104,0.658940588517036,80,9,0.7308598559383963,0.31275206796333554,raw_rfu,min_slope,resid
diploid,raw_rfu|rate_h2|none,0.5461658841940532,0.09233176838810642,0.6588032504233432,1,1.4338264093371498,0.38587032994605175,80,9,0.7308598559383963,0.31275206796333554,raw_rfu,rate_h2,none
diploid,fc_corr|min_slope|none,0.5461658841940532,0.09233176838810642,0.6588032504233432,1,1.2214421441486287,0.5472783196402691,80,9,0.7308598559383963,0.31275206796333554,fc_corr,min_slope,none
diploid,raw_rfu|time_to_vmax|none,0.45461658841940533,-0.09076682316118934,0.6573546404225494,1,0.8840949006232796,0.7043767697315508,80,9,0.7308598559383963,0.31275206796333554,raw_rfu,time_to_vmax,none
diploid,raw_rfu|min_slope|none,0.543035993740219,0.0860719874804381,0.6809895123572244,1,1.1628316752080234,0.6550996375811227,80,9,0.7525331576243258,0.31275206796333554,raw_rfu,min_slope,none
diploid,raw_rfu|max_drop|none,0.543035993740219,0.0860719874804381,0.6452135580109097,1,1.0336241849435979,0.9278778480416232,80,9,0.7308598559383963,0.31275206796333554,raw_rfu,max_drop,none
diploid,fc_corr|max_drop|none,0.5414710485133021,0.08294209702660416,0.6574988189147855,1,0.9794770091408056,0.9527902387098236,80,9,0.7308598559383963,0.31275206796333554,fc_corr,max_drop,none
diploid,fc_corr_mm|min_slope|none,0.5414710485133021,0.08294209702660416,0.6921885318267005,1,1.2280861065661888,0.5366009691786584,80,9,0.7538916757715282,0.31275206796333554,fc_corr_mm,min_slope,none
diploid,fc_corr_mm|rate_h2|none,0.5414710485133021,0.08294209702660416,0.6921885318267005,1,1.4087943168377612,0.41261642575186364,80,9,0.7538916757715282,0.31275206796333554,fc_corr_mm,rate_h2,none
diploid,fc_corr_mm|max_drop|none,0.5414710485133021,0.08294209702660416,0.6574988189147855,1,0.9697261454037787,0.9294814164121781,80,9,0.7308598559383963,0.31275206796333554,fc_corr_mm,max_drop,none
diploid,raw_delta_mm|rate_h2|none,0.5414710485133021,0.08294209702660416,0.6921885318267005,1,1.390661342398579,0.42143166614351074,80,9,0.7538916757715282,0.31275206796333554,raw_delta_mm,rate_h2,none
diploid,raw_delta_mm|max_drop|none,0.5414710485133021,0.08294209702660416,0.6574988189147855,1,1.022785491952002,0.9504377697358275,80,9,0.7308598559383963,0.31275206796333554,raw_delta_mm,max_drop,none
diploid,raw_rfu|time_to_min_slope|resid,0.460093896713615,-0.07981220657277,0.7034552608431512,1,0.7523945319136793,0.48442934400509124,80,9,0.7538916757715282,0.31275206796333554,raw_rfu,time_to_min_slope,resid
diploid,raw_rfu|metabolic_depression_index|resid,0.460093896713615,-0.07981220657277,0.7034552608431512,1,1.0692216625028244,0.859474147062208,80,9,0.7538916757715282,0.31275206796333554,raw_rfu,metabolic_depression_index,resid
diploid,raw_rfu|resilience_ratio|resid,0.539906103286385,0.07981220657277,0.7034552608431512,1,0.9358767264989193,0.860752781547641,80,9,0.7538916757715282,0.31275206796333554,raw_rfu,resilience_ratio,resid
diploid,raw_rfu|n_negative_intervals|resid,0.539906103286385,0.07981220657277,0.7034552608431512,1,1.3731383059593778,0.43510919658405767,80,9,0.7538916757715282,0.31275206796333554,raw_rfu,n_negative_intervals,resid
diploid,raw_delta|resilience_ratio|resid,0.539906103286385,0.07981220657277,0.7034552608431512,1,0.9352597642468363,0.8594741470622116,80,9,0.7538916757715282,0.31275206796333554,raw_delta,resilience_ratio,resid
diploid,raw_delta_mm|min_slope|none,0.5383411580594679,0.07668231611893583,0.714787481222023,1,1.1684426108170296,0.6446612834839001,80,9,0.7574613606979645,0.31275206796333554,raw_delta_mm,min_slope,none
diploid,fc_corr|metabolic_depression_index|resid,0.4616588419405321,-0.07668231611893583,0.714787481222023,1,1.0712132970965782,0.8558702867559321,80,9,0.7574613606979645,0.31275206796333554,fc_corr,metabolic_depression_index,resid
diploid,fc_corr|resilience_ratio|resid,0.5383411580594679,0.07668231611893583,0.714787481222023,1,0.9335208988820521,0.8558702867559407,80,9,0.7574613606979645,0.31275206796333554,fc_corr,resilience_ratio,resid
diploid,raw_rfu|time_to_vmax|resid,0.5258215962441315,0.05164319248826299,0.8075230827433884,1,0.9308232292320316,0.8328636179255829,80,9,0.8525522509261052,0.31275206796333554,raw_rfu,time_to_vmax,resid
diploid,raw_rfu|time_to_peak|none,0.5226917057902973,0.04538341158059467,0.829246699514125,1,0.8666888391657283,0.7099121603809024,80,9,0.8722446765259685,0.31275206796333554,raw_rfu,time_to_peak,none
diploid,raw_rfu|depression_abs|resid,0.48513302034428796,-0.029733959311424085,0.891000962737475,1,0.9510710815994712,0.8830063150740066,80,9,0.930309828740599,0.31275206796333554,raw_rfu,depression_abs,resid
diploid,fc_corr|depression_abs|resid,0.48513302034428796,-0.029733959311424085,0.891000962737475,1,0.9140299504573043,0.7851338030324694,80,9,0.930309828740599,0.31275206796333554,fc_corr,depression_abs,resid
diploid,raw_rfu|max_drop|resid,0.5117370892018779,0.023474178403755763,0.9151182901271099,1,1.059377863709107,0.8769407156514033,80,9,0.9519911882640997,0.31275206796333554,raw_rfu,max_drop,resid
diploid,fc_corr|max_drop|resid,0.5101721439749609,0.020344287949921824,0.9272077402578189,1,1.0109337911015714,0.9758406514725804,80,9,0.9610474388073744,0.31275206796333554,fc_corr,max_drop,resid
diploid,fc_corr_mm|depression_abs|none,0.4945226917057903,-0.010954616588419452,0.9572287451236436,1,0.8772836808807694,0.6809863468082757,80,9,0.9818498908365855,0.31275206796333554,fc_corr_mm,depression_abs,none
diploid,raw_rfu|resilience_ratio|none,0.49608763693270735,-0.007824726134585291,0.9714782370601426,1,0.9732287444293729,0.9406472939828356,80,9,0.9818498908365855,0.31275206796333554,raw_rfu,resilience_ratio,none
diploid,raw_delta|resilience_ratio|none,0.49608763693270735,-0.007824726134585291,0.9714782370601426,1,0.9725413595033534,0.9391435902139921,80,9,0.9818498908365855,0.31275206796333554,raw_delta,resilience_ratio,none
diploid,fc_corr|resilience_ratio|none,0.49608763693270735,-0.007824726134585291,0.9714782370601426,1,0.9707168576121777,0.9351570083844909,80,9,0.9818498908365855,0.31275206796333554,fc_corr,resilience_ratio,none
diploid,raw_delta_mm|depression_abs|none,0.49608763693270735,-0.007824726134585291,0.9714782370601426,1,0.9153635558904873,0.7888826789965528,80,9,0.9818498908365855,0.31275206796333554,raw_delta_mm,depression_abs,none
diploid,raw_rfu|metabolic_depression_index|none,0.5039123630672926,0.00782472613458518,0.9714782370601426,1,1.02823390514792,0.9391435902139915,80,9,0.9818498908365855,0.31275206796333554,raw_rfu,metabolic_depression_index,none
diploid,fc_corr|metabolic_depression_index|none,0.5039123630672926,0.00782472613458518,0.9714782370601426,1,1.0301665126737931,0.9351570083844907,80,9,0.9818498908365855,0.31275206796333554,fc_corr,metabolic_depression_index,none
diploid,raw_rfu|depression_abs|none,0.49765258215962443,-0.0046948356807511304,0.9857368397497018,1,0.9201679163260559,0.8019740371301285,80,9,0.9892200087947538,0.31275206796333554,raw_rfu,depression_abs,none
diploid,fc_corr|depression_abs|none,0.49765258215962443,-0.0046948356807511304,0.9857368397497018,1,0.8813844012216219,0.6928849956213199,80,9,0.9892200087947538,0.31275206796333554,fc_corr,depression_abs,none
diploid,raw_rfu|time_to_peak|resid,0.5007824726134585,0.0015649452269170805,1,1,0.8268822167413387,0.6303882739175064,80,9,1,0.31275206796333554,raw_rfu,time_to_peak,resid
pooled_adj,raw_rfu|n_negative_intervals|none,0.6283567381128357,0.2567134762256713,0.02001020117813088,0.406,1.3547096078664043,0.17133362182202358,156,33,0.8728311975820928,0.1792436560729244,raw_rfu,n_negative_intervals,none
pooled_adj,raw_rfu|depression_abs|none,0.6144370534614437,0.22887410692288745,0.03701012137597659,0.6,1.0535621111956048,0.803379050832489,156,33,0.8728311975820928,0.1792436560729244,raw_rfu,depression_abs,none
pooled_adj,raw_delta_mm|depression_abs|none,0.6134515890613451,0.22690317812269023,0.038670816819336574,0.611,1.0478993164605066,0.8227213343438172,156,33,0.8728311975820928,0.1792436560729244,raw_delta_mm,depression_abs,none
pooled_adj,raw_rfu|metabolic_depression_index|none,0.6132052229613205,0.22641044592264103,0.03909574856326876,0.612,1.0878506398928838,0.6943740752227674,156,33,0.8728311975820928,0.1792436560729244,raw_rfu,metabolic_depression_index,none
pooled_adj,raw_rfu|resilience_ratio|none,0.3867947770386795,-0.22641044592264103,0.03909574856326876,0.612,0.9198578387523888,0.6965031917704791,156,33,0.8728311975820928,0.1792436560729244,raw_rfu,resilience_ratio,none
pooled_adj,raw_delta|resilience_ratio|none,0.3867947770386795,-0.22641044592264103,0.03909574856326876,0.612,0.9192438404030041,0.6943740752227674,156,33,0.8728311975820928,0.1792436560729244,raw_delta,resilience_ratio,none
pooled_adj,fc_corr|metabolic_depression_index|none,0.6132052229613205,0.22641044592264103,0.03909574856326876,0.612,1.088006797986065,0.6939644002817149,156,33,0.8728311975820928,0.1792436560729244,fc_corr,metabolic_depression_index,none
pooled_adj,fc_corr|resilience_ratio|none,0.3867947770386795,-0.22641044592264103,0.03909574856326876,0.612,0.9191119043107367,0.6939644002817127,156,33,0.8728311975820928,0.1792436560729244,fc_corr,resilience_ratio,none
pooled_adj,fc_corr_mm|depression_abs|none,0.6132052229613205,0.22641044592264103,0.03909574856326876,0.612,1.0200257891621134,0.9231088330872115,156,33,0.8728311975820928,0.1792436560729244,fc_corr_mm,depression_abs,none
pooled_adj,fc_corr|depression_abs|none,0.6127124907612712,0.22542498152254242,0.03995751743426922,0.62,1.0272008411849347,0.8964949460612958,156,33,0.8728311975820928,0.1792436560729244,fc_corr,depression_abs,none
pooled_adj,raw_delta_mm|max_drop|none,0.6097560975609756,0.2195121951219512,0.048097108421459325,0.656,1.1509108649114308,0.5205695823598858,156,33,0.8728311975820928,0.1792436560729244,raw_delta_mm,max_drop,none
pooled_adj,raw_rfu|max_drop|none,0.6080315348608032,0.21606306972160638,0.05172465718422761,0.681,1.1400445984256442,0.5457295026514932,156,33,0.8728311975820928,0.1792436560729244,raw_rfu,max_drop,none
pooled_adj,fc_corr_mm|max_drop|none,0.6080315348608032,0.21606306972160638,0.05172465718422761,0.681,1.1126412656447207,0.6184827792278762,156,33,0.8728311975820928,0.1792436560729244,fc_corr_mm,max_drop,none
pooled_adj,fc_corr|max_drop|none,0.6075388026607539,0.21507760532150777,0.05280219977040134,0.692,1.1050733747074446,0.6393579055140932,156,33,0.8728311975820928,0.1792436560729244,fc_corr,max_drop,none
pooled_adj,raw_rfu|time_to_vmax|none,0.3938162108893816,-0.21236757822123675,0.06031443470402803,0.705,1.0883644654121207,0.6917940805890129,156,33,0.8728311975820928,0.1792436560729244,raw_rfu,time_to_vmax,none
pooled_adj,raw_rfu|time_to_min_slope|none,0.39677260408967724,-0.20645479182064552,0.06856906995593025,0.741,0.8855964788783638,0.5628308434778726,156,33,0.8728311975820928,0.1792436560729244,raw_rfu,time_to_min_slope,none
pooled_adj,raw_rfu|vmax|none,0.5984232569598423,0.19684651391968466,0.08337564781567076,0.797,1.4121597990698183,0.1152119571964896,156,33,0.8728311975820928,0.1792436560729244,raw_rfu,vmax,none
pooled_adj,raw_delta_mm|vmax|none,0.5898004434589801,0.17960088691796017,0.11421056011686936,0.867,1.4034813704997253,0.11474320796315157,156,33,0.8728311975820928,0.1792436560729244,raw_delta_mm,vmax,none
pooled_adj,raw_rfu|sat_r2|resid,0.41482047364400304,-0.17035905271199392,0.13552618284301704,0.901,0.7070116557669813,0.14508387144321705,152,33,0.8728311975820928,0.1792436560729244,raw_rfu,sat_r2,resid
pooled_adj,fc_corr|sat_r2|resid,0.4155844155844156,-0.16883116883116878,0.13907271647949726,0.907,0.7073974165895451,0.14555588802642133,152,33,0.8728311975820928,0.1792436560729244,fc_corr,sat_r2,resid
pooled_adj,raw_rfu|auc_0_2h|none,0.5819167282581916,0.16383345651638326,0.14967339405631908,0.927,1.2504820163456674,0.2909983451593279,156,33,0.8728311975820928,0.1792436560729244,raw_rfu,auc_0_2h,none
pooled_adj,raw_rfu|auc_early|none,0.5806848977580685,0.16136979551613706,0.1559022278110916,0.935,1.2469991965821132,0.296446623759841,156,33,0.8728311975820928,0.1792436560729244,raw_rfu,auc_early,none
pooled_adj,raw_delta|auc_0_2h|none,0.5801921655580192,0.16038433111603845,0.15844812218732948,0.939,1.2480087055614304,0.2949553617956927,156,33,0.8728311975820928,0.1792436560729244,raw_delta,auc_0_2h,none
pooled_adj,raw_delta|auc_early|none,0.5796994333579699,0.15939886671593984,0.1610253692022402,0.942,1.2444822514393343,0.3005734911583373,156,33,0.8728311975820928,0.1792436560729244,raw_delta,auc_early,none
pooled_adj,fc_corr|vmax|none,0.5782212367578221,0.15644247351564422,0.16894710972042692,0.949,1.3256213649852808,0.1881421894794261,156,33,0.8728311975820928,0.1792436560729244,fc_corr,vmax,none
pooled_adj,raw_rfu|n_negative_intervals|resid,0.5774821384577482,0.1549642769154964,0.17301599479459637,0.954,1.3782636733142655,0.14652313908120498,156,33,0.8728311975820928,0.1792436560729244,raw_rfu,n_negative_intervals,resid
pooled_adj,raw_delta|stability_cv|resid,0.5772357723577236,0.15447154471544722,0.17438844228058822,0.954,1.3572836325185922,0.16927912066113618,156,33,0.8728311975820928,0.1792436560729244,raw_delta,stability_cv,resid
pooled_adj,fc_corr|stability_cv|resid,0.5769894062576989,0.1539788125153978,0.1757690027841638,0.956,1.3568153988842013,0.1696739109610592,156,33,0.8728311975820928,0.1792436560729244,fc_corr,stability_cv,resid
pooled_adj,raw_rfu|stability_cv|resid,0.5752648435575265,0.150529687115053,0.18566189993132529,0.958,1.3458116190857377,0.1802000259180871,156,33,0.8728311975820928,0.1792436560729244,raw_rfu,stability_cv,resid
pooled_adj,fc_corr_mm|vmax|resid,0.5750184774575019,0.1500369549150038,0.18710813439022847,0.958,1.318007234831187,0.18825057111238686,156,33,0.8728311975820928,0.1792436560729244,fc_corr_mm,vmax,resid
pooled_adj,raw_delta_mm|vmax|resid,0.5742793791574279,0.14855875831485577,0.1914967340621465,0.964,1.3681121477471865,0.13956726095398334,156,33,0.8728311975820928,0.1792436560729244,raw_delta_mm,vmax,resid
pooled_adj,raw_delta_mm|sat_asymptote|resid,0.5739750445632799,0.14795008912655971,0.19496782212723757,0.964,1.7935879459234016,0.1615574087805705,152,33,0.8728311975820928,0.1792436560729244,raw_delta_mm,sat_asymptote,resid
pooled_adj,fc_corr_mm|vmax|none,0.5737866469573787,0.14757329391475738,0.19446424609945984,0.964,1.3160854250412193,0.19405289600787226,156,33,0.8728311975820928,0.1792436560729244,fc_corr_mm,vmax,none
pooled_adj,fc_corr_mm|sat_asymptote|resid,0.5729564553093965,0.14591291061879308,0.2011979262888505,0.968,1.7389026166677368,0.17434329046579958,152,33,0.8728311975820928,0.1792436560729244,fc_corr_mm,sat_asymptote,resid
pooled_adj,raw_rfu|inflection_time|none,0.4284306479428431,-0.14313870411431384,0.2071522748746783,0.978,0.8690526617536019,0.4815681995598091,156,33,0.8728311975820928,0.1792436560729244,raw_rfu,inflection_time,none
pooled_adj,raw_rfu|t_half|resid,0.5700911554570092,0.14018231091401834,0.21780190303898428,0.983,1.4177625787981913,0.13540579579215165,156,33,0.8728311975820928,0.1792436560729244,raw_rfu,t_half,resid
pooled_adj,fc_corr|t_half|resid,0.5700911554570092,0.14018231091401834,0.21780190303898428,0.983,1.4169041345578848,0.13590235358618033,156,33,0.8728311975820928,0.1792436560729244,fc_corr,t_half,resid
pooled_adj,raw_rfu|auc_0_3h|none,0.568120226656812,0.1362404533136241,0.2310420953199676,0.988,1.2137917355703691,0.35517313463150757,156,33,0.8728311975820928,0.1792436560729244,raw_rfu,auc_0_3h,none
pooled_adj,raw_rfu|value_1h|none,0.5676274944567627,0.1352549889135255,0.23443968916439578,0.989,1.2720412813054642,0.263128024764189,156,33,0.8728311975820928,0.1792436560729244,raw_rfu,value_1h,none
pooled_adj,raw_rfu|auc_0_1h|none,0.5676274944567627,0.1352549889135255,0.23443968916439578,0.989,1.27363947734176,0.2609941929847749,156,33,0.8728311975820928,0.1792436560729244,raw_rfu,auc_0_1h,none
pooled_adj,raw_rfu|initial_slope|none,0.5671347622567134,0.13426952451342689,0.2378725245197189,0.989,1.2702920513635703,0.2654972489787604,156,33,0.8728311975820928,0.1792436560729244,raw_rfu,initial_slope,none
pooled_adj,raw_delta|auc_0_1h|none,0.5671347622567134,0.13426952451342689,0.2378725245197189,0.989,1.2702920513635703,0.2654972489787604,156,33,0.8728311975820928,0.1792436560729244,raw_delta,auc_0_1h,none
pooled_adj,raw_delta|auc_0_3h|none,0.5671347622567134,0.13426952451342689,0.2378725245197189,0.989,1.2114687771319694,0.35975304157727517,156,33,0.8728311975820928,0.1792436560729244,raw_delta,auc_0_3h,none
pooled_adj,raw_rfu|vmax|resid,0.5666420300566642,0.1332840601133285,0.24134070568922847,0.99,1.314555149685068,0.19103571341402284,156,33,0.8728311975820928,0.1792436560729244,raw_rfu,vmax,resid
pooled_adj,raw_rfu|sat_r2|none,0.4336643748408454,-0.13267125031830918,0.24525537910981013,0.99,0.7476851370206173,0.2101402433732061,152,33,0.8728311975820928,0.1792436560729244,raw_rfu,sat_r2,none
pooled_adj,raw_delta_mm|auc_0_2h|none,0.5661492978566149,0.13229859571322988,0.24484433269834302,0.99,1.2183555256940202,0.3409440812922892,156,33,0.8728311975820928,0.1792436560729244,raw_delta_mm,auc_0_2h,none
pooled_adj,raw_delta|value_2h|none,0.5659029317565903,0.1318058635131807,0.24660946846456178,0.991,1.1875963918343302,0.41240783892123617,156,33,0.8728311975820928,0.1792436560729244,raw_delta,value_2h,none
pooled_adj,fc_corr|sat_r2|none,0.4341736694677871,-0.13165266106442575,0.24890509330427268,0.991,0.7477434857610534,0.21012050975066615,152,33,0.8728311975820928,0.1792436560729244,fc_corr,sat_r2,none
pooled_adj,raw_rfu|value_2h|none,0.565410199556541,0.13082039911308208,0.25016644225915335,0.992,1.1892975409470037,0.4086731871947264,156,33,0.8728311975820928,0.1792436560729244,raw_rfu,value_2h,none
pooled_adj,raw_delta_mm|auc_early|none,0.5646711012564671,0.12934220251293427,0.25556882345528126,0.993,1.2144211128916524,0.3483615143073279,156,33,0.8728311975820928,0.1792436560729244,raw_delta_mm,auc_early,none
pooled_adj,fc_corr|vmax|resid,0.5641783690564178,0.12835673811283566,0.2592151462020921,0.993,1.2712161391318548,0.24680914486481703,156,33,0.8728311975820928,0.1792436560729244,fc_corr,vmax,resid
pooled_adj,raw_rfu|time_to_vmax|resid,0.5639320029563932,0.12786400591278646,0.26105175771287237,0.993,1.2064174572408795,0.40539249507742914,156,33,0.8728311975820928,0.1792436560729244,raw_rfu,time_to_vmax,resid
pooled_adj,raw_delta_mm|rate_h4|resid,0.5624538063562454,0.12490761271249085,0.27226029409926567,0.997,1.129979376197139,0.5463525558558251,156,33,0.8728311975820928,0.1792436560729244,raw_delta_mm,rate_h4,resid
pooled_adj,raw_delta_mm|max_drop|resid,0.5604828775560483,0.12096575511209662,0.2877108116002462,0.998,1.201616154292074,0.41259482486789784,156,33,0.8728311975820928,0.1792436560729244,raw_delta_mm,max_drop,resid
pooled_adj,raw_rfu|quad_coef|none,0.43976348854397634,-0.12047302291204731,0.2896829167873785,0.998,0.8558290622357316,0.4560216448063341,156,33,0.8728311975820928,0.1792436560729244,raw_rfu,quad_coef,none
pooled_adj,fc_corr|sat_asymptote|resid,0.5599694423223835,0.1199388846447671,0.29361471463604694,0.998,1.4698659692235343,0.24777064088323825,152,33,0.8728311975820928,0.1792436560729244,fc_corr,sat_asymptote,resid
pooled_adj,fc_corr_mm|max_drop|resid,0.5580192165558019,0.11603843311160378,0.3078410052058297,0.999,1.1706834025850918,0.47341276523452525,156,33,0.8728311975820928,0.1792436560729244,fc_corr_mm,max_drop,resid
pooled_adj,fc_corr_mm|rate_h4|resid,0.5577728504557773,0.11554570091155458,0.30990408650908907,0.999,1.1474628381903298,0.4983166543654225,156,33,0.8728311975820928,0.1792436560729244,fc_corr_mm,rate_h4,resid
pooled_adj,raw_delta_mm|auc_0_3h|none,0.5567873860556788,0.11357477211135758,0.31824752732690426,0.999,1.1893991287810326,0.40118127519815083,156,33,0.8728311975820928,0.1792436560729244,raw_delta_mm,auc_0_3h,none
pooled_adj,raw_delta|auc_total|none,0.5565410199556541,0.11308203991130816,0.3203561690856344,0.999,1.1844379506082439,0.4164549524706205,156,33,0.8728311975820928,0.1792436560729244,raw_delta,auc_total,none
pooled_adj,raw_delta_mm|initial_slope|none,0.5562946538556295,0.11258930771125897,0.3224739233301002,0.999,1.242510348151992,0.30194852042304604,156,33,0.8728311975820928,0.1792436560729244,raw_delta_mm,initial_slope,none
pooled_adj,raw_delta_mm|auc_0_1h|none,0.5562946538556295,0.11258930771125897,0.3224739233301002,0.999,1.242510348151992,0.30194852042304604,156,33,0.8728311975820928,0.1792436560729244,raw_delta_mm,auc_0_1h,none
pooled_adj,raw_rfu|sat_asymptote|resid,0.5556404379933791,0.11128087598675829,0.3299318270610692,0.999,1.4944570259635122,0.23850344017846856,152,33,0.8728311975820928,0.1792436560729244,raw_rfu,sat_asymptote,resid
pooled_adj,raw_rfu|auc_total|none,0.5555555555555556,0.11111111111111116,0.3288818525349383,0.999,1.186677588511853,0.4114047646685516,156,33,0.8728311975820928,0.1792436560729244,raw_rfu,auc_total,none
pooled_adj,fc_corr|auc_0_2h|none,0.5555555555555556,0.11111111111111116,0.3288818525349383,0.999,1.178648796346313,0.43028507703031926,156,33,0.8728311975820928,0.1792436560729244,fc_corr,auc_0_2h,none
pooled_adj,raw_rfu|rate_h4|resid,0.5555555555555556,0.11111111111111116,0.3288818525349383,0.999,1.137482357576856,0.5235267085988471,156,33,0.8728311975820928,0.1792436560729244,raw_rfu,rate_h4,resid
pooled_adj,fc_corr|auc_early|none,0.5550628233555063,0.11012564671101255,0.3331993461944838,0.999,1.1750990924379692,0.43845449515916957,156,33,0.8728311975820928,0.1792436560729244,fc_corr,auc_early,none
pooled_adj,raw_rfu|time_to_min_slope|resid,0.44567627494456763,-0.10864745011086474,0.3397438531002432,0.999,0.9089032883140122,0.646150499032738,156,33,0.8728311975820928,0.1792436560729244,raw_rfu,time_to_min_slope,resid
pooled_adj,raw_delta_mm|value_2h|none,0.5535846267553585,0.10716925351071693,0.34637020248392963,0.999,1.162992083137134,0.4677623997030397,156,33,0.8728311975820928,0.1792436560729244,raw_delta_mm,value_2h,none
pooled_adj,raw_rfu|late_early_auc_ratio|resid,0.5535846267553585,0.10716925351071693,0.34637020248392963,0.999,1.2988110716885368,0.22543666133924353,156,33,0.8728311975820928,0.1792436560729244,raw_rfu,late_early_auc_ratio,resid
pooled_adj,fc_corr|late_early_auc_ratio|resid,0.5533382606553339,0.10667652131066774,0.3485971540612919,0.999,1.2982157266800158,0.22586451644384223,156,33,0.8728311975820928,0.1792436560729244,fc_corr,late_early_auc_ratio,resid
pooled_adj,raw_delta|late_early_auc_ratio|resid,0.5528455284552846,0.10569105691056913,0.3530782808981636,0.999,1.298810927137583,0.22515463828085,156,33,0.8728311975820928,0.1792436560729244,raw_delta,late_early_auc_ratio,resid
pooled_adj,fc_corr|rate_h4|resid,0.55259916235526,0.10519832471051993,0.3553324452246609,0.999,1.1555601790144567,0.4752183185156946,156,33,0.8728311975820928,0.1792436560729244,fc_corr,rate_h4,resid
pooled_adj,raw_delta_mm|peak_value|resid,0.5523527962552353,0.10470559251047051,0.3575956689271176,0.999,1.2098115337822792,0.35558276461086846,156,33,0.8728311975820928,0.1792436560729244,raw_delta_mm,peak_value,resid
pooled_adj,fc_corr|initial_slope|none,0.5518600640551861,0.10372012811037212,0.3621492685754797,0.999,1.1994556200139574,0.3875844872463579,156,33,0.8728311975820928,0.1792436560729244,fc_corr,initial_slope,none
pooled_adj,fc_corr|auc_0_1h|none,0.5518600640551861,0.10372012811037212,0.3621492685754797,0.999,1.1994556200139574,0.3875844872463579,156,33,0.8728311975820928,0.1792436560729244,fc_corr,auc_0_1h,none
pooled_adj,raw_delta_mm|value_2h|resid,0.5518600640551861,0.10372012811037212,0.3621492685754797,0.999,1.152943384857637,0.49250998111765626,156,33,0.8728311975820928,0.1792436560729244,raw_delta_mm,value_2h,resid
pooled_adj,raw_delta|frac_auc_first_half|resid,0.4496181325449618,-0.1007637349100764,0.3760267531949893,0.999,0.8105999876786911,0.30683445194899167,156,33,0.8728311975820928,0.1792436560729244,raw_delta,frac_auc_first_half,resid
pooled_adj,raw_delta_mm|auc_0_3h|resid,0.5503818674550381,0.10076373491007629,0.3760267531949893,0.999,1.1706136668987155,0.44464846204664243,156,33,0.8728311975820928,0.1792436560729244,raw_delta_mm,auc_0_3h,resid
pooled_adj,fc_corr|frac_auc_first_half|resid,0.44986449864498645,-0.10027100271002709,0.3783711799331232,0.999,0.8109610641332395,0.3078317533850547,156,33,0.8728311975820928,0.1792436560729244,fc_corr,frac_auc_first_half,resid
pooled_adj,raw_delta_mm|auc_total|resid,0.5501355013550135,0.10027100271002709,0.3783711799331232,0.999,1.1794092348702119,0.42269434801255684,156,33,0.8728311975820928,0.1792436560729244,raw_delta_mm,auc_total,resid
pooled_adj,raw_rfu|peak_value|none,0.549889135254989,0.0997782705099779,0.3807245856076336,0.999,1.1598718499191765,0.47582747955409094,156,33,0.8728311975820928,0.1792436560729244,raw_rfu,peak_value,none
pooled_adj,raw_rfu|metabolic_scope|none,0.549889135254989,0.0997782705099779,0.3807245856076336,0.999,1.1582791874558322,0.4798608639558589,156,33,0.8728311975820928,0.1792436560729244,raw_rfu,metabolic_scope,none
pooled_adj,raw_rfu|frac_auc_first_half|resid,0.4501108647450111,-0.09977827050997778,0.3807245856076336,0.999,0.8114294829721239,0.30928723977321815,156,33,0.8728311975820928,0.1792436560729244,raw_rfu,frac_auc_first_half,resid
pooled_adj,fc_corr|auc_0_3h|none,0.549150036954915,0.09830007390983009,0.3878385733978959,1,1.145823591151953,0.5114029534033313,156,33,0.8728311975820928,0.1792436560729244,fc_corr,auc_0_3h,none
pooled_adj,raw_rfu|max_drop|resid,0.5489036708548903,0.09780734170978067,0.3902277900785784,1,1.1811256234693535,0.4514842778654539,156,33,0.8728311975820928,0.1792436560729244,raw_rfu,max_drop,resid
pooled_adj,raw_delta_mm|depression_abs|resid,0.5489036708548903,0.09780734170978067,0.3902277900785784,1,1.082079123742097,0.7107241960181969,156,33,0.8728311975820928,0.1792436560729244,raw_delta_mm,depression_abs,resid
pooled_adj,raw_delta_mm|final_value|resid,0.5486573047548657,0.09731460950973148,0.3926259314353133,1,1.2155432280510512,0.34330197742550794,156,33,0.8728311975820928,0.1792436560729244,raw_delta_mm,final_value,resid
pooled_adj,raw_rfu|final_delta|none,0.5481645725548164,0.09632914510963286,0.3974489398391474,1,1.1632760131156854,0.4668841245345664,156,33,0.8728311975820928,0.1792436560729244,raw_rfu,final_delta,none
pooled_adj,raw_delta_mm|auc_total|none,0.5479182064547918,0.09583641290958367,0.3998737817645396,1,1.172442766689251,0.43973358515723565,156,33,0.8728311975820928,0.1792436560729244,raw_delta_mm,auc_total,none
pooled_adj,raw_delta_mm|rate_h4|none,0.5479182064547918,0.09583641290958367,0.3998737817645396,1,1.1401372284395093,0.5182871741106507,156,33,0.8728311975820928,0.1792436560729244,raw_delta_mm,rate_h4,none
pooled_adj,raw_delta_mm|mean_rate|resid,0.5479182064547918,0.09583641290958367,0.3998737817645396,1,1.2158138626501873,0.34271887164914405,156,33,0.8728311975820928,0.1792436560729244,raw_delta_mm,mean_rate,resid
pooled_adj,raw_delta_mm|value_4h|resid,0.5479182064547918,0.09583641290958367,0.3998737817645396,1,1.2099040960081668,0.3548163124480612,156,33,0.8728311975820928,0.1792436560729244,raw_delta_mm,value_4h,resid
pooled_adj,raw_rfu|mean_rate|none,0.5476718403547672,0.09534368070953447,0.40230749812117383,1,1.1655132846225933,0.4612537020550233,156,33,0.8728311975820928,0.1792436560729244,raw_rfu,mean_rate,none
pooled_adj,fc_corr|value_2h|none,0.5476718403547672,0.09534368070953447,0.40230749812117383,1,1.136025771078145,0.5395606150958616,156,33,0.8728311975820928,0.1792436560729244,fc_corr,value_2h,none
pooled_adj,fc_corr_mm|depression_abs|resid,0.5476718403547672,0.09534368070953447,0.40230749812117383,1,1.0618843696705136,0.77492632119048,156,33,0.8728311975820928,0.1792436560729244,fc_corr_mm,depression_abs,resid
pooled_adj,raw_rfu|final_value|none,0.5474254742547425,0.09485094850948506,0.40475007539228874,1,1.1649912232822393,0.46263204570598976,156,33,0.8728311975820928,0.1792436560729244,raw_rfu,final_value,none
pooled_adj,raw_rfu|rate_h4|none,0.5474254742547425,0.09485094850948506,0.40475007539228874,1,1.1530688416618897,0.48031309549305834,156,33,0.8728311975820928,0.1792436560729244,raw_rfu,rate_h4,none
pooled_adj,fc_corr|quad_coef|none,0.4530672579453067,-0.09386548410938655,0.4096617566926689,1,0.8813556593684816,0.5427180583324014,156,33,0.8728311975820928,0.1792436560729244,fc_corr,quad_coef,none
pooled_adj,fc_corr_mm|peak_value|resid,0.5469327420546932,0.09386548410938644,0.4096617566926689,1,1.172087750989044,0.4407310088499128,156,33,0.8728311975820928,0.1792436560729244,fc_corr_mm,peak_value,resid
pooled_adj,raw_rfu|value_4h|none,0.546440009854644,0.09288001970928805,0.41460870985030185,1,1.1597965678305082,0.47562410095368923,156,33,0.8728311975820928,0.1792436560729244,raw_rfu,value_4h,none
pooled_adj,raw_delta|value_4h|none,0.546440009854644,0.09288001970928805,0.41460870985030185,1,1.1581084273101552,0.47989899664833513,156,33,0.8728311975820928,0.1792436560729244,raw_delta,value_4h,none
pooled_adj,fc_corr|max_drop|resid,0.546440009854644,0.09288001970928805,0.41460870985030185,1,1.1533962978833254,0.5118970091897513,156,33,0.8728311975820928,0.1792436560729244,fc_corr,max_drop,resid
pooled_adj,raw_delta_mm|auc_late|resid,0.546440009854644,0.09288001970928805,0.41460870985030185,1,1.1773785644268107,0.4285782061430354,156,33,0.8728311975820928,0.1792436560729244,raw_delta_mm,auc_late,resid
pooled_adj,raw_delta|auc_late|none,0.5461936437546193,0.09238728750923864,0.4170953754982617,1,1.147835520038075,0.5071405151862629,156,33,0.8728311975820928,0.1792436560729244,raw_delta,auc_late,none
pooled_adj,raw_rfu|auc_late|none,0.5459472776545947,0.09189455530918944,0.4195908128857668,1,1.1495279035879618,0.5026976804467891,156,33,0.8728311975820928,0.1792436560729244,raw_rfu,auc_late,none
pooled_adj,fc_corr|rate_h4|none,0.5459472776545947,0.09189455530918944,0.4195908128857668,1,1.1752971962392131,0.4244920890361296,156,33,0.8728311975820928,0.1792436560729244,fc_corr,rate_h4,none
pooled_adj,fc_corr_mm|rate_h4|none,0.5454545454545454,0.09090909090909083,0.4246079376392307,1,1.162605260758045,0.4594265590915167,156,33,0.8728311975820928,0.1792436560729244,fc_corr_mm,rate_h4,none
pooled_adj,fc_corr_mm|auc_0_2h|none,0.5452081793545208,0.09041635870904163,0.4271295914166741,1,1.1486330672999023,0.5008693628366647,156,33,0.8728311975820928,0.1792436560729244,fc_corr_mm,auc_0_2h,none
pooled_adj,fc_corr_mm|auc_early|none,0.5442227149544223,0.08844542990884463,0.4373030725553793,1,1.1446032735936353,0.5115549662142889,156,33,0.8728311975820928,0.1792436560729244,fc_corr_mm,auc_early,none
pooled_adj,raw_delta|stability_cv|none,0.5432372505543237,0.0864745011086474,0.44761464463314943,1,1.197524162121771,0.4040640941322455,156,33,0.8728311975820928,0.1792436560729244,raw_delta,stability_cv,none
pooled_adj,raw_rfu|rate_last_first_ratio|resid,0.5432372505543237,0.0864745011086474,0.44761464463314943,1,1.1786324651808362,0.43118354345365745,156,33,0.8728311975820928,0.1792436560729244,raw_rfu,rate_last_first_ratio,resid
pooled_adj,fc_corr|rate_last_first_ratio|resid,0.5432372505543237,0.0864745011086474,0.44761464463314943,1,1.1776629949115776,0.43337556606474625,156,33,0.8728311975820928,0.1792436560729244,fc_corr,rate_last_first_ratio,resid
pooled_adj,raw_delta_mm|auc_early|resid,0.5432372505543237,0.0864745011086474,0.44761464463314943,1,1.1724521000906019,0.4401602022279377,156,33,0.8728311975820928,0.1792436560729244,raw_delta_mm,auc_early,resid
pooled_adj,raw_delta_mm|quad_coef|none,0.4570091155457009,-0.08598176890859821,0.4502139672608987,1,0.8867234489327019,0.5593984335663806,156,33,0.8728311975820928,0.1792436560729244,raw_delta_mm,quad_coef,none
pooled_adj,raw_delta|auc_0_3h|resid,0.5429908844542991,0.08598176890859821,0.4502139672608987,1,1.1380936653099685,0.5285185755315347,156,33,0.8728311975820928,0.1792436560729244,raw_delta,auc_0_3h,resid
pooled_adj,fc_corr|auc_total|none,0.5427445183542744,0.0854890367085488,0.45282182055537235,1,1.1174084644888485,0.5908706309093479,156,33,0.8728311975820928,0.1792436560729244,fc_corr,auc_total,none
pooled_adj,fc_corr|stability_cv|none,0.5427445183542744,0.0854890367085488,0.45282182055537235,1,1.1969653102696525,0.4051827662926787,156,33,0.8728311975820928,0.1792436560729244,fc_corr,stability_cv,none
pooled_adj,raw_rfu|auc_total|resid,0.5427445183542744,0.0854890367085488,0.45282182055537235,1,1.1355853322126985,0.5350836953908094,156,33,0.8728311975820928,0.1792436560729244,raw_rfu,auc_total,resid
pooled_adj,raw_rfu|value_2h|resid,0.5427445183542744,0.0854890367085488,0.45282182055537235,1,1.129611168841453,0.5546999429279867,156,33,0.8728311975820928,0.1792436560729244,raw_rfu,value_2h,resid
pooled_adj,raw_rfu|auc_0_3h|resid,0.5427445183542744,0.0854890367085488,0.45282182055537235,1,1.1397282571994882,0.5240169405358148,156,33,0.8728311975820928,0.1792436560729244,raw_rfu,auc_0_3h,resid
pooled_adj,raw_delta_mm|auc_0_2h|resid,0.5427445183542744,0.0854890367085488,0.45282182055537235,1,1.1725347489969982,0.43983906299995845,156,33,0.8728311975820928,0.1792436560729244,raw_delta_mm,auc_0_2h,resid
pooled_adj,raw_delta_mm|peak_value|none,0.5424981522542498,0.0849963045084996,0.45543818324531793,1,1.1601207649519885,0.4712947987128383,156,33,0.8728311975820928,0.1792436560729244,raw_delta_mm,peak_value,none
pooled_adj,raw_delta|value_2h|resid,0.5422517861542252,0.0845035723084504,0.4580630336690836,1,1.1283990521882523,0.5581314543958354,156,33,0.8728311975820928,0.1792436560729244,raw_delta,value_2h,resid
pooled_adj,raw_delta|value_3h|none,0.5420054200542005,0.08401084010840099,0.46069634977457213,1,1.1362776634721172,0.5382342846829284,156,33,0.8728311975820928,0.1792436560729244,raw_delta,value_3h,none
pooled_adj,fc_corr_mm|initial_slope|none,0.5420054200542005,0.08401084010840099,0.46069634977457213,1,1.171539078609167,0.4452751948584095,156,33,0.8728311975820928,0.1792436560729244,fc_corr_mm,initial_slope,none
pooled_adj,fc_corr_mm|auc_0_1h|none,0.5420054200542005,0.08401084010840099,0.46069634977457213,1,1.171539078609167,0.4452751948584095,156,33,0.8728311975820928,0.1792436560729244,fc_corr_mm,auc_0_1h,none
pooled_adj,raw_rfu|auc_0_2h|resid,0.5420054200542005,0.08401084010840099,0.46069634977457213,1,1.1485242704064627,0.5001438856454676,156,33,0.8728311975820928,0.1792436560729244,raw_rfu,auc_0_2h,resid
pooled_adj,fc_corr_mm|value_4h|resid,0.5420054200542005,0.08401084010840099,0.46069634977457213,1,1.172466976204663,0.4393849788422505,156,33,0.8728311975820928,0.1792436560729244,fc_corr_mm,value_4h,resid
pooled_adj,raw_delta|auc_total|resid,0.5417590539541759,0.08351810790835179,0.4633381091192275,1,1.134118650850385,0.5392081757492462,156,33,0.8728311975820928,0.1792436560729244,raw_delta,auc_total,resid
pooled_adj,fc_corr_mm|final_value|resid,0.5417590539541759,0.08351810790835179,0.4633381091192275,1,1.1778988932711194,0.42627053252009883,156,33,0.8728311975820928,0.1792436560729244,fc_corr_mm,final_value,resid
pooled_adj,fc_corr_mm|mean_rate|resid,0.5417590539541759,0.08351810790835179,0.4633381091192275,1,1.1781666750206183,0.4256017759334003,156,33,0.8728311975820928,0.1792436560729244,fc_corr_mm,mean_rate,resid
pooled_adj,fc_corr_mm|auc_0_3h|none,0.5415126878541513,0.0830253757083026,0.46598828887004745,1,1.1222427341095909,0.5750264371843392,156,33,0.8728311975820928,0.1792436560729244,fc_corr_mm,auc_0_3h,none
pooled_adj,fc_corr_mm|auc_total|resid,0.5415126878541513,0.0830253757083026,0.46598828887004745,1,1.1400053290460979,0.5228797376325163,156,33,0.8728311975820928,0.1792436560729244,fc_corr_mm,auc_total,resid
pooled_adj,raw_rfu|value_3h|none,0.5412663217541266,0.08253264350825318,0.4686468658036285,1,1.1378680206887175,0.5338639727089108,156,33,0.8728311975820928,0.1792436560729244,raw_rfu,value_3h,none
pooled_adj,raw_delta_mm|value_3h|resid,0.5412663217541266,0.08253264350825318,0.4686468658036285,1,1.1679114107618263,0.4510357430647803,156,33,0.8728311975820928,0.1792436560729244,raw_delta_mm,value_3h,resid
pooled_adj,raw_rfu|peak_value|resid,0.5407735895540774,0.08154717910815479,0.4739891163739194,1,1.1482060949183885,0.5014718593057623,156,33,0.8728311975820928,0.1792436560729244,raw_rfu,peak_value,resid
pooled_adj,raw_rfu|auc_early|resid,0.5407735895540774,0.08154717910815479,0.4739891163739194,1,1.1482362813903462,0.501045930898327,156,33,0.8728311975820928,0.1792436560729244,raw_rfu,auc_early,resid
pooled_adj,fc_corr_mm|value_2h|none,0.5402808573540281,0.08056171470805618,0.47936466723836274,1,1.1105080418181996,0.6121087400789733,156,33,0.8728311975820928,0.1792436560729244,fc_corr_mm,value_2h,none
pooled_adj,raw_delta|auc_0_2h|resid,0.5402808573540281,0.08056171470805618,0.47936466723836274,1,1.1466777344105232,0.5050297703507418,156,33,0.8728311975820928,0.1792436560729244,raw_delta,auc_0_2h,resid
pooled_adj,raw_rfu|metabolic_scope|resid,0.5400344912540035,0.08006898250800698,0.4820648680774266,1,1.1472058647034182,0.5041695368058268,156,33,0.8728311975820928,0.1792436560729244,raw_rfu,metabolic_scope,resid
pooled_adj,raw_rfu|depression_abs|resid,0.5400344912540035,0.08006898250800698,0.4820648680774266,1,1.0811473112228063,0.713752359992563,156,33,0.8728311975820928,0.1792436560729244,raw_rfu,depression_abs,resid
pooled_adj,raw_delta|auc_early|resid,0.5400344912540035,0.08006898250800698,0.4820648680774266,1,1.1464021949823655,0.50590750034726,156,33,0.8728311975820928,0.1792436560729244,raw_delta,auc_early,resid
pooled_adj,fc_corr_mm|auc_0_3h|resid,0.5400344912540035,0.08006898250800698,0.4820648680774266,1,1.1318090919948458,0.5459189527756081,156,33,0.8728311975820928,0.1792436560729244,fc_corr_mm,auc_0_3h,resid
pooled_adj,raw_delta_mm|lin_slope|resid,0.5400344912540035,0.08006898250800698,0.4820648680774266,1,1.1944723823400436,0.39013820864646753,156,33,0.8728311975820928,0.1792436560729244,raw_delta_mm,lin_slope,resid
pooled_adj,raw_rfu|auc_late|resid,0.5380635624538064,0.07612712490761275,0.5039612332140039,1,1.1250757144603964,0.5660801212379674,156,33,0.8728311975820928,0.1792436560729244,raw_rfu,auc_late,resid
pooled_adj,fc_corr|peak_value|resid,0.5380635624538064,0.07612712490761275,0.5039612332140039,1,1.115741566054535,0.5937051924195085,156,33,0.8728311975820928,0.1792436560729244,fc_corr,peak_value,resid
pooled_adj,raw_rfu|resilience_ratio|resid,0.4621828036462183,-0.07563439270756345,0.5067347139829612,1,0.9072470766741456,0.6521568659157131,156,33,0.8728311975820928,0.1792436560729244,raw_rfu,resilience_ratio,resid
pooled_adj,raw_delta|auc_late|resid,0.5378171963537817,0.07563439270756334,0.5067347139829612,1,1.1240031674934574,0.5692079516554585,156,33,0.8728311975820928,0.1792436560729244,raw_delta,auc_late,resid
pooled_adj,raw_rfu|stability_cv|none,0.5375708302537571,0.07514166050751414,0.5095161968563784,1,1.185403173433707,0.42923629249839035,156,33,0.8728311975820928,0.1792436560729244,raw_rfu,stability_cv,none
pooled_adj,raw_rfu|time_to_peak|none,0.4627987188962799,-0.07440256220744024,0.5124475954165373,1,0.8269732477365317,0.38456413933333355,156,33,0.8728311975820928,0.1792436560729244,raw_rfu,time_to_peak,none
pooled_adj,raw_delta|resilience_ratio|resid,0.4629219019462922,-0.07415619610741564,0.5151030507735226,1,0.9068402274465837,0.6508169900168954,156,33,0.8728311975820928,0.1792436560729244,raw_delta,resilience_ratio,resid
pooled_adj,raw_rfu|metabolic_depression_index|resid,0.5370780980537078,0.07415619610741553,0.5151030507735226,1,1.102730083794065,0.6508169900168949,156,33,0.8728311975820928,0.1792436560729244,raw_rfu,metabolic_depression_index,resid
pooled_adj,raw_rfu|final_value|resid,0.5365853658536586,0.07317073170731714,0.5207215548321575,1,1.1497984509138943,0.4968273599941164,156,33,0.8728311975820928,0.1792436560729244,raw_rfu,final_value,resid
pooled_adj,raw_delta|value_4h|resid,0.5365853658536586,0.07317073170731714,0.5207215548321575,1,1.1438857558762643,0.5127445527367193,156,33,0.8728311975820928,0.1792436560729244,raw_delta,value_4h,resid
pooled_adj,fc_corr|depression_abs|resid,0.5365853658536586,0.07317073170731714,0.5207215548321575,1,1.0618430812940198,0.7751804124336128,156,33,0.8728311975820928,0.1792436560729244,fc_corr,depression_abs,resid
pooled_adj,fc_corr_mm|value_2h|resid,0.5365853658536586,0.07317073170731714,0.5207215548321575,1,1.124942106545176,0.5682205426002154,156,33,0.8728311975820928,0.1792436560729244,fc_corr_mm,value_2h,resid
pooled_adj,fc_corr|resilience_ratio|resid,0.4636610002463661,-0.07267799950726783,0.5235425989429763,1,0.9070942873547634,0.6517664522711681,156,33,0.8728311975820928,0.1792436560729244,fc_corr,resilience_ratio,resid
pooled_adj,fc_corr|peak_value|none,0.5363389997536339,0.07267799950726772,0.5235425989429763,1,1.0953958855393773,0.6590032731285929,156,33,0.8728311975820928,0.1792436560729244,fc_corr,peak_value,none
pooled_adj,raw_delta_mm|final_value|none,0.5363389997536339,0.07267799950726772,0.5235425989429763,1,1.1683261343665117,0.4501857328116396,156,33,0.8728311975820928,0.1792436560729244,raw_delta_mm,final_value,none
pooled_adj,raw_rfu|mean_rate|resid,0.5363389997536339,0.07267799950726772,0.5235425989429763,1,1.1491975684262206,0.49840206932042536,156,33,0.8728311975820928,0.1792436560729244,raw_rfu,mean_rate,resid
pooled_adj,fc_corr|metabolic_depression_index|resid,0.5363389997536339,0.07267799950726772,0.5235425989429763,1,1.1024212300092484,0.6517664522711655,156,33,0.8728311975820928,0.1792436560729244,fc_corr,metabolic_depression_index,resid
pooled_adj,raw_delta_mm|mean_rate|none,0.5360926336536093,0.07218526730721853,0.526371462757416,1,1.170505879545468,0.44477628748474385,156,33,0.8728311975820928,0.1792436560729244,raw_delta_mm,mean_rate,none
pooled_adj,raw_delta_mm|value_4h|none,0.5360926336536093,0.07218526730721853,0.526371462757416,1,1.1631156887396688,0.4631645660468181,156,33,0.8728311975820928,0.1792436560729244,raw_delta_mm,value_4h,none
pooled_adj,raw_rfu|value_4h|resid,0.5360926336536093,0.07218526730721853,0.526371462757416,1,1.1449417182323538,0.5098619284542827,156,33,0.8728311975820928,0.1792436560729244,raw_rfu,value_4h,resid
pooled_adj,raw_rfu|final_delta|resid,0.5358462675535847,0.07169253510716933,0.5292081145349801,1,1.1487234083388864,0.49970745608289263,156,33,0.8728311975820928,0.1792436560729244,raw_rfu,final_delta,resid
pooled_adj,fc_corr|final_value|resid,0.5353535353535354,0.07070707070707072,0.5349046531128372,1,1.1175069906139732,0.5879901006751184,156,33,0.8728311975820928,0.1792436560729244,fc_corr,final_value,resid
pooled_adj,fc_corr_mm|lin_slope|resid,0.5353535353535354,0.07070707070707072,0.5349046531128372,1,1.1636812769507947,0.4632421309165974,156,33,0.8728311975820928,0.1792436560729244,fc_corr_mm,lin_slope,resid
pooled_adj,raw_delta_mm|auc_late|none,0.5351071692535108,0.07021433850702152,0.537764474529824,1,1.1446512374966988,0.5124111042144954,156,33,0.8728311975820928,0.1792436560729244,raw_delta_mm,auc_late,none
pooled_adj,fc_corr_mm|auc_late|resid,0.5351071692535108,0.07021433850702152,0.537764474529824,1,1.1424763112981164,0.5174432357758523,156,33,0.8728311975820928,0.1792436560729244,fc_corr_mm,auc_late,resid
pooled_adj,raw_delta_mm|delta_auc_late_minus_early|resid,0.5351071692535108,0.07021433850702152,0.537764474529824,1,1.1633285239635156,0.467009736805268,156,33,0.8728311975820928,0.1792436560729244,raw_delta_mm,delta_auc_late_minus_early,resid
pooled_adj,raw_rfu|lin_slope|none,0.534860803153486,0.0697216063069721,0.5406319531449577,1,1.1169794335111631,0.5940386626892974,156,33,0.8728311975820928,0.1792436560729244,raw_rfu,lin_slope,none
pooled_adj,fc_corr|mean_rate|resid,0.534860803153486,0.0697216063069721,0.5406319531449577,1,1.1179604295668297,0.5866141701976905,156,33,0.8728311975820928,0.1792436560729244,fc_corr,mean_rate,resid
pooled_adj,raw_rfu|time_to_peak|resid,0.4656319290465632,-0.0687361419068736,0.5463897470411299,1,0.8130598162024628,0.3464594216925462,156,33,0.8728311975820928,0.1792436560729244,raw_rfu,time_to_peak,resid
pooled_adj,raw_delta_mm|value_3h|none,0.5338753387533876,0.0677506775067751,0.5521777611806601,1,1.1352713830509995,0.5379777333766369,156,33,0.8728311975820928,0.1792436560729244,raw_delta_mm,value_3h,none
pooled_adj,fc_corr|value_4h|resid,0.5338753387533876,0.0677506775067751,0.5521777611806601,1,1.1127605294559524,0.6023230281788776,156,33,0.8728311975820928,0.1792436560729244,fc_corr,value_4h,resid
pooled_adj,fc_corr|value_2h|resid,0.5336289726533628,0.06725794530672569,0.5550830136936269,1,1.104156656395317,0.6295412674275613,156,33,0.8728311975820928,0.1792436560729244,fc_corr,value_2h,resid
pooled_adj,fc_corr|mean_rate|none,0.5331362404533136,0.0662724809066273,0.5609158320422969,1,1.101942706301152,0.6380504664701689,156,33,0.8728311975820928,0.1792436560729244,fc_corr,mean_rate,none
pooled_adj,fc_corr_mm|auc_early|resid,0.5326435082532643,0.06528701650652868,0.566778160401676,1,1.1303746543631672,0.5493867394811046,156,33,0.8728311975820928,0.1792436560729244,fc_corr_mm,auc_early,resid
pooled_adj,raw_rfu|sat_asymptote|none,0.5324675324675324,0.06493506493506485,0.5703280956382556,1,1.2804146599967794,0.3957935406362475,152,33,0.8728311975820928,0.1792436560729244,raw_rfu,sat_asymptote,none
pooled_adj,fc_corr|final_value|none,0.5323971421532397,0.06479428430647949,0.5697202990413273,1,1.0997781150751123,0.6448105127527368,156,33,0.8728311975820928,0.1792436560729244,fc_corr,final_value,none
pooled_adj,fc_corr_mm|value_3h|resid,0.5323971421532397,0.06479428430647949,0.5697202990413273,1,1.132954244919444,0.5437346774781433,156,33,0.8728311975820928,0.1792436560729244,fc_corr_mm,value_3h,resid
pooled_adj,fc_corr_mm|auc_0_2h|resid,0.532150776053215,0.06430155210643007,0.5726697042944253,1,1.1299875954483705,0.5503544509330474,156,33,0.8728311975820928,0.1792436560729244,fc_corr_mm,auc_0_2h,resid
pooled_adj,fc_corr|auc_late|none,0.5319044099531904,0.06380881990638088,0.5756263384329225,1,1.087567431914062,0.6839340814138968,156,33,0.8728311975820928,0.1792436560729244,fc_corr,auc_late,none
pooled_adj,fc_corr|auc_total|resid,0.5316580438531658,0.06331608770633168,0.5785901633637228,1,1.099813803191213,0.6415036156148952,156,33,0.8728311975820928,0.1792436560729244,fc_corr,auc_total,resid
pooled_adj,fc_corr|auc_0_3h|resid,0.5316580438531658,0.06331608770633168,0.5785901633637228,1,1.1039215819591284,0.6285004308045802,156,33,0.8728311975820928,0.1792436560729244,fc_corr,auc_0_3h,resid
pooled_adj,fc_corr_mm|peak_value|none,0.5314116777531411,0.06282335550628226,0.5815611406299458,1,1.0932576127941172,0.6647922989538125,156,33,0.8728311975820928,0.1792436560729244,fc_corr_mm,peak_value,none
pooled_adj,fc_corr_mm|delta_auc_late_minus_early|resid,0.5314116777531411,0.06282335550628226,0.5815611406299458,1,1.142774929022376,0.5206078854756928,156,33,0.8728311975820928,0.1792436560729244,fc_corr_mm,delta_auc_late_minus_early,resid
pooled_adj,fc_corr|value_4h|none,0.5311653116531165,0.06233062330623307,0.5845392314122192,1,1.0950593150299144,0.6597081190972675,156,33,0.8728311975820928,0.1792436560729244,fc_corr,value_4h,none
pooled_adj,fc_corr_mm|auc_total|none,0.5311653116531165,0.06233062330623307,0.5845392314122192,1,1.1026539689846901,0.6341207224109278,156,33,0.8728311975820928,0.1792436560729244,fc_corr_mm,auc_total,none
pooled_adj,fc_corr_mm|rate_h3|resid,0.5309189455530919,0.06183789110618387,0.5875243965300043,1,1.069163227827254,0.7457701659939333,156,33,0.8728311975820928,0.1792436560729244,fc_corr_mm,rate_h3,resid
pooled_adj,raw_rfu|value_3h|resid,0.5304262133530426,0.06085242670608526,0.5935157912522782,1,1.114960248409188,0.5958377295090778,156,33,0.8728311975820928,0.1792436560729244,raw_rfu,value_3h,resid
pooled_adj,raw_delta|value_3h|resid,0.530179847253018,0.060359694506036066,0.5965219407021978,1,1.1139575768328622,0.5988695935102772,156,33,0.8728311975820928,0.1792436560729244,raw_delta,value_3h,resid
pooled_adj,raw_rfu|lin_slope|resid,0.5296871150529687,0.05937423010593745,0.6025549407242936,1,1.1262016664468193,0.5640790700427785,156,33,0.8728311975820928,0.1792436560729244,raw_rfu,lin_slope,resid
pooled_adj,fc_corr|sat_asymptote|none,0.5296664120193532,0.05933282403870632,0.6041730086000165,1,1.234414223891436,0.44196052060296326,152,33,0.8728311975820928,0.1792436560729244,fc_corr,sat_asymptote,none
pooled_adj,fc_corr|value_3h|none,0.5294407489529441,0.05888149790588826,0.6055817090129891,1,1.0765399217930025,0.7202815880372295,156,33,0.8728311975820928,0.1792436560729244,fc_corr,value_3h,none
pooled_adj,fc_corr_mm|quad_coef|none,0.4708056171470806,-0.05838876570583884,0.6086152673783568,1,0.9143447597134774,0.662383181879372,156,33,0.8728311975820928,0.1792436560729244,fc_corr_mm,quad_coef,none
pooled_adj,raw_delta_mm|rate_h3|resid,0.5291943828529194,0.05838876570583884,0.6086152673783568,1,1.0956277650230062,0.6593380800770732,156,33,0.8728311975820928,0.1792436560729244,raw_delta_mm,rate_h3,resid
pooled_adj,fc_corr|auc_late|resid,0.5284552845528455,0.05691056910569103,0.6177562610110222,1,1.0943937601192457,0.6597762538293751,156,33,0.8728311975820928,0.1792436560729244,fc_corr,auc_late,resid
pooled_adj,fc_corr|auc_0_2h|resid,0.5284552845528455,0.05691056910569103,0.6177562610110222,1,1.1088455218628446,0.612695086353689,156,33,0.8728311975820928,0.1792436560729244,fc_corr,auc_0_2h,resid
pooled_adj,raw_rfu|t_half|none,0.5282089184528209,0.05641783690564184,0.6208165560266998,1,1.1977347846735196,0.412699246389564,156,33,0.8728311975820928,0.1792436560729244,raw_rfu,t_half,none
pooled_adj,fc_corr|auc_early|resid,0.5282089184528209,0.05641783690564184,0.6208165560266998,1,1.109050464681478,0.6121868185241959,156,33,0.8728311975820928,0.1792436560729244,fc_corr,auc_early,resid
pooled_adj,raw_rfu|rate_last_first_ratio|none,0.5277161862527716,0.055432372505543226,0.6269568318807026,1,1.1643891177220747,0.46419980351621504,156,33,0.8728492702078045,0.1792436560729244,raw_rfu,rate_last_first_ratio,none
pooled_adj,raw_delta_mm|lin_slope|none,0.527469820152747,0.05493964030549403,0.6300367248966532,1,1.1275585143184617,0.5610577030305733,156,33,0.8728492702078045,0.1792436560729244,raw_delta_mm,lin_slope,none
pooled_adj,fc_corr|rate_last_first_ratio|none,0.5272234540527223,0.054446908105444614,0.6331230621929849,1,1.163294570807376,0.4668578975067069,156,33,0.8728492702078045,0.1792436560729244,fc_corr,rate_last_first_ratio,none
pooled_adj,fc_corr|t_half|none,0.5272234540527223,0.054446908105444614,0.6331230621929849,1,1.1969136877987052,0.4142841981682231,156,33,0.8728492702078045,0.1792436560729244,fc_corr,t_half,none
pooled_adj,fc_corr_mm|final_value|none,0.5257452574525745,0.051490514905149,0.6517738863277596,1,1.1008476849769309,0.6405052573135664,156,33,0.8781685092542915,0.1792436560729244,fc_corr_mm,final_value,none
pooled_adj,fc_corr|lin_slope|resid,0.5257452574525745,0.051490514905149,0.6517738863277596,1,1.1015771974313873,0.6382249049302697,156,33,0.8781685092542915,0.1792436560729244,fc_corr,lin_slope,resid
pooled_adj,fc_corr_mm|mean_rate|none,0.5254988913525499,0.0509977827050998,0.6549040618852553,1,1.1030108927449245,0.6337529665617494,156,33,0.8781685092542915,0.1792436560729244,fc_corr_mm,mean_rate,none
pooled_adj,fc_corr|sat_k|resid,0.474917239623122,-0.05016552075375602,0.6614108311141746,1,0.8453944793726117,0.3626042886487016,152,33,0.8781685092542915,0.1792436560729244,fc_corr,sat_k,resid
pooled_adj,fc_corr_mm|sat_k|resid,0.474917239623122,-0.05016552075375602,0.6614108311141746,1,0.8453944658140733,0.36260427044746396,152,33,0.8781685092542915,0.1792436560729244,fc_corr_mm,sat_k,resid
pooled_adj,fc_corr|value_3h|resid,0.5250061591525006,0.05001231830500119,0.6611825966177003,1,1.0842111732770883,0.6929794313420046,156,33,0.8781685092542915,0.1792436560729244,fc_corr,value_3h,resid
pooled_adj,raw_rfu|sat_k|resid,0.47542653425006365,-0.049146931499872704,0.6679028098553765,1,0.8446233611363915,0.3597517479079263,152,33,0.8781685092542915,0.1792436560729244,raw_rfu,sat_k,resid
pooled_adj,raw_delta_mm|sat_k|resid,0.47542653425006365,-0.049146931499872704,0.6679028098553765,1,0.8446235167048292,0.3597521886959728,152,33,0.8781685092542915,0.1792436560729244,raw_delta_mm,sat_k,resid
pooled_adj,raw_delta_mm|initial_slope|resid,0.5245134269524513,0.04902685390490258,0.6674850587617787,1,1.1682820290505325,0.45221404556977174,156,33,0.8781685092542915,0.1792436560729244,raw_delta_mm,initial_slope,resid
pooled_adj,raw_delta_mm|auc_0_1h|resid,0.5245134269524513,0.04902685390490258,0.6674850587617787,1,1.1682820290505325,0.45221404556977174,156,33,0.8781685092542915,0.1792436560729244,raw_delta_mm,auc_0_1h,resid
pooled_adj,fc_corr_mm|value_4h|none,0.5237743286523774,0.04754865730475477,0.676982771629081,1,1.096051853309736,0.6556181734023299,156,33,0.8822362419902002,0.1792436560729244,fc_corr_mm,value_4h,none
pooled_adj,raw_rfu|rate_h3|none,0.5227888642522789,0.04557772850455777,0.689726496775855,1,0.9882491178759879,0.9534421749493179,156,33,0.8822362419902002,0.1792436560729244,raw_rfu,rate_h3,none
pooled_adj,fc_corr_mm|auc_late|none,0.522049765952205,0.04409953190440996,0.6993426213493363,1,1.0809104229447792,0.7049086024909949,156,33,0.8822362419902002,0.1792436560729244,fc_corr_mm,auc_late,none
pooled_adj,fc_corr_mm|initial_slope|resid,0.522049765952205,0.04409953190440996,0.6993426213493363,1,1.123585645839936,0.5698242707824106,156,33,0.8822362419902002,0.1792436560729244,fc_corr_mm,initial_slope,resid
pooled_adj,fc_corr_mm|auc_0_1h|resid,0.522049765952205,0.04409953190440996,0.6993426213493363,1,1.123585645839936,0.5698242707824106,156,33,0.8822362419902002,0.1792436560729244,fc_corr_mm,auc_0_1h,resid
pooled_adj,raw_rfu|delta_auc_late_minus_early|resid,0.5218033998521804,0.043606799704360766,0.7025588357378705,1,1.0968488248543824,0.6546027819231439,156,33,0.8822362419902002,0.1792436560729244,raw_rfu,delta_auc_late_minus_early,resid
pooled_adj,raw_rfu|initial_slope|resid,0.5218033998521804,0.043606799704360766,0.7025588357378705,1,1.1424524460836418,0.5177807231997686,156,33,0.8822362419902002,0.1792436560729244,raw_rfu,initial_slope,resid
pooled_adj,raw_delta|auc_0_1h|resid,0.5218033998521804,0.043606799704360766,0.7025588357378705,1,1.1424524460836418,0.5177807231997686,156,33,0.8822362419902002,0.1792436560729244,raw_delta,auc_0_1h,resid
pooled_adj,fc_corr|rate_h3|none,0.5210643015521065,0.04212860310421296,0.7122392746844095,1,0.9576685162155392,0.8292452826734253,156,33,0.8822362419902002,0.1792436560729244,fc_corr,rate_h3,none
pooled_adj,raw_rfu|auc_0_1h|resid,0.5208179354520818,0.04163587090416354,0.7154765122578092,1,1.145091900872667,0.5107858189190704,156,33,0.8822362419902002,0.1792436560729244,raw_rfu,auc_0_1h,resid
pooled_adj,raw_rfu|late_early_auc_ratio|none,0.5205715693520572,0.041143138704114346,0.7187188744225668,1,1.1348939583609,0.5471542718370556,156,33,0.8822362419902002,0.1792436560729244,raw_rfu,late_early_auc_ratio,none
pooled_adj,raw_delta|late_early_auc_ratio|none,0.5205715693520572,0.041143138704114346,0.7187188744225668,1,1.1359506688023306,0.5441118468028225,156,33,0.8822362419902002,0.1792436560729244,raw_delta,late_early_auc_ratio,none
pooled_adj,fc_corr_mm|lin_slope|none,0.5205715693520572,0.041143138704114346,0.7187188744225668,1,1.070906887466501,0.739057196644624,156,33,0.8822362419902002,0.1792436560729244,fc_corr_mm,lin_slope,none
pooled_adj,raw_rfu|value_1h|resid,0.5205715693520572,0.041143138704114346,0.7187188744225668,1,1.1438249943387808,0.5141304028221689,156,33,0.8822362419902002,0.1792436560729244,raw_rfu,value_1h,resid
pooled_adj,fc_corr|rate_h3|resid,0.5205715693520572,0.041143138704114346,0.7187188744225668,1,1.0102001091830717,0.9602338599080172,156,33,0.8822362419902002,0.1792436560729244,fc_corr,rate_h3,resid
pooled_adj,raw_delta_mm|sat_asymptote|none,0.5204991087344029,0.04099821746880572,0.7207000286680509,1,1.3372354466785266,0.3893577307845989,152,33,0.8822362419902002,0.1792436560729244,raw_delta_mm,sat_asymptote,none
pooled_adj,fc_corr|delta_auc_late_minus_early|resid,0.5200788371520079,0.040157674304015734,0.7252187600957296,1,1.0816914557074173,0.7035040612450187,156,33,0.8839576303312756,0.1792436560729244,fc_corr,delta_auc_late_minus_early,resid
pooled_adj,fc_corr|late_early_auc_ratio|none,0.5198324710519833,0.03966494210396654,0.7284761767062382,1,1.1352611131291197,0.5459483697255494,156,33,0.8841334794212463,0.1792436560729244,fc_corr,late_early_auc_ratio,none
pooled_adj,fc_corr|lin_slope|none,0.5195861049519586,0.03917220990391712,0.7317385041175116,1,1.0647213857381825,0.7606557880644117,156,33,0.8843137666781843,0.1792436560729244,fc_corr,lin_slope,none
pooled_adj,fc_corr_mm|value_3h|none,0.519339738851934,0.038679477703867926,0.7350056882096612,1,1.0717778750683702,0.735577650520266,156,33,0.8844983705573888,0.1792436560729244,fc_corr_mm,value_3h,none
pooled_adj,raw_rfu|quad_coef|resid,0.4826311899482631,-0.03473762010347381,0.7613114213311712,1,0.9294717780141526,0.7210435857843205,156,33,0.9046545759751156,0.1792436560729244,raw_rfu,quad_coef,resid
pooled_adj,raw_rfu|baseline_value|none,0.5173688100517368,0.0347376201034737,0.7613114213311712,1,1.1606837037387008,0.4931561147126908,156,33,0.9046545759751156,0.1792436560729244,raw_rfu,baseline_value,none
pooled_adj,raw_delta_mm|rate_h3|none,0.5173688100517368,0.0347376201034737,0.7613114213311712,1,1.014497198701188,0.9437146160250245,156,33,0.9046545759751156,0.1792436560729244,raw_delta_mm,rate_h3,none
pooled_adj,fc_corr|initial_slope|resid,0.516629711751663,0.03325942350332589,0.7712495174427744,1,1.1019350035325932,0.6347950330480976,156,33,0.9054198726890663,0.1792436560729244,fc_corr,initial_slope,resid
pooled_adj,fc_corr|auc_0_1h|resid,0.516629711751663,0.03325942350332589,0.7712495174427744,1,1.1019350035325932,0.6347950330480976,156,33,0.9054198726890663,0.1792436560729244,fc_corr,auc_0_1h,resid
pooled_adj,raw_rfu|rate_h3|resid,0.5163833456516383,0.032766691303276696,0.774570667133465,1,1.0320985163813499,0.8771750197606754,156,33,0.9054198726890663,0.1792436560729244,raw_rfu,rate_h3,resid
pooled_adj,fc_corr_mm|rate_h3|none,0.5161369795516138,0.0322739591032275,0.777895946958212,1,0.9805717373216017,0.9225693226303351,156,33,0.9054198726890663,0.1792436560729244,fc_corr_mm,rate_h3,none
pooled_adj,raw_delta|frac_auc_first_half|none,0.4838630204483863,-0.03227395910322739,0.777895946958212,1,0.9149436316922686,0.6637576363905711,156,33,0.9054198726890663,0.1792436560729244,raw_delta,frac_auc_first_half,none
pooled_adj,raw_rfu|inflection_time|resid,0.48410938654841096,-0.031781226903178084,0.7812252993592288,1,0.950775724255205,0.8026199178458467,156,33,0.9055836123184529,0.1792436560729244,raw_rfu,inflection_time,resid
pooled_adj,fc_corr|frac_auc_first_half|none,0.48435575264843556,-0.03128849470312889,0.7845586665547664,1,0.915511695194358,0.6659473709168388,156,33,0.9057506556973726,0.1792436560729244,fc_corr,frac_auc_first_half,none
pooled_adj,raw_rfu|frac_auc_first_half|none,0.48484848484848486,-0.030303030303030276,0.7912372131005773,1,0.9165612926352573,0.6700534851379155,156,33,0.9070038422832071,0.1792436560729244,raw_rfu,frac_auc_first_half,none
pooled_adj,fc_corr_mm|sat_asymptote|none,0.5151515151515151,0.030303030303030276,0.7920315242473075,1,1.2761561384054259,0.4303309665426739,152,33,0.9070038422832071,0.1792436560729244,fc_corr_mm,sat_asymptote,none
pooled_adj,raw_delta_mm|quad_coef|resid,0.4853412170485341,-0.029317565902931775,0.797931119976673,1,0.9400674416842539,0.762244932656905,156,33,0.9100901127444784,0.1792436560729244,raw_delta_mm,quad_coef,resid
pooled_adj,raw_delta_mm|delta_auc_late_minus_early|none,0.5134269524513427,0.026853904902685466,0.8147299961054413,1,1.075672976977018,0.7235054271200239,156,33,0.9255332755757812,0.1792436560729244,raw_delta_mm,delta_auc_late_minus_early,none
pooled_adj,raw_rfu|lin_r2|resid,0.5129342202512934,0.025868440502586854,0.8214739414677206,1,1.0926570311368469,0.6568601396664773,156,33,0.929476491541166,0.1792436560729244,raw_rfu,lin_r2,resid
pooled_adj,fc_corr|lin_r2|resid,0.5126878541512688,0.02537570830253766,0.8248509018449389,1,1.0918010384369063,0.6597537348544447,156,33,0.9295938735077883,0.1792436560729244,fc_corr,lin_r2,resid
pooled_adj,raw_rfu|delta_auc_late_minus_early|none,0.5124414880512441,0.02488297610248824,0.8282311068624505,1,1.060567993982162,0.775497395878742,156,33,0.9297139697586401,0.1792436560729244,raw_rfu,delta_auc_late_minus_early,none
pooled_adj,fc_corr_mm|quad_coef|resid,0.4882976102488298,-0.023404779502340434,0.8383905829347378,1,0.957152467833982,0.8298301729123493,156,33,0.9374130927301793,0.1792436560729244,fc_corr_mm,quad_coef,resid
pooled_adj,fc_corr|quad_coef|resid,0.4905149051490515,-0.01897018970189701,0.8690244221665294,1,0.9442626189004342,0.778901434287996,156,33,0.9678546505697818,0.1792436560729244,fc_corr,quad_coef,resid
pooled_adj,fc_corr|delta_auc_late_minus_early|none,0.5092387287509239,0.018477457501847816,0.8724412323123951,1,1.0243925158185432,0.906164573343453,156,33,0.9678644920965633,0.1792436560729244,fc_corr,delta_auc_late_minus_early,none
pooled_adj,raw_rfu|baseline_value|resid,0.5089923626508992,0.0179847253017984,0.8758604238768227,1,1.1046489107608402,0.6405347754357139,156,33,0.9678768886420921,0.1792436560729244,raw_rfu,baseline_value,resid
pooled_adj,fc_corr_mm|delta_auc_late_minus_early|none,0.5077605321507761,0.015521064301552201,0.8929899015680354,1,1.0350433131682557,0.8664303380337128,156,33,0.9791569488478247,0.1792436560729244,fc_corr_mm,delta_auc_late_minus_early,none
pooled_adj,fc_corr_mm|rate_h2|none,0.49223946784922396,-0.01552106430155209,0.8929899015680354,1,1.0350301279831844,0.8668569846295701,156,33,0.9791569488478247,0.1792436560729244,fc_corr_mm,rate_h2,none
pooled_adj,fc_corr|min_slope|none,0.5072677999507268,0.014535599901453589,0.8998561559715095,1,1.0534846623559213,0.7955487449319895,156,33,0.9791569488478247,0.1792436560729244,fc_corr,min_slope,none
pooled_adj,raw_delta_mm|rate_h2|none,0.4932249322493225,-0.013550135501354976,0.9067299135466419,1,1.0332438661802639,0.8733580052888541,156,33,0.9791569488478247,0.1792436560729244,raw_delta_mm,rate_h2,none
pooled_adj,raw_rfu|sat_k|none,0.494270435446906,-0.01145912910618796,0.9216790480642573,1,0.9146076678909311,0.6425435876602205,152,33,0.9791569488478247,0.1792436560729244,raw_rfu,sat_k,none
pooled_adj,fc_corr|sat_k|none,0.494270435446906,-0.01145912910618796,0.9216790480642573,1,0.9160667906508098,0.6488581283471582,152,33,0.9791569488478247,0.1792436560729244,fc_corr,sat_k,none
pooled_adj,fc_corr_mm|sat_k|none,0.494270435446906,-0.01145912910618796,0.9216790480642573,1,0.9160667870335788,0.6488581250827478,152,33,0.9791569488478247,0.1792436560729244,fc_corr_mm,sat_k,none
pooled_adj,raw_delta_mm|sat_k|none,0.494270435446906,-0.01145912910618796,0.9216790480642573,1,0.9146078515760592,0.6425443298349708,152,33,0.9791569488478247,0.1792436560729244,raw_delta_mm,sat_k,none
pooled_adj,raw_rfu|min_slope|none,0.5050505050505051,0.010101010101010166,0.9308397742307147,1,1.0270053083156823,0.8950309232826479,156,33,0.9791569488478247,0.1792436560729244,raw_rfu,min_slope,none
pooled_adj,raw_rfu|min_slope|resid,0.5045577728504558,0.009115545700911554,0.9377409620393071,1,0.9916451908521874,0.967107343524465,156,33,0.9791569488478247,0.1792436560729244,raw_rfu,min_slope,resid
pooled_adj,fc_corr_mm|rate_h2|resid,0.5045577728504558,0.009115545700911554,0.9377409620393071,1,1.0876006022090867,0.6868472068764844,156,33,0.9791569488478247,0.1792436560729244,fc_corr_mm,rate_h2,resid
pooled_adj,fc_corr_mm|min_slope|resid,0.5043114067504312,0.008622813500862359,0.9411933432023639,1,1.008304977363555,0.9674581703813714,156,33,0.9791569488478247,0.1792436560729244,fc_corr_mm,min_slope,resid
pooled_adj,fc_corr|rate_cv|none,0.5038186745503819,0.007637349100763746,0.9481013568753307,1,1.0072863690981468,0.9715206373858991,156,33,0.9791569488478247,0.1792436560729244,fc_corr,rate_cv,none
pooled_adj,raw_delta_mm|rate_h2|resid,0.5035723084503573,0.007144616900714551,0.9515568599321708,1,1.0758331728299846,0.7246810580288057,156,33,0.9791569488478247,0.1792436560729244,raw_delta_mm,rate_h2,resid
pooled_adj,fc_corr|lin_r2|none,0.4964276915496428,-0.00714461690071444,0.9515568599321708,1,1.0098605316505642,0.961369637730415,156,33,0.9791569488478247,0.1792436560729244,fc_corr,lin_r2,none
pooled_adj,raw_rfu|rate_h2|none,0.49667405764966743,-0.006651884700665134,0.955013274073022,1,1.0321137211361355,0.8773448352640797,156,33,0.9791569488478247,0.1792436560729244,raw_rfu,rate_h2,none
pooled_adj,raw_rfu|rate_cv|none,0.5033259423503326,0.006651884700665134,0.955013274073022,1,1.0060207593297104,0.9764452924837657,156,33,0.9791569488478247,0.1792436560729244,raw_rfu,rate_cv,none
pooled_adj,raw_rfu|lin_r2|none,0.49667405764966743,-0.006651884700665134,0.955013274073022,1,1.0109164181659063,0.9572481866041831,156,33,0.9791569488478247,0.1792436560729244,raw_rfu,lin_r2,none
pooled_adj,fc_corr_mm|min_slope|none,0.5033259423503326,0.006651884700665134,0.955013274073022,1,1.0505107707633232,0.8066570112303537,156,33,0.9791569488478247,0.1792436560729244,fc_corr_mm,min_slope,none
pooled_adj,raw_delta_mm|min_slope|none,0.503079576250308,0.006159152500615939,0.9584705344355466,1,1.021333620574183,0.9168671479705781,156,33,0.9791569488478247,0.1792436560729244,raw_delta_mm,min_slope,none
pooled_adj,raw_delta_mm|min_slope|resid,0.503079576250308,0.006159152500615939,0.9584705344355466,1,0.9854570107096414,0.9426829662541759,156,33,0.9791569488478247,0.1792436560729244,raw_delta_mm,min_slope,resid
pooled_adj,raw_rfu|rate_cv|resid,0.5028332101502834,0.0056664203005667435,0.9619285761096541,1,0.9561727874474175,0.8242266845492161,156,33,0.9791674394807949,0.1792436560729244,raw_rfu,rate_cv,resid
pooled_adj,fc_corr|rate_cv|resid,0.5023404779502341,0.004680955900468131,0.9688467435354291,1,0.9570132263860703,0.8276358918696554,156,33,0.9826872382567438,0.1792436560729244,fc_corr,rate_cv,resid
pooled_adj,fc_corr|rate_h2|none,0.4979058881497906,-0.004188223700418825,0.9723067392610738,1,1.0357553575732956,0.8640167825565407,156,33,0.9826872382567438,0.1792436560729244,fc_corr,rate_h2,none
pooled_adj,fc_corr|min_slope|resid,0.5016013796501602,0.0032027593003203236,0.9792282294190311,1,1.0125364363669764,0.9509555089479942,156,33,0.9861731104787405,0.1792436560729244,fc_corr,min_slope,resid
pooled_adj,fc_corr|rate_h2|resid,0.5011086474501109,0.0022172949002217113,0.9861512837678222,1,1.0686735099194185,0.7480635756014639,156,33,0.9896359172793694,0.1792436560729244,fc_corr,rate_h2,resid
pooled_adj,raw_rfu|rate_h2|resid,0.49963045084996305,-7.390983000739038e-4,0.9965376579549315,1,1.0556238640009687,0.7926905706436338,156,33,0.9965376579549315,0.1792436560729244,raw_rfu,rate_h2,resid
triploid,raw_rfu|time_to_vmax|resid,0.6306089743589743,0.2612179487179487,0.06938609538092651,0.772,1.4068996476671485,0.25482872084316815,76,24,1,0.22115384615384615,raw_rfu,time_to_vmax,resid
triploid,raw_rfu|inflection_time|none,0.37940705128205127,-0.24118589743589747,0.09007668510600875,0.857,0.714524736892125,0.16502404804212364,76,24,1,0.22115384615384615,raw_rfu,inflection_time,none
triploid,raw_rfu|n_negative_intervals|resid,0.5833333333333334,0.16666666666666674,0.24744112405895408,0.991,1.382477653172022,0.22063115007651832,76,24,1,0.22115384615384615,raw_rfu,n_negative_intervals,resid
triploid,raw_rfu|time_to_min_slope|none,0.421875,-0.15625,0.2728423995747181,0.996,0.9635479947066619,0.8819354763288894,76,24,1,0.22115384615384615,raw_rfu,time_to_min_slope,none
triploid,raw_rfu|inflection_time|resid,0.4270833333333333,-0.14583333333333337,0.3118655796757891,0.998,0.7863181917376634,0.32425643060167314,76,24,1,0.22115384615384615,raw_rfu,inflection_time,resid
triploid,raw_rfu|n_negative_intervals|none,0.5701121794871795,0.14022435897435903,0.2731485092219803,1,1.3505891121089924,0.2579489500365904,76,24,1,0.22115384615384615,raw_rfu,n_negative_intervals,none
triploid,raw_rfu|baseline_value|none,0.5697115384615384,0.13942307692307687,0.33373592659841833,1,1.3876052578042397,0.2490295782739251,76,24,1,0.22115384615384615,raw_rfu,baseline_value,none
triploid,raw_delta_mm|vmax|none,0.5689102564102564,0.13782051282051277,0.3393544964482144,1,1.2581907172210058,0.3656974909880226,76,24,1,0.22115384615384615,raw_delta_mm,vmax,none
triploid,raw_rfu|time_to_peak|none,0.43149038461538464,-0.13701923076923073,0.3361867062410423,1,0.8086074384363535,0.4236821829764124,76,24,1,0.22115384615384615,raw_rfu,time_to_peak,none
triploid,fc_corr|delta_auc_late_minus_early|none,0.4326923076923077,-0.13461538461538458,0.3507724944866651,1,0.8476192542839975,0.4992801600777065,76,24,1,0.22115384615384615,fc_corr,delta_auc_late_minus_early,none
triploid,fc_corr_mm|depression_abs|resid,0.5657051282051282,0.1314102564102564,0.3624310951682837,1,1.1454143691217376,0.6056799940471149,76,24,1,0.22115384615384615,fc_corr_mm,depression_abs,resid
triploid,raw_delta_mm|depression_abs|resid,0.5657051282051282,0.1314102564102564,0.3624310951682837,1,1.1511072208281925,0.5953047383072749,76,24,1,0.22115384615384615,raw_delta_mm,depression_abs,resid
triploid,raw_rfu|sat_r2|resid,0.4362244897959184,-0.12755102040816324,0.38427662502775267,1,0.7401302594410146,0.2687787178894894,73,24,1,0.22115384615384615,raw_rfu,sat_r2,resid
triploid,fc_corr|sat_r2|resid,0.4370748299319728,-0.12585034013605445,0.3907142492997457,1,0.7403178947425375,0.2691811262368061,73,24,1,0.22115384615384615,fc_corr,sat_r2,resid
triploid,raw_delta_mm|max_drop|none,0.5625,0.125,0.34557187260333416,1,1.2200044252004398,0.46093275705598347,76,24,1,0.22115384615384615,raw_delta_mm,max_drop,none
triploid,raw_rfu|resilience_ratio|resid,0.4375,-0.125,0.38646634690091,1,0.8937743590297409,0.6694147812860494,76,24,1,0.22115384615384615,raw_rfu,resilience_ratio,resid
triploid,raw_rfu|max_drop|none,0.561698717948718,0.1233974358974359,0.35183148271232395,1,1.1955041380788043,0.5016432971493958,76,24,1,0.22115384615384615,raw_rfu,max_drop,none
triploid,fc_corr|max_drop|none,0.561698717948718,0.1233974358974359,0.35183148271232395,1,1.1740949953268243,0.5412170035967857,76,24,1,0.22115384615384615,fc_corr,max_drop,none
triploid,fc_corr_mm|max_drop|none,0.561698717948718,0.1233974358974359,0.35183148271232395,1,1.1933816625080444,0.5050973987027143,76,24,1,0.22115384615384615,fc_corr_mm,max_drop,none
triploid,raw_rfu|depression_abs|resid,0.5608974358974359,0.1217948717948718,0.39884046596000644,1,1.1569771740461379,0.5838780197571081,76,24,1,0.22115384615384615,raw_rfu,depression_abs,resid
triploid,fc_corr|depression_abs|resid,0.5608974358974359,0.1217948717948718,0.39884046596000644,1,1.1524712674532627,0.5914771261051412,76,24,1,0.22115384615384615,fc_corr,depression_abs,resid
triploid,raw_rfu|metabolic_depression_index|resid,0.5600961538461539,0.12019230769230771,0.40511596448946313,1,1.119240537986111,0.6685911215468794,76,24,1,0.22115384615384615,raw_rfu,metabolic_depression_index,resid
triploid,raw_delta|resilience_ratio|resid,0.43990384615384615,-0.12019230769230771,0.40511596448946313,1,0.8934629921458477,0.6685911215468774,76,24,1,0.22115384615384615,raw_delta,resilience_ratio,resid
triploid,raw_rfu|vmax|none,0.5584935897435898,0.11698717948717952,0.41784267344355447,1,1.1959232244032376,0.48222706043348795,76,24,1,0.22115384615384615,raw_rfu,vmax,none
triploid,raw_rfu|rate_cv|none,0.5576923076923077,0.11538461538461542,0.42429336670410656,1,1.107998029912374,0.6847733824888764,76,24,1,0.22115384615384615,raw_rfu,rate_cv,none
triploid,fc_corr|rate_cv|none,0.5576923076923077,0.11538461538461542,0.42429336670410656,1,1.1098883042130803,0.6799459962146922,76,24,1,0.22115384615384615,fc_corr,rate_cv,none
triploid,fc_corr_mm|sat_asymptote|none,0.44302721088435376,-0.11394557823129248,0.4375572539440527,1,1.0874087724581745,0.7673504068855314,73,24,1,0.22115384615384615,fc_corr_mm,sat_asymptote,none
triploid,raw_delta_mm|sat_asymptote|none,0.44387755102040816,-0.11224489795918369,0.4444995295954372,1,1.1088156455005977,0.7256837288275138,73,24,1,0.22115384615384615,raw_delta_mm,sat_asymptote,none
triploid,raw_rfu|delta_auc_late_minus_early|none,0.4439102564102564,-0.11217948717948723,0.43736801037152845,1,0.8704411223444587,0.5714237055793435,76,24,1,0.22115384615384615,raw_rfu,delta_auc_late_minus_early,none
triploid,fc_corr_mm|delta_auc_late_minus_early|none,0.4439102564102564,-0.11217948717948723,0.43736801037152845,1,0.8858732188271307,0.6219677894559024,76,24,1,0.22115384615384615,fc_corr_mm,delta_auc_late_minus_early,none
triploid,raw_rfu|rate_cv|resid,0.5544871794871795,0.10897435897435903,0.4506715704764541,1,1.0485070745113865,0.8496791191538859,76,24,1,0.22115384615384615,raw_rfu,rate_cv,resid
triploid,fc_corr|metabolic_depression_index|resid,0.5544871794871795,0.10897435897435903,0.4506715704764541,1,1.1177770638227122,0.6720766511749611,76,24,1,0.22115384615384615,fc_corr,metabolic_depression_index,resid
triploid,fc_corr|rate_cv|resid,0.5544871794871795,0.10897435897435903,0.4506715704764541,1,1.0497702391708477,0.8459367654772865,76,24,1,0.22115384615384615,fc_corr,rate_cv,resid
triploid,fc_corr|resilience_ratio|resid,0.44551282051282054,-0.10897435897435892,0.4506715704764541,1,0.8946327781857278,0.6720766511749574,76,24,1,0.22115384615384615,fc_corr,resilience_ratio,resid
triploid,fc_corr|lin_slope|none,0.4463141025641026,-0.10737179487179482,0.457408345057751,1,0.8606505370331714,0.543201132535956,76,24,1,0.22115384615384615,fc_corr,lin_slope,none
triploid,raw_delta_mm|delta_auc_late_minus_early|none,0.4463141025641026,-0.10737179487179482,0.457408345057751,1,0.9141254821294283,0.7156012296177016,76,24,1,0.22115384615384615,raw_delta_mm,delta_auc_late_minus_early,none
triploid,raw_rfu|time_to_peak|resid,0.4463141025641026,-0.10737179487179482,0.457408345057751,1,0.8061975628159321,0.4168946448267284,76,24,1,0.22115384615384615,raw_rfu,time_to_peak,resid
triploid,raw_rfu|baseline_value|resid,0.5528846153846154,0.10576923076923084,0.46420129547442596,1,1.2548879358472103,0.4022712687504364,76,24,1,0.22115384615384615,raw_rfu,baseline_value,resid
triploid,raw_rfu|depression_abs|none,0.5520833333333334,0.10416666666666674,0.399556764723683,1,1.1345314455672808,0.6333444056548285,76,24,1,0.22115384615384615,raw_rfu,depression_abs,none
triploid,fc_corr|depression_abs|none,0.5520833333333334,0.10416666666666674,0.399556764723683,1,1.1205563898304753,0.6641835447373279,76,24,1,0.22115384615384615,fc_corr,depression_abs,none
triploid,fc_corr_mm|depression_abs|none,0.5520833333333334,0.10416666666666674,0.399556764723683,1,1.111466090762561,0.6855124658827016,76,24,1,0.22115384615384615,fc_corr_mm,depression_abs,none
triploid,raw_delta_mm|depression_abs|none,0.5512820512820513,0.10256410256410264,0.40690501181057115,1,1.128548432023482,0.6464077167617464,76,24,1,0.22115384615384615,raw_delta_mm,depression_abs,none
triploid,fc_corr|sat_asymptote|none,0.44982993197278914,-0.10034013605442171,0.4947927851935847,1,1.04302301676519,0.872327029835686,73,24,1,0.22115384615384615,fc_corr,sat_asymptote,none
triploid,raw_rfu|delta_auc_late_minus_early|resid,0.4519230769230769,-0.09615384615384615,0.5061158262217029,1,0.9143445530095972,0.7171445532736511,76,24,1,0.22115384615384615,raw_rfu,delta_auc_late_minus_early,resid
triploid,fc_corr|metabolic_depression_index|none,0.5472756410256411,0.09455128205128216,0.4448379905320806,1,1.1179062458836626,0.6727811084055688,76,24,1,0.22115384615384615,fc_corr,metabolic_depression_index,none
triploid,fc_corr|max_drop|resid,0.5472756410256411,0.09455128205128216,0.5132902157123593,1,1.2303213028725297,0.43786287339196195,76,24,1,0.22115384615384615,fc_corr,max_drop,resid
triploid,fc_corr|resilience_ratio|none,0.452724358974359,-0.09455128205128205,0.4448379905320806,1,0.8945293969706177,0.6727811084055684,76,24,1,0.22115384615384615,fc_corr,resilience_ratio,none
triploid,raw_rfu|resilience_ratio|none,0.453525641025641,-0.09294871794871795,0.45265962521224506,1,0.8944357082299589,0.6723392422135114,76,24,1,0.22115384615384615,raw_rfu,resilience_ratio,none
triploid,raw_delta|resilience_ratio|none,0.453525641025641,-0.09294871794871795,0.45265962521224506,1,0.8938554033537854,0.6707461427925125,76,24,1,0.22115384615384615,raw_delta,resilience_ratio,none
triploid,fc_corr|lin_slope|resid,0.453525641025641,-0.09294871794871795,0.5205172068672406,1,0.8895403439136523,0.6387511022537473,76,24,1,0.22115384615384615,fc_corr,lin_slope,resid
triploid,raw_rfu|metabolic_depression_index|none,0.5464743589743589,0.09294871794871784,0.45265962521224506,1,1.118749180513935,0.6707461427925119,76,24,1,0.22115384615384615,raw_rfu,metabolic_depression_index,none
triploid,fc_corr_mm|vmax|none,0.5456730769230769,0.09134615384615374,0.5277962763327091,1,1.1859727931954367,0.49720534068742306,76,24,1,0.22115384615384615,fc_corr_mm,vmax,none
triploid,raw_rfu|max_drop|resid,0.5456730769230769,0.09134615384615374,0.5277962763327091,1,1.2441109238941905,0.41932106566770955,76,24,1,0.22115384615384615,raw_rfu,max_drop,resid
triploid,raw_delta_mm|max_drop|resid,0.5456730769230769,0.09134615384615374,0.5277962763327091,1,1.2691966295897719,0.38535413772986526,76,24,1,0.22115384615384615,raw_delta_mm,max_drop,resid
triploid,fc_corr|value_3h|resid,0.4551282051282051,-0.08974358974358976,0.5351268839313128,1,0.8806139724751515,0.6121267191309183,76,24,1,0.22115384615384615,fc_corr,value_3h,resid
triploid,raw_rfu|stability_cv|resid,0.5448717948717948,0.08974358974358965,0.5351268839313128,1,1.169414724066991,0.5449625260666766,76,24,1,0.22115384615384615,raw_rfu,stability_cv,resid
triploid,fc_corr_mm|max_drop|resid,0.5448717948717948,0.08974358974358965,0.5351268839313128,1,1.251654390610583,0.4056496623800451,76,24,1,0.22115384615384615,fc_corr_mm,max_drop,resid
triploid,fc_corr|value_4h|none,0.45592948717948717,-0.08814102564102566,0.5425084727446826,1,0.8708588188835088,0.5774266286981178,76,24,1,0.22115384615384615,fc_corr,value_4h,none
triploid,raw_rfu|sat_asymptote|none,0.45663265306122447,-0.08673469387755106,0.5557444527114043,1,1.0612292180084224,0.8245971271868863,73,24,1,0.22115384615384615,raw_rfu,sat_asymptote,none
triploid,raw_rfu|time_to_vmax|none,0.4567307692307692,-0.08653846153846156,0.5406439893085189,1,1.229351741518664,0.45860514020951115,76,24,1,0.22115384615384615,raw_rfu,time_to_vmax,none
triploid,raw_rfu|rate_h2|resid,0.4567307692307692,-0.08653846153846156,0.5499404692054071,1,0.9073723630248551,0.6914878944362952,76,24,1,0.22115384615384615,raw_rfu,rate_h2,resid
triploid,fc_corr|delta_auc_late_minus_early|resid,0.4567307692307692,-0.08653846153846156,0.5499404692054071,1,0.898162488850819,0.6638826594735605,76,24,1,0.22115384615384615,fc_corr,delta_auc_late_minus_early,resid
triploid,raw_delta|stability_cv|resid,0.5432692307692307,0.08653846153846145,0.5499404692054071,1,1.1851400896710818,0.5130130979421255,76,24,1,0.22115384615384615,raw_delta,stability_cv,resid
triploid,fc_corr|stability_cv|resid,0.5432692307692307,0.08653846153846145,0.5499404692054071,1,1.1851222909334054,0.5130269811741072,76,24,1,0.22115384615384615,fc_corr,stability_cv,resid
triploid,raw_rfu|time_to_min_slope|resid,0.45753205128205127,-0.08493589743589747,0.5574222831978904,1,0.9835465639883343,0.9468929015570466,76,24,1,0.22115384615384615,raw_rfu,time_to_min_slope,resid
triploid,raw_rfu|lin_slope|resid,0.45753205128205127,-0.08493589743589747,0.5574222831978904,1,0.9148853505210022,0.7207128406919314,76,24,1,0.22115384615384615,raw_rfu,lin_slope,resid
triploid,fc_corr|auc_late|resid,0.45753205128205127,-0.08493589743589747,0.5574222831978904,1,0.876743419623566,0.6003842510255596,76,24,1,0.22115384615384615,fc_corr,auc_late,resid
triploid,fc_corr|auc_late|none,0.4583333333333333,-0.08333333333333337,0.5649533081681921,1,0.8766717353142071,0.595175662285883,76,24,1,0.22115384615384615,fc_corr,auc_late,none
triploid,fc_corr|value_3h|none,0.4583333333333333,-0.08333333333333337,0.5649533081681921,1,0.8796675609645332,0.6043449084601802,76,24,1,0.22115384615384615,fc_corr,value_3h,none
triploid,fc_corr|rate_h2|resid,0.4599358974358974,-0.08012820512820518,0.580160483356606,1,0.9129570013918462,0.7102260035516307,76,24,1,0.22115384615384615,fc_corr,rate_h2,resid
triploid,fc_corr|final_value|none,0.46073717948717946,-0.07852564102564108,0.5878353393892095,1,0.8709693705772291,0.5779919232001813,76,24,1,0.22115384615384615,fc_corr,final_value,none
triploid,fc_corr|t_half|none,0.46073717948717946,-0.07852564102564108,0.5878353393892095,1,1.052543741958445,0.8395341727642358,76,24,1,0.22115384615384615,fc_corr,t_half,none
triploid,fc_corr_mm|initial_slope|resid,0.46073717948717946,-0.07852564102564108,0.5878353393892095,1,0.9020810925561016,0.6800393717326909,76,24,1,0.22115384615384615,fc_corr_mm,initial_slope,resid
triploid,fc_corr_mm|auc_0_1h|resid,0.46073717948717946,-0.07852564102564108,0.5878353393892095,1,0.9020810925561016,0.6800393717326909,76,24,1,0.22115384615384615,fc_corr_mm,auc_0_1h,resid
triploid,raw_delta_mm|rate_h2|resid,0.46073717948717946,-0.07852564102564108,0.5878353393892095,1,0.9191179271564732,0.7304232915426392,76,24,1,0.22115384615384615,raw_delta_mm,rate_h2,resid
triploid,fc_corr|vmax|none,0.5392628205128205,0.07852564102564097,0.5878353393892095,1,1.1339695201535542,0.6170675015937103,76,24,1,0.22115384615384615,fc_corr,vmax,none
triploid,fc_corr|mean_rate|none,0.46153846153846156,-0.07692307692307687,0.5955568183109429,1,0.873937085344203,0.5873698446643567,76,24,1,0.22115384615384615,fc_corr,mean_rate,none
triploid,fc_corr_mm|lin_slope|none,0.46153846153846156,-0.07692307692307687,0.5955568183109429,1,0.9003208052714387,0.6716750046493347,76,24,1,0.22115384615384615,fc_corr_mm,lin_slope,none
triploid,fc_corr|value_4h|resid,0.46153846153846156,-0.07692307692307687,0.5955568183109429,1,0.8821208646064042,0.617362723709612,76,24,1,0.22115384615384615,fc_corr,value_4h,resid
triploid,raw_rfu|t_half|none,0.4623397435897436,-0.07532051282051277,0.60332423333716,1,1.0530483756129583,0.8380831718537317,76,24,1,0.22115384615384615,raw_rfu,t_half,none
triploid,fc_corr|peak_value|none,0.4623397435897436,-0.07532051282051277,0.60332423333716,1,0.8857637087799181,0.6241819145721927,76,24,1,0.22115384615384615,fc_corr,peak_value,none
triploid,fc_corr|mean_rate|resid,0.4623397435897436,-0.07532051282051277,0.60332423333716,1,0.8817828890682533,0.6164826315965646,76,24,1,0.22115384615384615,fc_corr,mean_rate,resid
triploid,fc_corr_mm|lin_slope|resid,0.4623397435897436,-0.07532051282051277,0.60332423333716,1,0.9377037552684121,0.7962114305767012,76,24,1,0.22115384615384615,fc_corr_mm,lin_slope,resid
triploid,fc_corr|lin_r2|none,0.46314102564102566,-0.07371794871794868,0.6111368820916003,1,0.8984566136560721,0.6713378186108159,76,24,1,0.22115384615384615,fc_corr,lin_r2,none
triploid,fc_corr|final_value|resid,0.46314102564102566,-0.07371794871794868,0.6111368820916003,1,0.8820004549367918,0.6171412337298519,76,24,1,0.22115384615384615,fc_corr,final_value,resid
triploid,fc_corr|peak_value|resid,0.4639423076923077,-0.07211538461538458,0.618994046778494,1,0.8984743793544495,0.6687619929601716,76,24,1,0.22115384615384615,fc_corr,peak_value,resid
triploid,fc_corr_mm|rate_h2|resid,0.4639423076923077,-0.07211538461538458,0.618994046778494,1,0.9232110690467311,0.7443887026845257,76,24,1,0.22115384615384615,fc_corr_mm,rate_h2,resid
triploid,fc_corr_mm|auc_0_2h|resid,0.4639423076923077,-0.07211538461538458,0.618994046778494,1,0.884118074962643,0.6241554790533104,76,24,1,0.22115384615384615,fc_corr_mm,auc_0_2h,resid
triploid,raw_rfu|sat_r2|none,0.4642857142857143,-0.0714285714285714,0.6283572433171338,1,0.80631803451117,0.41644148753631605,73,24,1,0.22115384615384615,raw_rfu,sat_r2,none
triploid,raw_rfu|lin_r2|none,0.46474358974358976,-0.07051282051282048,0.6268949943633932,1,0.8997277792244784,0.6753469419348188,76,24,1,0.22115384615384615,raw_rfu,lin_r2,none
triploid,fc_corr_mm|auc_early|resid,0.46474358974358976,-0.07051282051282048,0.6268949943633932,1,0.8852172815038524,0.6275539232857574,76,24,1,0.22115384615384615,fc_corr_mm,auc_early,resid
triploid,fc_corr_mm|value_3h|resid,0.46474358974358976,-0.07051282051282048,0.6268949943633932,1,0.919419909028708,0.7367656518167598,76,24,1,0.22115384615384615,fc_corr_mm,value_3h,resid
triploid,fc_corr|sat_r2|none,0.4651360544217687,-0.069727891156462607,0.6366670505412384,1,0.8061556426543678,0.4159990075251593,73,24,1,0.22115384615384615,fc_corr,sat_r2,none
triploid,fc_corr|auc_total|resid,0.4655448717948718,-0.06891025641025639,0.6348389767626655,1,0.8731992840730036,0.5910228222924552,76,24,1,0.22115384615384615,fc_corr,auc_total,resid
triploid,fc_corr|auc_0_3h|resid,0.4655448717948718,-0.06891025641025639,0.6348389767626655,1,0.8726374541818436,0.5889899835141037,76,24,1,0.22115384615384615,fc_corr,auc_0_3h,resid
triploid,fc_corr_mm|delta_auc_late_minus_early|resid,0.4655448717948718,-0.06891025641025639,0.6348389767626655,1,0.9483155244772223,0.8305821780968101,76,24,1,0.22115384615384615,fc_corr_mm,delta_auc_late_minus_early,resid
triploid,raw_delta_mm|delta_auc_late_minus_early|resid,0.4655448717948718,-0.06891025641025639,0.6348389767626655,1,0.9666063016882377,0.8910777329676378,76,24,1,0.22115384615384615,raw_delta_mm,delta_auc_late_minus_early,resid
triploid,raw_rfu|late_early_auc_ratio|none,0.46634615384615385,-0.06730769230769229,0.6428252310415817,1,1.0198986516424637,0.9371218030002137,76,24,1,0.22115384615384615,raw_rfu,late_early_auc_ratio,none
triploid,raw_rfu|frac_auc_first_half|none,0.5336538461538461,0.06730769230769229,0.6428252310415817,1,1.033423630951259,0.8943475146384725,76,24,1,0.22115384615384615,raw_rfu,frac_auc_first_half,none
triploid,fc_corr_mm|auc_late|none,0.46634615384615385,-0.06730769230769229,0.6428252310415817,1,0.9070791890794475,0.6951166625798295,76,24,1,0.22115384615384615,fc_corr_mm,auc_late,none
triploid,fc_corr|auc_early|resid,0.4671474358974359,-0.0657051282051282,0.6508529796209188,1,0.8807380652151218,0.6137909461886983,76,24,1,0.22115384615384615,fc_corr,auc_early,resid
triploid,raw_rfu|quad_coef|none,0.46794871794871795,-0.0641025641025641,0.6589214304919964,1,0.974445718033838,0.9172083349357,76,24,1,0.22115384615384615,raw_rfu,quad_coef,none
triploid,fc_corr|initial_slope|resid,0.46794871794871795,-0.0641025641025641,0.6589214304919964,1,0.8990419771974458,0.6707587245425866,76,24,1,0.22115384615384615,fc_corr,initial_slope,resid
triploid,fc_corr|auc_0_1h|resid,0.46794871794871795,-0.0641025641025641,0.6589214304919964,1,0.8990419771974458,0.6707587245425866,76,24,1,0.22115384615384615,fc_corr,auc_0_1h,resid
triploid,fc_corr_mm|auc_late|resid,0.46794871794871795,-0.0641025641025641,0.6589214304919964,1,0.912420832150071,0.7140539421427786,76,24,1,0.22115384615384615,fc_corr_mm,auc_late,resid
triploid,fc_corr_mm|auc_0_3h|resid,0.46794871794871795,-0.0641025641025641,0.6589214304919964,1,0.8862100383543979,0.6307923812821452,76,24,1,0.22115384615384615,fc_corr_mm,auc_0_3h,resid
triploid,fc_corr|late_early_auc_ratio|none,0.46875,-0.0625,0.6670297774400566,1,1.0238754497633504,0.924818446652249,76,24,1,0.22115384615384615,fc_corr,late_early_auc_ratio,none
triploid,fc_corr|frac_auc_first_half|none,0.53125,0.0625,0.6670297774400566,1,1.0295980889550589,0.9062406725118922,76,24,1,0.22115384615384615,fc_corr,frac_auc_first_half,none
triploid,fc_corr|auc_0_2h|resid,0.46875,-0.0625,0.6670297774400566,1,0.8800762691299406,0.6117945567059461,76,24,1,0.22115384615384615,fc_corr,auc_0_2h,resid
triploid,raw_rfu|lin_slope|none,0.46955128205128205,-0.0608974358974359,0.6751772002758876,1,0.8944503056879304,0.651815008935322,76,24,1,0.22115384615384615,raw_rfu,lin_slope,none
triploid,raw_delta|late_early_auc_ratio|none,0.46955128205128205,-0.0608974358974359,0.6751772002758876,1,1.0244220217205453,0.9231353836772157,76,24,1,0.22115384615384615,raw_delta,late_early_auc_ratio,none
triploid,raw_delta|frac_auc_first_half|none,0.530448717948718,0.0608974358974359,0.6751772002758876,1,1.0288618933706706,0.9085358361068573,76,24,1,0.22115384615384615,raw_delta,frac_auc_first_half,none
triploid,raw_delta_mm|initial_slope|none,0.530448717948718,0.0608974358974359,0.6751772002758876,1,1.0787536023726423,0.7612446416041991,76,24,1,0.22115384615384615,raw_delta_mm,initial_slope,none
triploid,raw_delta_mm|auc_0_1h|none,0.530448717948718,0.0608974358974359,0.6751772002758876,1,1.0787536023726423,0.7612446416041991,76,24,1,0.22115384615384615,raw_delta_mm,auc_0_1h,none
triploid,raw_rfu|value_4h|resid,0.46955128205128205,-0.0608974358974359,0.6751772002758876,1,0.9158814690065418,0.7249162462871693,76,24,1,0.22115384615384615,raw_rfu,value_4h,resid
triploid,raw_delta_mm|initial_slope|resid,0.46955128205128205,-0.0608974358974359,0.6751772002758876,1,0.953021731387298,0.8463039428269439,76,24,1,0.22115384615384615,raw_delta_mm,initial_slope,resid
triploid,raw_delta_mm|lin_slope|resid,0.46955128205128205,-0.0608974358974359,0.6751772002758876,1,0.9646651528538762,0.8849367819929355,76,24,1,0.22115384615384615,raw_delta_mm,lin_slope,resid
triploid,raw_delta_mm|auc_0_1h|resid,0.46955128205128205,-0.0608974358974359,0.6751772002758876,1,0.953021731387298,0.8463039428269439,76,24,1,0.22115384615384615,raw_delta_mm,auc_0_1h,resid
triploid,fc_corr_mm|value_3h|none,0.4703525641025641,-0.059294871794871806,0.6833628650755921,1,0.9125955699472037,0.7130975309974472,76,24,1,0.22115384615384615,fc_corr_mm,value_3h,none
triploid,raw_delta_mm|lin_slope|none,0.4703525641025641,-0.059294871794871806,0.6833628650755921,1,0.9402698053268052,0.8039862294975761,76,24,1,0.22115384615384615,raw_delta_mm,lin_slope,none
triploid,raw_delta_mm|quad_coef|none,0.4703525641025641,-0.059294871794871806,0.6833628650755921,1,0.9750014663963957,0.9188728866800978,76,24,1,0.22115384615384615,raw_delta_mm,quad_coef,none
triploid,raw_rfu|final_delta|resid,0.4703525641025641,-0.059294871794871806,0.6833628650755921,1,0.9143319816996545,0.7199479235533218,76,24,1,0.22115384615384615,raw_rfu,final_delta,resid
triploid,raw_rfu|mean_rate|resid,0.4703525641025641,-0.059294871794871806,0.6833628650755921,1,0.9140678706773281,0.7190988415482343,76,24,1,0.22115384615384615,raw_rfu,mean_rate,resid
triploid,raw_delta|value_4h|resid,0.4703525641025641,-0.059294871794871806,0.6833628650755921,1,0.9142626160541273,0.7196643996874211,76,24,1,0.22115384615384615,raw_delta,value_4h,resid
triploid,fc_corr_mm|final_value|resid,0.4703525641025641,-0.059294871794871806,0.6833628650755921,1,0.9251411024050492,0.7556633841677077,76,24,1,0.22115384615384615,fc_corr_mm,final_value,resid
triploid,fc_corr_mm|mean_rate|resid,0.4703525641025641,-0.059294871794871806,0.6833628650755921,1,0.92472742249725,0.7543239468953745,76,24,1,0.22115384615384615,fc_corr_mm,mean_rate,resid
triploid,raw_rfu|final_value|resid,0.47115384615384615,-0.05769230769230771,0.6915859244283846,1,0.9159548172248182,0.7252098735020437,76,24,1,0.22115384615384615,raw_rfu,final_value,resid
triploid,raw_rfu|vmax|resid,0.5288461538461539,0.05769230769230771,0.6915859244283846,1,1.1209613790355897,0.6475556467706232,76,24,1,0.22115384615384615,raw_rfu,vmax,resid
triploid,raw_rfu|t_half|resid,0.5288461538461539,0.05769230769230771,0.6915859244283846,1,1.2195695847418548,0.4538860136977435,76,24,1,0.22115384615384615,raw_rfu,t_half,resid
triploid,fc_corr|t_half|resid,0.5288461538461539,0.05769230769230771,0.6915859244283846,1,1.2191206571892466,0.4546294389906071,76,24,1,0.22115384615384615,fc_corr,t_half,resid
triploid,fc_corr_mm|value_4h|resid,0.47115384615384615,-0.05769230769230771,0.6915859244283846,1,0.9257143722225616,0.7574998320455629,76,24,1,0.22115384615384615,fc_corr_mm,value_4h,resid
triploid,raw_rfu|sat_k|none,0.5280612244897959,0.05612244897959173,0.7046994241882039,1,0.9444619473227225,0.818062394548599,73,24,1,0.22115384615384615,raw_rfu,sat_k,none
triploid,raw_delta_mm|sat_k|none,0.5280612244897959,0.05612244897959173,0.7046994241882039,1,0.9444619800124386,0.8180625030673968,73,24,1,0.22115384615384615,raw_delta_mm,sat_k,none
triploid,raw_delta_mm|rate_h2|none,0.4719551282051282,-0.05608974358974361,0.6998455176923056,1,0.9135480418365525,0.7107492865039307,76,24,1,0.22115384615384615,raw_delta_mm,rate_h2,none
triploid,raw_delta_mm|auc_0_2h|none,0.5280448717948718,0.05608974358974361,0.6998455176923056,1,1.0328018104672325,0.8966544742337899,76,24,1,0.22115384615384615,raw_delta_mm,auc_0_2h,none
triploid,raw_rfu|value_3h|resid,0.4719551282051282,-0.05608974358974361,0.6998455176923056,1,0.9131233588568541,0.7156205443398342,76,24,1,0.22115384615384615,raw_rfu,value_3h,resid
triploid,fc_corr_mm|rate_h2|none,0.47275641025641024,-0.054487179487179516,0.7081407712577266,1,0.913220862314523,0.7096101669240549,76,24,1,0.22115384615384615,fc_corr_mm,rate_h2,none
triploid,raw_delta_mm|auc_early|none,0.5272435897435898,0.054487179487179516,0.7081407712577266,1,1.0254562772068805,0.9194034842936514,76,24,1,0.22115384615384615,raw_delta_mm,auc_early,none
triploid,raw_delta|value_3h|resid,0.47275641025641024,-0.054487179487179516,0.7081407712577266,1,0.9114412201963116,0.7101630889987229,76,24,1,0.22115384615384615,raw_delta,value_3h,resid
triploid,fc_corr|sat_k|none,0.5272108843537415,0.054421768707483054,0.7133836030849814,1,0.9474512279749974,0.8280569671465053,73,24,1,0.22115384615384615,fc_corr,sat_k,none
triploid,fc_corr_mm|sat_k|none,0.5272108843537415,0.054421768707483054,0.7133836030849814,1,0.9474512879821433,0.828057167461576,73,24,1,0.22115384615384615,fc_corr_mm,sat_k,none
triploid,raw_rfu|sat_asymptote|resid,0.47278911564625853,-0.05442176870748294,0.7133836030849814,1,1.1916522985867728,0.5796343825211636,73,24,1,0.22115384615384615,raw_rfu,sat_asymptote,resid
triploid,raw_rfu|auc_0_2h|none,0.5264423076923077,0.05288461538461542,0.7164707988185163,1,1.0130519730593943,0.9584139647739207,76,24,1,0.22115384615384615,raw_rfu,auc_0_2h,none
triploid,fc_corr|rate_h2|none,0.4735576923076923,-0.05288461538461542,0.7164707988185163,1,0.904012355096636,0.6794024812399737,76,24,1,0.22115384615384615,fc_corr,rate_h2,none
triploid,fc_corr_mm|value_4h|none,0.4735576923076923,-0.05288461538461542,0.7164707988185163,1,0.908544750112927,0.6999959273997984,76,24,1,0.22115384615384615,fc_corr_mm,value_4h,none
triploid,raw_rfu|late_early_auc_ratio|resid,0.5264423076923077,0.05288461538461542,0.7164707988185163,1,1.164610082417788,0.5548967441106162,76,24,1,0.22115384615384615,raw_rfu,late_early_auc_ratio,resid
triploid,fc_corr|late_early_auc_ratio|resid,0.5264423076923077,0.05288461538461542,0.7164707988185163,1,1.1687530594374567,0.5460710194005625,76,24,1,0.22115384615384615,fc_corr,late_early_auc_ratio,resid
triploid,fc_corr_mm|value_2h|resid,0.4735576923076923,-0.05288461538461542,0.7164707988185163,1,0.8803044135621374,0.6096571453253448,76,24,1,0.22115384615384615,fc_corr_mm,value_2h,resid
triploid,raw_rfu|rate_h2|none,0.47435897435897434,-0.05128205128205132,0.7248347016507333,1,0.9017901356665619,0.6721867928898356,76,24,1,0.22115384615384615,raw_rfu,rate_h2,none
triploid,fc_corr_mm|auc_total|none,0.47435897435897434,-0.05128205128205132,0.7248347016507333,1,0.9235959225270941,0.7498731544363901,76,24,1,0.22115384615384615,fc_corr_mm,auc_total,none
triploid,raw_delta|late_early_auc_ratio|resid,0.5256410256410257,0.05128205128205132,0.7248347016507333,1,1.1691490169965433,0.5452703413822004,76,24,1,0.22115384615384615,raw_delta,late_early_auc_ratio,resid
triploid,raw_delta_mm|min_slope|resid,0.47435897435897434,-0.05128205128205132,0.7248347016507333,1,0.9006148456541478,0.6796246756574252,76,24,1,0.22115384615384615,raw_delta_mm,min_slope,resid
triploid,raw_delta_mm|vmax|resid,0.5248397435897436,0.049679487179487225,0.7332315688987019,1,1.1523636515514688,0.5722899529076149,76,24,1,0.22115384615384615,raw_delta_mm,vmax,resid
triploid,raw_delta|auc_0_2h|none,0.5240384615384616,0.04807692307692313,0.7416604778683218,1,1.008440765178614,0.9730262330749729,76,24,1,0.22115384615384615,raw_delta,auc_0_2h,none
triploid,fc_corr|auc_total|none,0.47596153846153844,-0.04807692307692313,0.7416604778683218,1,0.8978602928238425,0.6642286943859783,76,24,1,0.22115384615384615,fc_corr,auc_total,none
triploid,fc_corr_mm|mean_rate|none,0.47596153846153844,-0.04807692307692313,0.7416604778683218,1,0.9117281301229337,0.7104134041086867,76,24,1,0.22115384615384615,fc_corr_mm,mean_rate,none
triploid,raw_rfu|peak_value|resid,0.47596153846153844,-0.04807692307692313,0.7416604778683218,1,0.9316024829390956,0.7761860944249781,76,24,1,0.22115384615384615,raw_rfu,peak_value,resid
triploid,raw_rfu|metabolic_scope|resid,0.47596153846153844,-0.04807692307692313,0.7416604778683218,1,0.9300230168376766,0.7710063452439899,76,24,1,0.22115384615384615,raw_rfu,metabolic_scope,resid
triploid,raw_delta|auc_late|resid,0.47596153846153844,-0.04807692307692313,0.7416604778683218,1,0.90802122694932,0.699080924199818,76,24,1,0.22115384615384615,raw_delta,auc_late,resid
triploid,raw_rfu|auc_0_1h|none,0.5232371794871795,0.04647435897435903,0.7501204943274596,1,1.0575459183085312,0.8229400544875061,76,24,1,0.22115384615384615,raw_rfu,auc_0_1h,none
triploid,fc_corr_mm|vmax|resid,0.5232371794871795,0.04647435897435903,0.7501204943274596,1,1.1009821606130215,0.6994526239937002,76,24,1,0.22115384615384615,fc_corr_mm,vmax,resid
triploid,fc_corr_mm|final_value|none,0.47676282051282054,-0.04647435897435892,0.7501204943274596,1,0.9084937454564396,0.6998413570161165,76,24,1,0.22115384615384615,fc_corr_mm,final_value,none
triploid,fc_corr_mm|rate_h3|none,0.47676282051282054,-0.04647435897435892,0.7501204943274596,1,0.9577720530757129,0.8607568635373126,76,24,1,0.22115384615384615,fc_corr_mm,rate_h3,none
triploid,fc_corr|min_slope|resid,0.47676282051282054,-0.04647435897435892,0.7501204943274596,1,0.9177726149797528,0.7334084840021206,76,24,1,0.22115384615384615,fc_corr,min_slope,resid
triploid,raw_rfu|value_1h|none,0.5224358974358975,0.044871794871794934,0.7586106728132592,1,1.0536887643776873,0.8342333411137159,76,24,1,0.22115384615384615,raw_rfu,value_1h,none
triploid,fc_corr|vmax|resid,0.5224358974358975,0.044871794871794934,0.7586106728132592,1,1.0719440147066723,0.7796595849485254,76,24,1,0.22115384615384615,fc_corr,vmax,resid
triploid,raw_rfu|auc_late|resid,0.4775641025641026,-0.04487179487179482,0.7586106728132592,1,0.9097564679344627,0.7046882888293835,76,24,1,0.22115384615384615,raw_rfu,auc_late,resid
triploid,fc_corr|value_2h|resid,0.4775641025641026,-0.04487179487179482,0.7586106728132592,1,0.8728456482249349,0.5869811282472674,76,24,1,0.22115384615384615,fc_corr,value_2h,resid
triploid,fc_corr_mm|min_slope|resid,0.4775641025641026,-0.04487179487179482,0.7586106728132592,1,0.9074298521527958,0.7003544730252256,76,24,1,0.22115384615384615,fc_corr_mm,min_slope,resid
triploid,raw_rfu|auc_early|none,0.5216346153846154,0.04326923076923084,0.7671300569462054,1,1.0066804782680399,0.978628279897935,76,24,1,0.22115384615384615,raw_rfu,auc_early,none
triploid,raw_rfu|initial_slope|none,0.5216346153846154,0.04326923076923084,0.7671300569462054,1,1.0498003354759118,0.8457123707424904,76,24,1,0.22115384615384615,raw_rfu,initial_slope,none
triploid,raw_delta|auc_0_1h|none,0.5216346153846154,0.04326923076923084,0.7671300569462054,1,1.0498003354759118,0.8457123707424904,76,24,1,0.22115384615384615,raw_delta,auc_0_1h,none
triploid,raw_rfu|value_4h|none,0.47836538461538464,-0.043269230769230727,0.7671300569462054,1,0.9145855340104746,0.7189264869836902,76,24,1,0.22115384615384615,raw_rfu,value_4h,none
triploid,raw_delta|value_4h|none,0.47836538461538464,-0.043269230769230727,0.7671300569462054,1,0.9123714452049262,0.7116492423570824,76,24,1,0.22115384615384615,raw_delta,value_4h,none
triploid,raw_rfu|value_1h|resid,0.47836538461538464,-0.043269230769230727,0.7671300569462054,1,0.9532036964971737,0.8469508280791727,76,24,1,0.22115384615384615,raw_rfu,value_1h,resid
triploid,fc_corr_mm|peak_value|resid,0.47836538461538464,-0.043269230769230727,0.7671300569462054,1,0.9394237868758026,0.8022721932453167,76,24,1,0.22115384615384615,fc_corr_mm,peak_value,resid
triploid,fc_corr_mm|auc_total|resid,0.47836538461538464,-0.043269230769230727,0.7671300569462054,1,0.8999637945105843,0.6747039886413724,76,24,1,0.22115384615384615,fc_corr_mm,auc_total,resid
triploid,raw_delta|auc_early|none,0.5208333333333334,0.04166666666666674,0.7756776797507707,1,1.002108393405874,0.9932363214265524,76,24,1,0.22115384615384615,raw_delta,auc_early,none
triploid,raw_rfu|final_value|none,0.4791666666666667,-0.04166666666666663,0.7756776797507707,1,0.9148981671047312,0.7200361353864049,76,24,1,0.22115384615384615,raw_rfu,final_value,none
triploid,raw_rfu|metabolic_scope|none,0.4791666666666667,-0.04166666666666663,0.7756776797507707,1,0.9269028165198847,0.7594069428817153,76,24,1,0.22115384615384615,raw_rfu,metabolic_scope,none
triploid,raw_rfu|mean_rate|none,0.4791666666666667,-0.04166666666666663,0.7756776797507707,1,0.9156395982521051,0.7225045023215513,76,24,1,0.22115384615384615,raw_rfu,mean_rate,none
triploid,raw_rfu|min_slope|resid,0.4791666666666667,-0.04166666666666663,0.7756776797507707,1,0.9134008142708462,0.7199553503781838,76,24,1,0.22115384615384615,raw_rfu,min_slope,resid
triploid,raw_delta|value_2h|none,0.5200320512820513,0.040064102564102644,0.7842525639824646,1,0.9588345160614339,0.8652149005887196,76,24,1,0.22115384615384615,raw_delta,value_2h,none
triploid,raw_rfu|peak_value|none,0.47996794871794873,-0.04006410256410253,0.7842525639824646,1,0.9290574436640368,0.766550693337096,76,24,1,0.22115384615384615,raw_rfu,peak_value,none
triploid,raw_rfu|value_3h|none,0.47996794871794873,-0.04006410256410253,0.7842525639824646,1,0.9223608668393635,0.7441666754103732,76,24,1,0.22115384615384615,raw_rfu,value_3h,none
triploid,fc_corr|rate_h3|none,0.47996794871794873,-0.04006410256410253,0.7842525639824646,1,0.9058689529983985,0.6850384994478829,76,24,1,0.22115384615384615,fc_corr,rate_h3,none
triploid,fc_corr|quad_coef|none,0.47996794871794873,-0.04006410256410253,0.7842525639824646,1,1.0015925677823811,0.994888242880917,76,24,1,0.22115384615384615,fc_corr,quad_coef,none
triploid,raw_rfu|auc_0_1h|resid,0.47996794871794873,-0.04006410256410253,0.7842525639824646,1,0.9564620638028319,0.8577042090138486,76,24,1,0.22115384615384615,raw_rfu,auc_0_1h,resid
triploid,raw_delta_mm|auc_0_2h|resid,0.47996794871794873,-0.04006410256410253,0.7842525639824646,1,0.9290019794248512,0.7672638557393111,76,24,1,0.22115384615384615,raw_delta_mm,auc_0_2h,resid
triploid,fc_corr|sat_asymptote|resid,0.4804421768707483,-0.03911564625850339,0.7930698997335607,1,1.1765671428888218,0.5992413234934534,73,24,1,0.22115384615384615,fc_corr,sat_asymptote,resid
triploid,raw_rfu|value_2h|none,0.5192307692307693,0.03846153846153855,0.7928537224611053,1,0.9614387430143954,0.8738521480261474,76,24,1,0.22115384615384615,raw_rfu,value_2h,none
triploid,raw_rfu|final_delta|none,0.4807692307692308,-0.038461538461538436,0.7928537224611053,1,0.9126761380520604,0.7127366634571837,76,24,1,0.22115384615384615,raw_rfu,final_delta,none
triploid,raw_delta|value_3h|none,0.4807692307692308,-0.038461538461538436,0.7928537224611053,1,0.9200908435899734,0.736648764719421,76,24,1,0.22115384615384615,raw_delta,value_3h,none
triploid,raw_rfu|initial_slope|resid,0.4807692307692308,-0.038461538461538436,0.7928537224611053,1,0.9499279995943,0.8361401407851263,76,24,1,0.22115384615384615,raw_rfu,initial_slope,resid
triploid,raw_rfu|rate_h3|resid,0.4807692307692308,-0.038461538461538436,0.7928537224611053,1,1.0157359273813913,0.9500074557811382,76,24,1,0.22115384615384615,raw_rfu,rate_h3,resid
triploid,raw_delta|auc_0_1h|resid,0.4807692307692308,-0.038461538461538436,0.7928537224611053,1,0.9499279995943,0.8361401407851263,76,24,1,0.22115384615384615,raw_delta,auc_0_1h,resid
triploid,raw_rfu|rate_h3|none,0.4823717948717949,-0.03525641025641024,0.8101308658017121,1,0.9287107517946643,0.7629953507138875,76,24,1,0.22115384615384615,raw_rfu,rate_h3,none
triploid,raw_delta_mm|final_value|none,0.4823717948717949,-0.03525641025641024,0.8101308658017121,1,0.9563395930572665,0.8575615740715186,76,24,1,0.22115384615384615,raw_delta_mm,final_value,none
triploid,raw_delta_mm|rate_h3|none,0.4823717948717949,-0.03525641025641024,0.8101308658017121,1,0.9858274443615669,0.9540437031473917,76,24,1,0.22115384615384615,raw_delta_mm,rate_h3,none
triploid,raw_delta_mm|value_4h|none,0.4823717948717949,-0.03525641025641024,0.8101308658017121,1,0.9564546064958768,0.8579408940782758,76,24,1,0.22115384615384615,raw_delta_mm,value_4h,none
triploid,raw_rfu|frac_auc_first_half|resid,0.4823717948717949,-0.03525641025641024,0.8101308658017121,1,0.9114482244189741,0.7109825343646843,76,24,1,0.22115384615384615,raw_rfu,frac_auc_first_half,resid
triploid,raw_delta|auc_early|resid,0.4823717948717949,-0.03525641025641024,0.8101308658017121,1,0.9249138487125089,0.7538527797708472,76,24,1,0.22115384615384615,raw_delta,auc_early,resid
triploid,fc_corr|lin_r2|resid,0.4823717948717949,-0.03525641025641024,0.8101308658017121,1,0.9921252588687112,0.9746364881837719,76,24,1,0.22115384615384615,fc_corr,lin_r2,resid
triploid,raw_delta_mm|value_3h|resid,0.4823717948717949,-0.03525641025641024,0.8101308658017121,1,0.9511929740199773,0.8406719343275613,76,24,1,0.22115384615384615,raw_delta_mm,value_3h,resid
triploid,fc_corr|quad_coef|resid,0.5168269230769231,0.033653846153846256,0.8188048297076006,1,1.11268777768217,0.6681730167614104,76,24,1,0.22115384615384615,fc_corr,quad_coef,resid
triploid,raw_rfu|lin_r2|resid,0.4831730769230769,-0.033653846153846145,0.8188048297076006,1,0.9931897775132141,0.9780729280139765,76,24,1,0.22115384615384615,raw_rfu,lin_r2,resid
triploid,raw_delta_mm|auc_early|resid,0.4831730769230769,-0.033653846153846145,0.8188048297076006,1,0.9294924580414797,0.7688791163841033,76,24,1,0.22115384615384615,raw_delta_mm,auc_early,resid
triploid,raw_delta_mm|auc_0_3h|none,0.5160256410256411,0.03205128205128216,0.8275010266552918,1,0.998165035292842,0.9941010022196292,76,24,1,0.22115384615384615,raw_delta_mm,auc_0_3h,none
triploid,raw_delta_mm|mean_rate|none,0.483974358974359,-0.03205128205128205,0.8275010266552918,1,0.9596308715938974,0.8684063698792626,76,24,1,0.22115384615384615,raw_delta_mm,mean_rate,none
triploid,raw_delta|auc_total|resid,0.483974358974359,-0.03205128205128205,0.8275010266552918,1,0.9103714782263944,0.7071240065452493,76,24,1,0.22115384615384615,raw_delta,auc_total,resid
triploid,raw_delta|auc_0_2h|resid,0.483974358974359,-0.03205128205128205,0.8275010266552918,1,0.9248625972794915,0.7536900030604725,76,24,1,0.22115384615384615,raw_delta,auc_0_2h,resid
triploid,raw_delta|frac_auc_first_half|resid,0.483974358974359,-0.03205128205128205,0.8275010266552918,1,0.9081841035805993,0.7004312114920701,76,24,1,0.22115384615384615,raw_delta,frac_auc_first_half,resid
triploid,fc_corr|frac_auc_first_half|resid,0.483974358974359,-0.03205128205128205,0.8275010266552918,1,0.9086451786503783,0.7019143144032151,76,24,1,0.22115384615384615,fc_corr,frac_auc_first_half,resid
triploid,fc_corr_mm|quad_coef|none,0.484775641025641,-0.03044871794871795,0.8362184249895105,1,1.0063228819163015,0.9797558073059789,76,24,1,0.22115384615384615,fc_corr_mm,quad_coef,none
triploid,raw_delta_mm|mean_rate|resid,0.484775641025641,-0.03044871794871795,0.8362184249895105,1,0.957621485217598,0.8619353146039863,76,24,1,0.22115384615384615,raw_delta_mm,mean_rate,resid
triploid,fc_corr_mm|peak_value|none,0.4855769230769231,-0.028846153846153855,0.8449559852386792,1,0.9203329521649872,0.7383921182404104,76,24,1,0.22115384615384615,fc_corr_mm,peak_value,none
triploid,raw_delta_mm|value_3h|none,0.4855769230769231,-0.028846153846153855,0.8449559852386792,1,0.960585068736661,0.8714954610902526,76,24,1,0.22115384615384615,raw_delta_mm,value_3h,none
triploid,raw_rfu|auc_total|resid,0.4855769230769231,-0.028846153846153855,0.8449559852386792,1,0.9128569406314235,0.7151350687688709,76,24,1,0.22115384615384615,raw_rfu,auc_total,resid
triploid,raw_rfu|auc_early|resid,0.4855769230769231,-0.028846153846153855,0.8449559852386792,1,0.9286453072848239,0.7660562859657047,76,24,1,0.22115384615384615,raw_rfu,auc_early,resid
triploid,raw_delta_mm|value_4h|resid,0.4855769230769231,-0.028846153846153855,0.8449559852386792,1,0.9586183649688501,0.865203911743869,76,24,1,0.22115384615384615,raw_delta_mm,value_4h,resid
triploid,raw_delta_mm|value_2h|none,0.5144230769230769,0.028846153846153744,0.8449559852386792,1,0.9763483473311687,0.923167197057458,76,24,1,0.22115384615384615,raw_delta_mm,value_2h,none
triploid,fc_corr_mm|quad_coef|resid,0.5144230769230769,0.028846153846153744,0.8449559852386792,1,1.1397932902592314,0.601465455184693,76,24,1,0.22115384615384615,fc_corr_mm,quad_coef,resid
triploid,raw_delta|auc_late|none,0.4863782051282051,-0.027243589743589758,0.8537126604861937,1,0.9170850828991612,0.7267783706388964,76,24,1,0.22115384615384615,raw_delta,auc_late,none
triploid,raw_rfu|auc_0_3h|resid,0.4863782051282051,-0.027243589743589758,0.8537126604861937,1,0.914104161007722,0.7187408034896247,76,24,1,0.22115384615384615,raw_rfu,auc_0_3h,resid
triploid,raw_delta|auc_0_3h|resid,0.4863782051282051,-0.027243589743589758,0.8537126604861937,1,0.911179917381067,0.7092916406560363,76,24,1,0.22115384615384615,raw_delta,auc_0_3h,resid
triploid,fc_corr|rate_h3|resid,0.4863782051282051,-0.027243589743589758,0.8537126604861937,1,0.99464182296567,0.9827295756392322,76,24,1,0.22115384615384615,fc_corr,rate_h3,resid
triploid,raw_delta_mm|final_value|resid,0.4863782051282051,-0.027243589743589758,0.8537126604861937,1,0.9581018646181805,0.8635124038000113,76,24,1,0.22115384615384615,raw_delta_mm,final_value,resid
triploid,raw_rfu|auc_late|none,0.48717948717948717,-0.02564102564102566,0.8624873967462799,1,0.9194249883176139,0.734509272421286,76,24,1,0.22115384615384615,raw_rfu,auc_late,none
triploid,fc_corr|auc_0_3h|none,0.48717948717948717,-0.02564102564102566,0.8624873967462799,1,0.9270143093838998,0.7598462480738539,76,24,1,0.22115384615384615,fc_corr,auc_0_3h,none
triploid,fc_corr_mm|min_slope|none,0.48717948717948717,-0.02564102564102566,0.8624873967462799,1,0.9670471712770731,0.893071054983904,76,24,1,0.22115384615384615,fc_corr_mm,min_slope,none
triploid,raw_rfu|auc_0_3h|none,0.5128205128205128,0.02564102564102555,0.8624873967462799,1,0.9755822584384938,0.920618001768134,76,24,1,0.22115384615384615,raw_rfu,auc_0_3h,none
triploid,raw_rfu|auc_total|none,0.4879807692307692,-0.024038461538461564,0.8712791333442089,1,0.9466793542695043,0.8251180189630095,76,24,1,0.22115384615384615,raw_rfu,auc_total,none
triploid,raw_rfu|min_slope|none,0.4879807692307692,-0.024038461538461564,0.8712791333442089,1,0.9628824987941839,0.8796218740005071,76,24,1,0.22115384615384615,raw_rfu,min_slope,none
triploid,fc_corr|value_2h|none,0.4879807692307692,-0.024038461538461564,0.8712791333442089,1,0.9234089705914482,0.7473246446034107,76,24,1,0.22115384615384615,fc_corr,value_2h,none
triploid,raw_delta_mm|auc_late|none,0.4879807692307692,-0.024038461538461564,0.8712791333442089,1,0.9542467470764785,0.8505735886398195,76,24,1,0.22115384615384615,raw_delta_mm,auc_late,none
triploid,raw_rfu|auc_0_2h|resid,0.4879807692307692,-0.024038461538461564,0.8712791333442089,1,0.9286710457882176,0.7661435349834678,76,24,1,0.22115384615384615,raw_rfu,auc_0_2h,resid
triploid,raw_delta_mm|rate_h4|none,0.5120192307692307,0.024038461538461453,0.8712791333442089,1,1.0109716298722042,0.9649778446999779,76,24,1,0.22115384615384615,raw_delta_mm,rate_h4,none
triploid,raw_delta_mm|auc_late|resid,0.48878205128205127,-0.022435897435897467,0.8800868033006382,1,0.9441529791535633,0.8174363155850927,76,24,1,0.22115384615384615,raw_delta_mm,auc_late,resid
triploid,raw_delta|auc_total|none,0.4895833333333333,-0.02083333333333337,0.8889093337198514,1,0.9434261071964544,0.8143283854450892,76,24,1,0.22115384615384615,raw_delta,auc_total,none
triploid,raw_delta_mm|min_slope|none,0.4895833333333333,-0.02083333333333337,0.8889093337198514,1,0.9523666054516675,0.8452330974332639,76,24,1,0.22115384615384615,raw_delta_mm,min_slope,none
triploid,raw_delta|value_2h|resid,0.4895833333333333,-0.02083333333333337,0.8889093337198514,1,0.9020932740448423,0.6786350804377665,76,24,1,0.22115384615384615,raw_delta,value_2h,resid
triploid,raw_delta|auc_0_3h|none,0.5104166666666666,0.02083333333333326,0.8889093337198514,1,0.9718966452346993,0.9085012417738005,76,24,1,0.22115384615384615,raw_delta,auc_0_3h,none
triploid,fc_corr_mm|value_2h|none,0.49038461538461536,-0.019230769230769273,0.8977456461816576,1,0.9358246239390006,0.7890467484943622,76,24,1,0.22115384615384615,fc_corr_mm,value_2h,none
triploid,raw_rfu|value_2h|resid,0.49038461538461536,-0.019230769230769273,0.8977456461816576,1,0.9041057207404017,0.685132250679718,76,24,1,0.22115384615384615,raw_rfu,value_2h,resid
triploid,raw_delta_mm|peak_value|resid,0.49038461538461536,-0.019230769230769273,0.8977456461816576,1,0.9721529980349667,0.9095956387341569,76,24,1,0.22115384615384615,raw_delta_mm,peak_value,resid
triploid,raw_delta_mm|auc_0_3h|resid,0.49038461538461536,-0.019230769230769273,0.8977456461816576,1,0.9245140304310944,0.7527048544010188,76,24,1,0.22115384615384615,raw_delta_mm,auc_0_3h,resid
triploid,raw_delta_mm|quad_coef|resid,0.5096153846153846,0.019230769230769162,0.8977456461816576,1,1.1079600163942849,0.6807456501009008,76,24,1,0.22115384615384615,raw_delta_mm,quad_coef,resid
triploid,fc_corr|min_slope|none,0.4911858974358974,-0.017628205128205177,0.9065946571367154,1,0.9740318277818174,0.9159124003003748,76,24,1,0.22115384615384615,fc_corr,min_slope,none
triploid,raw_delta_mm|auc_total|resid,0.4911858974358974,-0.017628205128205177,0.9065946571367154,1,0.9370210688170796,0.7940900259904167,76,24,1,0.22115384615384615,raw_delta_mm,auc_total,resid
triploid,fc_corr_mm|initial_slope|none,0.5088141025641025,0.017628205128205066,0.9065946571367154,1,1.0180160862189651,0.9427212212842998,76,24,1,0.22115384615384615,fc_corr_mm,initial_slope,none
triploid,fc_corr_mm|auc_0_1h|none,0.5088141025641025,0.017628205128205066,0.9065946571367154,1,1.0180160862189651,0.9427212212842998,76,24,1,0.22115384615384615,fc_corr_mm,auc_0_1h,none
triploid,raw_delta_mm|sat_asymptote|resid,0.5085034013605442,0.017006802721088343,0.9118187049217469,1,1.30217732793017,0.49735744304309776,73,24,1,0.22115384615384615,raw_delta_mm,sat_asymptote,resid
triploid,raw_rfu|stability_cv|none,0.49198717948717946,-0.01602564102564108,0.9154552783050353,1,1.0279547478201683,0.9122866385812054,76,24,1,0.22115384615384615,raw_rfu,stability_cv,none
triploid,fc_corr_mm|auc_0_3h|none,0.49198717948717946,-0.01602564102564108,0.9154552783050353,1,0.9460524864154302,0.8236017597171886,76,24,1,0.22115384615384615,fc_corr_mm,auc_0_3h,none
triploid,raw_rfu|rate_h4|none,0.5080128205128205,0.01602564102564097,0.9154552783050353,1,1.0309254934949437,0.9025616259583311,76,24,1,0.22115384615384615,raw_rfu,rate_h4,none
triploid,fc_corr|rate_h4|none,0.5080128205128205,0.01602564102564097,0.9154552783050353,1,1.0357155138438514,0.8878991103832713,76,24,1,0.22115384615384615,fc_corr,rate_h4,none
triploid,fc_corr_mm|rate_h4|none,0.5080128205128205,0.01602564102564097,0.9154552783050353,1,1.0169887882079884,0.9459817886123091,76,24,1,0.22115384615384615,fc_corr_mm,rate_h4,none
triploid,fc_corr|sat_k|resid,0.4931972789115646,-0.013605442176870763,0.9303304066779561,1,0.832825356950507,0.4576473822617102,73,24,1,0.22115384615384615,fc_corr,sat_k,resid
triploid,fc_corr_mm|sat_k|resid,0.4931972789115646,-0.013605442176870763,0.9303304066779561,1,0.8328254132940699,0.4576475478526309,73,24,1,0.22115384615384615,fc_corr_mm,sat_k,resid
triploid,raw_delta_mm|rate_h4|resid,0.5064102564102564,0.012820512820512775,0.933206976919606,1,0.9773428196447744,0.9264902534530837,76,24,1,0.22115384615384615,raw_delta_mm,rate_h4,resid
triploid,fc_corr_mm|sat_asymptote|resid,0.5059523809523809,0.011904761904761862,0.9396008322544274,1,1.2792922366790624,0.5111077854841908,73,24,1,0.22115384615384615,fc_corr_mm,sat_asymptote,resid
triploid,raw_delta_mm|peak_value|none,0.49439102564102566,-0.011217948717948678,0.942095857778815,1,0.9686481666519032,0.8980277515556029,76,24,1,0.22115384615384615,raw_delta_mm,peak_value,none
triploid,raw_rfu|quad_coef|resid,0.5056089743589743,0.011217948717948678,0.942095857778815,1,1.0832610419550575,0.7473355547022908,76,24,1,0.22115384615384615,raw_rfu,quad_coef,resid
triploid,raw_rfu|sat_k|resid,0.49489795918367346,-0.010204081632653073,0.9488793309141276,1,0.831016844511397,0.45225643754159606,73,24,1,0.22115384615384615,raw_rfu,sat_k,resid
triploid,raw_delta_mm|sat_k|resid,0.49489795918367346,-0.010204081632653073,0.9488793309141276,1,0.8310167968086151,0.45225629663527434,73,24,1,0.22115384615384615,raw_delta_mm,sat_k,resid
triploid,fc_corr|rate_h4|resid,0.5048076923076923,0.009615384615384581,0.9509919564925379,1,0.9993897675721013,0.9980393366821898,76,24,1,0.22115384615384615,fc_corr,rate_h4,resid
triploid,fc_corr_mm|auc_0_2h|none,0.5040064102564102,0.008012820512820484,0.9598941671992236,1,0.9764234889540342,0.9235148427303376,76,24,1,0.22115384615384615,fc_corr_mm,auc_0_2h,none
triploid,fc_corr|initial_slope|none,0.5032051282051282,0.0064102564102563875,0.9688013817506629,1,0.9966782173844931,0.989310896163187,76,24,1,0.22115384615384615,fc_corr,initial_slope,none
triploid,fc_corr|auc_0_1h|none,0.5032051282051282,0.0064102564102563875,0.9688013817506629,1,0.9966782173844931,0.989310896163187,76,24,1,0.22115384615384615,fc_corr,auc_0_1h,none
triploid,raw_rfu|rate_h4|resid,0.5032051282051282,0.0064102564102563875,0.9688013817506629,1,1.0010819485700053,0.9965268717870991,76,24,1,0.22115384615384615,raw_rfu,rate_h4,resid
triploid,raw_rfu|rate_last_first_ratio|none,0.49759615384615385,-0.004807692307692291,0.9777124901257956,1,1.0682914052648365,0.7925044022122798,76,24,1,0.22115384615384615,raw_rfu,rate_last_first_ratio,none
triploid,fc_corr|stability_cv|none,0.49759615384615385,-0.004807692307692291,0.9777124901257956,1,1.043768446145985,0.8647234114803724,76,24,1,0.22115384615384615,fc_corr,stability_cv,none
triploid,fc_corr|rate_last_first_ratio|none,0.49759615384615385,-0.004807692307692291,0.9777124901257956,1,1.0674796760485352,0.7948035592446254,76,24,1,0.22115384615384615,fc_corr,rate_last_first_ratio,none
triploid,fc_corr_mm|rate_h3|resid,0.5024038461538461,0.004807692307692291,0.9777124901257956,1,1.0660561458867694,0.7991582525935512,76,24,1,0.22115384615384615,fc_corr_mm,rate_h3,resid
triploid,raw_delta|stability_cv|none,0.4983974358974359,-0.0032051282051281937,0.9866263808456868,1,1.0439784526880498,0.8641034212513476,76,24,1,0.22115384615384615,raw_delta,stability_cv,none
triploid,fc_corr_mm|auc_early|none,0.5016025641025641,0.0032051282051281937,0.9866263808456868,1,0.9692180433754554,0.8999102811477081,76,24,1,0.22115384615384615,fc_corr_mm,auc_early,none
triploid,raw_rfu|rate_last_first_ratio|resid,0.4983974358974359,-0.0032051282051281937,0.9866263808456868,1,1.0572450680704129,0.8245026247724069,76,24,1,0.22115384615384615,raw_rfu,rate_last_first_ratio,resid
triploid,fc_corr|rate_last_first_ratio|resid,0.4983974358974359,-0.0032051282051281937,0.9866263808456868,1,1.0567048797324285,0.8260647529920365,76,24,1,0.22115384615384615,fc_corr,rate_last_first_ratio,resid
triploid,fc_corr_mm|rate_h4|resid,0.5016025641025641,0.0032051282051281937,0.9866263808456868,1,0.9761599993787381,0.9225979373294357,76,24,1,0.22115384615384615,fc_corr_mm,rate_h4,resid
triploid,raw_delta_mm|value_2h|resid,0.4983974358974359,-0.0032051282051281937,0.9866263808456868,1,0.9092385945777027,0.7015437575647923,76,24,1,0.22115384615384615,raw_delta_mm,value_2h,resid
triploid,fc_corr|auc_0_2h|none,0.49919871794871795,-0.0016025641025640969,0.995541941389411,1,0.9597646905963171,0.8684660658121239,76,24,1,0.22115384615384615,fc_corr,auc_0_2h,none
triploid,raw_delta_mm|rate_h3|resid,0.49919871794871795,-0.0016025641025640969,0.995541941389411,1,1.091564637913839,0.7285119776196446,76,24,1,0.22115384615384615,raw_delta_mm,rate_h3,resid
triploid,fc_corr|auc_early|none,0.5,0,1,1,0.9535420776535877,0.8478535979521857,76,24,1,0.22115384615384615,fc_corr,auc_early,none
triploid,raw_delta_mm|auc_total|none,0.5,0,1,1,0.9765930059285407,0.9241027564628105,76,24,1,0.22115384615384615,raw_delta_mm,auc_total,none
