stratum,phenotype,index_id,n,spearman_rho,p,q_bh,fw_perm_p,null_best_rho_95,scale,feature,adjustment
diploid,condition_index,raw_rfu|delta_auc_late_minus_early|none,71,-0.34996646545942317,0.0027738116784582533,0.15885683256387084,0.091,0.37540022745166646,raw_rfu,delta_auc_late_minus_early,none
diploid,condition_index,fc_corr|delta_auc_late_minus_early|none,71,-0.34376257545271627,0.0033333559093090487,0.15885683256387084,0.103,0.37540022745166646,fc_corr,delta_auc_late_minus_early,none
diploid,condition_index,raw_delta_mm|sat_asymptote|resid,70,-0.34234975067798096,0.003720446319061855,0.15885683256387084,0.104,0.37540022745166646,raw_delta_mm,sat_asymptote,resid
diploid,condition_index,raw_rfu|sat_asymptote|resid,70,-0.3353862304260345,0.004536578378697872,0.15885683256387084,0.126,0.37540022745166646,raw_rfu,sat_asymptote,resid
diploid,condition_index,fc_corr_mm|sat_asymptote|resid,70,-0.334476423759951,0.0046541476021638,0.15885683256387084,0.128,0.37540022745166646,fc_corr_mm,sat_asymptote,resid
diploid,condition_index,raw_delta_mm|delta_auc_late_minus_early|none,71,-0.33226022803487587,0.004641962393706403,0.15885683256387084,0.134,0.37540022745166646,raw_delta_mm,delta_auc_late_minus_early,none
diploid,condition_index,raw_delta_mm|delta_auc_late_minus_early|resid,71,-0.32454728370221325,0.0057568992633319225,0.15885683256387084,0.158,0.37540022745166646,raw_delta_mm,delta_auc_late_minus_early,resid
diploid,condition_index,fc_corr|sat_asymptote|resid,70,-0.32446855043303297,0.006136723838067841,0.15885683256387084,0.158,0.37540022745166646,fc_corr,sat_asymptote,resid
diploid,condition_index,raw_rfu|delta_auc_late_minus_early|resid,71,-0.3240778001341381,0.005831816410206833,0.15885683256387084,0.159,0.37540022745166646,raw_rfu,delta_auc_late_minus_early,resid
diploid,condition_index,raw_rfu|lin_slope|none,71,-0.31928236083165656,0.006647670267713611,0.15885683256387084,0.173,0.37540022745166646,raw_rfu,lin_slope,none
diploid,condition_index,fc_corr_mm|delta_auc_late_minus_early|resid,71,-0.31837692823608316,0.0068125028344503845,0.15885683256387084,0.179,0.37540022745166646,fc_corr_mm,delta_auc_late_minus_early,resid
diploid,condition_index,fc_corr|delta_auc_late_minus_early|resid,71,-0.31341381623071757,0.0077813856943092724,0.15885683256387084,0.206,0.37540022745166646,fc_corr,delta_auc_late_minus_early,resid
diploid,condition_index,fc_corr_mm|delta_auc_late_minus_early|none,71,-0.3128437290409121,0.00790005914405127,0.15885683256387084,0.207,0.37540022745166646,fc_corr_mm,delta_auc_late_minus_early,none
diploid,condition_index,raw_rfu|sat_asymptote|none,70,-0.2968244248097279,0.012588355129601098,0.15885683256387084,0.278,0.37540022745166646,raw_rfu,sat_asymptote,none
diploid,condition_index,raw_delta|late_early_auc_ratio|resid,71,-0.2937625754527162,0.01290149275140932,0.15885683256387084,0.286,0.37540022745166646,raw_delta,late_early_auc_ratio,resid
diploid,condition_index,fc_corr|late_early_auc_ratio|resid,71,-0.2937625754527162,0.01290149275140932,0.15885683256387084,0.286,0.37540022745166646,fc_corr,late_early_auc_ratio,resid
diploid,condition_index,raw_delta|frac_auc_first_half|resid,71,0.2930248155600268,0.013140348758938682,0.15885683256387084,0.289,0.37540022745166646,raw_delta,frac_auc_first_half,resid
diploid,condition_index,fc_corr|frac_auc_first_half|resid,71,0.29215291750503014,0.013427555127633937,0.15885683256387084,0.295,0.37540022745166646,fc_corr,frac_auc_first_half,resid
diploid,condition_index,fc_corr|lin_slope|none,71,-0.2912474849094567,0.013731534466856618,0.15885683256387084,0.3,0.37540022745166646,fc_corr,lin_slope,none
diploid,condition_index,fc_corr|sat_asymptote|none,70,-0.2895809640451404,0.015035259718766198,0.15885683256387084,0.305,0.37540022745166646,fc_corr,sat_asymptote,none
diploid,condition_index,raw_delta_mm|lin_slope|none,71,-0.28799463447350765,0.014873158427596853,0.15885683256387084,0.313,0.37540022745166646,raw_delta_mm,lin_slope,none
diploid,condition_index,raw_rfu|late_early_auc_ratio|resid,71,-0.2862173038229376,0.015530809499041927,0.15885683256387084,0.324,0.37540022745166646,raw_rfu,late_early_auc_ratio,resid
diploid,condition_index,raw_rfu|value_4h|none,71,-0.28470824949698187,0.01610868795263769,0.15885683256387084,0.333,0.37540022745166646,raw_rfu,value_4h,none
diploid,condition_index,raw_rfu|frac_auc_first_half|resid,71,0.2802481556002682,0.017925906626491232,0.15885683256387084,0.357,0.37540022745166646,raw_rfu,frac_auc_first_half,resid
diploid,condition_index,raw_rfu|final_value|none,71,-0.2800134138162307,0.018026229037778244,0.15885683256387084,0.357,0.37540022745166646,raw_rfu,final_value,none
diploid,condition_index,raw_rfu|final_delta|none,71,-0.2779678068410462,0.018921006995747898,0.15885683256387084,0.365,0.37540022745166646,raw_rfu,final_delta,none
diploid,condition_index,raw_rfu|inflection_time|resid,71,-0.2778336686787391,0.018980985182253187,0.15885683256387084,0.365,0.37540022745166646,raw_rfu,inflection_time,resid
diploid,condition_index,raw_rfu|lin_slope|resid,71,-0.2769617706237424,0.019374820179514692,0.15885683256387084,0.373,0.37540022745166646,raw_rfu,lin_slope,resid
diploid,condition_index,raw_delta|value_4h|none,71,-0.27676056338028165,0.01946669037468767,0.15885683256387084,0.375,0.37540022745166646,raw_delta,value_4h,none
diploid,condition_index,raw_rfu|peak_value|none,71,-0.27615694164989935,0.019744537410865997,0.15885683256387084,0.381,0.37540022745166646,raw_rfu,peak_value,none
diploid,condition_index,fc_corr|lin_slope|resid,71,-0.2753521126760563,0.020120263044717566,0.15885683256387084,0.387,0.37540022745166646,fc_corr,lin_slope,resid
diploid,condition_index,raw_rfu|metabolic_scope|none,71,-0.274748490945674,0.02040604643653206,0.15885683256387084,0.392,0.37540022745166646,raw_rfu,metabolic_scope,none
diploid,condition_index,fc_corr_mm|rate_h2|resid,71,-0.27448021462105965,0.020534168503596677,0.15885683256387084,0.395,0.37540022745166646,fc_corr_mm,rate_h2,resid
diploid,condition_index,raw_delta_mm|lin_slope|resid,71,-0.27427900737759886,0.020630709715655796,0.15885683256387084,0.395,0.37540022745166646,raw_delta_mm,lin_slope,resid
diploid,condition_index,raw_rfu|mean_rate|none,71,-0.27263581488933597,0.02143371600842203,0.15885683256387084,0.41,0.37540022745166646,raw_rfu,mean_rate,none
diploid,condition_index,fc_corr|value_4h|none,71,-0.27002012072434606,0.022766839574815154,0.15885683256387084,0.422,0.37540022745166646,fc_corr,value_4h,none
diploid,condition_index,fc_corr_mm|lin_slope|resid,71,-0.2691817572099262,0.023208762511013028,0.15885683256387084,0.426,0.37540022745166646,fc_corr_mm,lin_slope,resid
diploid,condition_index,raw_rfu|value_3h|none,71,-0.2678403755868544,0.023930984480529976,0.15885683256387084,0.436,0.37540022745166646,raw_rfu,value_3h,none
diploid,condition_index,fc_corr|mean_rate|none,71,-0.26777330650570086,0.02396759044850922,0.15885683256387084,0.436,0.37540022745166646,fc_corr,mean_rate,none
diploid,condition_index,raw_delta|value_3h|none,71,-0.26683433936955064,0.024485081199835605,0.15885683256387084,0.441,0.37540022745166646,raw_delta,value_3h,none
diploid,condition_index,fc_corr|final_value|none,71,-0.2657276995305164,0.025107107539384842,0.15885683256387084,0.45,0.37540022745166646,fc_corr,final_value,none
diploid,condition_index,fc_corr|rate_h2|resid,71,-0.26468812877263576,0.02570357135064508,0.15885683256387084,0.456,0.37540022745166646,fc_corr,rate_h2,resid
diploid,condition_index,fc_corr|rate_h2|none,71,-0.2634473507712944,0.026431128835480856,0.15885683256387084,0.463,0.37540022745166646,fc_corr,rate_h2,none
diploid,condition_index,raw_rfu|rate_h2|resid,71,-0.26321260898725685,0.0265707142543238,0.15885683256387084,0.464,0.37540022745166646,raw_rfu,rate_h2,resid
diploid,condition_index,fc_corr|peak_value|none,71,-0.2618041582830315,0.027421368616172365,0.15885683256387084,0.47,0.37540022745166646,fc_corr,peak_value,none
diploid,condition_index,raw_rfu|rate_h2|none,71,-0.2610999329309188,0.027855240617471834,0.15885683256387084,0.474,0.37540022745166646,raw_rfu,rate_h2,none
diploid,condition_index,raw_rfu|auc_late|none,71,-0.2605633802816901,0.028189682300244857,0.15885683256387084,0.477,0.37540022745166646,raw_rfu,auc_late,none
diploid,condition_index,raw_delta_mm|rate_h2|resid,71,-0.25888665325285043,0.029256702737951733,0.15885683256387084,0.483,0.37540022745166646,raw_delta_mm,rate_h2,resid
diploid,condition_index,raw_rfu|inflection_time|none,71,-0.25882474362770036,0.029296742047173464,0.15885683256387084,0.483,0.37540022745166646,raw_rfu,inflection_time,none
diploid,condition_index,raw_delta|auc_late|none,71,-0.25697518443997314,0.03051436315917994,0.15885683256387084,0.499,0.37540022745166646,raw_delta,auc_late,none
diploid,condition_index,raw_delta|late_early_auc_ratio|none,71,-0.25412474849094563,0.03247397393290473,0.15885683256387084,0.516,0.37540022745166646,raw_delta,late_early_auc_ratio,none
diploid,condition_index,raw_delta|frac_auc_first_half|none,71,0.25412474849094563,0.03247397393290473,0.15885683256387084,0.516,0.37540022745166646,raw_delta,frac_auc_first_half,none
diploid,condition_index,fc_corr|late_early_auc_ratio|none,71,-0.2537894030851777,0.03271129772762781,0.15885683256387084,0.521,0.37540022745166646,fc_corr,late_early_auc_ratio,none
diploid,condition_index,fc_corr|frac_auc_first_half|none,71,0.2537894030851777,0.03271129772762781,0.15885683256387084,0.521,0.37540022745166646,fc_corr,frac_auc_first_half,none
diploid,condition_index,raw_rfu|t_half|resid,71,-0.2518443997317237,0.03411659718833974,0.15885683256387084,0.537,0.37540022745166646,raw_rfu,t_half,resid
diploid,condition_index,raw_delta_mm|sat_asymptote|none,70,-0.25171900971043654,0.03554553422273474,0.15885683256387084,0.538,0.37540022745166646,raw_delta_mm,sat_asymptote,none
diploid,condition_index,fc_corr|value_3h|none,71,-0.25114017437961095,0.03463770103612139,0.15885683256387084,0.543,0.37540022745166646,fc_corr,value_3h,none
diploid,condition_index,raw_delta|value_4h|resid,71,-0.24973172367538563,0.035699868741078625,0.15885683256387084,0.549,0.37540022745166646,raw_delta,value_4h,resid
diploid,condition_index,fc_corr|t_half|resid,71,-0.24882629107981216,0.036396934655812854,0.15885683256387084,0.551,0.37540022745166646,fc_corr,t_half,resid
diploid,condition_index,raw_rfu|late_early_auc_ratio|none,71,-0.2487592219986586,0.03644901731228714,0.15885683256387084,0.551,0.37540022745166646,raw_rfu,late_early_auc_ratio,none
diploid,condition_index,raw_rfu|frac_auc_first_half|none,71,0.2487592219986586,0.03644901731228714,0.15885683256387084,0.551,0.37540022745166646,raw_rfu,frac_auc_first_half,none
diploid,condition_index,raw_rfu|value_4h|resid,71,-0.2487256874580818,0.0364750819234458,0.15885683256387084,0.551,0.37540022745166646,raw_rfu,value_4h,resid
diploid,condition_index,raw_delta_mm|value_3h|none,71,-0.24802146210596912,0.0370260370558574,0.15885683256387084,0.558,0.37540022745166646,raw_delta_mm,value_3h,none
diploid,condition_index,fc_corr_mm|lin_slope|none,71,-0.2464788732394366,0.03825713680844869,0.15885683256387084,0.566,0.37540022745166646,fc_corr_mm,lin_slope,none
diploid,condition_index,raw_delta|stability_cv|resid,71,-0.2462776659959758,0.03842019582949473,0.15885683256387084,0.567,0.37540022745166646,raw_delta,stability_cv,resid
diploid,condition_index,fc_corr|stability_cv|resid,71,-0.2462776659959758,0.03842019582949473,0.15885683256387084,0.567,0.37540022745166646,fc_corr,stability_cv,resid
diploid,condition_index,raw_rfu|final_value|resid,71,-0.24527162977867198,0.039244181197643904,0.15885683256387084,0.575,0.37540022745166646,raw_rfu,final_value,resid
diploid,condition_index,raw_delta_mm|peak_value|resid,71,-0.2441649899396378,0.04016746145662087,0.15885683256387084,0.584,0.37540022745166646,raw_delta_mm,peak_value,resid
diploid,condition_index,raw_delta_mm|value_4h|none,71,-0.24396378269617702,0.04033725127835358,0.15885683256387084,0.584,0.37540022745166646,raw_delta_mm,value_4h,none
diploid,condition_index,raw_rfu|metabolic_scope|resid,71,-0.24382964453386985,0.04045077483812148,0.15885683256387084,0.585,0.37540022745166646,raw_rfu,metabolic_scope,resid
diploid,condition_index,raw_rfu|mean_rate|resid,71,-0.2435949027498323,0.0406500785256553,0.15885683256387084,0.585,0.37540022745166646,raw_rfu,mean_rate,resid
diploid,condition_index,raw_rfu|peak_value|resid,71,-0.24289067739771963,0.0412528796699844,0.15885683256387084,0.589,0.37540022745166646,raw_rfu,peak_value,resid
diploid,condition_index,raw_rfu|final_delta|resid,71,-0.24258886653252848,0.041513480282449264,0.15885683256387084,0.59,0.37540022745166646,raw_rfu,final_delta,resid
diploid,condition_index,raw_delta_mm|final_value|resid,71,-0.24000670690811535,0.04379926723174423,0.15885683256387084,0.603,0.37540022745166646,raw_delta_mm,final_value,resid
diploid,condition_index,fc_corr|auc_late|none,71,-0.23997317236753854,0.04382962290287848,0.15885683256387084,0.603,0.37540022745166646,fc_corr,auc_late,none
diploid,condition_index,fc_corr|stability_cv|none,71,-0.2395036887994634,0.044256429655429946,0.15885683256387084,0.605,0.37540022745166646,fc_corr,stability_cv,none
diploid,condition_index,raw_delta_mm|mean_rate|resid,71,-0.23943661971830982,0.04431768115787952,0.15885683256387084,0.605,0.37540022745166646,raw_delta_mm,mean_rate,resid
diploid,condition_index,raw_delta_mm|auc_late|none,71,-0.23936955063715626,0.04437900261111553,0.15885683256387084,0.605,0.37540022745166646,raw_delta_mm,auc_late,none
diploid,condition_index,raw_delta|stability_cv|none,71,-0.23913480885311866,0.0445941793955692,0.15885683256387084,0.607,0.37540022745166646,raw_delta,stability_cv,none
diploid,condition_index,raw_delta_mm|peak_value|none,71,-0.2389671361502347,0.04474840353911855,0.15885683256387084,0.608,0.37540022745166646,raw_delta_mm,peak_value,none
diploid,condition_index,raw_delta_mm|value_4h|resid,71,-0.23755868544600936,0.04606133513228692,0.16149900219221586,0.617,0.37540022745166646,raw_delta_mm,value_4h,resid
diploid,condition_index,raw_delta_mm|value_3h|resid,71,-0.2355466130114017,0.04799184346146386,0.16248498024507002,0.629,0.37540022745166646,raw_delta_mm,value_3h,resid
diploid,condition_index,fc_corr_mm|peak_value|resid,71,-0.23423876592890674,0.04928196870289804,0.16248498024507002,0.638,0.37540022745166646,fc_corr_mm,peak_value,resid
diploid,condition_index,fc_corr_mm|final_value|resid,71,-0.2328638497652582,0.05066880197228191,0.16248498024507002,0.648,0.37540022745166646,fc_corr_mm,final_value,resid
diploid,condition_index,fc_corr_mm|mean_rate|resid,71,-0.23252850435949027,0.05101186045015807,0.16248498024507002,0.65,0.37540022745166646,fc_corr_mm,mean_rate,resid
diploid,condition_index,raw_delta_mm|auc_late|resid,71,-0.23135479543930246,0.05222757644188976,0.16248498024507002,0.661,0.37540022745166646,raw_delta_mm,auc_late,resid
diploid,condition_index,fc_corr_mm|value_4h|resid,71,-0.2311200536552649,0.05247354074862205,0.16248498024507002,0.663,0.37540022745166646,fc_corr_mm,value_4h,resid
diploid,condition_index,raw_delta_mm|final_value|none,71,-0.23108651911468808,0.05250875569965254,0.16248498024507002,0.664,0.37540022745166646,raw_delta_mm,final_value,none
diploid,condition_index,raw_delta_mm|mean_rate|none,71,-0.23085177733065054,0.05275580175410651,0.16248498024507002,0.665,0.37540022745166646,raw_delta_mm,mean_rate,none
diploid,condition_index,fc_corr_mm|rate_h2|none,71,-0.2305499664654594,0.053074827612449034,0.16248498024507002,0.667,0.37540022745166646,fc_corr_mm,rate_h2,none
diploid,condition_index,raw_delta|value_3h|resid,71,-0.23044936284372902,0.053181519222844045,0.16248498024507002,0.667,0.37540022745166646,raw_delta,value_3h,resid
diploid,condition_index,fc_corr_mm|sat_asymptote|none,70,-0.22935876126323154,0.056140060106181444,0.16248498024507002,0.671,0.37540022745166646,fc_corr_mm,sat_asymptote,none
diploid,condition_index,raw_rfu|value_3h|resid,71,-0.22914151576123404,0.05458452396665476,0.16248498024507002,0.674,0.37540022745166646,raw_rfu,value_3h,resid
diploid,condition_index,raw_delta_mm|rate_h2|none,71,-0.2288061703554661,0.05494909111821551,0.16248498024507002,0.676,0.37540022745166646,raw_delta_mm,rate_h2,none
diploid,condition_index,raw_rfu|stability_cv|resid,71,-0.2288061703554661,0.05494909111821551,0.16248498024507002,0.676,0.37540022745166646,raw_rfu,stability_cv,resid
diploid,condition_index,raw_rfu|auc_late|resid,71,-0.22793427230046945,0.055906265409050825,0.16248498024507002,0.682,0.37540022745166646,raw_rfu,auc_late,resid
diploid,condition_index,fc_corr|mean_rate|resid,71,-0.22776659959758547,0.05609188538687541,0.16248498024507002,0.683,0.37540022745166646,fc_corr,mean_rate,resid
diploid,condition_index,raw_delta|auc_late|resid,71,-0.22719651240778,0.05672675106987863,0.16248498024507002,0.687,0.37540022745166646,raw_delta,auc_late,resid
diploid,condition_index,raw_rfu|t_half|none,71,-0.2270959087860496,0.05683939092884106,0.16248498024507002,0.687,0.37540022745166646,raw_rfu,t_half,none
diploid,condition_index,raw_rfu|auc_total|none,71,-0.22629107981220656,0.05774707693007196,0.16248498024507002,0.694,0.37540022745166646,raw_rfu,auc_total,none
diploid,condition_index,fc_corr|peak_value|resid,71,-0.22625754527162975,0.05778515142518336,0.16248498024507002,0.695,0.37540022745166646,fc_corr,peak_value,resid
diploid,condition_index,fc_corr|t_half|none,71,-0.22568745808182425,0.05843554603954071,0.16270289289440745,0.698,0.37540022745166646,fc_corr,t_half,none
diploid,condition_index,fc_corr|value_4h|resid,71,-0.22448021462105966,0.05983248789510639,0.16478430384686674,0.703,0.37540022745166646,fc_corr,value_4h,resid
diploid,condition_index,fc_corr|final_value|resid,71,-0.22404426559356133,0.060343547887585,0.16478430384686674,0.704,0.37540022745166646,fc_corr,final_value,resid
diploid,condition_index,fc_corr_mm|value_3h|none,71,-0.22344064386317905,0.0610570060161559,0.16514466389131693,0.709,0.37540022745166646,fc_corr_mm,value_3h,none
diploid,condition_index,fc_corr_mm|peak_value|none,71,-0.2220992622401073,0.06266694482013292,0.1679001163105448,0.722,0.37540022745166646,fc_corr_mm,peak_value,none
diploid,condition_index,raw_rfu|stability_cv|none,71,-0.21958417169684774,0.06577803667511178,0.17458843379188546,0.732,0.37540022745166646,raw_rfu,stability_cv,none
diploid,condition_index,raw_delta|auc_total|none,71,-0.21841046277665993,0.06727188758646409,0.17690014883847965,0.739,0.37540022745166646,raw_delta,auc_total,none
diploid,condition_index,fc_corr_mm|value_3h|resid,71,-0.21589537223340038,0.0705649680174561,0.1838573478619957,0.752,0.37540022745166646,fc_corr_mm,value_3h,resid
diploid,condition_index,fc_corr_mm|final_value|none,71,-0.21441985244802142,0.07255631397401537,0.18690154255538904,0.761,0.37540022745166646,fc_corr_mm,final_value,none
diploid,condition_index,fc_corr_mm|mean_rate|none,71,-0.21384976525821592,0.07333764407058603,0.18690154255538904,0.764,0.37540022745166646,fc_corr_mm,mean_rate,none
diploid,condition_index,fc_corr_mm|auc_late|resid,71,-0.21358148893360157,0.07370765058522386,0.18690154255538904,0.767,0.37540022745166646,fc_corr_mm,auc_late,resid
diploid,condition_index,fc_corr_mm|value_4h|none,71,-0.21187122736418507,0.07610166683744035,0.1895866086125707,0.773,0.37540022745166646,fc_corr_mm,value_4h,none
diploid,condition_index,fc_corr|value_3h|resid,71,-0.21187122736418507,0.07610166683744035,0.1895866086125707,0.773,0.37540022745166646,fc_corr,value_3h,resid
diploid,condition_index,fc_corr_mm|auc_late|none,71,-0.20633802816901406,0.08427448275525311,0.20812133132601637,0.801,0.37540022745166646,fc_corr_mm,auc_late,none
diploid,condition_index,raw_rfu|value_2h|none,71,-0.20456069751844397,0.08704225474008719,0.21310345126021343,0.812,0.37540022745166646,raw_rfu,value_2h,none
diploid,condition_index,fc_corr|auc_late|resid,71,-0.20231388329979877,0.09064326978520602,0.2200229796495599,0.825,0.37540022745166646,fc_corr,auc_late,resid
diploid,condition_index,fc_corr|auc_total|none,71,-0.2004024144869215,0.09379819655451223,0.2249275296836117,0.833,0.37540022745166646,fc_corr,auc_total,none
diploid,condition_index,raw_delta|value_2h|none,71,-0.20013413816230713,0.09424780293080913,0.2249275296836117,0.837,0.37540022745166646,raw_delta,value_2h,none
diploid,condition_index,raw_delta_mm|auc_total|resid,71,-0.19141515761234068,0.10980090800955669,0.25828019197180513,0.887,0.37540022745166646,raw_delta_mm,auc_total,resid
diploid,condition_index,raw_rfu|time_to_vmax|none,71,-0.19128782359956034,0.11004191277671979,0.25828019197180513,0.888,0.37540022745166646,raw_rfu,time_to_vmax,none
diploid,condition_index,raw_delta_mm|auc_total|none,71,-0.18547954393024815,0.12147588722170331,0.2827799341882274,0.905,0.37540022745166646,raw_delta_mm,auc_total,none
diploid,condition_index,fc_corr|value_2h|none,71,-0.1832662642521797,0.12606436850217712,0.29107545247657157,0.909,0.37540022745166646,fc_corr,value_2h,none
diploid,condition_index,raw_rfu|auc_0_3h|none,71,-0.18185781354795438,0.12905231983905704,0.2943500955051718,0.912,0.37540022745166646,raw_rfu,auc_0_3h,none
diploid,condition_index,raw_delta|auc_total|resid,71,-0.1816230717639168,0.12955549978220593,0.2943500955051718,0.913,0.37540022745166646,raw_delta,auc_total,resid
diploid,condition_index,raw_delta|auc_0_3h|none,71,-0.18105298457411131,0.13078371015625473,0.2947823308283837,0.915,0.37540022745166646,raw_delta,auc_0_3h,none
diploid,condition_index,raw_rfu|auc_total|resid,71,-0.18004694835680748,0.13297265969433736,0.29735618388340007,0.918,0.37540022745166646,raw_rfu,auc_total,resid
diploid,condition_index,fc_corr|auc_0_3h|none,71,-0.17575452716297782,0.1426247927044613,0.3164487588130235,0.927,0.37540022745166646,fc_corr,auc_0_3h,none
diploid,condition_index,raw_delta_mm|value_2h|resid,71,-0.173775989268947,0.1472469918692018,0.32417167202211866,0.933,0.37540022745166646,raw_delta_mm,value_2h,resid
diploid,condition_index,fc_corr_mm|auc_total|resid,71,-0.16884641180415827,0.1592493409779986,0.3478985602903969,0.946,0.37540022745166646,fc_corr_mm,auc_total,resid
diploid,condition_index,raw_delta_mm|value_2h|none,71,-0.16562709590878605,0.1674691711108527,0.3630629358433753,0.954,0.37540022745166646,raw_delta_mm,value_2h,none
diploid,condition_index,raw_rfu|vmax|none,71,-0.1636150234741784,0.17276241921062366,0.37170096254406904,0.958,0.37540022745166646,raw_rfu,vmax,none
diploid,condition_index,raw_rfu|value_2h|resid,71,-0.16207243460764587,0.1769026821300711,0.3739847838909688,0.961,0.37540022745166646,raw_rfu,value_2h,resid
diploid,condition_index,raw_delta|value_2h|resid,71,-0.16167002012072432,0.1779945445394322,0.3739847838909688,0.961,0.37540022745166646,raw_delta,value_2h,resid
diploid,condition_index,fc_corr_mm|value_2h|resid,71,-0.16140174379610997,0.1787251733711299,0.3739847838909688,0.962,0.37540022745166646,fc_corr_mm,value_2h,resid
diploid,condition_index,fc_corr|value_2h|resid,71,-0.1612676056338028,0.17909130496187237,0.3739847838909688,0.962,0.37540022745166646,fc_corr,value_2h,resid
diploid,condition_index,fc_corr_mm|auc_total|none,71,-0.1606304493628437,0.1808378814776485,0.37487560831862904,0.963,0.37540022745166646,fc_corr_mm,auc_total,none
diploid,condition_index,fc_corr|auc_total|resid,71,-0.15881958417169684,0.18586931229408674,0.3825136571849321,0.968,0.37540022745166646,fc_corr,auc_total,resid
diploid,condition_index,fc_corr|vmax|none,71,-0.15821596244131456,0.18756873933073193,0.38323397100667533,0.971,0.37540022745166646,fc_corr,vmax,none
diploid,condition_index,raw_rfu|time_to_peak|none,71,0.15530623939684482,0.19591820778878788,0.3974340786572554,0.973,0.37540022745166646,raw_rfu,time_to_peak,none
diploid,condition_index,fc_corr|sat_k|resid,70,0.15391479310646486,0.20331885547480483,0.4030445237017077,0.975,0.37540022745166646,fc_corr,sat_k,resid
diploid,condition_index,fc_corr_mm|sat_k|resid,70,0.15391479310646486,0.20331885547480483,0.4030445237017077,0.975,0.37540022745166646,fc_corr_mm,sat_k,resid
diploid,condition_index,raw_rfu|sat_k|resid,70,0.15356486746566353,0.20436060356706304,0.4030445237017077,0.975,0.37540022745166646,raw_rfu,sat_k,resid
diploid,condition_index,raw_delta_mm|sat_k|resid,70,0.15356486746566353,0.20436060356706304,0.4030445237017077,0.975,0.37540022745166646,raw_delta_mm,sat_k,resid
diploid,condition_index,raw_delta_mm|auc_0_3h|resid,71,-0.1509389671361502,0.20894482255939503,0.4092436524611599,0.981,0.37540022745166646,raw_delta_mm,auc_0_3h,resid
diploid,condition_index,raw_delta_mm|auc_0_3h|none,71,-0.14362843729040908,0.23210248372780548,0.4514870231417586,0.992,0.37540022745166646,raw_delta_mm,auc_0_3h,none
diploid,condition_index,raw_rfu|auc_0_3h|resid,71,-0.13987256874580817,0.24466848474753067,0.4680922073572341,0.993,0.37540022745166646,raw_rfu,auc_0_3h,resid
diploid,condition_index,raw_delta|auc_0_3h|resid,71,-0.1396713615023474,0.24535459214855496,0.4680922073572341,0.994,0.37540022745166646,raw_delta,auc_0_3h,resid
diploid,condition_index,raw_rfu|rate_h3|none,71,-0.1396042924211938,0.24558358766277424,0.4680922073572341,0.994,0.37540022745166646,raw_rfu,rate_h3,none
diploid,condition_index,raw_rfu|quad_coef|none,71,0.13876592890677394,0.24845840399368,0.4704145782280341,0.994,0.37540022745166646,raw_rfu,quad_coef,none
diploid,condition_index,raw_rfu|time_to_vmax|resid,71,-0.13698859825620385,0.25462892367161855,0.47890473061417,0.994,0.37540022745166646,raw_rfu,time_to_vmax,resid
diploid,condition_index,raw_rfu|sat_k|none,70,0.13610357798967718,0.2612430437810721,0.48492172832565017,0.996,0.37540022745166646,raw_rfu,sat_k,none
diploid,condition_index,raw_delta_mm|sat_k|none,70,0.13610357798967718,0.2612430437810721,0.48492172832565017,0.996,0.37540022745166646,raw_delta_mm,sat_k,none
diploid,condition_index,fc_corr|sat_k|none,70,0.13235937363310296,0.2747132894084706,0.4969335935796539,0.997,0.37540022745166646,fc_corr,sat_k,none
diploid,condition_index,fc_corr_mm|sat_k|none,70,0.13235937363310296,0.2747132894084706,0.4969335935796539,0.997,0.37540022745166646,fc_corr_mm,sat_k,none
diploid,condition_index,fc_corr_mm|value_2h|none,71,-0.1317907444668008,0.273269483122454,0.4969335935796539,0.997,0.37540022745166646,fc_corr_mm,value_2h,none
diploid,condition_index,fc_corr_mm|auc_0_3h|none,71,-0.1316901408450704,0.27363904266536,0.4969335935796539,0.997,0.37540022745166646,fc_corr_mm,auc_0_3h,none
diploid,condition_index,raw_rfu|auc_early|none,71,-0.13034875922199865,0.27859843104041676,0.4985140212896786,0.998,0.37540022745166646,raw_rfu,auc_early,none
diploid,condition_index,raw_delta_mm|vmax|none,71,-0.13021462105969145,0.2790976386797848,0.4985140212896786,0.998,0.37540022745166646,raw_delta_mm,vmax,none
diploid,condition_index,raw_rfu|sat_r2|none,70,0.12599072697051875,0.29867345496077746,0.5290988141686566,0.999,0.37540022745166646,raw_rfu,sat_r2,none
diploid,condition_index,fc_corr|auc_early|none,71,-0.12474849094567403,0.29994686296180884,0.5290988141686566,0.999,0.37540022745166646,fc_corr,auc_early,none
diploid,condition_index,fc_corr|sat_r2|none,70,0.12455603184323331,0.30425379160998023,0.532324022324668,0.999,0.37540022745166646,fc_corr,sat_r2,none
diploid,condition_index,fc_corr_mm|auc_0_3h|resid,71,-0.12290409121395035,0.3072052697766349,0.532324022324668,0.999,0.37540022745166646,fc_corr_mm,auc_0_3h,resid
diploid,condition_index,raw_delta|auc_early|none,71,-0.1221327967806841,0.31027405134854985,0.532324022324668,0.999,0.37540022745166646,raw_delta,auc_early,none
diploid,condition_index,fc_corr|auc_0_3h|resid,71,-0.12186452045606973,0.31134607730507075,0.532324022324668,0.999,0.37540022745166646,fc_corr,auc_0_3h,resid
diploid,condition_index,raw_delta_mm|vmax|resid,71,-0.12173038229376255,0.31188298514335344,0.532324022324668,0.999,0.37540022745166646,raw_delta_mm,vmax,resid
diploid,condition_index,fc_corr_mm|vmax|none,71,-0.12116029510395705,0.3141714985793472,0.532324022324668,1,0.37540022745166646,fc_corr_mm,vmax,none
diploid,condition_index,fc_corr|auc_0_2h|none,71,-0.1209255533199195,0.3151169592429489,0.532324022324668,1,0.37540022745166646,fc_corr,auc_0_2h,none
diploid,condition_index,raw_rfu|auc_0_2h|none,71,-0.12022132796780682,0.3179643002887001,0.532324022324668,1,0.37540022745166646,raw_rfu,auc_0_2h,none
diploid,condition_index,fc_corr|rate_h3|none,71,-0.12005365526492286,0.3186446612506815,0.532324022324668,1,0.37540022745166646,fc_corr,rate_h3,none
diploid,condition_index,raw_rfu|rate_h3|resid,71,-0.11834339369550635,0.32563754618254603,0.5408249305020062,1,0.37540022745166646,raw_rfu,rate_h3,resid
diploid,condition_index,raw_delta_mm|rate_h3|resid,71,-0.11586183769282359,0.3359562464065443,0.5517715646262831,1,0.37540022745166646,raw_delta_mm,rate_h3,resid
diploid,condition_index,fc_corr_mm|rate_h3|resid,71,-0.11549295774647886,0.33750748900122873,0.5517715646262831,1,0.37540022745166646,fc_corr_mm,rate_h3,resid
diploid,condition_index,fc_corr|sat_r2|resid,70,0.11528300236199807,0.34194294145854165,0.5517715646262831,1,0.37540022745166646,fc_corr,sat_r2,resid
diploid,condition_index,raw_delta_mm|rate_h3|none,71,-0.11512407780013413,0.3390632258227526,0.5517715646262831,1,0.37540022745166646,raw_delta_mm,rate_h3,none
diploid,condition_index,raw_delta|auc_0_2h|none,71,-0.11488933601609656,0.34005557932037855,0.5517715646262831,1,0.37540022745166646,raw_delta,auc_0_2h,none
diploid,condition_index,raw_rfu|sat_r2|resid,70,0.11349838159391129,0.3495177500186395,0.5608081412728453,1,0.37540022745166646,raw_rfu,sat_r2,resid
diploid,condition_index,fc_corr|rate_h3|resid,71,-0.11220657276995304,0.35152580261474353,0.5608613929358829,1,0.37540022745166646,fc_corr,rate_h3,resid
diploid,condition_index,fc_corr_mm|vmax|resid,71,-0.10382293762575451,0.3888904690136037,0.61701057653555,1,0.37540022745166646,fc_corr_mm,vmax,resid
diploid,condition_index,raw_rfu|vmax|resid,71,-0.10298457411133467,0.3927525755171033,0.6196762858158741,1,0.37540022745166646,raw_rfu,vmax,resid
diploid,condition_index,fc_corr|quad_coef|none,71,0.09892689470154259,0.4117641661263459,0.6460830009938245,1,0.37540022745166646,fc_corr,quad_coef,none
diploid,condition_index,raw_delta_mm|quad_coef|none,71,0.09778672032193159,0.4172007988171017,0.6510166311211917,1,0.37540022745166646,raw_delta_mm,quad_coef,none
diploid,condition_index,fc_corr_mm|rate_h3|none,71,-0.0857142857142857,0.4772508119149177,0.7406515332450089,1,0.37540022745166646,fc_corr_mm,rate_h3,none
diploid,condition_index,raw_delta_mm|auc_early|none,71,-0.0846076458752515,0.4829774287611993,0.7454651617835902,1,0.37540022745166646,raw_delta_mm,auc_early,none
diploid,condition_index,fc_corr|vmax|resid,71,-0.08360160965794768,0.4882149487417995,0.7494759213117355,1,0.37540022745166646,fc_corr,vmax,resid
diploid,condition_index,fc_corr_mm|auc_early|resid,71,-0.08252850435949027,0.4938344848824199,0.7540268478849852,1,0.37540022745166646,fc_corr_mm,auc_early,resid
diploid,condition_index,raw_delta_mm|auc_0_2h|none,71,-0.08018108651911468,0.5062442763706901,0.7688415748089626,1,0.37540022745166646,raw_delta_mm,auc_0_2h,none
diploid,condition_index,raw_delta_mm|auc_early|resid,71,-0.07806841046277666,0.5175486900238008,0.781828872163614,1,0.37540022745166646,raw_delta_mm,auc_early,resid
diploid,condition_index,raw_delta_mm|auc_0_2h|resid,71,-0.07696177062374245,0.5235206196810133,0.7827523167801806,1,0.37540022745166646,raw_delta_mm,auc_0_2h,resid
diploid,condition_index,fc_corr_mm|auc_0_2h|resid,71,-0.07689470154258886,0.5238836627925959,0.7827523167801806,1,0.37540022745166646,fc_corr_mm,auc_0_2h,resid
diploid,condition_index,fc_corr_mm|quad_coef|resid,71,0.07642521797451374,0.5264284947359665,0.7827523167801806,1,0.37540022745166646,fc_corr_mm,quad_coef,resid
diploid,condition_index,fc_corr_mm|quad_coef|none,71,0.07481556002682761,0.5352002620486407,0.7916503876136144,1,0.37540022745166646,fc_corr_mm,quad_coef,none
diploid,condition_index,raw_delta_mm|max_drop|resid,71,-0.07347417840375586,0.5425646997478524,0.7983853612869951,1,0.37540022745166646,raw_delta_mm,max_drop,resid
diploid,condition_index,raw_delta_mm|depression_abs|resid,71,-0.07179745137491615,0.5518391631703605,0.8076047305730265,1,0.37540022745166646,raw_delta_mm,depression_abs,resid
diploid,condition_index,raw_delta|auc_early|resid,71,-0.07105969148222668,0.5559439142041367,0.8076047305730265,1,0.37540022745166646,raw_delta,auc_early,resid
diploid,condition_index,fc_corr_mm|auc_early|none,71,-0.07055667337357477,0.5587509372817716,0.8076047305730265,1,0.37540022745166646,fc_corr_mm,auc_early,none
diploid,condition_index,raw_rfu|auc_early|resid,71,-0.07028839704896042,0.560250764523953,0.8076047305730265,1,0.37540022745166646,raw_rfu,auc_early,resid
diploid,condition_index,fc_corr_mm|max_drop|resid,71,-0.06968477531857813,0.5636323352717956,0.8076047305730265,1,0.37540022745166646,fc_corr_mm,max_drop,resid
diploid,condition_index,fc_corr|quad_coef|resid,71,0.0692823608316566,0.5658920471268742,0.8076047305730265,1,0.37540022745166646,fc_corr,quad_coef,resid
diploid,condition_index,raw_rfu|baseline_value|none,71,-0.06830985915492957,0.5713705114143333,0.8083799935550252,1,0.37540022745166646,raw_rfu,baseline_value,none
diploid,condition_index,raw_delta_mm|quad_coef|resid,71,0.0681757209926224,0.5721280940301411,0.8083799935550252,1,0.37540022745166646,raw_delta_mm,quad_coef,resid
diploid,condition_index,raw_rfu|auc_0_2h|resid,71,-0.0669684775318578,0.578967252583553,0.8139935630382625,1,0.37540022745166646,raw_rfu,auc_0_2h,resid
diploid,condition_index,raw_rfu|n_negative_intervals|resid,71,0.06297786720321931,0.6018373585608929,0.8419793587748453,1,0.37540022745166646,raw_rfu,n_negative_intervals,resid
diploid,condition_index,raw_delta|auc_0_2h|resid,71,-0.06193829644533869,0.6078598739412773,0.8450775976446082,1,0.37540022745166646,raw_delta,auc_0_2h,resid
diploid,condition_index,fc_corr_mm|depression_abs|resid,71,-0.06156941649899395,0.6100031954829038,0.8450775976446082,1,0.37540022745166646,fc_corr_mm,depression_abs,resid
diploid,condition_index,fc_corr_mm|auc_0_2h|none,71,-0.05928906773977195,0.6233249783519588,0.85934123229105,1,0.37540022745166646,fc_corr_mm,auc_0_2h,none
diploid,condition_index,raw_rfu|time_to_min_slope|none,71,0.0563640326416816,0.6405906094688616,0.8740204529044997,1,0.37540022745166646,raw_rfu,time_to_min_slope,none
diploid,condition_index,fc_corr|initial_slope|resid,71,0.054426559356136814,0.6521333610664327,0.8740204529044997,1,0.37540022745166646,fc_corr,initial_slope,resid
diploid,condition_index,fc_corr|auc_0_1h|resid,71,0.054426559356136814,0.6521333610664327,0.8740204529044997,1,0.37540022745166646,fc_corr,auc_0_1h,resid
diploid,condition_index,raw_rfu|quad_coef|resid,71,0.05439302481556002,0.6523338769497977,0.8740204529044997,1,0.37540022745166646,raw_rfu,quad_coef,resid
diploid,condition_index,fc_corr|lin_r2|resid,71,-0.0516767270288397,0.6686561997333258,0.8740204529044997,1,0.37540022745166646,fc_corr,lin_r2,resid
diploid,condition_index,raw_rfu|auc_0_1h|none,71,-0.051307847082494966,0.67088488703519,0.8740204529044997,1,0.37540022745166646,raw_rfu,auc_0_1h,none
diploid,condition_index,raw_rfu|lin_r2|resid,71,-0.0505700871898055,0.6753507508967391,0.8740204529044997,1,0.37540022745166646,raw_rfu,lin_r2,resid
diploid,condition_index,raw_rfu|metabolic_depression_index|resid,71,0.05013413816230717,0.6779949463991617,0.8740204529044997,1,0.37540022745166646,raw_rfu,metabolic_depression_index,resid
diploid,condition_index,raw_rfu|resilience_ratio|resid,71,-0.05013413816230717,0.6779949463991617,0.8740204529044997,1,0.37540022745166646,raw_rfu,resilience_ratio,resid
diploid,condition_index,raw_delta|resilience_ratio|resid,71,-0.05013413816230717,0.6779949463991617,0.8740204529044997,1,0.37540022745166646,raw_delta,resilience_ratio,resid
diploid,condition_index,raw_rfu|value_1h|none,71,-0.04969818913480885,0.6806430265254264,0.8740204529044997,1,0.37540022745166646,raw_rfu,value_1h,none
diploid,condition_index,fc_corr|metabolic_depression_index|resid,71,0.04922870556673373,0.6834991169847393,0.8740204529044997,1,0.37540022745166646,fc_corr,metabolic_depression_index,resid
diploid,condition_index,fc_corr|resilience_ratio|resid,71,-0.04922870556673373,0.6834991169847393,0.8740204529044997,1,0.37540022745166646,fc_corr,resilience_ratio,resid
diploid,condition_index,fc_corr_mm|depression_abs|none,71,-0.049203454340585026,0.683652858183754,0.8740204529044997,1,0.37540022745166646,fc_corr_mm,depression_abs,none
diploid,condition_index,raw_delta_mm|depression_abs|none,71,-0.047867258296192136,0.6918064048784478,0.8740204529044997,1,0.37540022745166646,raw_delta_mm,depression_abs,none
diploid,condition_index,fc_corr|auc_early|resid,71,-0.047183098591549295,0.6959948254615117,0.8740204529044997,1,0.37540022745166646,fc_corr,auc_early,resid
diploid,condition_index,fc_corr|depression_abs|none,71,-0.0469240610883854,0.6975830292756134,0.8740204529044997,1,0.37540022745166646,fc_corr,depression_abs,none
diploid,condition_index,fc_corr_mm|max_drop|none,71,-0.04593841344515983,0.7036380081560611,0.8740204529044997,1,0.37540022745166646,fc_corr_mm,max_drop,none
diploid,condition_index,raw_rfu|depression_abs|none,71,-0.045745064578626975,0.7048279524229663,0.8740204529044997,1,0.37540022745166646,raw_rfu,depression_abs,none
diploid,condition_index,raw_rfu|max_drop|none,71,-0.04556523380710004,0.7059353355655527,0.8740204529044997,1,0.37540022745166646,raw_rfu,max_drop,none
diploid,condition_index,fc_corr|max_drop|none,71,-0.04496814638620439,0.7096165100456091,0.8740204529044997,1,0.37540022745166646,fc_corr,max_drop,none
diploid,condition_index,raw_rfu|lin_r2|none,71,-0.044902749832327296,0.7100200990288242,0.8740204529044997,1,0.37540022745166646,raw_rfu,lin_r2,none
diploid,condition_index,raw_delta_mm|max_drop|none,71,-0.04407251525486089,0.7151507008187824,0.8740204529044997,1,0.37540022745166646,raw_delta_mm,max_drop,none
diploid,condition_index,raw_rfu|rate_last_first_ratio|none,71,0.04275653923541247,0.7233088074357464,0.8740204529044997,1,0.37540022745166646,raw_rfu,rate_last_first_ratio,none
diploid,condition_index,raw_rfu|rate_h4|resid,71,-0.042588866532528497,0.7243504924598074,0.8740204529044997,1,0.37540022745166646,raw_rfu,rate_h4,resid
diploid,condition_index,fc_corr|rate_last_first_ratio|none,71,0.04235412474849094,0.7258096901231496,0.8740204529044997,1,0.37540022745166646,fc_corr,rate_last_first_ratio,none
diploid,condition_index,fc_corr|initial_slope|none,71,-0.041716968477531854,0.7297752659556065,0.8740204529044997,1,0.37540022745166646,fc_corr,initial_slope,none
diploid,condition_index,fc_corr|auc_0_1h|none,71,-0.041716968477531854,0.7297752659556065,0.8740204529044997,1,0.37540022745166646,fc_corr,auc_0_1h,none
diploid,condition_index,fc_corr|lin_r2|none,71,-0.041683433936955054,0.7299841774562448,0.8740204529044997,1,0.37540022745166646,fc_corr,lin_r2,none
diploid,condition_index,raw_rfu|initial_slope|none,71,-0.04081153588195841,0.7354227152875612,0.8740204529044997,1,0.37540022745166646,raw_rfu,initial_slope,none
diploid,condition_index,raw_delta|auc_0_1h|none,71,-0.04081153588195841,0.7354227152875612,0.8740204529044997,1,0.37540022745166646,raw_delta,auc_0_1h,none
diploid,condition_index,raw_delta_mm|rate_h4|resid,71,-0.03913480885311871,0.7459177740683176,0.8740204529044997,1,0.37540022745166646,raw_delta_mm,rate_h4,resid
diploid,condition_index,raw_rfu|metabolic_depression_index|none,71,-0.038828285054710865,0.7478414438584275,0.8740204529044997,1,0.37540022745166646,raw_rfu,metabolic_depression_index,none
diploid,condition_index,raw_rfu|resilience_ratio|none,71,0.038828285054710865,0.7478414438584275,0.8740204529044997,1,0.37540022745166646,raw_rfu,resilience_ratio,none
diploid,condition_index,raw_delta|resilience_ratio|none,71,0.038828285054710865,0.7478414438584275,0.8740204529044997,1,0.37540022745166646,raw_delta,resilience_ratio,none
diploid,condition_index,fc_corr|metabolic_depression_index|none,71,-0.038828285054710865,0.7478414438584275,0.8740204529044997,1,0.37540022745166646,fc_corr,metabolic_depression_index,none
diploid,condition_index,fc_corr|resilience_ratio|none,71,0.038828285054710865,0.7478414438584275,0.8740204529044997,1,0.37540022745166646,fc_corr,resilience_ratio,none
diploid,condition_index,fc_corr|auc_0_2h|resid,71,-0.0380617035546613,0.7526590294027663,0.8760457555343673,1,0.37540022745166646,fc_corr,auc_0_2h,resid
diploid,condition_index,fc_corr_mm|rate_h4|resid,71,-0.03695506371562709,0.7596303198749927,0.8805510646714201,1,0.37540022745166646,fc_corr_mm,rate_h4,resid
diploid,condition_index,raw_rfu|rate_h4|none,71,-0.03645204560697518,0.762805451547204,0.8806371879650648,1,0.37540022745166646,raw_rfu,rate_h4,none
diploid,condition_index,raw_rfu|baseline_value|resid,71,-0.0346411804158283,0.7742679314094346,0.8902513867217791,1,0.37540022745166646,raw_rfu,baseline_value,resid
diploid,condition_index,raw_rfu|rate_cv|none,71,0.03326626425217974,0.7830033317822571,0.8950116994303667,1,0.37540022745166646,raw_rfu,rate_cv,none
diploid,condition_index,fc_corr|rate_cv|none,71,0.032997987927565385,0.7847109618245117,0.8950116994303667,1,0.37540022745166646,fc_corr,rate_cv,none
diploid,condition_index,fc_corr|rate_h4|resid,71,-0.03128772635814889,0.7956206222665123,0.9038250268947579,1,0.37540022745166646,fc_corr,rate_h4,resid
diploid,condition_index,fc_corr|rate_h4|none,71,-0.026123407109322597,0.8287932779319969,0.9377581312059248,1,0.37540022745166646,fc_corr,rate_h4,none
diploid,condition_index,raw_rfu|n_negative_intervals|none,71,-0.025249563634479975,0.834437725559988,0.9401524873977694,1,0.37540022745166646,raw_rfu,n_negative_intervals,none
diploid,condition_index,raw_rfu|value_1h|resid,71,0.023809523809523805,0.8437575246787918,0.9401524873977694,1,0.37540022745166646,raw_rfu,value_1h,resid
diploid,condition_index,raw_rfu|depression_abs|resid,71,0.022736418511066395,0.8507165732672408,0.9401524873977694,1,0.37540022745166646,raw_rfu,depression_abs,resid
diploid,condition_index,fc_corr_mm|initial_slope|resid,71,0.02253521126760563,0.8520226786983034,0.9401524873977694,1,0.37540022745166646,fc_corr_mm,initial_slope,resid
diploid,condition_index,fc_corr_mm|auc_0_1h|resid,71,0.02253521126760563,0.8520226786983034,0.9401524873977694,1,0.37540022745166646,fc_corr_mm,auc_0_1h,resid
diploid,condition_index,fc_corr|depression_abs|resid,71,0.021998658618376927,0.8555075583298016,0.9401524873977694,1,0.37540022745166646,fc_corr,depression_abs,resid
diploid,condition_index,raw_delta_mm|rate_h4|none,71,-0.021965124077800133,0.8557254555694025,0.9401524873977694,1,0.37540022745166646,raw_delta_mm,rate_h4,none
diploid,condition_index,fc_corr|rate_cv|resid,71,0.021361502347417835,0.8596494302477086,0.9401524873977694,1,0.37540022745166646,fc_corr,rate_cv,resid
diploid,condition_index,raw_rfu|initial_slope|resid,71,0.020690811535881957,0.8640133775028795,0.9401524873977694,1,0.37540022745166646,raw_rfu,initial_slope,resid
diploid,condition_index,raw_delta|auc_0_1h|resid,71,0.020690811535881957,0.8640133775028795,0.9401524873977694,1,0.37540022745166646,raw_delta,auc_0_1h,resid
diploid,condition_index,fc_corr_mm|rate_h4|none,71,-0.019617706237424547,0.8710040868539815,0.9405180794875134,1,0.37540022745166646,fc_corr_mm,rate_h4,none
diploid,condition_index,fc_corr|max_drop|resid,71,-0.019550637156270957,0.8714413393965288,0.9405180794875134,1,0.37540022745166646,fc_corr,max_drop,resid
diploid,condition_index,raw_rfu|rate_cv|resid,71,0.019114688128772633,0.8742844119179702,0.9405180794875134,1,0.37540022745166646,raw_rfu,rate_cv,resid
diploid,condition_index,raw_rfu|max_drop|resid,71,-0.017270288397048958,0.8863299487180709,0.9488826831556346,1,0.37540022745166646,raw_rfu,max_drop,resid
diploid,condition_index,raw_rfu|time_to_min_slope|resid,71,0.016901408450704224,0.8887422314063338,0.9488826831556346,1,0.37540022745166646,raw_rfu,time_to_min_slope,resid
diploid,condition_index,raw_rfu|auc_0_1h|resid,71,0.015124077800134137,0.900378792977387,0.9498395631568263,1,0.37540022745166646,raw_rfu,auc_0_1h,resid
diploid,condition_index,raw_delta_mm|initial_slope|none,71,-0.014855801475519783,0.9021371372882406,0.9498395631568263,1,0.37540022745166646,raw_delta_mm,initial_slope,none
diploid,condition_index,raw_delta_mm|auc_0_1h|none,71,-0.014855801475519783,0.9021371372882406,0.9498395631568263,1,0.37540022745166646,raw_delta_mm,auc_0_1h,none
diploid,condition_index,fc_corr_mm|min_slope|none,71,0.014721663313212606,0.9030164860997997,0.9498395631568263,1,0.37540022745166646,fc_corr_mm,min_slope,none
diploid,condition_index,raw_rfu|time_to_peak|resid,71,-0.013782696177062372,0.9091751277591928,0.9527886947734715,1,0.37540022745166646,raw_rfu,time_to_peak,resid
diploid,condition_index,raw_delta_mm|min_slope|none,71,0.013246143527833668,0.9126967736859107,0.9529628078191127,1,0.37540022745166646,raw_delta_mm,min_slope,none
diploid,condition_index,raw_rfu|min_slope|resid,71,-0.009959758551307846,0.9343009524916805,0.9719467784162539,1,0.37540022745166646,raw_rfu,min_slope,resid
diploid,condition_index,fc_corr_mm|min_slope|resid,71,0.0068745808182427886,0.9546258809896311,0.9813291762726306,1,0.37540022745166646,fc_corr_mm,min_slope,resid
diploid,condition_index,raw_delta_mm|initial_slope|resid,71,-0.006606304493628437,0.9563948180069255,0.9813291762726306,1,0.37540022745166646,raw_delta_mm,initial_slope,resid
diploid,condition_index,raw_delta_mm|auc_0_1h|resid,71,-0.006606304493628437,0.9563948180069255,0.9813291762726306,1,0.37540022745166646,raw_delta_mm,auc_0_1h,resid
diploid,condition_index,fc_corr_mm|initial_slope|none,71,-0.005969148222669348,0.9605968697316595,0.9813291762726306,1,0.37540022745166646,fc_corr_mm,initial_slope,none
diploid,condition_index,fc_corr_mm|auc_0_1h|none,71,-0.005969148222669348,0.9605968697316595,0.9813291762726306,1,0.37540022745166646,fc_corr_mm,auc_0_1h,none
diploid,condition_index,fc_corr|rate_last_first_ratio|resid,71,0.0037894030851777327,0.9749797121836078,0.9896395745239758,1,0.37540022745166646,fc_corr,rate_last_first_ratio,resid
diploid,condition_index,raw_rfu|min_slope|none,71,-0.0033534540576794095,0.977857382524541,0.9896395745239758,1,0.37540022745166646,raw_rfu,min_slope,none
diploid,condition_index,raw_delta_mm|min_slope|resid,71,-0.0031522468142186444,0.979185635356469,0.9896395745239758,1,0.37540022745166646,raw_delta_mm,min_slope,resid
diploid,condition_index,fc_corr|min_slope|none,71,0.002112676056338028,0.9860490945254279,0.9930423505149698,1,0.37540022745166646,fc_corr,min_slope,none
diploid,condition_index,fc_corr|min_slope|resid,71,-0.0012072434607645873,0.9920277864255929,0.9955331849641992,1,0.37540022745166646,fc_corr,min_slope,resid
diploid,condition_index,raw_rfu|rate_last_first_ratio|resid,71,-3.353454057679409e-4,0.9977854629697868,0.9977854629697868,1,0.37540022745166646,raw_rfu,rate_last_first_ratio,resid
pooled_adj,condition_index,fc_corr|sat_r2|resid,119,0.1604828372026777,0.08124603698464339,0.9937918561839207,0.765,0.2803942938953451,fc_corr,sat_r2,resid
pooled_adj,condition_index,raw_rfu|sat_r2|resid,119,0.15954280017091588,0.08306800983882152,0.9937918561839207,0.777,0.2803942938953451,raw_rfu,sat_r2,resid
pooled_adj,condition_index,fc_corr|sat_r2|none,119,0.13845606039025782,0.13318046572089748,0.9937918561839207,0.909,0.2803942938953451,fc_corr,sat_r2,none
pooled_adj,condition_index,raw_rfu|sat_r2|none,119,0.1384204529269335,0.13328125390479723,0.9937918561839207,0.909,0.2803942938953451,raw_rfu,sat_r2,none
pooled_adj,condition_index,raw_delta_mm|sat_asymptote|resid,119,-0.1324312775957841,0.15107696236386361,0.9937918561839207,0.941,0.2803942938953451,raw_delta_mm,sat_asymptote,resid
pooled_adj,condition_index,raw_rfu|sat_asymptote|resid,119,-0.12671984047856433,0.1696584518218858,0.9937918561839207,0.955,0.2803942938953451,raw_rfu,sat_asymptote,resid
pooled_adj,condition_index,fc_corr_mm|sat_asymptote|resid,119,-0.12158524426719841,0.18776114119521103,0.9937918561839207,0.969,0.2803942938953451,fc_corr_mm,sat_asymptote,resid
pooled_adj,condition_index,raw_rfu|quad_coef|none,123,0.11725632327714076,0.19648944431629692,0.9937918561839207,0.976,0.2803942938953451,raw_rfu,quad_coef,none
pooled_adj,condition_index,raw_rfu|value_3h|none,123,-0.11114263971830622,0.2210120383676078,0.9937918561839207,0.985,0.2803942938953451,raw_rfu,value_3h,none
pooled_adj,condition_index,raw_rfu|auc_0_3h|none,123,-0.11107814938540712,0.22128176873632557,0.9937918561839207,0.985,0.2803942938953451,raw_rfu,auc_0_3h,none
pooled_adj,condition_index,raw_delta|value_3h|none,123,-0.1098850782267738,0.22631385564453368,0.9937918561839207,0.986,0.2803942938953451,raw_delta,value_3h,none
pooled_adj,condition_index,raw_rfu|peak_value|none,123,-0.10943364589648012,0.2282387550642097,0.9937918561839207,0.986,0.2803942938953451,raw_rfu,peak_value,none
pooled_adj,condition_index,raw_rfu|auc_total|none,123,-0.10907250003224518,0.22978694459994106,0.9937918561839207,0.986,0.2803942938953451,raw_rfu,auc_total,none
pooled_adj,condition_index,raw_rfu|metabolic_scope|none,123,-0.10826637087100643,0.2332692964343526,0.9937918561839207,0.987,0.2803942938953451,raw_rfu,metabolic_scope,none
pooled_adj,condition_index,raw_delta|auc_0_3h|none,123,-0.10811804310533851,0.23391405340047788,0.9937918561839207,0.987,0.2803942938953451,raw_delta,auc_0_3h,none
pooled_adj,condition_index,raw_rfu|lin_slope|none,123,-0.10786653080703203,0.23501018543048627,0.9937918561839207,0.987,0.2803942938953451,raw_rfu,lin_slope,none
pooled_adj,condition_index,raw_rfu|baseline_value|none,123,-0.10764726367517509,0.23596871371091624,0.9937918561839207,0.987,0.2803942938953451,raw_rfu,baseline_value,none
pooled_adj,condition_index,fc_corr|sat_asymptote|resid,119,-0.10734225893747332,0.245249009758123,0.9937918561839207,0.989,0.2803942938953451,fc_corr,sat_asymptote,resid
pooled_adj,condition_index,raw_rfu|auc_early|none,123,-0.10522887619145889,0.24672211547324732,0.9937918561839207,0.991,0.2803942938953451,raw_rfu,auc_early,none
pooled_adj,condition_index,raw_rfu|auc_late|none,123,-0.10479034192774501,0.2487078104142684,0.9937918561839207,0.991,0.2803942938953451,raw_rfu,auc_late,none
pooled_adj,condition_index,raw_rfu|value_4h|none,123,-0.10455172769601837,0.24979288632020458,0.9937918561839207,0.991,0.2803942938953451,raw_rfu,value_4h,none
pooled_adj,condition_index,raw_delta|auc_total|none,123,-0.103861681133998,0.25294917194943006,0.9937918561839207,0.991,0.2803942938953451,raw_delta,auc_total,none
pooled_adj,condition_index,raw_rfu|value_2h|none,123,-0.10357792366924197,0.25425501091779923,0.9937918561839207,0.991,0.2803942938953451,raw_rfu,value_2h,none
pooled_adj,condition_index,raw_rfu|auc_0_2h|none,123,-0.1027975906411629,0.25786992534978387,0.9937918561839207,0.994,0.2803942938953451,raw_rfu,auc_0_2h,none
pooled_adj,condition_index,raw_delta|value_4h|none,123,-0.10173350014832776,0.2628558429277333,0.9937918561839207,0.994,0.2803942938953451,raw_delta,value_4h,none
pooled_adj,condition_index,raw_delta|auc_0_2h|none,123,-0.10167545884871856,0.26312967944685317,0.9937918561839207,0.994,0.2803942938953451,raw_delta,auc_0_2h,none
pooled_adj,condition_index,raw_delta|value_2h|none,123,-0.10159162141594974,0.26352556426236684,0.9937918561839207,0.995,0.2803942938953451,raw_delta,value_2h,none
pooled_adj,condition_index,raw_delta|auc_late|none,123,-0.10115308715223588,0.2656029582838288,0.9937918561839207,0.995,0.2803942938953451,raw_delta,auc_late,none
pooled_adj,condition_index,raw_rfu|final_delta|none,123,-0.10040499929060634,0.26917239244683067,0.9937918561839207,0.996,0.2803942938953451,raw_rfu,final_delta,none
pooled_adj,condition_index,raw_rfu|final_value|none,123,-0.09999226116005211,0.27115559116546556,0.9937918561839207,0.996,0.2803942938953451,raw_rfu,final_value,none
pooled_adj,condition_index,raw_delta|auc_early|none,123,-0.09857992286956185,0.2780165091962678,0.9937918561839207,0.996,0.2803942938953451,raw_delta,auc_early,none
pooled_adj,condition_index,raw_rfu|mean_rate|none,123,-0.09832196153796546,0.2792821394377876,0.9937918561839207,0.996,0.2803942938953451,raw_rfu,mean_rate,none
pooled_adj,condition_index,raw_rfu|delta_auc_late_minus_early|none,123,-0.09793501954057088,0.2811878286147464,0.9937918561839207,0.996,0.2803942938953451,raw_rfu,delta_auc_late_minus_early,none
pooled_adj,condition_index,raw_rfu|time_to_vmax|resid,123,-0.09584553275464008,0.2916289358616155,0.9937918561839207,0.998,0.2803942938953451,raw_rfu,time_to_vmax,resid
pooled_adj,condition_index,raw_rfu|sat_asymptote|none,119,-0.0947728243839909,0.30524682913202555,0.9937918561839207,0.999,0.2803942938953451,raw_rfu,sat_asymptote,none
pooled_adj,condition_index,raw_rfu|vmax|none,123,-0.09342069623763398,0.30406443813945,0.9937918561839207,0.999,0.2803942938953451,raw_rfu,vmax,none
pooled_adj,condition_index,fc_corr|quad_coef|none,123,0.09339490010447433,0.3041985730284427,0.9937918561839207,0.999,0.2803942938953451,fc_corr,quad_coef,none
pooled_adj,condition_index,fc_corr|late_early_auc_ratio|resid,123,-0.09217603281268139,0.3105806794359424,0.9937918561839207,0.999,0.2803942938953451,fc_corr,late_early_auc_ratio,resid
pooled_adj,condition_index,raw_delta|late_early_auc_ratio|resid,123,-0.09127961718538391,0.3153296886520567,0.9937918561839207,0.999,0.2803942938953451,raw_delta,late_early_auc_ratio,resid
pooled_adj,condition_index,raw_rfu|inflection_time|none,123,-0.09126934995791279,0.3153843535680949,0.9937918561839207,0.999,0.2803942938953451,raw_rfu,inflection_time,none
pooled_adj,condition_index,raw_rfu|auc_0_1h|none,123,-0.08961576659658717,0.32426859486963944,0.9937918561839207,1,0.2803942938953451,raw_rfu,auc_0_1h,none
pooled_adj,condition_index,fc_corr|auc_0_2h|none,123,-0.08831951090531528,0.33134443762388643,0.9937918561839207,1,0.2803942938953451,fc_corr,auc_0_2h,none
pooled_adj,condition_index,raw_delta|stability_cv|resid,123,-0.08817118313964738,0.3321603507832267,0.9937918561839207,1,0.2803942938953451,raw_delta,stability_cv,resid
pooled_adj,condition_index,fc_corr|auc_early|none,123,-0.08809379474016846,0.3325865530498233,0.9937918561839207,1,0.2803942938953451,fc_corr,auc_early,none
pooled_adj,condition_index,raw_rfu|late_early_auc_ratio|resid,123,-0.08801640634068954,0.33301310393050154,0.9937918561839207,1,0.2803942938953451,raw_rfu,late_early_auc_ratio,resid
pooled_adj,condition_index,fc_corr|stability_cv|resid,123,-0.0878680785750216,0.3338316341136336,0.9937918561839207,1,0.2803942938953451,fc_corr,stability_cv,resid
pooled_adj,condition_index,fc_corr|auc_0_3h|none,123,-0.0874682385110472,0.3360444839456176,0.9937918561839207,1,0.2803942938953451,fc_corr,auc_0_3h,none
pooled_adj,condition_index,raw_rfu|value_1h|none,123,-0.08638480091834234,0.3420873222832036,0.9937918561839207,1,0.2803942938953451,raw_rfu,value_1h,none
pooled_adj,condition_index,raw_delta|frac_auc_first_half|resid,123,0.0862945144522836,0.3425939715590127,0.9937918561839207,1,0.2803942938953451,raw_delta,frac_auc_first_half,resid
pooled_adj,condition_index,fc_corr|frac_auc_first_half|resid,123,0.08595916472120829,0.3444799566778537,0.9937918561839207,1,0.2803942938953451,fc_corr,frac_auc_first_half,resid
pooled_adj,condition_index,fc_corr|vmax|none,123,-0.0856302640234229,0.3463360147405177,0.9937918561839207,1,0.2803942938953451,fc_corr,vmax,none
pooled_adj,condition_index,fc_corr|value_3h|none,123,-0.08470160322967588,0.35161052149155936,0.9937918561839207,1,0.2803942938953451,fc_corr,value_3h,none
pooled_adj,condition_index,fc_corr|sat_asymptote|none,119,-0.08448938897592936,0.36093927348858623,0.9937918561839207,1,0.2803942938953451,fc_corr,sat_asymptote,none
pooled_adj,condition_index,fc_corr|rate_cv|none,123,-0.0821671331467413,0.3662595094999307,0.9937918561839207,1,0.2803942938953451,fc_corr,rate_cv,none
pooled_adj,condition_index,raw_rfu|rate_cv|none,123,-0.08152867885104023,0.37000815983822277,0.9937918561839207,1,0.2803942938953451,raw_rfu,rate_cv,none
pooled_adj,condition_index,raw_delta_mm|rate_h3|resid,123,-0.08135455495221267,0.37103459024717544,0.9937918561839207,1,0.2803942938953451,raw_delta_mm,rate_h3,resid
pooled_adj,condition_index,raw_rfu|initial_slope|none,123,-0.08088377552204924,0.373818479975664,0.9937918561839207,1,0.2803942938953451,raw_rfu,initial_slope,none
pooled_adj,condition_index,raw_delta|auc_0_1h|none,123,-0.08088377552204924,0.373818479975664,0.9937918561839207,1,0.2803942938953451,raw_delta,auc_0_1h,none
pooled_adj,condition_index,raw_rfu|delta_auc_late_minus_early|resid,123,-0.07925217009970205,0.38356513049912677,0.9937918561839207,1,0.2803942938953451,raw_rfu,delta_auc_late_minus_early,resid
pooled_adj,condition_index,raw_rfu|rate_h3|resid,123,-0.07885877906901756,0.3859379012465298,0.9937918561839207,1,0.2803942938953451,raw_rfu,rate_h3,resid
pooled_adj,condition_index,raw_rfu|frac_auc_first_half|resid,123,0.07878783970282854,0.38636671806659395,0.9937918561839207,1,0.2803942938953451,raw_rfu,frac_auc_first_half,resid
pooled_adj,condition_index,raw_delta_mm|quad_coef|none,123,0.07804620087448892,0.39086697936644854,0.9937918561839207,1,0.2803942938953451,raw_delta_mm,quad_coef,none
pooled_adj,condition_index,fc_corr|value_2h|none,123,-0.07791722020869071,0.3916528305312732,0.9937918561839207,1,0.2803942938953451,fc_corr,value_2h,none
pooled_adj,condition_index,raw_rfu|resilience_ratio|resid,123,-0.07720782654680064,0.3959919118886819,0.9937918561839207,1,0.2803942938953451,raw_rfu,resilience_ratio,resid
pooled_adj,condition_index,raw_rfu|metabolic_depression_index|resid,123,0.07662096451741884,0.39960309318939713,0.9937918561839207,1,0.2803942938953451,raw_rfu,metabolic_depression_index,resid
pooled_adj,condition_index,raw_delta|resilience_ratio|resid,123,-0.07662096451741884,0.39960309318939713,0.9937918561839207,1,0.2803942938953451,raw_delta,resilience_ratio,resid
pooled_adj,condition_index,fc_corr|metabolic_depression_index|resid,123,0.07649843288491055,0.40035953708949645,0.9937918561839207,1,0.2803942938953451,fc_corr,metabolic_depression_index,resid
pooled_adj,condition_index,fc_corr|resilience_ratio|resid,123,-0.07649843288491055,0.40035953708949645,0.9937918561839207,1,0.2803942938953451,fc_corr,resilience_ratio,resid
pooled_adj,condition_index,fc_corr|peak_value|none,123,-0.07602120442145723,0.4033137776735749,0.9937918561839207,1,0.2803942938953451,fc_corr,peak_value,none
pooled_adj,condition_index,raw_rfu|baseline_value|resid,123,-0.07577614115644064,0.4048358177593344,0.9937918561839207,1,0.2803942938953451,raw_rfu,baseline_value,resid
pooled_adj,condition_index,fc_corr|auc_total|none,123,-0.07511833976086985,0.40893802931631706,0.9937918561839207,1,0.2803942938953451,fc_corr,auc_total,none
pooled_adj,condition_index,raw_delta_mm|delta_auc_late_minus_early|resid,123,-0.07418322993383292,0.4148114645154263,0.9937918561839207,1,0.2803942938953451,raw_delta_mm,delta_auc_late_minus_early,resid
pooled_adj,condition_index,raw_rfu|inflection_time|resid,123,-0.074034902168165,0.4157476170549903,0.9937918561839207,1,0.2803942938953451,raw_rfu,inflection_time,resid
pooled_adj,condition_index,fc_corr|initial_slope|none,123,-0.07392526860223653,0.41644034706796074,0.9937918561839207,1,0.2803942938953451,fc_corr,initial_slope,none
pooled_adj,condition_index,fc_corr|auc_0_1h|none,123,-0.07392526860223653,0.41644034706796074,0.9937918561839207,1,0.2803942938953451,fc_corr,auc_0_1h,none
pooled_adj,condition_index,fc_corr|delta_auc_late_minus_early|none,123,-0.07364151113748049,0.4182364154494205,0.9937918561839207,1,0.2803942938953451,fc_corr,delta_auc_late_minus_early,none
pooled_adj,condition_index,fc_corr|value_4h|none,123,-0.07348673433852265,0.4192179845995294,0.9937918561839207,1,0.2803942938953451,fc_corr,value_4h,none
pooled_adj,condition_index,fc_corr|mean_rate|none,123,-0.07317718074060699,0.4211851319300146,0.9937918561839207,1,0.2803942938953451,fc_corr,mean_rate,none
pooled_adj,condition_index,fc_corr|lin_slope|none,123,-0.07234525544620861,0.426498269270843,0.9937918561839207,1,0.2803942938953451,fc_corr,lin_slope,none
pooled_adj,condition_index,fc_corr|auc_late|none,123,-0.07226141801343978,0.42703583393035394,0.9937918561839207,1,0.2803942938953451,fc_corr,auc_late,none
pooled_adj,condition_index,fc_corr|final_value|none,123,-0.0721388863809315,0.4278222063430014,0.9937918561839207,1,0.2803942938953451,fc_corr,final_value,none
pooled_adj,condition_index,raw_rfu|depression_abs|resid,123,0.07080393648992016,0.4364433127513929,0.9937918561839207,1,0.2803942938953451,raw_rfu,depression_abs,resid
pooled_adj,condition_index,raw_rfu|n_negative_intervals|resid,123,0.07068140485741188,0.4372395444018484,0.9937918561839207,1,0.2803942938953451,raw_rfu,n_negative_intervals,resid
pooled_adj,condition_index,fc_corr_mm|rate_h3|resid,123,-0.07033960609304665,0.4394649710187255,0.9937918561839207,1,0.2803942938953451,fc_corr_mm,rate_h3,resid
pooled_adj,condition_index,raw_rfu|stability_cv|resid,123,-0.0700429505617108,0.44140166804822645,0.9937918561839207,1,0.2803942938953451,raw_rfu,stability_cv,resid
pooled_adj,condition_index,raw_rfu|time_to_peak|resid,123,-0.0690046562020353,0.44821799499946446,0.9937918561839207,1,0.2803942938953451,raw_rfu,time_to_peak,resid
pooled_adj,condition_index,fc_corr|rate_h3|resid,123,-0.06856612193832144,0.45111457837618874,0.9937918561839207,1,0.2803942938953451,fc_corr,rate_h3,resid
pooled_adj,condition_index,fc_corr|depression_abs|resid,123,0.06644438998594111,0.4652757151419077,0.9937918561839207,1,0.2803942938953451,fc_corr,depression_abs,resid
pooled_adj,condition_index,raw_rfu|rate_h3|none,123,-0.06551572919219409,0.47154983443218945,0.9937918561839207,1,0.2803942938953451,raw_rfu,rate_h3,none
pooled_adj,condition_index,raw_delta_mm|value_2h|none,123,-0.06491596909623247,0.47562622465200655,0.9937918561839207,1,0.2803942938953451,raw_delta_mm,value_2h,none
pooled_adj,condition_index,raw_rfu|t_half|resid,123,-0.06379383730378815,0.4833040068952654,0.9937918561839207,1,0.2803942938953451,raw_rfu,t_half,resid
pooled_adj,condition_index,fc_corr|t_half|resid,123,-0.06363906050483033,0.48436820081929033,0.9937918561839207,1,0.2803942938953451,fc_corr,t_half,resid
pooled_adj,condition_index,raw_rfu|time_to_peak|none,123,0.06163896139181246,0.498232369325848,0.9937918561839207,1,0.2803942938953451,raw_rfu,time_to_peak,none
pooled_adj,condition_index,raw_rfu|rate_cv|resid,123,-0.06045968709290477,0.5065034172726401,0.9937918561839207,1,0.2803942938953451,raw_rfu,rate_cv,resid
pooled_adj,condition_index,raw_delta|stability_cv|none,123,-0.060285563194077206,0.5077306779266337,0.9937918561839207,1,0.2803942938953451,raw_delta,stability_cv,none
pooled_adj,condition_index,fc_corr|stability_cv|none,123,-0.06025976706091757,0.5079126253216004,0.9937918561839207,1,0.2803942938953451,fc_corr,stability_cv,none
pooled_adj,condition_index,fc_corr|rate_cv|resid,123,-0.059847028930363345,0.51082837243655,0.9937918561839207,1,0.2803942938953451,fc_corr,rate_cv,resid
pooled_adj,condition_index,fc_corr_mm|rate_h2|resid,123,-0.0594278417665192,0.5137984950097252,0.9937918561839207,1,0.2803942938953451,fc_corr_mm,rate_h2,resid
pooled_adj,condition_index,raw_delta_mm|rate_h2|resid,123,-0.058963511369645685,0.5170988053347045,0.9937918561839207,1,0.2803942938953451,raw_delta_mm,rate_h2,resid
pooled_adj,condition_index,raw_rfu|lin_slope|resid,123,-0.058486282906192365,0.5205020526673086,0.9937918561839207,1,0.2803942938953451,raw_rfu,lin_slope,resid
pooled_adj,condition_index,fc_corr_mm|quad_coef|none,123,0.058363751273684074,0.521377694687442,0.9937918561839207,1,0.2803942938953451,fc_corr_mm,quad_coef,none
pooled_adj,condition_index,fc_corr|rate_h3|none,123,-0.05785427764378119,0.5250265327196844,0.9937918561839207,1,0.2803942938953451,fc_corr,rate_h3,none
pooled_adj,condition_index,fc_corr|lin_r2|none,123,0.05627426448775328,0.5364240492909111,0.9937918561839207,1,0.2803942938953451,fc_corr,lin_r2,none
pooled_adj,condition_index,raw_delta_mm|sat_asymptote|none,119,-0.05472867112946874,0.5544126124693531,0.9937918561839207,1,0.2803942938953451,raw_delta_mm,sat_asymptote,none
pooled_adj,condition_index,raw_rfu|lin_r2|none,123,0.054533025499477625,0.5491253596497727,0.9937918561839207,1,0.2803942938953451,raw_rfu,lin_r2,none
pooled_adj,condition_index,raw_delta_mm|delta_auc_late_minus_early|none,123,-0.054242819001431686,0.5512564003181611,0.9937918561839207,1,0.2803942938953451,raw_delta_mm,delta_auc_late_minus_early,none
pooled_adj,condition_index,raw_rfu|time_to_vmax|none,123,-0.05413707595320186,0.5520338882116814,0.9937918561839207,1,0.2803942938953451,raw_rfu,time_to_vmax,none
pooled_adj,condition_index,fc_corr|delta_auc_late_minus_early|resid,123,-0.05397195960325547,0.5532489875623237,0.9937918561839207,1,0.2803942938953451,fc_corr,delta_auc_late_minus_early,resid
pooled_adj,condition_index,raw_delta_mm|auc_0_2h|none,123,-0.05297880847660936,0.5605848222349448,0.9937918561839207,1,0.2803942938953451,raw_delta_mm,auc_0_2h,none
pooled_adj,condition_index,raw_delta_mm|auc_0_3h|none,123,-0.05282403167765152,0.5617322454788843,0.9937918561839207,1,0.2803942938953451,raw_delta_mm,auc_0_3h,none
pooled_adj,condition_index,fc_corr_mm|delta_auc_late_minus_early|resid,123,-0.05260476454579458,0.5633596785054192,0.9937918561839207,1,0.2803942938953451,fc_corr_mm,delta_auc_late_minus_early,resid
pooled_adj,condition_index,raw_rfu|rate_h2|none,123,-0.05168900181862739,0.5701807626462088,0.9937918561839207,1,0.2803942938953451,raw_rfu,rate_h2,none
pooled_adj,condition_index,raw_rfu|rate_h2|resid,123,-0.05168255278533748,0.5702289359939123,0.9937918561839207,1,0.2803942938953451,raw_rfu,rate_h2,resid
pooled_adj,condition_index,fc_corr|rate_h2|resid,123,-0.051302059821232794,0.5730745489414251,0.9937918561839207,1,0.2803942938953451,fc_corr,rate_h2,resid
pooled_adj,condition_index,raw_delta|late_early_auc_ratio|none,123,-0.05087642362409874,0.5762656381262921,0.9937918561839207,1,0.2803942938953451,raw_delta,late_early_auc_ratio,none
pooled_adj,condition_index,raw_delta_mm|lin_slope|resid,123,-0.05065715649224182,0.5779127573142102,0.9937918561839207,1,0.2803942938953451,raw_delta_mm,lin_slope,resid
pooled_adj,condition_index,fc_corr|late_early_auc_ratio|none,123,-0.05025086739497749,0.580970540471446,0.9937918561839207,1,0.2803942938953451,fc_corr,late_early_auc_ratio,none
pooled_adj,condition_index,fc_corr|rate_h2|none,123,-0.0497994350646838,0.5843768212205309,0.9937918561839207,1,0.2803942938953451,fc_corr,rate_h2,none
pooled_adj,condition_index,raw_delta_mm|lin_slope|none,123,-0.048528975506571564,0.5940119733627436,0.9937918561839207,1,0.2803942938953451,raw_delta_mm,lin_slope,none
pooled_adj,condition_index,raw_delta_mm|auc_early|none,123,-0.04813558447588706,0.5970099300334908,0.9937918561839207,1,0.2803942938953451,raw_delta_mm,auc_early,none
pooled_adj,condition_index,raw_rfu|value_4h|resid,123,-0.047819581844681484,0.5994230364066601,0.9937918561839207,1,0.2803942938953451,raw_rfu,value_4h,resid
pooled_adj,condition_index,raw_rfu|final_value|resid,123,-0.04742619081399698,0.6024331880274387,0.9937918561839207,1,0.2803942938953451,raw_rfu,final_value,resid
pooled_adj,condition_index,raw_delta|value_4h|resid,123,-0.04714888238253086,0.604559130106409,0.9937918561839207,1,0.2803942938953451,raw_delta,value_4h,resid
pooled_adj,condition_index,raw_rfu|peak_value|resid,123,-0.046510428086829786,0.6094663293554601,0.9937918561839207,1,0.2803942938953451,raw_rfu,peak_value,resid
pooled_adj,condition_index,raw_rfu|mean_rate|resid,123,-0.046342753221292124,0.6107579823975584,0.9937918561839207,1,0.2803942938953451,raw_rfu,mean_rate,resid
pooled_adj,condition_index,raw_rfu|late_early_auc_ratio|none,123,-0.046284711921682944,0.6112053722352181,0.9937918561839207,1,0.2803942938953451,raw_rfu,late_early_auc_ratio,none
pooled_adj,condition_index,raw_rfu|final_delta|resid,123,-0.04566560472585159,0.615986423213083,0.9937918561839207,1,0.2803942938953451,raw_rfu,final_delta,resid
pooled_adj,condition_index,raw_delta_mm|auc_late|resid,123,-0.04496910913054133,0.6213843967149144,0.9937918561839207,1,0.2803942938953451,raw_delta_mm,auc_late,resid
pooled_adj,condition_index,raw_rfu|rate_last_first_ratio|none,123,0.044936863964091786,0.6216347939145341,0.9937918561839207,1,0.2803942938953451,raw_rfu,rate_last_first_ratio,none
pooled_adj,condition_index,raw_rfu|value_3h|resid,123,-0.044936863964091786,0.6216347939145341,0.9937918561839207,1,0.2803942938953451,raw_rfu,value_3h,resid
pooled_adj,condition_index,raw_rfu|metabolic_scope|resid,123,-0.04486592459790278,0.6221858200210066,0.9937918561839207,1,0.2803942938953451,raw_rfu,metabolic_scope,resid
pooled_adj,condition_index,fc_corr|rate_last_first_ratio|none,123,0.04435000193470999,0.626199558795405,0.9937918561839207,1,0.2803942938953451,fc_corr,rate_last_first_ratio,none
pooled_adj,condition_index,raw_delta|value_3h|resid,123,-0.043988856070475035,0.6290157061454678,0.9937918561839207,1,0.2803942938953451,raw_delta,value_3h,resid
pooled_adj,condition_index,raw_delta_mm|value_3h|resid,123,-0.043724445705588734,0.6310809157834286,0.9937918561839207,1,0.2803942938953451,raw_delta_mm,value_3h,resid
pooled_adj,condition_index,raw_delta_mm|vmax|none,123,-0.04302795011027847,0.6365345802746478,0.9937918561839207,1,0.2803942938953451,raw_delta_mm,vmax,none
pooled_adj,condition_index,raw_delta|auc_late|resid,123,-0.04291186751106009,0.6374454288343874,0.9937918561839207,1,0.2803942938953451,raw_delta,auc_late,resid
pooled_adj,condition_index,raw_rfu|auc_late|resid,123,-0.04280868297842153,0.638255526280123,0.9937918561839207,1,0.2803942938953451,raw_rfu,auc_late,resid
pooled_adj,condition_index,raw_delta|frac_auc_first_half|none,123,0.04280223394513162,0.638306171547254,0.9937918561839207,1,0.2803942938953451,raw_delta,frac_auc_first_half,none
pooled_adj,condition_index,fc_corr|frac_auc_first_half|none,123,0.041802633785195595,0.6461762151038513,0.9937918561839207,1,0.2803942938953451,fc_corr,frac_auc_first_half,none
pooled_adj,condition_index,raw_delta_mm|value_3h|none,123,-0.041667204086107495,0.6472455185885243,0.9937918561839207,1,0.2803942938953451,raw_delta_mm,value_3h,none
pooled_adj,condition_index,raw_rfu|stability_cv|none,123,-0.040764339425520116,0.6543925065439677,0.9937918561839207,1,0.2803942938953451,raw_rfu,stability_cv,none
pooled_adj,condition_index,raw_delta_mm|auc_total|resid,123,-0.04069984909262102,0.654904214726564,0.9937918561839207,1,0.2803942938953451,raw_delta_mm,auc_total,resid
pooled_adj,condition_index,raw_delta_mm|peak_value|resid,123,-0.04062890972643201,0.6554672786577528,0.9937918561839207,1,0.2803942938953451,raw_delta_mm,peak_value,resid
pooled_adj,condition_index,raw_delta_mm|value_4h|resid,123,-0.040390295494705346,0.657362639258988,0.9937918561839207,1,0.2803942938953451,raw_delta_mm,value_4h,resid
pooled_adj,condition_index,raw_delta_mm|auc_late|none,123,-0.0403580503282558,0.6576189363924352,0.9937918561839207,1,0.2803942938953451,raw_delta_mm,auc_late,none
pooled_adj,condition_index,raw_delta_mm|rate_h3|none,123,-0.03941649146792896,0.6651202359526704,0.9937918561839207,1,0.2803942938953451,raw_delta_mm,rate_h3,none
pooled_adj,condition_index,raw_delta_mm|value_2h|resid,123,-0.03928106176884085,0.6662019407906622,0.9937918561839207,1,0.2803942938953451,raw_delta_mm,value_2h,resid
pooled_adj,condition_index,raw_delta_mm|final_value|resid,123,-0.039255265635681214,0.6664080576511133,0.9937918561839207,1,0.2803942938953451,raw_delta_mm,final_value,resid
pooled_adj,condition_index,raw_delta_mm|auc_total|none,123,-0.0387909352388077,0.6701224022090257,0.9937918561839207,1,0.2803942938953451,raw_delta_mm,auc_total,none
pooled_adj,condition_index,fc_corr|t_half|none,123,-0.038765139105648064,0.6703289894479252,0.9937918561839207,1,0.2803942938953451,fc_corr,t_half,none
pooled_adj,condition_index,raw_rfu|t_half|none,123,-0.03822342030929563,0.674672988340862,0.9937918561839207,1,0.2803942938953451,raw_rfu,t_half,none
pooled_adj,condition_index,raw_rfu|frac_auc_first_half|none,123,0.037900968644800144,0.6772638056620157,0.9937918561839207,1,0.2803942938953451,raw_rfu,frac_auc_first_half,none
pooled_adj,condition_index,raw_delta_mm|initial_slope|none,123,-0.03773329377926249,0.6786125246583822,0.9937918561839207,1,0.2803942938953451,raw_delta_mm,initial_slope,none
pooled_adj,condition_index,raw_delta_mm|auc_0_1h|none,123,-0.03773329377926249,0.6786125246583822,0.9937918561839207,1,0.2803942938953451,raw_delta_mm,auc_0_1h,none
pooled_adj,condition_index,raw_delta_mm|mean_rate|resid,123,-0.037572067947014745,0.6799103292426312,0.9937918561839207,1,0.2803942938953451,raw_delta_mm,mean_rate,resid
pooled_adj,condition_index,fc_corr|sat_k|resid,119,0.03699615439396098,0.6895562933850361,0.9937918561839207,1,0.2803942938953451,fc_corr,sat_k,resid
pooled_adj,condition_index,fc_corr_mm|sat_k|resid,119,0.03699615439396098,0.6895562933850361,0.9937918561839207,1,0.2803942938953451,fc_corr_mm,sat_k,resid
pooled_adj,condition_index,raw_rfu|sat_k|resid,119,0.03668993020937189,0.6919953628719129,0.9937918561839207,1,0.2803942938953451,raw_rfu,sat_k,resid
pooled_adj,condition_index,raw_delta_mm|sat_k|resid,119,0.03668993020937189,0.6919953628719129,0.9937918561839207,1,0.2803942938953451,raw_delta_mm,sat_k,resid
pooled_adj,condition_index,fc_corr|initial_slope|resid,123,0.03619197482297404,0.6910575353096999,0.9937918561839207,1,0.2803942938953451,fc_corr,initial_slope,resid
pooled_adj,condition_index,fc_corr|auc_0_1h|resid,123,0.03619197482297404,0.6910575353096999,0.9937918561839207,1,0.2803942938953451,fc_corr,auc_0_1h,resid
pooled_adj,condition_index,raw_rfu|auc_total|resid,123,-0.0354503359946344,0.6970754803241412,0.9937918561839207,1,0.2803942938953451,raw_rfu,auc_total,resid
pooled_adj,condition_index,raw_delta_mm|mean_rate|none,123,-0.03448298100114793,0.7049532978055215,0.9937918561839207,1,0.2803942938953451,raw_delta_mm,mean_rate,none
pooled_adj,condition_index,raw_delta_mm|auc_0_3h|resid,123,-0.03376068927267802,0.710855899608791,0.9937918561839207,1,0.2803942938953451,raw_delta_mm,auc_0_3h,resid
pooled_adj,condition_index,raw_rfu|value_2h|resid,123,-0.03367040280661929,0.7115949388201532,0.9937918561839207,1,0.2803942938953451,raw_rfu,value_2h,resid
pooled_adj,condition_index,raw_delta|auc_total|resid,123,-0.03346403374134217,0.7132851755607533,0.9937918561839207,1,0.2803942938953451,raw_delta,auc_total,resid
pooled_adj,condition_index,raw_delta_mm|value_4h|none,123,-0.03335440017541371,0.7141836801481561,0.9937918561839207,1,0.2803942938953451,raw_delta_mm,value_4h,none
pooled_adj,condition_index,raw_delta_mm|peak_value|none,123,-0.032993254311178756,0.7171462229181966,0.9937918561839207,1,0.2803942938953451,raw_delta_mm,peak_value,none
pooled_adj,condition_index,fc_corr_mm|value_2h|none,123,-0.03277398717932182,0.7189469652951292,0.9937918561839207,1,0.2803942938953451,fc_corr_mm,value_2h,none
pooled_adj,condition_index,fc_corr_mm|delta_auc_late_minus_early|none,123,-0.031929163818343625,0.725899457878,0.9937918561839207,1,0.2803942938953451,fc_corr_mm,delta_auc_late_minus_early,none
pooled_adj,condition_index,fc_corr_mm|auc_0_2h|none,123,-0.03181308121912525,0.7268565224186245,0.9937918561839207,1,0.2803942938953451,fc_corr_mm,auc_0_2h,none
pooled_adj,condition_index,fc_corr|lin_slope|resid,123,-0.03176793798609588,0.7272288279848289,0.9937918561839207,1,0.2803942938953451,fc_corr,lin_slope,resid
pooled_adj,condition_index,raw_delta|value_2h|resid,123,-0.031084340457365443,0.7328743262794734,0.9937918561839207,1,0.2803942938953451,raw_delta,value_2h,resid
pooled_adj,condition_index,raw_rfu|time_to_min_slope|none,123,0.03100210641495956,0.7335544266882468,0.9937918561839207,1,0.2803942938953451,raw_rfu,time_to_min_slope,none
pooled_adj,condition_index,fc_corr_mm|auc_0_3h|none,123,-0.030968257858147063,0.7338344245304715,0.9937918561839207,1,0.2803942938953451,fc_corr_mm,auc_0_3h,none
pooled_adj,condition_index,fc_corr_mm|rate_h3|none,123,-0.03085217525892869,0.734794933984372,0.9937918561839207,1,0.2803942938953451,fc_corr_mm,rate_h3,none
pooled_adj,condition_index,raw_delta_mm|rate_h2|none,123,-0.030807032025899315,0.7351685761944523,0.9937918561839207,1,0.2803942938953451,raw_delta_mm,rate_h2,none
pooled_adj,condition_index,fc_corr_mm|lin_slope|resid,123,-0.029762288632933925,0.7438328506931579,0.9937918561839207,1,0.2803942938953451,fc_corr_mm,lin_slope,resid
pooled_adj,condition_index,raw_delta_mm|final_value|none,123,-0.029530123434497173,0.7457626462962448,0.9937918561839207,1,0.2803942938953451,raw_delta_mm,final_value,none
pooled_adj,condition_index,fc_corr_mm|sat_asymptote|none,119,-0.029426007691212085,0.7507273802787564,0.9937918561839207,1,0.2803942938953451,fc_corr_mm,sat_asymptote,none
pooled_adj,condition_index,fc_corr_mm|rate_h2|none,123,-0.02787917091228025,0.7595304441775149,0.9937918561839207,1,0.2803942938953451,fc_corr_mm,rate_h2,none
pooled_adj,condition_index,fc_corr_mm|initial_slope|none,123,-0.0274535347151462,0.7630923878266092,0.9937918561839207,1,0.2803942938953451,fc_corr_mm,initial_slope,none
pooled_adj,condition_index,fc_corr_mm|auc_0_1h|none,123,-0.0274535347151462,0.7630923878266092,0.9937918561839207,1,0.2803942938953451,fc_corr_mm,auc_0_1h,none
pooled_adj,condition_index,fc_corr|vmax|resid,123,0.026460383588500083,0.7714227578708337,0.9937918561839207,1,0.2803942938953451,fc_corr,vmax,resid
pooled_adj,condition_index,fc_corr_mm|auc_early|none,123,-0.025828378326088922,0.7767375536392798,0.9937918561839207,1,0.2803942938953451,fc_corr_mm,auc_early,none
pooled_adj,condition_index,fc_corr_mm|vmax|none,123,-0.025750989926610002,0.7773890602943848,0.9937918561839207,1,0.2803942938953451,fc_corr_mm,vmax,none
pooled_adj,condition_index,fc_corr_mm|value_2h|resid,123,-0.025293108563026405,0.7812469574887032,0.9937918561839207,1,0.2803942938953451,fc_corr_mm,value_2h,resid
pooled_adj,condition_index,raw_rfu|max_drop|resid,123,0.02251357521507526,0.8047770209566367,0.9937918561839207,1,0.2803942938953451,raw_rfu,max_drop,resid
pooled_adj,condition_index,fc_corr_mm|min_slope|none,123,0.022042795784911844,0.808780376805587,0.9937918561839207,1,0.2803942938953451,fc_corr_mm,min_slope,none
pooled_adj,condition_index,raw_delta_mm|auc_0_2h|resid,123,-0.021546220221588783,0.81300845604202,0.9937918561839207,1,0.2803942938953451,raw_delta_mm,auc_0_2h,resid
pooled_adj,condition_index,raw_rfu|auc_0_3h|resid,123,-0.020707845893900505,0.8201589403685691,0.9937918561839207,1,0.2803942938953451,raw_rfu,auc_0_3h,resid
pooled_adj,condition_index,raw_delta_mm|auc_early|resid,123,-0.02061111039455186,0.8209849590340444,0.9937918561839207,1,0.2803942938953451,raw_delta_mm,auc_early,resid
pooled_adj,condition_index,raw_delta_mm|quad_coef|resid,123,0.02043698649572429,0.8224722861961287,0.9937918561839207,1,0.2803942938953451,raw_delta_mm,quad_coef,resid
pooled_adj,condition_index,fc_corr_mm|mean_rate|resid,123,-0.018424888109272418,0.8397035887208317,0.9937918561839207,1,0.2803942938953451,fc_corr_mm,mean_rate,resid
pooled_adj,condition_index,raw_delta|auc_0_3h|resid,123,-0.018411990042692603,0.839814300153537,0.9937918561839207,1,0.2803942938953451,raw_delta,auc_0_3h,resid
pooled_adj,condition_index,fc_corr_mm|final_value|resid,123,-0.018212070010705395,0.8415307262833268,0.9937918561839207,1,0.2803942938953451,fc_corr_mm,final_value,resid
pooled_adj,condition_index,raw_rfu|quad_coef|resid,123,0.01811533451135675,0.8423615226700366,0.9937918561839207,1,0.2803942938953451,raw_rfu,quad_coef,resid
pooled_adj,condition_index,fc_corr|sat_k|none,119,-0.017839339125480705,0.8472993271809932,0.9937918561839207,1,0.2803942938953451,fc_corr,sat_k,none
pooled_adj,condition_index,fc_corr_mm|sat_k|none,119,-0.017839339125480705,0.8472993271809932,0.9937918561839207,1,0.2803942938953451,fc_corr_mm,sat_k,none
pooled_adj,condition_index,fc_corr|auc_0_2h|resid,123,0.017747739613831887,0.8455201220847126,0.9937918561839207,1,0.2803942938953451,fc_corr,auc_0_2h,resid
pooled_adj,condition_index,fc_corr_mm|value_4h|resid,123,-0.01774129058054198,0.8455755581558073,0.9937918561839207,1,0.2803942938953451,fc_corr_mm,value_4h,resid
pooled_adj,condition_index,raw_rfu|n_negative_intervals|none,123,-0.017700739907975337,0.8459241501636805,0.9937918561839207,1,0.2803942938953451,raw_rfu,n_negative_intervals,none
pooled_adj,condition_index,fc_corr_mm|peak_value|resid,123,-0.017676800247642878,0.8461299603492773,0.9937918561839207,1,0.2803942938953451,fc_corr_mm,peak_value,resid
pooled_adj,condition_index,fc_corr_mm|max_drop|resid,123,-0.01717377565102991,0.8504568590266429,0.9937918561839207,1,0.2803942938953451,fc_corr_mm,max_drop,resid
pooled_adj,condition_index,fc_corr|max_drop|resid,123,0.017018998852072073,0.8517891139268762,0.9937918561839207,1,0.2803942938953451,fc_corr,max_drop,resid
pooled_adj,condition_index,raw_delta_mm|vmax|resid,123,-0.016915814319433516,0.8526775161978503,0.9937918561839207,1,0.2803942938953451,raw_delta_mm,vmax,resid
pooled_adj,condition_index,raw_delta_mm|min_slope|none,123,0.016612709754807754,0.8552882613857755,0.9937918561839207,1,0.2803942938953451,raw_delta_mm,min_slope,none
pooled_adj,condition_index,raw_delta_mm|max_drop|resid,123,-0.016580464588358206,0.8555660928374518,0.9937918561839207,1,0.2803942938953451,raw_delta_mm,max_drop,resid
pooled_adj,condition_index,raw_rfu|rate_h4|resid,123,-0.016567566521778387,0.8556772303708494,0.9937918561839207,1,0.2803942938953451,raw_rfu,rate_h4,resid
pooled_adj,condition_index,raw_rfu|rate_last_first_ratio|resid,123,0.016522423288749016,0.8560662339858732,0.9937918561839207,1,0.2803942938953451,raw_rfu,rate_last_first_ratio,resid
pooled_adj,condition_index,fc_corr|rate_last_first_ratio|resid,123,0.016206420657543432,0.8587902212539527,0.9937918561839207,1,0.2803942938953451,fc_corr,rate_last_first_ratio,resid
pooled_adj,condition_index,fc_corr_mm|min_slope|resid,123,0.015813029626858932,0.8621836248679062,0.9937918561839207,1,0.2803942938953451,fc_corr_mm,min_slope,resid
pooled_adj,condition_index,raw_rfu|sat_k|none,119,-0.01577410625267056,0.8647982268798857,0.9937918561839207,1,0.2803942938953451,raw_rfu,sat_k,none
pooled_adj,condition_index,raw_delta_mm|sat_k|none,119,-0.01577410625267056,0.8647982268798857,0.9937918561839207,1,0.2803942938953451,raw_delta_mm,sat_k,none
pooled_adj,condition_index,fc_corr|value_2h|resid,123,-0.015690497994350648,0.863241102882085,0.9937918561839207,1,0.2803942938953451,fc_corr,value_2h,resid
pooled_adj,condition_index,fc_corr_mm|rate_h4|none,123,0.015342250196695516,0.8662478819700327,0.9937918561839207,1,0.2803942938953451,fc_corr_mm,rate_h4,none
pooled_adj,condition_index,fc_corr_mm|value_3h|none,123,-0.015045594665359662,0.8688107226605298,0.9937918561839207,1,0.2803942938953451,fc_corr_mm,value_3h,none
pooled_adj,condition_index,fc_corr_mm|lin_slope|none,123,-0.014968206265880746,0.8694795148355159,0.9937918561839207,1,0.2803942938953451,fc_corr_mm,lin_slope,none
pooled_adj,condition_index,fc_corr_mm|max_drop|none,123,-0.0149057643769772,0.8700192061949724,0.9937918561839207,1,0.2803942938953451,fc_corr_mm,max_drop,none
pooled_adj,condition_index,fc_corr_mm|peak_value|none,123,-0.014865021733242187,0.8703713811039098,0.9937918561839207,1,0.2803942938953451,fc_corr_mm,peak_value,none
pooled_adj,condition_index,raw_rfu|value_1h|resid,123,0.014439385536108138,0.8740520386050803,0.9937918561839207,1,0.2803942938953451,raw_rfu,value_1h,resid
pooled_adj,condition_index,fc_corr|auc_early|resid,123,0.014426487469528317,0.8741636161181787,0.9937918561839207,1,0.2803942938953451,fc_corr,auc_early,resid
pooled_adj,condition_index,fc_corr_mm|final_value|none,123,-0.01429750680373012,0.875279526808236,0.9937918561839207,1,0.2803942938953451,fc_corr_mm,final_value,none
pooled_adj,condition_index,raw_rfu|initial_slope|resid,123,0.014110484838322735,0.8768980318467203,0.9937918561839207,1,0.2803942938953451,raw_rfu,initial_slope,resid
pooled_adj,condition_index,raw_delta|auc_0_1h|resid,123,0.014110484838322735,0.8768980318467203,0.9937918561839207,1,0.2803942938953451,raw_delta,auc_0_1h,resid
pooled_adj,condition_index,fc_corr_mm|value_4h|none,123,-0.013813829306986884,0.8794663559631466,0.9937918561839207,1,0.2803942938953451,fc_corr_mm,value_4h,none
pooled_adj,condition_index,fc_corr|mean_rate|resid,123,-0.01347847957591157,0.8823711863128454,0.9937918561839207,1,0.2803942938953451,fc_corr,mean_rate,resid
pooled_adj,condition_index,fc_corr|max_drop|none,123,-0.013248100726724086,0.8843676572768948,0.9937918561839207,1,0.2803942938953451,fc_corr,max_drop,none
pooled_adj,condition_index,raw_rfu|auc_0_1h|resid,123,0.012904515613109596,0.8873465214400742,0.9937918561839207,1,0.2803942938953451,raw_rfu,auc_0_1h,resid
pooled_adj,condition_index,fc_corr_mm|quad_coef|resid,123,0.012891617546529776,0.8874583778505105,0.9937918561839207,1,0.2803942938953451,fc_corr_mm,quad_coef,resid
pooled_adj,condition_index,raw_delta_mm|max_drop|none,123,-0.012686740526439168,0.889235436301103,0.9937918561839207,1,0.2803942938953451,raw_delta_mm,max_drop,none
pooled_adj,condition_index,fc_corr_mm|mean_rate|none,123,-0.012620758148353561,0.8898078704860368,0.9937918561839207,1,0.2803942938953451,fc_corr_mm,mean_rate,none
pooled_adj,condition_index,fc_corr_mm|auc_late|resid,123,-0.01224671421753879,0.8930539755648783,0.9937918561839207,1,0.2803942938953451,fc_corr_mm,auc_late,resid
pooled_adj,condition_index,raw_delta_mm|rate_h4|none,123,0.012085488385291046,0.8944537078636168,0.9937918561839207,1,0.2803942938953451,raw_delta_mm,rate_h4,none
pooled_adj,condition_index,fc_corr_mm|vmax|resid,123,0.011975854819362577,0.8954057115215597,0.9937918561839207,1,0.2803942938953451,fc_corr_mm,vmax,resid
pooled_adj,condition_index,raw_rfu|max_drop|none,123,-0.011630062502373438,0.8984093693080221,0.9937918561839207,1,0.2803942938953451,raw_rfu,max_drop,none
pooled_adj,condition_index,fc_corr|auc_total|resid,123,0.01147283022274961,0.899775615074365,0.9937918561839207,1,0.2803942938953451,fc_corr,auc_total,resid
pooled_adj,condition_index,fc_corr|value_4h|resid,123,-0.011234215991022947,0.901849575924748,0.9937918561839207,1,0.2803942938953451,fc_corr,value_4h,resid
pooled_adj,condition_index,fc_corr_mm|value_3h|resid,123,-0.010956907559556823,0.9042606852588726,0.9937918561839207,1,0.2803942938953451,fc_corr_mm,value_3h,resid
pooled_adj,condition_index,fc_corr_mm|initial_slope|resid,123,0.01065380299493106,0.9068970805747588,0.9937918561839207,1,0.2803942938953451,fc_corr_mm,initial_slope,resid
pooled_adj,condition_index,fc_corr_mm|auc_0_1h|resid,123,0.01065380299493106,0.9068970805747588,0.9937918561839207,1,0.2803942938953451,fc_corr_mm,auc_0_1h,resid
pooled_adj,condition_index,fc_corr|final_value|resid,123,-0.01058931266203196,0.9074581474599053,0.9937918561839207,1,0.2803942938953451,fc_corr,final_value,resid
pooled_adj,condition_index,fc_corr_mm|auc_total|none,123,-0.01030555519727593,0.9099273798231113,0.9937918561839207,1,0.2803942938953451,fc_corr_mm,auc_total,none
pooled_adj,condition_index,raw_delta_mm|rate_h4|resid,123,-0.010247513897666741,0.9104325567271041,0.9937918561839207,1,0.2803942938953451,raw_delta_mm,rate_h4,resid
pooled_adj,condition_index,fc_corr_mm|auc_late|none,123,-0.00991216416659143,0.913352050581496,0.9937918561839207,1,0.2803942938953451,fc_corr_mm,auc_late,none
pooled_adj,condition_index,raw_delta_mm|min_slope|resid,123,0.0098283267338226,0.9140821060509416,0.9937918561839207,1,0.2803942938953451,raw_delta_mm,min_slope,resid
pooled_adj,condition_index,fc_corr|rate_h4|resid,123,-0.009583263468806025,0.9162165226335603,0.9937918561839207,1,0.2803942938953451,fc_corr,rate_h4,resid
pooled_adj,condition_index,fc_corr_mm|auc_early|resid,123,-0.008383743276882795,0.926672254742447,0.9937918561839207,1,0.2803942938953451,fc_corr_mm,auc_early,resid
pooled_adj,condition_index,raw_rfu|vmax|resid,123,-0.007867820613690008,0.93117329843043,0.9937918561839207,1,0.2803942938953451,raw_rfu,vmax,resid
pooled_adj,condition_index,fc_corr_mm|auc_0_2h|resid,123,-0.00780977931408082,0.9316798045647097,0.9937918561839207,1,0.2803942938953451,fc_corr_mm,auc_0_2h,resid
pooled_adj,condition_index,fc_corr|auc_0_3h|resid,123,0.007751738014471631,0.9321863380230823,0.9937918561839207,1,0.2803942938953451,fc_corr,auc_0_3h,resid
pooled_adj,condition_index,fc_corr_mm|depression_abs|resid,123,0.007551817982484426,0.9339312707258418,0.9937918561839207,1,0.2803942938953451,fc_corr_mm,depression_abs,resid
pooled_adj,condition_index,fc_corr|min_slope|none,123,0.007513123782744966,0.9342690361077496,0.9937918561839207,1,0.2803942938953451,fc_corr,min_slope,none
pooled_adj,condition_index,raw_delta_mm|initial_slope|resid,123,-0.007513123782744966,0.9342690361077496,0.9937918561839207,1,0.2803942938953451,raw_delta_mm,initial_slope,resid
pooled_adj,condition_index,raw_delta_mm|auc_0_1h|resid,123,-0.007513123782744966,0.9342690361077496,0.9937918561839207,1,0.2803942938953451,raw_delta_mm,auc_0_1h,resid
pooled_adj,condition_index,raw_rfu|auc_0_2h|resid,123,-0.007416388283396319,0.9351135005573465,0.9937918561839207,1,0.2803942938953451,raw_rfu,auc_0_2h,resid
pooled_adj,condition_index,fc_corr|lin_r2|resid,123,0.0071842230849595646,0.937140507634334,0.9937918561839207,1,0.2803942938953451,fc_corr,lin_r2,resid
pooled_adj,condition_index,raw_rfu|auc_early|resid,123,-0.006816628187434703,0.9403507533034785,0.9937918561839207,1,0.2803942938953451,raw_rfu,auc_early,resid
pooled_adj,condition_index,raw_rfu|lin_r2|resid,123,0.006797281087564973,0.94051974057276,0.9937918561839207,1,0.2803942938953451,raw_rfu,lin_r2,resid
pooled_adj,condition_index,fc_corr|peak_value|resid,123,-0.00657801395570804,0.9424351126568334,0.9937918561839207,1,0.2803942938953451,fc_corr,peak_value,resid
pooled_adj,condition_index,fc_corr|min_slope|resid,123,0.0064103390901703835,0.9439000313843815,0.9937918561839207,1,0.2803942938953451,fc_corr,min_slope,resid
pooled_adj,condition_index,raw_delta|auc_early|resid,123,-0.005449433129973817,0.9522986082392879,0.9937918561839207,1,0.2803942938953451,raw_delta,auc_early,resid
pooled_adj,condition_index,fc_corr|depression_abs|none,123,0.005021861305856005,0.9560374388546068,0.9937918561839207,1,0.2803942938953451,fc_corr,depression_abs,none
pooled_adj,condition_index,fc_corr|quad_coef|resid,123,0.004707794301634185,0.958784358726223,0.9937918561839207,1,0.2803942938953451,fc_corr,quad_coef,resid
pooled_adj,condition_index,fc_corr|auc_late|resid,123,-0.0041144832389624795,0.9639749200992558,0.9937918561839207,1,0.2803942938953451,fc_corr,auc_late,resid
pooled_adj,condition_index,raw_rfu|metabolic_depression_index|none,123,0.004112443013450658,0.9639927716680454,0.9937918561839207,1,0.2803942938953451,raw_rfu,metabolic_depression_index,none
pooled_adj,condition_index,raw_rfu|resilience_ratio|none,123,-0.004112443013450658,0.9639927716680454,0.9937918561839207,1,0.2803942938953451,raw_rfu,resilience_ratio,none
pooled_adj,condition_index,raw_delta|resilience_ratio|none,123,-0.004112443013450658,0.9639927716680454,0.9937918561839207,1,0.2803942938953451,raw_delta,resilience_ratio,none
pooled_adj,condition_index,fc_corr|metabolic_depression_index|none,123,0.003965331230855674,0.9652800170305976,0.9937918561839207,1,0.2803942938953451,fc_corr,metabolic_depression_index,none
pooled_adj,condition_index,fc_corr|resilience_ratio|none,123,-0.003965331230855674,0.9652800170305976,0.9937918561839207,1,0.2803942938953451,fc_corr,resilience_ratio,none
pooled_adj,condition_index,fc_corr_mm|rate_h4|resid,123,-0.0039081141736853646,0.9657806973150468,0.9937918561839207,1,0.2803942938953451,fc_corr_mm,rate_h4,resid
pooled_adj,condition_index,raw_rfu|rate_h4|none,123,-0.003792031574466987,0.9667965237507383,0.9937918561839207,1,0.2803942938953451,raw_rfu,rate_h4,none
pooled_adj,condition_index,raw_rfu|time_to_min_slope|resid,123,-0.003598560575769692,0.9684896852596578,0.9937918561839207,1,0.2803942938953451,raw_rfu,time_to_min_slope,resid
pooled_adj,condition_index,raw_rfu|min_slope|none,123,0.0034502328101017653,0.9697878711511325,0.9937918561839207,1,0.2803942938953451,raw_rfu,min_slope,none
pooled_adj,condition_index,fc_corr_mm|auc_total|resid,123,0.003443783776811856,0.9698443158340171,0.9937918561839207,1,0.2803942938953451,fc_corr_mm,auc_total,resid
pooled_adj,condition_index,fc_corr|value_3h|resid,123,-0.0031858224452154626,0.9721022225016877,0.9937918561839207,1,0.2803942938953451,fc_corr,value_3h,resid
pooled_adj,condition_index,raw_rfu|depression_abs|none,123,0.002534334800159023,0.9778055636192005,0.9937918561839207,1,0.2803942938953451,raw_rfu,depression_abs,none
pooled_adj,condition_index,raw_delta_mm|depression_abs|resid,123,-0.002212018418439076,0.9806276615241796,0.9937918561839207,1,0.2803942938953451,raw_delta_mm,depression_abs,resid
pooled_adj,condition_index,fc_corr_mm|auc_0_3h|resid,123,-0.002205569385149166,0.9806841297317693,0.9937918561839207,1,0.2803942938953451,fc_corr_mm,auc_0_3h,resid
pooled_adj,condition_index,raw_delta|auc_0_2h|resid,123,-0.001728340921695838,0.9848630234665202,0.9937918561839207,1,0.2803942938953451,raw_delta,auc_0_2h,resid
pooled_adj,condition_index,fc_corr|rate_h4|none,123,-0.0013220518244315177,0.9884210579772725,0.9937918561839207,1,0.2803942938953451,fc_corr,rate_h4,none
pooled_adj,condition_index,fc_corr_mm|depression_abs|none,123,0.0010899645710446457,0.9904536445076775,0.9937918561839207,1,0.2803942938953451,fc_corr_mm,depression_abs,none
pooled_adj,condition_index,raw_rfu|min_slope|resid,123,-8.770685274277385e-4,0.9923182113277264,0.9937918561839207,1,0.2803942938953451,raw_rfu,min_slope,resid
pooled_adj,condition_index,raw_delta_mm|depression_abs|none,123,7.088113161394629e-4,0.9937918561839207,0.9937918561839207,1,0.2803942938953451,raw_delta_mm,depression_abs,none
triploid,condition_index,fc_corr_mm|delta_auc_late_minus_early|none,52,0.3245966020660804,0.01888657114998437,0.4412384239300102,0.411,0.44064714419875345,fc_corr_mm,delta_auc_late_minus_early,none
triploid,condition_index,raw_rfu|inflection_time|none,52,0.31072334458667916,0.02496101137570289,0.4412384239300102,0.487,0.44064714419875345,raw_rfu,inflection_time,none
triploid,condition_index,raw_delta_mm|delta_auc_late_minus_early|none,52,0.3099974387432767,0.025319476487921135,0.4412384239300102,0.492,0.44064714419875345,raw_delta_mm,delta_auc_late_minus_early,none
triploid,condition_index,fc_corr|delta_auc_late_minus_early|resid,52,0.3038504226073593,0.02853168926673293,0.4412384239300102,0.525,0.44064714419875345,fc_corr,delta_auc_late_minus_early,resid
triploid,condition_index,fc_corr_mm|delta_auc_late_minus_early|resid,52,0.29898403483309144,0.03130991774427303,0.4412384239300102,0.557,0.44064714419875345,fc_corr_mm,delta_auc_late_minus_early,resid
triploid,condition_index,fc_corr_mm|sat_asymptote|none,49,0.28959183673469385,0.04356138525804096,0.4412384239300102,0.612,0.44064714419875345,fc_corr_mm,sat_asymptote,none
triploid,condition_index,fc_corr|lin_slope|resid,52,0.28899513361222573,0.03772045778649684,0.4412384239300102,0.614,0.44064714419875345,fc_corr,lin_slope,resid
triploid,condition_index,fc_corr|value_4h|resid,52,0.2884828822675659,0.03807641090395579,0.4412384239300102,0.616,0.44064714419875345,fc_corr,value_4h,resid
triploid,condition_index,fc_corr_mm|peak_value|resid,52,0.2856654998719371,0.040083992067354045,0.4412384239300102,0.632,0.44064714419875345,fc_corr_mm,peak_value,resid
triploid,condition_index,fc_corr|peak_value|resid,52,0.28540937419960727,0.04027073663465301,0.4412384239300102,0.632,0.44064714419875345,fc_corr,peak_value,resid
triploid,condition_index,raw_rfu|t_half|none,52,0.28370186971740796,0.041534061224722335,0.4412384239300102,0.643,0.44064714419875345,raw_rfu,t_half,none
triploid,condition_index,fc_corr_mm|lin_slope|resid,52,0.28344574404507805,0.041726335984165724,0.4412384239300102,0.644,0.44064714419875345,fc_corr_mm,lin_slope,resid
triploid,condition_index,fc_corr|final_value|resid,52,0.28207974045931866,0.04276417775770017,0.4412384239300102,0.649,0.44064714419875345,fc_corr,final_value,resid
triploid,condition_index,fc_corr|t_half|none,52,0.28190899001109876,0.042895382919843565,0.4412384239300102,0.649,0.44064714419875345,fc_corr,t_half,none
triploid,condition_index,fc_corr_mm|value_4h|resid,52,0.2796892341842397,0.044631272810141544,0.4412384239300102,0.665,0.44064714419875345,fc_corr_mm,value_4h,resid
triploid,condition_index,fc_corr|mean_rate|resid,52,0.2787501067190301,0.045382781482443756,0.4412384239300102,0.671,0.44064714419875345,fc_corr,mean_rate,resid
triploid,condition_index,fc_corr_mm|value_3h|resid,52,0.27653035089217104,0.0472002346609102,0.4412384239300102,0.681,0.44064714419875345,fc_corr_mm,value_3h,resid
triploid,condition_index,fc_corr_mm|final_value|resid,52,0.2750789720823017,0.04842034151088378,0.4412384239300102,0.689,0.44064714419875345,fc_corr_mm,final_value,resid
triploid,condition_index,fc_corr_mm|mean_rate|resid,52,0.2750789720823017,0.04842034151088378,0.4412384239300102,0.689,0.44064714419875345,fc_corr_mm,mean_rate,resid
triploid,condition_index,fc_corr|delta_auc_late_minus_early|none,52,0.274310595065312,0.049076604417324476,0.4412384239300102,0.692,0.44064714419875345,fc_corr,delta_auc_late_minus_early,none
triploid,condition_index,fc_corr_mm|lin_slope|none,52,0.26841970460172454,0.05435190149540959,0.4412384239300102,0.722,0.44064714419875345,fc_corr_mm,lin_slope,none
triploid,condition_index,fc_corr|value_3h|resid,52,0.26688295056774525,0.055800969849625535,0.4412384239300102,0.728,0.44064714419875345,fc_corr,value_3h,resid
triploid,condition_index,fc_corr_mm|auc_late|resid,52,0.26679757534363524,0.0558823796628939,0.4412384239300102,0.729,0.44064714419875345,fc_corr_mm,auc_late,resid
triploid,condition_index,fc_corr_mm|rate_h2|none,52,0.2667122001195253,0.05596388536239071,0.4412384239300102,0.729,0.44064714419875345,fc_corr_mm,rate_h2,none
triploid,condition_index,fc_corr|auc_late|resid,52,0.26534619653376584,0.05728108035206674,0.4412384239300102,0.741,0.44064714419875345,fc_corr,auc_late,resid
triploid,condition_index,raw_delta_mm|lin_slope|none,52,0.2613335610005976,0.06129544392115263,0.4412384239300102,0.761,0.44064714419875345,raw_delta_mm,lin_slope,none
triploid,condition_index,raw_delta_mm|delta_auc_late_minus_early|resid,52,0.25851617860496884,0.06424670611519429,0.4412384239300102,0.774,0.44064714419875345,raw_delta_mm,delta_auc_late_minus_early,resid
triploid,condition_index,raw_delta_mm|lin_slope|resid,52,0.25808930248441897,0.06470362550509623,0.4412384239300102,0.776,0.44064714419875345,raw_delta_mm,lin_slope,resid
triploid,condition_index,raw_delta_mm|rate_h2|none,52,0.2574063006915393,0.06544010047872988,0.4412384239300102,0.779,0.44064714419875345,raw_delta_mm,rate_h2,none
triploid,condition_index,fc_corr|rate_cv|none,52,-0.25578417143345,0.06721609920227588,0.4412384239300102,0.787,0.44064714419875345,fc_corr,rate_cv,none
triploid,condition_index,fc_corr_mm|peak_value|none,52,0.2553572953129002,0.06768980305533652,0.4412384239300102,0.79,0.44064714419875345,fc_corr_mm,peak_value,none
triploid,condition_index,raw_rfu|delta_auc_late_minus_early|resid,52,0.25467429352002047,0.06845326377392243,0.4412384239300102,0.796,0.44064714419875345,raw_rfu,delta_auc_late_minus_early,resid
triploid,condition_index,raw_rfu|rate_cv|none,52,-0.2543327926235806,0.06883755922533187,0.4412384239300102,0.798,0.44064714419875345,raw_rfu,rate_cv,none
triploid,condition_index,fc_corr_mm|auc_late|none,52,0.2541620421753607,0.06903035042373767,0.4412384239300102,0.799,0.44064714419875345,fc_corr_mm,auc_late,none
triploid,condition_index,fc_corr|rate_h2|resid,52,0.2537351660548109,0.0695142102565839,0.4412384239300102,0.801,0.44064714419875345,fc_corr,rate_h2,resid
triploid,condition_index,raw_rfu|late_early_auc_ratio|none,52,0.25356441560659093,0.06970850857448249,0.4412384239300102,0.802,0.44064714419875345,raw_rfu,late_early_auc_ratio,none
triploid,condition_index,raw_rfu|frac_auc_first_half|none,52,-0.25356441560659093,0.06970850857448249,0.4412384239300102,0.802,0.44064714419875345,raw_rfu,frac_auc_first_half,none
triploid,condition_index,raw_delta_mm|final_value|none,52,0.2527106633654913,0.07068649303546495,0.4412384239300102,0.807,0.44064714419875345,raw_delta_mm,final_value,none
triploid,condition_index,fc_corr|sat_asymptote|none,49,0.2523469387755102,0.08024599181458865,0.4412384239300102,0.807,0.44064714419875345,fc_corr,sat_asymptote,none
triploid,condition_index,fc_corr_mm|rate_h2|resid,52,0.25160078545206177,0.07197414880555422,0.4412384239300102,0.809,0.44064714419875345,fc_corr_mm,rate_h2,resid
triploid,condition_index,raw_delta|late_early_auc_ratio|none,52,0.251088534107402,0.07257470032067166,0.4412384239300102,0.813,0.44064714419875345,raw_delta,late_early_auc_ratio,none
triploid,condition_index,raw_delta|frac_auc_first_half|none,52,-0.251088534107402,0.07257470032067166,0.4412384239300102,0.813,0.44064714419875345,raw_delta,frac_auc_first_half,none
triploid,condition_index,fc_corr|late_early_auc_ratio|none,52,0.251088534107402,0.07257470032067166,0.4412384239300102,0.813,0.44064714419875345,fc_corr,late_early_auc_ratio,none
triploid,condition_index,fc_corr|frac_auc_first_half|none,52,-0.251088534107402,0.07257470032067166,0.4412384239300102,0.813,0.44064714419875345,fc_corr,frac_auc_first_half,none
triploid,condition_index,fc_corr_mm|mean_rate|none,52,0.25100315888329205,0.07267517777473048,0.4412384239300102,0.813,0.44064714419875345,fc_corr_mm,mean_rate,none
triploid,condition_index,raw_delta_mm|sat_asymptote|none,49,0.24887755102040815,0.08463241129709925,0.4412384239300102,0.823,0.44064714419875345,raw_delta_mm,sat_asymptote,none
triploid,condition_index,raw_rfu|rate_h2|resid,52,0.2481004012635533,0.07615759090134724,0.4412384239300102,0.828,0.44064714419875345,raw_rfu,rate_h2,resid
triploid,condition_index,fc_corr_mm|value_3h|none,52,0.24775890036711343,0.07657581734626775,0.4412384239300102,0.83,0.44064714419875345,fc_corr_mm,value_3h,none
triploid,condition_index,raw_delta_mm|value_4h|none,52,0.24425851617860497,0.08096809180842772,0.4412384239300102,0.838,0.44064714419875345,raw_delta_mm,value_4h,none
triploid,condition_index,fc_corr_mm|final_value|none,52,0.24349013916161527,0.08195828710554452,0.4412384239300102,0.843,0.44064714419875345,fc_corr_mm,final_value,none
triploid,condition_index,fc_corr|rate_h2|none,52,0.24280713736873558,0.08284643260501207,0.4412384239300102,0.844,0.44064714419875345,fc_corr,rate_h2,none
triploid,condition_index,raw_rfu|lin_slope|resid,52,0.2422948860240758,0.08351749068342235,0.4412384239300102,0.846,0.44064714419875345,raw_rfu,lin_slope,resid
triploid,condition_index,raw_delta_mm|mean_rate|none,52,0.24067275676598648,0.0856706967081565,0.4412384239300102,0.855,0.44064714419875345,raw_delta_mm,mean_rate,none
triploid,condition_index,raw_delta_mm|peak_value|none,52,0.23990437974899684,0.08670570242231926,0.4412384239300102,0.857,0.44064714419875345,raw_delta_mm,peak_value,none
triploid,condition_index,fc_corr_mm|auc_total|resid,52,0.23845300093912744,0.08868739599095574,0.4412384239300102,0.864,0.44064714419875345,fc_corr_mm,auc_total,resid
triploid,condition_index,raw_rfu|delta_auc_late_minus_early|none,52,0.23768462392213777,0.08975075981782725,0.4412384239300102,0.865,0.44064714419875345,raw_rfu,delta_auc_late_minus_early,none
triploid,condition_index,raw_delta_mm|rate_h2|resid,52,0.23759924869802782,0.08986952303737526,0.4412384239300102,0.865,0.44064714419875345,raw_delta_mm,rate_h2,resid
triploid,condition_index,fc_corr_mm|value_4h|none,52,0.23691624690514812,0.09082404959152861,0.4412384239300102,0.867,0.44064714419875345,fc_corr_mm,value_4h,none
triploid,condition_index,raw_delta_mm|peak_value|resid,52,0.23631862033637835,0.09166572891503734,0.4412384239300102,0.87,0.44064714419875345,raw_delta_mm,peak_value,resid
triploid,condition_index,fc_corr|auc_total|resid,52,0.23409886450951933,0.0948452750697309,0.44893430199672624,0.878,0.44064714419875345,fc_corr,auc_total,resid
triploid,condition_index,raw_rfu|rate_h2|none,52,0.23093998121745068,0.0995169241484801,0.4600116350911936,0.893,0.44064714419875345,raw_rfu,rate_h2,none
triploid,condition_index,raw_delta_mm|value_4h|resid,52,0.2290617262870315,0.10237786650447302,0.4600116350911936,0.899,0.44064714419875345,raw_delta_mm,value_4h,resid
triploid,condition_index,raw_delta_mm|mean_rate|resid,52,0.22803722359771195,0.10396489902511517,0.4600116350911936,0.903,0.44064714419875345,raw_delta_mm,mean_rate,resid
triploid,condition_index,raw_delta_mm|final_value|resid,52,0.22726884658072224,0.1051675593592647,0.4600116350911936,0.907,0.44064714419875345,raw_delta_mm,final_value,resid
triploid,condition_index,raw_rfu|time_to_vmax|none,52,0.22564231426606332,0.10774868994737806,0.4600116350911936,0.915,0.44064714419875345,raw_rfu,time_to_vmax,none
triploid,condition_index,raw_rfu|inflection_time|resid,52,0.22547596687441301,0.10801538227882809,0.4600116350911936,0.915,0.44064714419875345,raw_rfu,inflection_time,resid
triploid,condition_index,raw_rfu|metabolic_scope|resid,52,0.22376846239221376,0.11078226748466483,0.4600116350911936,0.919,0.44064714419875345,raw_rfu,metabolic_scope,resid
triploid,condition_index,raw_rfu|peak_value|resid,52,0.22351233671988388,0.11120193811083405,0.4600116350911936,0.919,0.44064714419875345,raw_rfu,peak_value,resid
triploid,condition_index,raw_rfu|t_half|resid,52,0.22317083582344402,0.11176339021581817,0.4600116350911936,0.92,0.44064714419875345,raw_rfu,t_half,resid
triploid,condition_index,fc_corr|t_half|resid,52,0.22163408178946467,0.1143167931211765,0.46379956066305894,0.921,0.44064714419875345,fc_corr,t_half,resid
triploid,condition_index,raw_rfu|sat_asymptote|none,49,0.22030612244897957,0.12823748670416535,0.4654631163787432,0.922,0.44064714419875345,raw_rfu,sat_asymptote,none
triploid,condition_index,raw_delta_mm|auc_late|none,52,0.21984120208315547,0.11735175822523251,0.4654631163787432,0.922,0.44064714419875345,raw_delta_mm,auc_late,none
triploid,condition_index,fc_corr|sat_asymptote|resid,49,0.21724489795918364,0.13376237953071154,0.47312637443976857,0.929,0.44064714419875345,fc_corr,sat_asymptote,resid
triploid,condition_index,raw_rfu|stability_cv|none,52,0.2171091949116366,0.12209386649223908,0.4654631163787432,0.929,0.44064714419875345,raw_rfu,stability_cv,none
triploid,condition_index,raw_delta|value_4h|resid,52,0.2171091949116366,0.12209386649223908,0.4654631163787432,0.929,0.44064714419875345,raw_delta,value_4h,resid
triploid,condition_index,raw_rfu|mean_rate|resid,52,0.21685306923930675,0.12254577722410537,0.4654631163787432,0.929,0.44064714419875345,raw_rfu,mean_rate,resid
triploid,condition_index,fc_corr|lin_slope|none,52,0.2165115683428669,0.12315029455054842,0.4654631163787432,0.929,0.44064714419875345,fc_corr,lin_slope,none
triploid,condition_index,raw_rfu|value_4h|resid,52,0.21565781610176726,0.12467146412205543,0.4654631163787432,0.929,0.44064714419875345,raw_rfu,value_4h,resid
triploid,condition_index,raw_rfu|final_delta|resid,52,0.21395031161956798,0.12775636734172482,0.4654631163787432,0.933,0.44064714419875345,raw_rfu,final_delta,resid
triploid,condition_index,raw_rfu|final_value|resid,52,0.21301118415435838,0.12947741617577715,0.4654631163787432,0.934,0.44064714419875345,raw_rfu,final_value,resid
triploid,condition_index,raw_rfu|sat_k|none,49,-0.20867346938775508,0.1501786722914139,0.47312637443976857,0.943,0.44064714419875345,raw_rfu,sat_k,none
triploid,condition_index,fc_corr|sat_k|none,49,-0.20867346938775508,0.1501786722914139,0.47312637443976857,0.943,0.44064714419875345,fc_corr,sat_k,none
triploid,condition_index,fc_corr_mm|sat_k|none,49,-0.20867346938775508,0.1501786722914139,0.47312637443976857,0.943,0.44064714419875345,fc_corr_mm,sat_k,none
triploid,condition_index,raw_delta_mm|sat_k|none,49,-0.20867346938775508,0.1501786722914139,0.47312637443976857,0.943,0.44064714419875345,raw_delta_mm,sat_k,none
triploid,condition_index,raw_delta_mm|value_3h|none,52,0.20771792025954067,0.1395058710338063,0.47312637443976857,0.946,0.44064714419875345,raw_delta_mm,value_3h,none
triploid,condition_index,fc_corr|rate_cv|resid,52,-0.2073764193631008,0.14017222701708104,0.47312637443976857,0.947,0.44064714419875345,fc_corr,rate_cv,resid
triploid,condition_index,raw_rfu|rate_cv|resid,52,-0.20677879279433106,0.1413440580889477,0.47312637443976857,0.948,0.44064714419875345,raw_rfu,rate_cv,resid
triploid,condition_index,raw_rfu|frac_auc_first_half|resid,52,-0.2038760351745923,0.14713982236193762,0.47312637443976857,0.951,0.44064714419875345,raw_rfu,frac_auc_first_half,resid
triploid,condition_index,raw_delta_mm|value_3h|resid,52,0.20302228293349267,0.14887752796645276,0.47312637443976857,0.951,0.44064714419875345,raw_delta_mm,value_3h,resid
triploid,condition_index,fc_corr|sat_r2|resid,49,0.20163265306122446,0.16473889913081613,0.47312637443976857,0.954,0.44064714419875345,fc_corr,sat_r2,resid
triploid,condition_index,fc_corr_mm|auc_total|none,52,0.20097327755485356,0.15310992920730512,0.47312637443976857,0.954,0.44064714419875345,fc_corr_mm,auc_total,none
triploid,condition_index,fc_corr|value_2h|resid,52,0.20080252710663363,0.15346659365318863,0.47312637443976857,0.954,0.44064714419875345,fc_corr,value_2h,resid
triploid,condition_index,fc_corr_mm|sat_asymptote|resid,49,0.19989795918367345,0.16847900867107882,0.47312637443976857,0.957,0.44064714419875345,fc_corr_mm,sat_asymptote,resid
triploid,condition_index,raw_delta|value_3h|resid,52,0.1992657730726543,0.1567041797409397,0.47312637443976857,0.957,0.44064714419875345,raw_delta,value_3h,resid
triploid,condition_index,raw_rfu|sat_r2|resid,49,0.19918367346938773,0.17003684339808744,0.47312637443976857,0.957,0.44064714419875345,raw_rfu,sat_r2,resid
triploid,condition_index,raw_delta|stability_cv|none,52,0.1972167676940152,0.16109870013169655,0.47312637443976857,0.965,0.44064714419875345,raw_delta,stability_cv,none
triploid,condition_index,fc_corr|stability_cv|none,52,0.1972167676940152,0.16109870013169655,0.47312637443976857,0.965,0.44064714419875345,fc_corr,stability_cv,none
triploid,condition_index,raw_rfu|value_3h|resid,52,0.19542388798770596,0.16501736859313051,0.47312637443976857,0.968,0.44064714419875345,raw_rfu,value_3h,resid
triploid,condition_index,raw_delta|frac_auc_first_half|resid,52,-0.19516776231537605,0.1655828087740581,0.47312637443976857,0.968,0.44064714419875345,raw_delta,frac_auc_first_half,resid
triploid,condition_index,fc_corr|frac_auc_first_half|resid,52,-0.19516776231537605,0.1655828087740581,0.47312637443976857,0.968,0.44064714419875345,fc_corr,frac_auc_first_half,resid
triploid,condition_index,raw_delta_mm|auc_late|resid,52,0.19474088619482624,0.16652834805081088,0.47312637443976857,0.969,0.44064714419875345,raw_delta_mm,auc_late,resid
triploid,condition_index,raw_delta|auc_late|resid,52,0.19252113036796722,0.17150865757852418,0.47312637443976857,0.972,0.44064714419875345,raw_delta,auc_late,resid
triploid,condition_index,fc_corr_mm|value_2h|resid,52,0.19217962947152736,0.17228435253114138,0.47312637443976857,0.972,0.44064714419875345,fc_corr_mm,value_2h,resid
triploid,condition_index,raw_rfu|auc_late|resid,52,0.19175275335097752,0.17325754556949272,0.47312637443976857,0.973,0.44064714419875345,raw_rfu,auc_late,resid
triploid,condition_index,raw_delta|late_early_auc_ratio|resid,52,0.18466660974985058,0.18999855909452687,0.5139008645985299,0.978,0.44064714419875345,raw_delta,late_early_auc_ratio,resid
triploid,condition_index,raw_rfu|late_early_auc_ratio|resid,52,0.18355673183642104,0.1927218297355957,0.5163490532538602,0.978,0.44064714419875345,raw_rfu,late_early_auc_ratio,resid
triploid,condition_index,fc_corr|late_early_auc_ratio|resid,52,0.1806539742166823,0.1999754376744682,0.5298506690083515,0.982,0.44064714419875345,fc_corr,late_early_auc_ratio,resid
triploid,condition_index,fc_corr|vmax|resid,52,0.18005634764791256,0.2014925079327534,0.5298506690083515,0.982,0.44064714419875345,fc_corr,vmax,resid
triploid,condition_index,raw_rfu|lin_r2|none,52,0.17800734226927345,0.2067556261566705,0.5338054348044948,0.984,0.44064714419875345,raw_rfu,lin_r2,none
triploid,condition_index,fc_corr|lin_r2|none,52,0.17800734226927345,0.2067556261566705,0.5338054348044948,0.984,0.44064714419875345,fc_corr,lin_r2,none
triploid,condition_index,fc_corr|final_value|none,52,0.17655596345940405,0.21054173281938784,0.5370767141875117,0.986,0.44064714419875345,fc_corr,final_value,none
triploid,condition_index,fc_corr|auc_0_3h|resid,52,0.1760437121147443,0.21188954532702325,0.5370767141875117,0.987,0.44064714419875345,fc_corr,auc_0_3h,resid
triploid,condition_index,fc_corr|mean_rate|none,52,0.17536071032186457,0.213696016560524,0.5370767141875117,0.987,0.44064714419875345,fc_corr,mean_rate,none
triploid,condition_index,fc_corr|value_4h|none,52,0.1727994535985657,0.22056615141786326,0.5491295589833233,0.989,0.44064714419875345,fc_corr,value_4h,none
triploid,condition_index,fc_corr|peak_value|none,52,0.17168957568513615,0.22359038987451718,0.5491295589833233,0.989,0.44064714419875345,fc_corr,peak_value,none
triploid,condition_index,raw_rfu|lin_slope|none,52,0.17143345001280627,0.22429235507769546,0.5491295589833233,0.989,0.44064714419875345,raw_rfu,lin_slope,none
triploid,condition_index,raw_rfu|sat_asymptote|resid,49,0.17102040816326528,0.24002737928567208,0.5819016087813741,0.989,0.44064714419875345,raw_rfu,sat_asymptote,resid
triploid,condition_index,raw_rfu|baseline_value|none,52,-0.16468880730811916,0.24332916173741148,0.5819016087813741,0.995,0.44064714419875345,raw_rfu,baseline_value,none
triploid,condition_index,fc_corr_mm|vmax|resid,52,0.16451805685989923,0.24382496987670255,0.5819016087813741,0.995,0.44064714419875345,fc_corr_mm,vmax,resid
triploid,condition_index,fc_corr_mm|auc_0_3h|resid,52,0.1606761717749509,0.2551628024189189,0.6038852990581082,0.996,0.44064714419875345,fc_corr_mm,auc_0_3h,resid
triploid,condition_index,raw_delta_mm|sat_asymptote|resid,49,0.1604081632653061,0.2708885475390477,0.6305930123040125,0.996,0.44064714419875345,raw_delta_mm,sat_asymptote,resid
triploid,condition_index,raw_delta_mm|auc_total|resid,52,0.15939554341330145,0.25901979682427506,0.6079472917197861,0.996,0.44064714419875345,raw_delta_mm,auc_total,resid
triploid,condition_index,raw_delta_mm|value_2h|resid,52,0.1541022795184837,0.27537611235369625,0.6319340419805052,0.998,0.44064714419875345,raw_delta_mm,value_2h,resid
triploid,condition_index,raw_delta|auc_total|resid,52,0.15393152907026378,0.27591486339993887,0.6319340419805052,0.998,0.44064714419875345,raw_delta,auc_total,resid
triploid,condition_index,fc_corr|auc_late|none,52,0.15273627593272432,0.27970563174408825,0.6354911953225685,0.998,0.44064714419875345,fc_corr,auc_late,none
triploid,condition_index,raw_delta_mm|auc_total|none,52,0.15128489712285492,0.2843546397282707,0.6359689830900568,0.998,0.44064714419875345,raw_delta_mm,auc_total,none
triploid,condition_index,raw_delta|value_2h|resid,52,0.15085802100230514,0.2857315882372599,0.6359689830900568,0.998,0.44064714419875345,raw_delta,value_2h,resid
triploid,condition_index,raw_rfu|auc_total|resid,52,0.1486382651754461,0.2929620581670916,0.6359689830900568,0.998,0.44064714419875345,raw_rfu,auc_total,resid
triploid,condition_index,raw_delta|auc_0_3h|resid,52,0.1476137624861265,0.29633900942034136,0.6359689830900568,0.998,0.44064714419875345,raw_delta,auc_0_3h,resid
triploid,condition_index,raw_delta_mm|vmax|resid,52,0.14727226158968665,0.29747024912318043,0.6359689830900568,0.998,0.44064714419875345,raw_delta_mm,vmax,resid
triploid,condition_index,fc_corr_mm|value_2h|none,52,0.14710151114146672,0.2980369170574011,0.6359689830900568,0.998,0.44064714419875345,fc_corr_mm,value_2h,none
triploid,condition_index,raw_rfu|time_to_peak|resid,52,-0.14710151114146672,0.2980369170574011,0.6359689830900568,0.998,0.44064714419875345,raw_rfu,time_to_peak,resid
triploid,condition_index,raw_rfu|value_2h|resid,52,0.14641850934858702,0.30031057634227637,0.6359689830900568,0.999,0.44064714419875345,raw_rfu,value_2h,resid
triploid,condition_index,fc_corr|metabolic_depression_index|resid,52,0.14582088277981728,0.30230919970830167,0.6359689830900568,0.999,0.44064714419875345,fc_corr,metabolic_depression_index,resid
triploid,condition_index,fc_corr|resilience_ratio|resid,52,-0.14582088277981728,0.30230919970830167,0.6359689830900568,0.999,0.44064714419875345,fc_corr,resilience_ratio,resid
triploid,condition_index,raw_rfu|resilience_ratio|resid,52,-0.14471100486638777,0.3060436394334324,0.6387551319389589,0.999,0.44064714419875345,raw_rfu,resilience_ratio,resid
triploid,condition_index,raw_rfu|baseline_value|resid,52,-0.14360112695295824,0.3098076010178338,0.6387551319389589,1,0.44064714419875345,raw_rfu,baseline_value,resid
triploid,condition_index,raw_rfu|depression_abs|resid,52,0.14283274993596856,0.3124307117455517,0.6387551319389589,1,0.44064714419875345,raw_rfu,depression_abs,resid
triploid,condition_index,raw_rfu|sat_r2|none,49,0.14193877551020406,0.3306232549120668,0.6387551319389589,1,0.44064714419875345,raw_rfu,sat_r2,none
triploid,condition_index,fc_corr|sat_r2|none,49,0.14193877551020406,0.3306232549120668,0.6387551319389589,1,0.44064714419875345,fc_corr,sat_r2,none
triploid,condition_index,raw_rfu|metabolic_depression_index|resid,52,0.141808247246649,0.31595019424080717,0.6387551319389589,1,0.44064714419875345,raw_rfu,metabolic_depression_index,resid
triploid,condition_index,raw_delta|resilience_ratio|resid,52,-0.141808247246649,0.31595019424080717,0.6387551319389589,1,0.44064714419875345,raw_delta,resilience_ratio,resid
triploid,condition_index,raw_rfu|auc_0_3h|resid,52,0.14035686843677964,0.3209791536332538,0.6387551319389589,1,0.44064714419875345,raw_rfu,auc_0_3h,resid
triploid,condition_index,fc_corr|depression_abs|resid,52,0.13967386664389994,0.32336316905068985,0.6387551319389589,1,0.44064714419875345,fc_corr,depression_abs,resid
triploid,condition_index,raw_rfu|stability_cv|resid,52,0.13933236574746008,0.3245593619865389,0.6387551319389589,1,0.44064714419875345,raw_rfu,stability_cv,resid
triploid,condition_index,fc_corr|value_3h|none,52,0.13899086485102022,0.32575834429224726,0.6387551319389589,1,0.44064714419875345,fc_corr,value_3h,none
triploid,condition_index,raw_rfu|final_delta|none,52,0.13762486126526083,0.3305821541898698,0.6387551319389589,1,0.44064714419875345,raw_rfu,final_delta,none
triploid,condition_index,raw_rfu|final_value|none,52,0.13583198155895157,0.3369810408012508,0.6466392945105083,1,0.44064714419875345,raw_rfu,final_value,none
triploid,condition_index,raw_rfu|mean_rate|none,52,0.1339537266285324,0.34376685670359075,0.6552334718377165,1,0.44064714419875345,raw_rfu,mean_rate,none
triploid,condition_index,raw_rfu|value_1h|none,52,-0.13164859557756337,0.35220963714483544,0.6578759840068142,1,0.44064714419875345,raw_rfu,value_1h,none
triploid,condition_index,raw_rfu|initial_slope|none,52,-0.13130709468112353,0.3534711523973627,0.6578759840068142,1,0.44064714419875345,raw_rfu,initial_slope,none
triploid,condition_index,raw_delta|auc_0_1h|none,52,-0.13130709468112353,0.3534711523973627,0.6578759840068142,1,0.44064714419875345,raw_delta,auc_0_1h,none
triploid,condition_index,raw_rfu|auc_0_1h|none,52,-0.13105096900879365,0.3544191040600091,0.6578759840068142,1,0.44064714419875345,raw_rfu,auc_0_1h,none
triploid,condition_index,raw_rfu|sat_k|resid,49,-0.13051020408163264,0.371418917876258,0.6633243792817699,1,0.44064714419875345,raw_rfu,sat_k,resid
triploid,condition_index,raw_delta_mm|sat_k|resid,49,-0.13051020408163264,0.371418917876258,0.6633243792817699,1,0.44064714419875345,raw_delta_mm,sat_k,resid
triploid,condition_index,fc_corr|sat_k|resid,49,-0.1301020408163265,0.3729295859641908,0.6633243792817699,1,0.44064714419875345,fc_corr,sat_k,resid
triploid,condition_index,fc_corr_mm|sat_k|resid,49,-0.1301020408163265,0.3729295859641908,0.6633243792817699,1,0.44064714419875345,fc_corr_mm,sat_k,resid
triploid,condition_index,raw_delta_mm|auc_0_3h|resid,52,0.12797746094083495,0.36591565381292623,0.6633243792817699,1,0.44064714419875345,raw_delta_mm,auc_0_3h,resid
triploid,condition_index,raw_delta|value_4h|none,52,0.12644070690685563,0.37174755733040066,0.6633243792817699,1,0.44064714419875345,raw_delta,value_4h,none
triploid,condition_index,raw_rfu|value_4h|none,52,0.12592845556219584,0.3737038756517014,0.6633243792817699,1,0.44064714419875345,raw_rfu,value_4h,none
triploid,condition_index,raw_delta|auc_late|none,52,0.12481857764876632,0.37796370495837617,0.6667185851439679,1,0.44064714419875345,raw_delta,auc_late,none
triploid,condition_index,raw_rfu|vmax|resid,52,0.123196448390677,0.38424152458116256,0.6736085986484578,1,0.44064714419875345,raw_rfu,vmax,resid
triploid,condition_index,raw_rfu|peak_value|none,52,0.12200119525313753,0.3889066179549089,0.6776041687067124,1,0.44064714419875345,raw_rfu,peak_value,none
triploid,condition_index,raw_rfu|metabolic_scope|none,52,0.12037906599504823,0.39529100292839736,0.6838145756309019,1,0.44064714419875345,raw_rfu,metabolic_scope,none
triploid,condition_index,fc_corr|initial_slope|none,52,-0.1192691880816187,0.3996944350518652,0.6838145756309019,1,0.44064714419875345,fc_corr,initial_slope,none
triploid,condition_index,fc_corr|auc_0_1h|none,52,-0.1192691880816187,0.3996944350518652,0.6838145756309019,1,0.44064714419875345,fc_corr,auc_0_1h,none
triploid,condition_index,raw_rfu|auc_late|none,52,0.11568342866900025,0.41411504353918993,0.7042435470965865,1,0.44064714419875345,raw_rfu,auc_late,none
triploid,condition_index,fc_corr|auc_early|resid,52,0.11158541791172201,0.4309554907144171,0.728274298238238,1,0.44064714419875345,fc_corr,auc_early,resid
triploid,condition_index,fc_corr_mm|auc_0_3h|none,52,0.11047553999829247,0.43558182218067043,0.728274298238238,1,0.44064714419875345,fc_corr_mm,auc_0_3h,none
triploid,condition_index,fc_corr|auc_0_2h|resid,52,0.11039016477418252,0.43593884049471987,0.728274298238238,1,0.44064714419875345,fc_corr,auc_0_2h,resid
triploid,condition_index,raw_delta|value_3h|none,52,0.10475539998292495,0.45986090288591286,0.7637455930970716,1,0.44064714419875345,raw_delta,value_3h,none
triploid,condition_index,raw_rfu|value_3h|none,52,0.10193801758729615,0.4720837743172225,0.7794871622447163,1,0.44064714419875345,raw_rfu,value_3h,none
triploid,condition_index,raw_delta|stability_cv|resid,52,0.10040126355331681,0.4788232188966496,0.7815275526818878,1,0.44064714419875345,raw_delta,stability_cv,resid
triploid,condition_index,fc_corr|stability_cv|resid,52,0.10040126355331681,0.4788232188966496,0.7815275526818878,1,0.44064714419875345,fc_corr,stability_cv,resid
triploid,condition_index,fc_corr_mm|vmax|none,52,0.09766925638179799,0.4909291474528916,0.7967078735806926,1,0.44064714419875345,fc_corr_mm,vmax,none
triploid,condition_index,raw_delta_mm|value_2h|none,52,0.09399812174506958,0.5074441455456241,0.8129038577975285,1,0.44064714419875345,raw_delta_mm,value_2h,none
triploid,condition_index,raw_rfu|n_negative_intervals|resid,52,0.09357124562451975,0.5093826783738975,0.8129038577975285,1,0.44064714419875345,raw_rfu,n_negative_intervals,resid
triploid,condition_index,fc_corr|auc_total|none,52,0.0922906172628703,0.5152207549420955,0.8129038577975285,1,0.44064714419875345,fc_corr,auc_total,none
triploid,condition_index,raw_delta_mm|initial_slope|none,52,-0.0922906172628703,0.5152207549420955,0.8129038577975285,1,0.44064714419875345,raw_delta_mm,initial_slope,none
triploid,condition_index,raw_delta_mm|auc_0_1h|none,52,-0.0922906172628703,0.5152207549420955,0.8129038577975285,1,0.44064714419875345,raw_delta_mm,auc_0_1h,none
triploid,condition_index,fc_corr_mm|auc_early|resid,52,0.09143686502177067,0.519131434624143,0.814548770349484,1,0.44064714419875345,fc_corr_mm,auc_early,resid
triploid,condition_index,raw_rfu|quad_coef|none,52,0.09058311278067105,0.5230569194485208,0.8160166137959044,1,0.44064714419875345,raw_rfu,quad_coef,none
triploid,condition_index,fc_corr|lin_r2|resid,52,0.0899854862119013,0.5258135222698962,0.8160166137959044,1,0.44064714419875345,fc_corr,lin_r2,resid
triploid,condition_index,raw_rfu|lin_r2|resid,52,0.0887902330743618,0.5313482473398481,0.8201244687202003,1,0.44064714419875345,raw_rfu,lin_r2,resid
triploid,condition_index,fc_corr_mm|auc_0_2h|resid,52,0.08554597455818322,0.5465139814884838,0.8389728148255644,1,0.44064714419875345,fc_corr_mm,auc_0_2h,resid
triploid,condition_index,fc_corr|value_2h|none,52,0.08417997097242379,0.5529611471561389,0.8443062677007711,1,0.44064714419875345,fc_corr,value_2h,none
triploid,condition_index,fc_corr|quad_coef|none,52,0.07999658499103558,0.57292745425769,0.8692135891923697,1,0.44064714419875345,fc_corr,quad_coef,none
triploid,condition_index,fc_corr_mm|depression_abs|resid,52,0.0794843336463758,0.5753949111555123,0.8692135891923697,1,0.44064714419875345,fc_corr_mm,depression_abs,resid
triploid,condition_index,raw_delta|auc_early|resid,52,0.07803295483650644,0.58241234539732,0.875159291496502,1,0.44064714419875345,raw_delta,auc_early,resid
triploid,condition_index,raw_rfu|auc_early|resid,52,0.07666695125074703,0.5890521564694673,0.8804779601964668,1,0.44064714419875345,raw_rfu,auc_early,resid
triploid,condition_index,raw_rfu|auc_0_2h|resid,52,0.07538632288909758,0.595307557673135,0.8851693527705254,1,0.44064714419875345,raw_rfu,auc_0_2h,resid
triploid,condition_index,raw_delta|auc_0_2h|resid,52,0.07436182019977802,0.6003329354764309,0.8879924670588873,1,0.44064714419875345,raw_delta,auc_0_2h,resid
triploid,condition_index,raw_delta_mm|auc_0_3h|none,52,0.07316656706223854,0.6062192613260781,0.8920532135575449,1,0.44064714419875345,raw_delta_mm,auc_0_3h,none
triploid,condition_index,raw_delta_mm|depression_abs|resid,52,0.07086143601126951,0.6176414934303565,0.904176206877429,1,0.44064714419875345,raw_delta_mm,depression_abs,resid
triploid,condition_index,raw_delta_mm|quad_coef|none,52,0.06923930675318023,0.6257336626391086,0.911324924048753,1,0.44064714419875345,raw_delta_mm,quad_coef,none
triploid,condition_index,raw_delta|auc_0_2h|none,52,-0.06770255271920088,0.6334404865991101,0.9178423377252413,1,0.44064714419875345,raw_delta,auc_0_2h,none
triploid,condition_index,raw_rfu|auc_0_2h|none,52,-0.06326304106548279,0.6559198998520677,0.9438006596592038,1,0.44064714419875345,raw_rfu,auc_0_2h,none
triploid,condition_index,raw_delta_mm|auc_early|resid,52,0.06215316315205327,0.6615883009828909,0.9438006596592038,1,0.44064714419875345,raw_delta_mm,auc_early,resid
triploid,condition_index,raw_rfu|auc_early|none,52,-0.06198241270383334,0.6624620447499034,0.9438006596592038,1,0.44064714419875345,raw_rfu,auc_early,none
triploid,condition_index,fc_corr|quad_coef|resid,52,-0.06155553658328353,0.6646483518726788,0.9438006596592038,1,0.44064714419875345,fc_corr,quad_coef,resid
triploid,condition_index,fc_corr|max_drop|resid,52,0.06001878254930419,0.672541877121358,0.9454545151310956,1,0.44064714419875345,fc_corr,max_drop,resid
triploid,condition_index,raw_delta_mm|rate_h3|none,52,0.05788440194655511,0.6835632575536814,0.9454545151310956,1,0.44064714419875345,raw_delta_mm,rate_h3,none
triploid,condition_index,raw_delta_mm|vmax|none,52,0.05737215060189532,0.6862182533978463,0.9454545151310956,1,0.44064714419875345,raw_delta_mm,vmax,none
triploid,condition_index,raw_delta|auc_early|none,52,-0.05677452403312558,0.689320499210681,0.9454545151310956,1,0.44064714419875345,raw_delta,auc_early,none
triploid,condition_index,fc_corr_mm|initial_slope|none,52,-0.05677452403312558,0.689320499210681,0.9454545151310956,1,0.44064714419875345,fc_corr_mm,initial_slope,none
triploid,condition_index,fc_corr_mm|auc_0_1h|none,52,-0.05677452403312558,0.689320499210681,0.9454545151310956,1,0.44064714419875345,fc_corr_mm,auc_0_1h,none
triploid,condition_index,raw_rfu|max_drop|resid,52,0.05626227268846581,0.6919836063984232,0.9454545151310956,1,0.44064714419875345,raw_rfu,max_drop,resid
triploid,condition_index,fc_corr_mm|rate_h3|none,52,0.05592077179202595,0.6937610676061002,0.9454545151310956,1,0.44064714419875345,fc_corr_mm,rate_h3,none
triploid,condition_index,fc_corr_mm|quad_coef|resid,52,-0.05378639118927687,0.7049069069041888,0.9454545151310956,1,0.44064714419875345,fc_corr_mm,quad_coef,resid
triploid,condition_index,fc_corr|auc_0_2h|none,52,-0.052761888499957305,0.7102789801248247,0.9454545151310956,1,0.44064714419875345,fc_corr,auc_0_2h,none
triploid,condition_index,raw_delta_mm|rate_h3|resid,52,-0.05259113805173738,0.7111756927415447,0.9454545151310956,1,0.44064714419875345,raw_delta_mm,rate_h3,resid
triploid,condition_index,raw_delta_mm|auc_0_2h|resid,52,0.05037138222487834,0.7228678335359807,0.9454545151310956,1,0.44064714419875345,raw_delta_mm,auc_0_2h,resid
triploid,condition_index,fc_corr_mm|rate_h4|none,52,0.048920003415008954,0.7305469542911509,0.9454545151310956,1,0.44064714419875345,fc_corr_mm,rate_h4,none
triploid,condition_index,fc_corr_mm|rate_h4|resid,52,0.04823700162212925,0.7341697934643628,0.9454545151310956,1,0.44064714419875345,fc_corr_mm,rate_h4,resid
triploid,condition_index,raw_delta_mm|depression_abs|none,52,0.04722812119307525,0.739531680442151,0.9454545151310956,1,0.44064714419875345,raw_delta_mm,depression_abs,none
triploid,condition_index,fc_corr|auc_early|none,52,-0.0462733714676001,0.7446172153514474,0.9454545151310956,1,0.44064714419875345,fc_corr,auc_early,none
triploid,condition_index,fc_corr_mm|depression_abs|none,52,0.04625334056989516,0.744724027775036,0.9454545151310956,1,0.44064714419875345,fc_corr_mm,depression_abs,none
triploid,condition_index,raw_rfu|rate_h3|resid,52,-0.04601724579527021,0.7459833338146418,0.9454545151310956,1,0.44064714419875345,raw_rfu,rate_h3,resid
triploid,condition_index,raw_rfu|metabolic_depression_index|none,52,0.04576595025830511,0.7473244423598165,0.9454545151310956,1,0.44064714419875345,raw_rfu,metabolic_depression_index,none
triploid,condition_index,raw_rfu|resilience_ratio|none,52,-0.04576595025830511,0.7473244423598165,0.9454545151310956,1,0.44064714419875345,raw_rfu,resilience_ratio,none
triploid,condition_index,raw_delta|resilience_ratio|none,52,-0.04576595025830511,0.7473244423598165,0.9454545151310956,1,0.44064714419875345,raw_delta,resilience_ratio,none
triploid,condition_index,fc_corr|metabolic_depression_index|none,52,0.04576595025830511,0.7473244423598165,0.9454545151310956,1,0.44064714419875345,fc_corr,metabolic_depression_index,none
triploid,condition_index,fc_corr|resilience_ratio|none,52,-0.04576595025830511,0.7473244423598165,0.9454545151310956,1,0.44064714419875345,fc_corr,resilience_ratio,none
triploid,condition_index,raw_delta_mm|rate_h4|none,52,0.04576112012294032,0.7473502270017778,0.9454545151310956,1,0.44064714419875345,raw_delta_mm,rate_h4,none
triploid,condition_index,raw_delta|auc_total|none,52,0.045163493554170576,0.7505426353646314,0.9454545151310956,1,0.44064714419875345,raw_delta,auc_total,none
triploid,condition_index,raw_rfu|auc_total|none,52,0.04482199265773073,0.7523687338719282,0.9454545151310956,1,0.44064714419875345,raw_rfu,auc_total,none
triploid,condition_index,fc_corr|depression_abs|none,52,0.04274413032644684,0.7635082759488186,0.9456986033546495,1,0.44064714419875345,fc_corr,depression_abs,none
triploid,condition_index,fc_corr|auc_0_3h|none,52,0.042260735934431824,0.7661066956986888,0.9456986033546495,1,0.44064714419875345,fc_corr,auc_0_3h,none
triploid,condition_index,fc_corr|rate_last_first_ratio|none,52,0.042089985486211894,0.7670251528702301,0.9456986033546495,1,0.44064714419875345,fc_corr,rate_last_first_ratio,none
triploid,condition_index,raw_rfu|depression_abs|none,52,0.041964305827902774,0.7677013796581884,0.9456986033546495,1,0.44064714419875345,raw_rfu,depression_abs,none
triploid,condition_index,raw_delta_mm|rate_h4|resid,52,0.041321608469222226,0.7711621215852081,0.9456986033546495,1,0.44064714419875345,raw_delta_mm,rate_h4,resid
triploid,condition_index,raw_rfu|rate_last_first_ratio|none,52,0.04106548279689234,0.7725425210502771,0.9456986033546495,1,0.44064714419875345,raw_rfu,rate_last_first_ratio,none
triploid,condition_index,raw_rfu|rate_h4|none,52,0.03807734995304362,0.788697715411293,0.9545478391196522,1,0.44064714419875345,raw_rfu,rate_h4,none
triploid,condition_index,raw_rfu|time_to_vmax|resid,52,-0.037735849056603765,0.790549786727209,0.9545478391196522,1,0.44064714419875345,raw_rfu,time_to_vmax,resid
triploid,condition_index,fc_corr_mm|quad_coef|none,52,0.037479723384273876,0.7919395938707077,0.9545478391196522,1,0.44064714419875345,fc_corr_mm,quad_coef,none
triploid,condition_index,raw_rfu|time_to_peak|none,52,-0.03697925325726054,0.7946571275561704,0.9545478391196522,1,0.44064714419875345,raw_rfu,time_to_peak,none
triploid,condition_index,raw_delta_mm|quad_coef|resid,52,-0.03662597114317425,0.7965768939132309,0.9545478391196522,1,0.44064714419875345,raw_delta_mm,quad_coef,resid
triploid,condition_index,raw_rfu|quad_coef|resid,52,-0.03363783829932553,0.8128613661805547,0.9699690251902418,1,0.44064714419875345,raw_rfu,quad_coef,resid
triploid,condition_index,fc_corr|rate_h4|none,52,0.03218645948945616,0.8207998266796643,0.9722107324515659,1,0.44064714419875345,fc_corr,rate_h4,none
triploid,condition_index,fc_corr_mm|auc_early|none,52,0.03150345769657645,0.8245417922092231,0.9722107324515659,1,0.44064714419875345,fc_corr_mm,auc_early,none
triploid,condition_index,fc_corr_mm|rate_h3|resid,52,-0.03141808247246649,0.8250098116930541,0.9722107324515659,1,0.44064714419875345,fc_corr_mm,rate_h3,resid
triploid,condition_index,fc_corr|rate_h3|resid,52,-0.02800307350806796,0.8437783806471071,0.986694005767857,1,0.44064714419875345,fc_corr,rate_h3,resid
triploid,condition_index,fc_corr_mm|min_slope|resid,52,0.027917698283957994,0.8442487443717932,0.986694005767857,1,0.44064714419875345,fc_corr_mm,min_slope,resid
triploid,condition_index,fc_corr|initial_slope|resid,52,0.02552719200887902,0.8574402134187964,0.9920100390756917,1,0.44064714419875345,fc_corr,initial_slope,resid
triploid,condition_index,fc_corr|auc_0_1h|resid,52,0.02552719200887902,0.8574402134187964,0.9920100390756917,1,0.44064714419875345,fc_corr,auc_0_1h,resid
triploid,condition_index,raw_delta_mm|min_slope|resid,52,0.02399043797489968,0.8659411116073366,0.9920100390756917,1,0.44064714419875345,raw_delta_mm,min_slope,resid
triploid,condition_index,fc_corr|rate_h4|resid,52,0.0218560573721506,0.8777727049448354,0.9920100390756917,1,0.44064714419875345,fc_corr,rate_h4,resid
triploid,condition_index,raw_rfu|rate_h4|resid,52,0.021685306923930673,0.8787204122935073,0.9920100390756917,1,0.44064714419875345,raw_rfu,rate_h4,resid
triploid,condition_index,raw_delta|value_2h|none,52,0.02117305557927089,0.8815645403441248,0.9920100390756917,1,0.44064714419875345,raw_delta,value_2h,none
triploid,condition_index,raw_delta_mm|auc_0_2h|none,52,-0.020916929906941002,0.8829871622069817,0.9920100390756917,1,0.44064714419875345,raw_delta_mm,auc_0_2h,none
triploid,condition_index,raw_rfu|value_2h|none,52,0.01980705199351148,0.8891560302974798,0.9920100390756917,1,0.44064714419875345,raw_rfu,value_2h,none
triploid,condition_index,raw_rfu|rate_last_first_ratio|resid,52,0.0176726713907624,0.901037240132261,0.9920100390756917,1,0.44064714419875345,raw_rfu,rate_last_first_ratio,resid
triploid,condition_index,fc_corr|vmax|none,52,0.017587296166652434,0.9015129535742729,0.9920100390756917,1,0.44064714419875345,fc_corr,vmax,none
triploid,condition_index,raw_rfu|rate_h3|none,52,0.01664816870144284,0.9067480289700612,0.9920100390756917,1,0.44064714419875345,raw_rfu,rate_h3,none
triploid,condition_index,fc_corr|rate_h3|none,52,0.016562793477332877,0.9072241431461094,0.9920100390756917,1,0.44064714419875345,fc_corr,rate_h3,none
triploid,condition_index,fc_corr_mm|min_slope|none,52,0.016306667805002988,0.9086526789719263,0.9920100390756917,1,0.44064714419875345,fc_corr_mm,min_slope,none
triploid,condition_index,fc_corr|rate_last_first_ratio|resid,52,0.016306667805002988,0.9086526789719263,0.9920100390756917,1,0.44064714419875345,fc_corr,rate_last_first_ratio,resid
triploid,condition_index,raw_rfu|max_drop|none,52,-0.016062238535108252,0.9100162455739781,0.9920100390756917,1,0.44064714419875345,raw_rfu,max_drop,none
triploid,condition_index,raw_rfu|time_to_min_slope|resid,52,0.015196789891573465,0.9148462543319344,0.9920100390756917,1,0.44064714419875345,raw_rfu,time_to_min_slope,resid
triploid,condition_index,fc_corr|max_drop|none,52,-0.014967085907714507,0.9161287357071519,0.9920100390756917,1,0.44064714419875345,fc_corr,max_drop,none
triploid,condition_index,raw_rfu|time_to_min_slope|none,52,-0.01460881621963533,0.9181294454592515,0.9920100390756917,1,0.44064714419875345,raw_rfu,time_to_min_slope,none
triploid,condition_index,fc_corr_mm|max_drop|none,52,-0.014602035031916592,0.9181673189933873,0.9920100390756917,1,0.44064714419875345,fc_corr_mm,max_drop,none
triploid,condition_index,raw_delta_mm|max_drop|none,52,-0.014328246875068156,0.9196965995803127,0.9920100390756917,1,0.44064714419875345,raw_delta_mm,max_drop,none
triploid,condition_index,raw_rfu|min_slope|resid,52,0.013574660633484162,0.9239073280100936,0.9920100390756917,1,0.44064714419875345,raw_rfu,min_slope,resid
triploid,condition_index,fc_corr|min_slope|resid,52,0.010842653461965336,0.9391891608144691,0.9920100390756917,1,0.44064714419875345,fc_corr,min_slope,resid
triploid,condition_index,raw_rfu|n_negative_intervals|none,52,-0.010349180751436766,0.9419519412171407,0.9920100390756917,1,0.44064714419875345,raw_rfu,n_negative_intervals,none
triploid,condition_index,raw_rfu|auc_0_3h|none,52,-0.009647400324425851,0.9458821222820294,0.9920100390756917,1,0.44064714419875345,raw_rfu,auc_0_3h,none
triploid,condition_index,raw_delta_mm|min_slope|none,52,0.00904977375565611,0.9492300212894734,0.9920100390756917,1,0.44064714419875345,raw_delta_mm,min_slope,none
triploid,condition_index,fc_corr_mm|initial_slope|resid,52,-0.008281396738666439,0.9535357322125946,0.9920100390756917,1,0.44064714419875345,fc_corr_mm,initial_slope,resid
triploid,condition_index,fc_corr_mm|auc_0_1h|resid,52,-0.008281396738666439,0.9535357322125946,0.9920100390756917,1,0.44064714419875345,fc_corr_mm,auc_0_1h,resid
triploid,condition_index,raw_delta_mm|initial_slope|resid,52,-0.008196021514556475,0.9540142279604464,0.9920100390756917,1,0.44064714419875345,raw_delta_mm,initial_slope,resid
triploid,condition_index,raw_delta_mm|auc_0_1h|resid,52,-0.008196021514556475,0.9540142279604464,0.9920100390756917,1,0.44064714419875345,raw_delta_mm,auc_0_1h,resid
triploid,condition_index,raw_delta_mm|auc_early|none,52,-0.007598394945786732,0.9573641388845935,0.9920100390756917,1,0.44064714419875345,raw_delta_mm,auc_early,none
triploid,condition_index,fc_corr_mm|auc_0_2h|none,52,0.007171518825236915,0.9597573828617068,0.9920100390756917,1,0.44064714419875345,fc_corr_mm,auc_0_2h,none
triploid,condition_index,fc_corr_mm|max_drop|resid,52,0.0067446427046871,0.9621509785572988,0.9920100390756917,1,0.44064714419875345,fc_corr_mm,max_drop,resid
triploid,condition_index,raw_delta|auc_0_3h|none,52,-0.006403141808247246,0.9640660943129963,0.9920100390756917,1,0.44064714419875345,raw_delta,auc_0_3h,none
triploid,condition_index,raw_rfu|vmax|none,52,0.0043541364296081275,0.975560635776769,0.998566779758818,1,0.44064714419875345,raw_rfu,vmax,none
triploid,condition_index,fc_corr|min_slope|none,52,-0.002988132843848715,0.9832265416165227,0.998566779758818,1,0.44064714419875345,fc_corr,min_slope,none
triploid,condition_index,raw_delta_mm|max_drop|resid,52,0.002219755826859045,0.9875393177483123,0.998566779758818,1,0.44064714419875345,raw_delta_mm,max_drop,resid
triploid,condition_index,raw_rfu|initial_slope|resid,52,-0.002134380602749082,0.9880185391275629,0.998566779758818,1,0.44064714419875345,raw_rfu,initial_slope,resid
triploid,condition_index,raw_delta|auc_0_1h|resid,52,-0.002134380602749082,0.9880185391275629,0.998566779758818,1,0.44064714419875345,raw_delta,auc_0_1h,resid
triploid,condition_index,raw_rfu|value_1h|resid,52,-8.537522410996328e-4,0.9952072689332404,0.9990414484208014,1,0.44064714419875345,raw_rfu,value_1h,resid
triploid,condition_index,raw_rfu|min_slope|none,52,5.122513446597797e-4,0.9971243506282683,0.9990414484208014,1,0.44064714419875345,raw_rfu,min_slope,none
triploid,condition_index,raw_rfu|auc_0_1h|resid,52,1.7075044821992656e-4,0.9990414484208014,0.9990414484208014,1,0.44064714419875345,raw_rfu,auc_0_1h,resid
diploid,cup,raw_delta_mm|sat_asymptote|none,70,0.24118624792231652,0.044285942914037604,0.61706938167598,0.57,0.366613808255833,raw_delta_mm,sat_asymptote,none
diploid,cup,raw_delta_mm|peak_value|none,71,0.23638497652582158,0.04717953483986716,0.61706938167598,0.601,0.366613808255833,raw_delta_mm,peak_value,none
diploid,cup,raw_delta_mm|lin_slope|none,71,0.23591549295774644,0.047633022740478675,0.61706938167598,0.608,0.366613808255833,raw_delta_mm,lin_slope,none
diploid,cup,fc_corr_mm|sat_asymptote|none,70,0.23502755664421307,0.05017092403785744,0.61706938167598,0.611,0.366613808255833,fc_corr_mm,sat_asymptote,none
diploid,cup,raw_delta_mm|value_4h|none,71,0.23390342052313878,0.04961731485833885,0.61706938167598,0.618,0.366613808255833,raw_delta_mm,value_4h,none
diploid,cup,raw_delta_mm|final_value|none,71,0.2310529845741113,0.05254398997134139,0.61706938167598,0.641,0.366613808255833,raw_delta_mm,final_value,none
diploid,cup,raw_rfu|lin_slope|resid,71,0.23098591549295772,0.05261451650660544,0.61706938167598,0.641,0.366613808255833,raw_rfu,lin_slope,resid
diploid,cup,raw_delta_mm|mean_rate|none,71,0.2289067739771965,0.054839513090276855,0.61706938167598,0.651,0.366613808255833,raw_delta_mm,mean_rate,none
diploid,cup,fc_corr_mm|lin_slope|none,71,0.22729711602951036,0.05661429295001586,0.61706938167598,0.66,0.366613808255833,fc_corr_mm,lin_slope,none
diploid,cup,raw_rfu|value_4h|resid,71,0.21727028839704896,0.06874908703741364,0.61706938167598,0.734,0.366613808255833,raw_rfu,value_4h,resid
diploid,cup,raw_delta_mm|value_3h|none,71,0.21602951039570753,0.07038613241460016,0.61706938167598,0.74,0.366613808255833,raw_delta_mm,value_3h,none
diploid,cup,fc_corr_mm|peak_value|none,71,0.21566063044936282,0.07087880729065682,0.61706938167598,0.741,0.366613808255833,fc_corr_mm,peak_value,none
diploid,cup,fc_corr_mm|value_4h|none,71,0.21428571428571427,0.07273955409405161,0.61706938167598,0.755,0.366613808255833,fc_corr_mm,value_4h,none
diploid,cup,raw_delta_mm|final_value|resid,71,0.21324614352783364,0.07417225640905814,0.61706938167598,0.762,0.366613808255833,raw_delta_mm,final_value,resid
diploid,cup,raw_rfu|peak_value|resid,71,0.21304493628437288,0.07445214162633007,0.61706938167598,0.762,0.366613808255833,raw_rfu,peak_value,resid
diploid,cup,raw_delta_mm|lin_slope|resid,71,0.21264252179745136,0.0750144437076419,0.61706938167598,0.766,0.366613808255833,raw_delta_mm,lin_slope,resid
diploid,cup,fc_corr_mm|final_value|none,71,0.21260898725687455,0.0750614548993745,0.61706938167598,0.766,0.366613808255833,fc_corr_mm,final_value,none
diploid,cup,raw_delta_mm|mean_rate|resid,71,0.21247484909456738,0.07524973500303724,0.61706938167598,0.769,0.366613808255833,raw_delta_mm,mean_rate,resid
diploid,cup,raw_delta_mm|value_4h|resid,71,0.2123071763916834,0.07548561521836829,0.61706938167598,0.77,0.366613808255833,raw_delta_mm,value_4h,resid
diploid,cup,raw_delta_mm|peak_value|resid,71,0.21173708920187792,0.07629202604378031,0.61706938167598,0.772,0.366613808255833,raw_delta_mm,peak_value,resid
diploid,cup,raw_delta_mm|delta_auc_late_minus_early|none,71,0.2113011401743796,0.07691331778201235,0.61706938167598,0.772,0.366613808255833,raw_delta_mm,delta_auc_late_minus_early,none
diploid,cup,raw_rfu|final_value|resid,71,0.21109993293091883,0.07720142490302757,0.61706938167598,0.772,0.366613808255833,raw_rfu,final_value,resid
diploid,cup,raw_rfu|metabolic_scope|resid,71,0.21089872568745804,0.07749039144387256,0.61706938167598,0.772,0.366613808255833,raw_rfu,metabolic_scope,resid
diploid,cup,raw_rfu|sat_asymptote|resid,70,0.21046277665995977,0.08032595715027277,0.61706938167598,0.775,0.366613808255833,raw_rfu,sat_asymptote,resid
diploid,cup,raw_delta|value_4h|resid,71,0.20965794768611667,0.07929144266354964,0.61706938167598,0.781,0.366613808255833,raw_delta,value_4h,resid
diploid,cup,raw_rfu|final_delta|resid,71,0.2090207914151576,0.0802291587271195,0.61706938167598,0.786,0.366613808255833,raw_rfu,final_delta,resid
diploid,cup,fc_corr_mm|mean_rate|none,71,0.208953722334004,0.08032837611941088,0.61706938167598,0.786,0.366613808255833,fc_corr_mm,mean_rate,none
diploid,cup,raw_delta_mm|auc_late|none,71,0.20861837692823604,0.08082592624652282,0.61706938167598,0.791,0.366613808255833,raw_delta_mm,auc_late,none
diploid,cup,raw_rfu|mean_rate|resid,71,0.20845070422535208,0.08107561742329235,0.61706938167598,0.793,0.366613808255833,raw_rfu,mean_rate,resid
diploid,cup,raw_rfu|sat_asymptote|none,70,0.2063686466625842,0.08652530312974432,0.61706938167598,0.805,0.366613808255833,raw_rfu,sat_asymptote,none
diploid,cup,raw_rfu|delta_auc_late_minus_early|resid,71,0.20593561368209254,0.08489496590188883,0.61706938167598,0.806,0.366613808255833,raw_rfu,delta_auc_late_minus_early,resid
diploid,cup,fc_corr_mm|value_3h|none,71,0.20238095238095233,0.09053410586124616,0.61706938167598,0.827,0.366613808255833,fc_corr_mm,value_3h,none
diploid,cup,raw_rfu|value_3h|resid,71,0.20057008718980546,0.09351804804515093,0.61706938167598,0.836,0.366613808255833,raw_rfu,value_3h,resid
diploid,cup,raw_delta_mm|rate_h3|resid,71,0.20057008718980546,0.09351804804515093,0.61706938167598,0.836,0.366613808255833,raw_delta_mm,rate_h3,resid
diploid,cup,fc_corr_mm|auc_late|none,71,0.1993628437290409,0.09554983754270394,0.61706938167598,0.843,0.366613808255833,fc_corr_mm,auc_late,none
diploid,cup,raw_delta_mm|delta_auc_late_minus_early|resid,71,0.1975184439973172,0.09872051888806721,0.61706938167598,0.851,0.366613808255833,raw_delta_mm,delta_auc_late_minus_early,resid
diploid,cup,fc_corr_mm|delta_auc_late_minus_early|none,71,0.19678068410462773,0.10001155911874143,0.61706938167598,0.853,0.366613808255833,fc_corr_mm,delta_auc_late_minus_early,none
diploid,cup,raw_delta_mm|sat_asymptote|resid,70,0.19590587000262444,0.10408895007183479,0.61706938167598,0.853,0.366613808255833,raw_delta_mm,sat_asymptote,resid
diploid,cup,raw_delta|auc_late|resid,71,0.19091213950368877,0.11075535173318447,0.61706938167598,0.881,0.366613808255833,raw_delta,auc_late,resid
diploid,cup,raw_delta_mm|value_3h|resid,71,0.19084507042253518,0.1108830935115982,0.61706938167598,0.881,0.366613808255833,raw_delta_mm,value_3h,resid
diploid,cup,raw_delta|value_3h|resid,71,0.19057679409792083,0.11139519861828447,0.61706938167598,0.882,0.366613808255833,raw_delta,value_3h,resid
diploid,cup,raw_rfu|auc_late|resid,71,0.18936955063715627,0.11372229205671273,0.61706938167598,0.888,0.366613808255833,raw_rfu,auc_late,resid
diploid,cup,raw_rfu|rate_h3|resid,71,0.18832997987927563,0.11575602672276179,0.61706938167598,0.89,0.366613808255833,raw_rfu,rate_h3,resid
diploid,cup,fc_corr|lin_slope|resid,71,0.1857478202548625,0.12092850387315927,0.61706938167598,0.898,0.366613808255833,fc_corr,lin_slope,resid
diploid,cup,raw_delta_mm|auc_total|none,71,0.18521126760563378,0.12202516377886138,0.61706938167598,0.9,0.366613808255833,raw_delta_mm,auc_total,none
diploid,cup,fc_corr|sat_asymptote|resid,70,0.18243373283177322,0.1306397887369115,0.61706938167598,0.908,0.366613808255833,fc_corr,sat_asymptote,resid
diploid,cup,raw_delta_mm|auc_late|resid,71,0.18242790073775986,0.12783649429122243,0.61706938167598,0.908,0.366613808255833,raw_delta_mm,auc_late,resid
diploid,cup,raw_rfu|lin_slope|none,71,0.18135479543930244,0.13013238544714092,0.61706938167598,0.908,0.366613808255833,raw_rfu,lin_slope,none
diploid,cup,raw_rfu|sat_k|resid,70,-0.1805791269355262,0.13466463673786153,0.61706938167598,0.914,0.366613808255833,raw_rfu,sat_k,resid
diploid,cup,raw_delta_mm|sat_k|resid,70,-0.1805791269355262,0.13466463673786153,0.61706938167598,0.914,0.366613808255833,raw_delta_mm,sat_k,resid
diploid,cup,fc_corr|sat_k|resid,70,-0.1799492607820838,0.1360526712872624,0.61706938167598,0.914,0.366613808255833,fc_corr,sat_k,resid
diploid,cup,fc_corr_mm|sat_k|resid,70,-0.1799492607820838,0.1360526712872624,0.61706938167598,0.914,0.366613808255833,fc_corr_mm,sat_k,resid
diploid,cup,fc_corr|value_4h|resid,71,0.17682763246143524,0.14016384592993625,0.61706938167598,0.925,0.366613808255833,fc_corr,value_4h,resid
diploid,cup,fc_corr_mm|rate_h3|resid,71,0.1765258215962441,0.14085273491502617,0.61706938167598,0.926,0.366613808255833,fc_corr_mm,rate_h3,resid
diploid,cup,fc_corr_mm|lin_slope|resid,71,0.1759557344064386,0.14216091131221048,0.61706938167598,0.927,0.366613808255833,fc_corr_mm,lin_slope,resid
diploid,cup,fc_corr_mm|auc_total|none,71,0.1754191817572099,0.14340045239303123,0.61706938167598,0.928,0.366613808255833,fc_corr_mm,auc_total,none
diploid,cup,fc_corr|delta_auc_late_minus_early|resid,71,0.17407780013413815,0.14653476139215713,0.61706938167598,0.935,0.366613808255833,fc_corr,delta_auc_late_minus_early,resid
diploid,cup,fc_corr_mm|sat_asymptote|resid,70,0.17295074796605722,0.1522096862632167,0.61706938167598,0.938,0.366613808255833,fc_corr_mm,sat_asymptote,resid
diploid,cup,fc_corr|final_value|resid,71,0.17276995305164317,0.1496397913737268,0.61706938167598,0.938,0.366613808255833,fc_corr,final_value,resid
diploid,cup,raw_rfu|sat_r2|resid,70,-0.17120111976205057,0.15646345327815087,0.61706938167598,0.941,0.366613808255833,raw_rfu,sat_r2,resid
diploid,cup,fc_corr|sat_r2|resid,70,-0.1699413874551658,0.15958031051400604,0.61706938167598,0.943,0.366613808255833,fc_corr,sat_r2,resid
diploid,cup,raw_rfu|delta_auc_late_minus_early|none,71,0.1696512407780013,0.15724184200599964,0.61706938167598,0.945,0.366613808255833,raw_rfu,delta_auc_late_minus_early,none
diploid,cup,fc_corr|mean_rate|resid,71,0.1690811535881958,0.1586618714698854,0.61706938167598,0.946,0.366613808255833,fc_corr,mean_rate,resid
diploid,cup,fc_corr|peak_value|resid,71,0.16904761904761903,0.15874569731076618,0.61706938167598,0.946,0.366613808255833,fc_corr,peak_value,resid
diploid,cup,raw_rfu|metabolic_scope|none,71,0.16797451374916164,0.1614454651655118,0.61706938167598,0.949,0.366613808255833,raw_rfu,metabolic_scope,none
diploid,cup,fc_corr|rate_h3|resid,71,0.16794097920858483,0.16153037591625866,0.61706938167598,0.949,0.366613808255833,fc_corr,rate_h3,resid
diploid,cup,raw_delta_mm|max_drop|none,71,0.16766961138026248,0.16221870334623859,0.61706938167598,0.949,0.366613808255833,raw_delta_mm,max_drop,none
diploid,cup,fc_corr|sat_asymptote|none,70,0.16717697489283526,0.1665806117469661,0.61706938167598,0.949,0.366613808255833,fc_corr,sat_asymptote,none
diploid,cup,fc_corr|value_3h|resid,71,0.16639839034205228,0.1654720114321116,0.61706938167598,0.95,0.366613808255833,fc_corr,value_3h,resid
diploid,cup,fc_corr_mm|peak_value|resid,71,0.16633132126089872,0.16564497843066744,0.61706938167598,0.95,0.366613808255833,fc_corr_mm,peak_value,resid
diploid,cup,raw_rfu|peak_value|none,71,0.16592890677397718,0.16668557523465494,0.61706938167598,0.951,0.366613808255833,raw_rfu,peak_value,none
diploid,cup,fc_corr_mm|delta_auc_late_minus_early|resid,71,0.1657612340710932,0.16712057280581877,0.61706938167598,0.951,0.366613808255833,fc_corr_mm,delta_auc_late_minus_early,resid
diploid,cup,fc_corr_mm|final_value|resid,71,0.1623071763916834,0.17626802070048428,0.61706938167598,0.956,0.366613808255833,fc_corr_mm,final_value,resid
diploid,cup,fc_corr_mm|mean_rate|resid,71,0.16224010731052982,0.17644918288978595,0.61706938167598,0.956,0.366613808255833,fc_corr_mm,mean_rate,resid
diploid,cup,raw_rfu|auc_total|resid,71,0.16210596914822267,0.17681191440171068,0.61706938167598,0.957,0.366613808255833,raw_rfu,auc_total,resid
diploid,cup,fc_corr_mm|max_drop|none,71,0.16195996291794773,0.1772073564541845,0.61706938167598,0.958,0.366613808255833,fc_corr_mm,max_drop,none
diploid,cup,raw_rfu|mean_rate|none,71,0.16160295103957073,0.17817699755832136,0.61706938167598,0.958,0.366613808255833,raw_rfu,mean_rate,none
diploid,cup,raw_delta|auc_total|resid,71,0.16146881287726358,0.17854231193225464,0.61706938167598,0.958,0.366613808255833,raw_delta,auc_total,resid
diploid,cup,raw_rfu|final_delta|none,71,0.16086519114688125,0.1801929724394969,0.61706938167598,0.96,0.366613808255833,raw_rfu,final_delta,none
diploid,cup,raw_rfu|time_to_vmax|resid,71,0.1606975184439973,0.18065345095357777,0.61706938167598,0.96,0.366613808255833,raw_rfu,time_to_vmax,resid
diploid,cup,raw_rfu|final_value|none,71,0.16002682763246143,0.1825039126647319,0.61706938167598,0.962,0.366613808255833,raw_rfu,final_value,none
diploid,cup,raw_rfu|max_drop|none,71,0.1593850234153352,0.18428750868261853,0.61706938167598,0.963,0.366613808255833,raw_rfu,max_drop,none
diploid,cup,raw_delta|value_4h|none,71,0.15881958417169684,0.18586931229408674,0.61706938167598,0.963,0.366613808255833,raw_delta,value_4h,none
diploid,cup,fc_corr_mm|value_3h|resid,71,0.15784708249496981,0.1886127848787633,0.61706938167598,0.967,0.366613808255833,fc_corr_mm,value_3h,resid
diploid,cup,raw_rfu|value_4h|none,71,0.15754527162977866,0.18947011681919196,0.61706938167598,0.968,0.366613808255833,raw_rfu,value_4h,none
diploid,cup,fc_corr_mm|value_4h|resid,71,0.15724346076458748,0.19033025412128576,0.61706938167598,0.968,0.366613808255833,fc_corr_mm,value_4h,resid
diploid,cup,fc_corr|max_drop|none,71,0.1553920012880955,0.19566836520868533,0.61706938167598,0.97,0.366613808255833,fc_corr,max_drop,none
diploid,cup,fc_corr|auc_late|resid,71,0.15516431924882626,0.19633215340833335,0.61706938167598,0.97,0.366613808255833,fc_corr,auc_late,resid
diploid,cup,raw_delta|value_3h|none,71,0.15482897384305833,0.1973127610969106,0.61706938167598,0.971,0.366613808255833,raw_delta,value_3h,none
diploid,cup,raw_rfu|value_3h|none,71,0.15399061032863848,0.1997796082424335,0.61706938167598,0.972,0.366613808255833,raw_rfu,value_3h,none
diploid,cup,raw_delta_mm|vmax|none,71,0.1538564721663313,0.20017633920922695,0.61706938167598,0.972,0.366613808255833,raw_delta_mm,vmax,none
diploid,cup,fc_corr|delta_auc_late_minus_early|none,71,0.15355466130114015,0.2010710401410414,0.61706938167598,0.973,0.366613808255833,fc_corr,delta_auc_late_minus_early,none
diploid,cup,fc_corr|lin_slope|none,71,0.15321931589537222,0.20206849470375401,0.61706938167598,0.973,0.366613808255833,fc_corr,lin_slope,none
diploid,cup,raw_delta_mm|auc_total|resid,71,0.15114017437961097,0.2083315016262928,0.6294270900198634,0.975,0.366613808255833,raw_delta_mm,auc_total,resid
diploid,cup,fc_corr_mm|rate_h3|none,71,0.14735077129443325,0.22009786769508735,0.6307942400727156,0.982,0.366613808255833,fc_corr_mm,rate_h3,none
diploid,cup,raw_delta|stability_cv|resid,71,0.14678068410462775,0.22190759115095213,0.6307942400727156,0.982,0.366613808255833,raw_delta,stability_cv,resid
diploid,cup,fc_corr|stability_cv|resid,71,0.14678068410462775,0.22190759115095213,0.6307942400727156,0.982,0.366613808255833,fc_corr,stability_cv,resid
diploid,cup,raw_delta_mm|rate_h3|none,71,0.1453386988598256,0.22653158466663403,0.6307942400727156,0.986,0.366613808255833,raw_delta_mm,rate_h3,none
diploid,cup,fc_corr_mm|auc_late|resid,71,0.14513749161636483,0.227182098283397,0.6307942400727156,0.986,0.366613808255833,fc_corr_mm,auc_late,resid
diploid,cup,raw_delta|auc_late|none,71,0.14406438631790744,0.23067350199904402,0.6307942400727156,0.986,0.366613808255833,raw_delta,auc_late,none
diploid,cup,raw_rfu|stability_cv|none,71,0.14282360831656604,0.23475672487226754,0.6307942400727156,0.986,0.366613808255833,raw_rfu,stability_cv,none
diploid,cup,fc_corr|peak_value|none,71,0.1424547283702213,0.23598025094805286,0.6307942400727156,0.986,0.366613808255833,fc_corr,peak_value,none
diploid,cup,raw_rfu|auc_late|none,71,0.14195171026156939,0.23765579513905843,0.6307942400727156,0.986,0.366613808255833,raw_rfu,auc_late,none
diploid,cup,raw_delta_mm|depression_abs|none,71,0.13975038629003222,0.24508496403573699,0.6307942400727156,0.991,0.366613808255833,raw_delta_mm,depression_abs,none
diploid,cup,raw_delta|stability_cv|none,71,0.13863179074446677,0.2489205023299028,0.6307942400727156,0.991,0.366613808255833,raw_delta,stability_cv,none
diploid,cup,raw_rfu|depression_abs|none,71,0.13754959280514983,0.2526701117465727,0.6307942400727156,0.991,0.366613808255833,raw_rfu,depression_abs,none
diploid,cup,fc_corr|stability_cv|none,71,0.137458081824279,0.25298893555796564,0.6307942400727156,0.991,0.366613808255833,fc_corr,stability_cv,none
diploid,cup,fc_corr_mm|depression_abs|none,71,0.13574179815685358,0.25901926612175263,0.6307942400727156,0.993,0.366613808255833,fc_corr_mm,depression_abs,none
diploid,cup,fc_corr|depression_abs|none,71,0.13483790083270544,0.262234039734226,0.6307942400727156,0.994,0.366613808255833,fc_corr,depression_abs,none
diploid,cup,raw_delta_mm|auc_0_3h|none,71,0.13189134808853117,0.2729002575214263,0.6307942400727156,0.994,0.366613808255833,raw_delta_mm,auc_0_3h,none
diploid,cup,fc_corr|frac_auc_first_half|resid,71,-0.1318242790073776,0.273146370819335,0.6307942400727156,0.994,0.366613808255833,fc_corr,frac_auc_first_half,resid
diploid,cup,fc_corr_mm|vmax|none,71,0.1317907444668008,0.273269483122454,0.6307942400727156,0.994,0.366613808255833,fc_corr_mm,vmax,none
diploid,cup,raw_delta|late_early_auc_ratio|resid,71,0.1317236753856472,0.2735158190440659,0.6307942400727156,0.994,0.366613808255833,raw_delta,late_early_auc_ratio,resid
diploid,cup,fc_corr|late_early_auc_ratio|resid,71,0.1317236753856472,0.2735158190440659,0.6307942400727156,0.994,0.366613808255833,fc_corr,late_early_auc_ratio,resid
diploid,cup,raw_rfu|frac_auc_first_half|resid,71,-0.1311200536552649,0.27573952299813703,0.6307942400727156,0.994,0.366613808255833,raw_rfu,frac_auc_first_half,resid
diploid,cup,raw_delta|frac_auc_first_half|resid,71,-0.13088531187122734,0.2766075453578379,0.6307942400727156,0.994,0.366613808255833,raw_delta,frac_auc_first_half,resid
diploid,cup,raw_rfu|metabolic_depression_index|none,71,0.12988611549172005,0.28032271419191246,0.6307942400727156,0.995,0.366613808255833,raw_rfu,metabolic_depression_index,none
diploid,cup,raw_rfu|resilience_ratio|none,71,-0.12988611549172005,0.28032271419191246,0.6307942400727156,0.995,0.366613808255833,raw_rfu,resilience_ratio,none
diploid,cup,raw_delta|resilience_ratio|none,71,-0.12988611549172005,0.28032271419191246,0.6307942400727156,0.995,0.366613808255833,raw_delta,resilience_ratio,none
diploid,cup,fc_corr|metabolic_depression_index|none,71,0.12988611549172005,0.28032271419191246,0.6307942400727156,0.995,0.366613808255833,fc_corr,metabolic_depression_index,none
diploid,cup,fc_corr|resilience_ratio|none,71,-0.12988611549172005,0.28032271419191246,0.6307942400727156,0.995,0.366613808255833,fc_corr,resilience_ratio,none
diploid,cup,fc_corr|auc_total|resid,71,0.1282696177062374,0.2864030070736642,0.6307942400727156,0.997,0.366613808255833,fc_corr,auc_total,resid
diploid,cup,fc_corr|value_4h|none,71,0.1275989268947015,0.2889511244619116,0.6307942400727156,0.997,0.366613808255833,fc_corr,value_4h,none
diploid,cup,fc_corr|mean_rate|none,71,0.12736418511066397,0.28984648433355925,0.6307942400727156,0.997,0.366613808255833,fc_corr,mean_rate,none
diploid,cup,raw_rfu|late_early_auc_ratio|resid,71,0.12709590878604962,0.2908719874254529,0.6307942400727156,0.997,0.366613808255833,raw_rfu,late_early_auc_ratio,resid
diploid,cup,raw_rfu|stability_cv|resid,71,0.12635814889336014,0.2937044142913479,0.6307942400727156,0.997,0.366613808255833,raw_rfu,stability_cv,resid
diploid,cup,fc_corr_mm|auc_total|resid,71,0.1255533199195171,0.2968149037025579,0.6307942400727156,0.997,0.366613808255833,fc_corr_mm,auc_total,resid
diploid,cup,fc_corr|final_value|none,71,0.1253521126760563,0.2975958805029336,0.6307942400727156,0.997,0.366613808255833,fc_corr,final_value,none
diploid,cup,raw_rfu|rate_h3|none,71,0.124916163648558,0.29929260067213026,0.6307942400727156,0.997,0.366613808255833,raw_rfu,rate_h3,none
diploid,cup,fc_corr|value_3h|none,71,0.12270288397048959,0.3080039197707423,0.6307942400727156,0.998,0.366613808255833,fc_corr,value_3h,none
diploid,cup,raw_rfu|sat_r2|none,70,-0.1216866415886624,0.3156162246006928,0.6307942400727156,0.998,0.366613808255833,raw_rfu,sat_r2,none
diploid,cup,fc_corr|rate_h3|none,71,0.12156270959087859,0.31255495884523227,0.6307942400727156,0.998,0.366613808255833,fc_corr,rate_h3,none
diploid,cup,fc_corr|metabolic_depression_index|resid,71,0.12156270959087859,0.31255495884523227,0.6307942400727156,0.998,0.366613808255833,fc_corr,metabolic_depression_index,resid
diploid,cup,fc_corr|resilience_ratio|resid,71,-0.12156270959087859,0.31255495884523227,0.6307942400727156,0.998,0.366613808255833,fc_corr,resilience_ratio,resid
diploid,cup,raw_rfu|metabolic_depression_index|resid,71,0.12142857142857141,0.3130932089109626,0.6307942400727156,0.998,0.366613808255833,raw_rfu,metabolic_depression_index,resid
diploid,cup,raw_rfu|resilience_ratio|resid,71,-0.12142857142857141,0.3130932089109626,0.6307942400727156,0.998,0.366613808255833,raw_rfu,resilience_ratio,resid
diploid,cup,raw_delta|resilience_ratio|resid,71,-0.12142857142857141,0.3130932089109626,0.6307942400727156,0.998,0.366613808255833,raw_delta,resilience_ratio,resid
diploid,cup,raw_rfu|late_early_auc_ratio|none,71,0.12139503688799462,0.31322786463412067,0.6307942400727156,0.998,0.366613808255833,raw_rfu,late_early_auc_ratio,none
diploid,cup,raw_rfu|frac_auc_first_half|none,71,-0.12139503688799462,0.31322786463412067,0.6307942400727156,0.998,0.366613808255833,raw_rfu,frac_auc_first_half,none
diploid,cup,fc_corr|late_early_auc_ratio|none,71,0.1209926224010731,0.31484664123160555,0.6307942400727156,0.998,0.366613808255833,fc_corr,late_early_auc_ratio,none
diploid,cup,fc_corr|frac_auc_first_half|none,71,-0.1209926224010731,0.31484664123160555,0.6307942400727156,0.998,0.366613808255833,fc_corr,frac_auc_first_half,none
diploid,cup,fc_corr|sat_r2|none,70,-0.12098679030705975,0.3184283511446362,0.6307942400727156,0.998,0.366613808255833,fc_corr,sat_r2,none
diploid,cup,raw_delta|auc_total|none,71,0.1197518443997317,0.3198716587026724,0.6307942400727156,0.998,0.366613808255833,raw_delta,auc_total,none
diploid,cup,raw_delta|late_early_auc_ratio|none,71,0.119215291750503,0.32206043947374563,0.6307942400727156,0.998,0.366613808255833,raw_delta,late_early_auc_ratio,none
diploid,cup,raw_delta|frac_auc_first_half|none,71,-0.119215291750503,0.32206043947374563,0.6307942400727156,0.998,0.366613808255833,raw_delta,frac_auc_first_half,none
diploid,cup,raw_rfu|n_negative_intervals|none,71,0.11840515067987199,0.3253833494957481,0.6329374743615922,0.998,0.366613808255833,raw_rfu,n_negative_intervals,none
diploid,cup,raw_rfu|n_negative_intervals|resid,71,0.11767270288397047,0.3284062942342699,0.634472024234916,0.998,0.366613808255833,raw_rfu,n_negative_intervals,resid
diploid,cup,raw_rfu|time_to_vmax|none,71,0.11661634964337222,0.3327973187563329,0.6374419676061135,0.998,0.366613808255833,raw_rfu,time_to_vmax,none
diploid,cup,raw_delta|auc_0_3h|resid,71,0.11589537223340039,0.33581544726605106,0.6374419676061135,0.998,0.366613808255833,raw_delta,auc_0_3h,resid
diploid,cup,raw_delta_mm|vmax|resid,71,0.11522468142186451,0.3386384883541854,0.6374419676061135,0.998,0.366613808255833,raw_delta_mm,vmax,resid
diploid,cup,raw_rfu|vmax|resid,71,0.11515761234071091,0.3389216095370533,0.6374419676061135,0.998,0.366613808255833,raw_rfu,vmax,resid
diploid,cup,raw_rfu|auc_total|none,71,0.11441985244802144,0.34204574215554984,0.6390854656064221,0.998,0.366613808255833,raw_rfu,auc_total,none
diploid,cup,raw_rfu|auc_0_3h|resid,71,0.11311200536552647,0.34762809401230865,0.644882549480622,0.998,0.366613808255833,raw_rfu,auc_0_3h,resid
diploid,cup,fc_corr|auc_late|none,71,0.11230717639168342,0.3510913917293169,0.644882549480622,0.998,0.366613808255833,fc_corr,auc_late,none
diploid,cup,raw_rfu|time_to_peak|resid,71,-0.11210596914822266,0.35196054637146623,0.644882549480622,0.999,0.366613808255833,raw_rfu,time_to_peak,resid
diploid,cup,raw_rfu|vmax|none,71,0.11066398390342051,0.35822842072091887,0.6506882847517897,0.999,0.366613808255833,raw_rfu,vmax,none
diploid,cup,fc_corr_mm|auc_0_3h|none,71,0.1101609657947686,0.36043094515486884,0.6506882847517897,0.999,0.366613808255833,fc_corr_mm,auc_0_3h,none
diploid,cup,fc_corr|t_half|none,71,0.1095908786049631,0.36293716472806425,0.6506882847517897,0.999,0.366613808255833,fc_corr,t_half,none
diploid,cup,fc_corr|sat_k|none,70,-0.10943924416061587,0.3671308729078486,0.6506882847517897,0.999,0.366613808255833,fc_corr,sat_k,none
diploid,cup,fc_corr_mm|sat_k|none,70,-0.10943924416061587,0.3671308729078486,0.6506882847517897,0.999,0.366613808255833,fc_corr_mm,sat_k,none
diploid,cup,raw_rfu|t_half|none,71,0.10824949698189133,0.3688761050881625,0.6506882847517897,0.999,0.366613808255833,raw_rfu,t_half,none
diploid,cup,raw_rfu|sat_k|none,70,-0.10716472749540722,0.3772324825688993,0.6572639573593092,0.999,0.366613808255833,raw_rfu,sat_k,none
diploid,cup,raw_delta_mm|sat_k|none,70,-0.10716472749540722,0.3772324825688993,0.6572639573593092,0.999,0.366613808255833,raw_delta_mm,sat_k,none
diploid,cup,raw_delta_mm|auc_0_3h|resid,71,0.10516431924882627,0.38275833911575186,0.6628254165175215,1,0.366613808255833,raw_delta_mm,auc_0_3h,resid
diploid,cup,fc_corr_mm|vmax|resid,71,0.1038564721663313,0.388736456584341,0.6661215281869004,1,0.366613808255833,fc_corr_mm,vmax,resid
diploid,cup,raw_delta_mm|max_drop|resid,71,0.10372233400402413,0.3893527242219207,0.6661215281869004,1,0.366613808255833,raw_delta_mm,max_drop,resid
diploid,cup,raw_rfu|depression_abs|resid,71,0.10308517773306504,0.39228792589610206,0.667124376973012,1,0.366613808255833,raw_rfu,depression_abs,resid
diploid,cup,raw_rfu|max_drop|resid,71,0.10224681421864519,0.3961699643682237,0.6697158921462829,1,0.366613808255833,raw_rfu,max_drop,resid
diploid,cup,raw_rfu|min_slope|resid,71,-0.10090543259557343,0.40242820199566964,0.6762372529081234,1,0.366613808255833,raw_rfu,min_slope,resid
diploid,cup,raw_delta_mm|auc_0_2h|none,71,0.10040241448692151,0.40478990490979216,0.6762372529081234,1,0.366613808255833,raw_delta_mm,auc_0_2h,none
diploid,cup,raw_rfu|rate_h4|resid,71,-0.09912810194500334,0.41080904619129976,0.6798896696504781,1,0.366613808255833,raw_rfu,rate_h4,resid
diploid,cup,fc_corr|vmax|resid,71,0.09892689470154259,0.4117641661263459,0.6798896696504781,1,0.366613808255833,fc_corr,vmax,resid
diploid,cup,fc_corr_mm|rate_h4|resid,71,-0.09617706237424545,0.4249460724672214,0.6867046768746988,1,0.366613808255833,fc_corr_mm,rate_h4,resid
diploid,cup,fc_corr_mm|max_drop|resid,71,0.09607645875251508,0.42543286409705794,0.6867046768746988,1,0.366613808255833,fc_corr_mm,max_drop,resid
diploid,cup,fc_corr|max_drop|resid,71,0.09570757880617034,0.42722048885225683,0.6867046768746988,1,0.366613808255833,fc_corr,max_drop,resid
diploid,cup,fc_corr|auc_total|none,71,0.09500335345405767,0.43064508599841733,0.6867046768746988,1,0.366613808255833,fc_corr,auc_total,none
diploid,cup,raw_delta_mm|min_slope|resid,71,-0.09496981891348087,0.4308085496897398,0.6867046768746988,1,0.366613808255833,raw_delta_mm,min_slope,resid
diploid,cup,fc_corr|min_slope|resid,71,-0.09493628437290408,0.43097204858211213,0.6867046768746988,1,0.366613808255833,fc_corr,min_slope,resid
diploid,cup,fc_corr_mm|min_slope|resid,71,-0.09443326626425216,0.43342875262457814,0.6867046768746988,1,0.366613808255833,fc_corr_mm,min_slope,resid
diploid,cup,raw_delta_mm|value_2h|none,71,0.09406438631790742,0.4352353585825556,0.6867046768746988,1,0.366613808255833,raw_delta_mm,value_2h,none
diploid,cup,raw_delta_mm|auc_early|none,71,0.09272300469483567,0.4418405452985017,0.690500959825632,1,0.366613808255833,raw_delta_mm,auc_early,none
diploid,cup,fc_corr|rate_h4|resid,71,-0.0925888665325285,0.44250413622628526,0.690500959825632,1,0.366613808255833,fc_corr,rate_h4,resid
diploid,cup,raw_delta_mm|rate_h4|resid,71,-0.09114688128772634,0.44967285563154746,0.6969066783556044,1,0.366613808255833,raw_delta_mm,rate_h4,resid
diploid,cup,raw_rfu|min_slope|none,71,-0.09077800134138161,0.4515170028782789,0.6969066783556044,1,0.366613808255833,raw_rfu,min_slope,none
diploid,cup,fc_corr|vmax|none,71,0.08997317236753856,0.45555508334804895,0.699338614437005,1,0.366613808255833,fc_corr,vmax,none
diploid,cup,fc_corr_mm|min_slope|none,71,-0.08900067069081152,0.46046083953830197,0.7030692388649342,1,0.366613808255833,fc_corr_mm,min_slope,none
diploid,cup,raw_rfu|rate_last_first_ratio|resid,71,-0.08578135479543929,0.47690491634496124,0.7242834023634706,1,0.366613808255833,raw_rfu,rate_last_first_ratio,resid
diploid,cup,raw_rfu|auc_0_3h|none,71,0.08370221327967806,0.4876898522600608,0.7260486285346162,1,0.366613808255833,raw_rfu,auc_0_3h,none
diploid,cup,fc_corr_mm|auc_0_2h|none,71,0.08333333333333333,0.48961666270513793,0.7260486285346162,1,0.366613808255833,fc_corr_mm,auc_0_2h,none
diploid,cup,fc_corr|min_slope|none,71,-0.08316566063044936,0.49049380863402814,0.7260486285346162,1,0.366613808255833,fc_corr,min_slope,none
diploid,cup,fc_corr|auc_0_3h|resid,71,0.08276324614352783,0.492602325586885,0.7260486285346162,1,0.366613808255833,fc_corr,auc_0_3h,resid
diploid,cup,fc_corr|rate_last_first_ratio|resid,71,-0.08269617706237423,0.4929542065292455,0.7260486285346162,1,0.366613808255833,fc_corr,rate_last_first_ratio,resid
diploid,cup,raw_rfu|value_2h|resid,71,0.08219315895372233,0.49559750700225524,0.7260486285346162,1,0.366613808255833,raw_rfu,value_2h,resid
diploid,cup,fc_corr|depression_abs|resid,71,0.08162307176391682,0.4986021705195376,0.7260486285346162,1,0.366613808255833,fc_corr,depression_abs,resid
diploid,cup,raw_delta_mm|min_slope|none,71,-0.08101945003353453,0.5017938730398723,0.7260486285346162,1,0.366613808255833,raw_delta_mm,min_slope,none
diploid,cup,raw_delta|value_2h|resid,71,0.08088531187122736,0.5025045738187802,0.7260486285346162,1,0.366613808255833,raw_delta,value_2h,resid
diploid,cup,fc_corr_mm|value_2h|none,71,0.07984574111334673,0.5080301059353318,0.7260486285346162,1,0.366613808255833,fc_corr_mm,value_2h,none
diploid,cup,raw_delta_mm|initial_slope|none,71,0.07971160295103956,0.5087453418253121,0.7260486285346162,1,0.366613808255833,raw_delta_mm,initial_slope,none
diploid,cup,raw_delta_mm|auc_0_1h|none,71,0.07971160295103956,0.5087453418253121,0.7260486285346162,1,0.366613808255833,raw_delta_mm,auc_0_1h,none
diploid,cup,raw_delta|auc_0_3h|none,71,0.07786720321931588,0.5186319247016511,0.7343255240766919,1,0.366613808255833,raw_delta,auc_0_3h,none
diploid,cup,fc_corr|t_half|resid,71,0.07766599597585513,0.519716304012025,0.7343255240766919,1,0.366613808255833,fc_corr,t_half,resid
diploid,cup,raw_delta_mm|auc_early|resid,71,0.07712944332662641,0.5226135645248122,0.7347636253715182,1,0.366613808255833,raw_delta_mm,auc_early,resid
diploid,cup,raw_rfu|inflection_time|resid,71,0.0761234071093226,0.5280677130504305,0.7352707452176874,1,0.366613808255833,raw_rfu,inflection_time,resid
diploid,cup,raw_rfu|time_to_min_slope|none,71,0.07572857093193441,0.5302160115072563,0.7352707452176874,1,0.366613808255833,raw_rfu,time_to_min_slope,none
diploid,cup,raw_delta_mm|auc_0_2h|resid,71,0.07538564721663311,0.5320853712884239,0.7352707452176874,1,0.366613808255833,raw_delta_mm,auc_0_2h,resid
diploid,cup,fc_corr_mm|auc_early|none,71,0.0743460764587525,0.5377721990336986,0.7352707452176874,1,0.366613808255833,fc_corr_mm,auc_early,none
diploid,cup,raw_rfu|t_half|resid,71,0.0743460764587525,0.5377721990336986,0.7352707452176874,1,0.366613808255833,raw_rfu,t_half,resid
diploid,cup,raw_rfu|lin_r2|resid,71,0.07421193829644533,0.5385081514270387,0.7352707452176874,1,0.366613808255833,raw_rfu,lin_r2,resid
diploid,cup,fc_corr|lin_r2|resid,71,0.07276995305164319,0.5464507040746367,0.7425231982616032,1,0.366613808255833,fc_corr,lin_r2,resid
diploid,cup,fc_corr_mm|auc_0_3h|resid,71,0.07230046948356807,0.5490488437849882,0.7425231982616032,1,0.366613808255833,fc_corr_mm,auc_0_3h,resid
diploid,cup,fc_corr_mm|rate_h4|none,71,-0.06988598256203889,0.5625040766541483,0.7571144917998962,1,0.366613808255833,fc_corr_mm,rate_h4,none
diploid,cup,fc_corr|rate_h4|none,71,-0.0687122736418511,0.5691005688940411,0.7623800073863569,1,0.366613808255833,fc_corr,rate_h4,none
diploid,cup,raw_rfu|time_to_min_slope|resid,71,0.06646545942320589,0.5818279421972077,0.7753199143297487,1,0.366613808255833,raw_rfu,time_to_min_slope,resid
diploid,cup,raw_rfu|rate_h4|none,71,-0.06569416498993963,0.5862268360376777,0.7753199143297487,1,0.366613808255833,raw_rfu,rate_h4,none
diploid,cup,raw_rfu|auc_early|resid,71,0.06515761234071092,0.5892958046788987,0.7753199143297487,1,0.366613808255833,raw_rfu,auc_early,resid
diploid,cup,raw_delta_mm|depression_abs|resid,71,0.06509054325955733,0.589679934842344,0.7753199143297487,1,0.366613808255833,raw_delta_mm,depression_abs,resid
diploid,cup,raw_delta|auc_early|resid,71,0.06458752515090543,0.5925645023372498,0.7755222058238661,1,0.366613808255833,raw_delta,auc_early,resid
diploid,cup,raw_delta|auc_0_2h|resid,71,0.0636150234741784,0.598159199602977,0.7784549502754449,1,0.366613808255833,raw_delta,auc_0_2h,resid
diploid,cup,raw_rfu|auc_0_2h|resid,71,0.06324614352783366,0.6002874440504311,0.7784549502754449,1,0.366613808255833,raw_rfu,auc_0_2h,resid
diploid,cup,fc_corr_mm|quad_coef|resid,71,0.06193829644533869,0.6078598739412773,0.7803644482754265,1,0.366613808255833,fc_corr_mm,quad_coef,resid
diploid,cup,fc_corr_mm|initial_slope|none,71,0.06156941649899395,0.6100031954829038,0.7803644482754265,1,0.366613808255833,fc_corr_mm,initial_slope,none
diploid,cup,fc_corr_mm|auc_0_1h|none,71,0.06156941649899395,0.6100031954829038,0.7803644482754265,1,0.366613808255833,fc_corr_mm,auc_0_1h,none
diploid,cup,raw_delta|auc_early|none,71,0.05918846411804158,0.6239155323451351,0.7877423001339898,1,0.366613808255833,raw_delta,auc_early,none
diploid,cup,fc_corr|auc_0_3h|none,71,0.059020791415157606,0.6249003143604009,0.7877423001339898,1,0.366613808255833,fc_corr,auc_0_3h,none
diploid,cup,fc_corr_mm|auc_0_2h|resid,71,0.057914151576123396,0.6314162468222129,0.7877423001339898,1,0.366613808255833,fc_corr_mm,auc_0_2h,resid
diploid,cup,fc_corr|auc_early|resid,71,0.05784708249496981,0.6318120602691801,0.7877423001339898,1,0.366613808255833,fc_corr,auc_early,resid
diploid,cup,raw_delta_mm|initial_slope|resid,71,0.05767940979208584,0.6328020453916169,0.7877423001339898,1,0.366613808255833,raw_delta_mm,initial_slope,resid
diploid,cup,raw_delta_mm|auc_0_1h|resid,71,0.05767940979208584,0.6328020453916169,0.7877423001339898,1,0.366613808255833,raw_delta_mm,auc_0_1h,resid
diploid,cup,raw_delta_mm|rate_h4|none,71,-0.05707578806170355,0.6363713122538572,0.7877423001339898,1,0.366613808255833,raw_delta_mm,rate_h4,none
diploid,cup,fc_corr_mm|depression_abs|resid,71,0.05680751173708919,0.6379603134887946,0.7877423001339898,1,0.366613808255833,fc_corr_mm,depression_abs,resid
diploid,cup,raw_rfu|auc_early|none,71,0.05596914822266934,0.6429364113547593,0.7904499602803101,1,0.366613808255833,raw_rfu,auc_early,none
diploid,cup,raw_delta_mm|value_2h|resid,71,0.05469483568075117,0.6505301203269054,0.7956083047799615,1,0.366613808255833,raw_delta_mm,value_2h,resid
diploid,cup,fc_corr_mm|auc_early|resid,71,0.05432595573440643,0.6527349824427149,0.7956083047799615,1,0.366613808255833,fc_corr_mm,auc_early,resid
diploid,cup,raw_delta|auc_0_2h|none,71,0.05331991951710261,0.6587632962268275,0.7995246843094829,1,0.366613808255833,raw_delta,auc_0_2h,none
diploid,cup,raw_rfu|rate_last_first_ratio|none,71,-0.0528504359490275,0.6615839787291637,0.7995312764216277,1,0.366613808255833,raw_rfu,rate_last_first_ratio,none
diploid,cup,raw_rfu|auc_0_2h|none,71,0.051073105298457405,0.6723046199368201,0.8029919335945406,1,0.366613808255833,raw_rfu,auc_0_2h,none
diploid,cup,fc_corr|rate_last_first_ratio|none,71,-0.050972501676727025,0.6729134273106698,0.8029919335945406,1,0.366613808255833,fc_corr,rate_last_first_ratio,none
diploid,cup,fc_corr|quad_coef|resid,71,0.05077129443326626,0.6741316709743292,0.8029919335945406,1,0.366613808255833,fc_corr,quad_coef,resid
diploid,cup,raw_rfu|value_1h|resid,71,0.05050301810865191,0.6757572962292084,0.8029919335945406,1,0.366613808255833,raw_rfu,value_1h,resid
diploid,cup,fc_corr|auc_0_2h|resid,71,0.049195171026156934,0.6837032936460847,0.8076407033838595,1,0.366613808255833,fc_corr,auc_0_2h,resid
diploid,cup,raw_rfu|initial_slope|resid,71,0.048457411133467465,0.6882008810524436,0.8076407033838595,1,0.366613808255833,raw_rfu,initial_slope,resid
diploid,cup,raw_delta|auc_0_1h|resid,71,0.048457411133467465,0.6882008810524436,0.8076407033838595,1,0.366613808255833,raw_delta,auc_0_1h,resid
diploid,cup,raw_rfu|auc_0_1h|none,71,0.046780684104627754,0.6984626563319118,0.8091706370597439,1,0.366613808255833,raw_rfu,auc_0_1h,none
diploid,cup,raw_rfu|auc_0_1h|resid,71,0.046613011401743794,0.699491841776859,0.8091706370597439,1,0.366613808255833,raw_rfu,auc_0_1h,resid
diploid,cup,raw_rfu|initial_slope|none,71,0.04624413145539905,0.7017579490922072,0.8091706370597439,1,0.366613808255833,raw_rfu,initial_slope,none
diploid,cup,raw_delta|auc_0_1h|none,71,0.04624413145539905,0.7017579490922072,0.8091706370597439,1,0.366613808255833,raw_delta,auc_0_1h,none
diploid,cup,fc_corr|quad_coef|none,71,0.04567404426559355,0.7052652167437008,0.8091706370597439,1,0.366613808255833,fc_corr,quad_coef,none
diploid,cup,fc_corr|value_2h|resid,71,0.04473507712944332,0.7110552394321854,0.8091706370597439,1,0.366613808255833,fc_corr,value_2h,resid
diploid,cup,raw_rfu|rate_cv|none,71,0.044668008048289735,0.7114694416783232,0.8091706370597439,1,0.366613808255833,raw_rfu,rate_cv,none
diploid,cup,fc_corr|rate_cv|none,71,0.044533869885982555,0.7122980960032957,0.8091706370597439,1,0.366613808255833,fc_corr,rate_cv,none
diploid,cup,raw_rfu|value_1h|none,71,0.043997317236753854,0.7156160284144214,0.8093650521279354,1,0.366613808255833,raw_rfu,value_1h,none
diploid,cup,raw_rfu|rate_cv|resid,71,0.04342723004694835,0.7191470961091537,0.8093650521279354,1,0.366613808255833,raw_rfu,rate_cv,resid
diploid,cup,fc_corr|rate_cv|resid,71,0.0431254191817572,0.7210188668604496,0.8093650521279354,1,0.366613808255833,fc_corr,rate_cv,resid
diploid,cup,fc_corr_mm|initial_slope|resid,71,0.04215291750503017,0.7270612064552893,0.8097465985619693,1,0.366613808255833,fc_corr_mm,initial_slope,resid
diploid,cup,fc_corr_mm|auc_0_1h|resid,71,0.04215291750503017,0.7270612064552893,0.8097465985619693,1,0.366613808255833,fc_corr_mm,auc_0_1h,resid
diploid,cup,raw_rfu|baseline_value|none,71,0.040073775989268944,0.7400347211861452,0.8209760188158799,1,0.366613808255833,raw_rfu,baseline_value,none
diploid,cup,fc_corr|lin_r2|none,71,0.03799463447350771,0.7530809770165852,0.832198433745954,1,0.366613808255833,fc_corr,lin_r2,none
diploid,cup,raw_rfu|quad_coef|none,71,0.03651911468812877,0.7623818737703698,0.839211054848004,1,0.366613808255833,raw_rfu,quad_coef,none
diploid,cup,raw_rfu|lin_r2|none,71,0.035412474849094565,0.7693797196343012,0.8413272861770339,1,0.366613808255833,raw_rfu,lin_r2,none
diploid,cup,raw_rfu|baseline_value|resid,71,0.035278336686787384,0.7702292056550311,0.8413272861770339,1,0.366613808255833,raw_rfu,baseline_value,resid
diploid,cup,fc_corr_mm|rate_h2|none,71,0.03447350771294433,0.7753317527096334,0.8433429800163617,1,0.366613808255833,fc_corr_mm,rate_h2,none
diploid,cup,raw_rfu|time_to_peak|none,71,-0.03405110061642052,0.7780135942404462,0.8433429800163617,1,0.366613808255833,raw_rfu,time_to_peak,none
diploid,cup,raw_delta_mm|rate_h2|none,71,0.0335010060362173,0.7815099935061436,0.8439119321511207,1,0.366613808255833,raw_delta_mm,rate_h2,none
diploid,cup,raw_delta|value_2h|none,71,0.03259557344064386,0.7872743061902242,0.844407550233812,1,0.366613808255833,raw_delta,value_2h,none
diploid,cup,raw_rfu|rate_h2|resid,71,0.03249496981891348,0.7879154958167612,0.844407550233812,1,0.366613808255833,raw_rfu,rate_h2,resid
diploid,cup,raw_rfu|value_2h|none,71,0.031220657276995304,0.7960492643911574,0.8499172597258975,1,0.366613808255833,raw_rfu,value_2h,none
diploid,cup,fc_corr_mm|value_2h|resid,71,0.03014755197853789,0.802915642925424,0.8522169889103454,1,0.366613808255833,fc_corr_mm,value_2h,resid
diploid,cup,raw_delta_mm|quad_coef|resid,71,0.029946344735077127,0.804204764183002,0.8522169889103454,1,0.366613808255833,raw_delta_mm,quad_coef,resid
diploid,cup,raw_rfu|inflection_time|none,71,0.029133617145695477,0.8094171234659258,0.8531919011927463,1,0.366613808255833,raw_rfu,inflection_time,none
diploid,cup,fc_corr|auc_0_2h|none,71,0.028470824949698183,0.8136740262496214,0.8531919011927463,1,0.366613808255833,fc_corr,auc_0_2h,none
diploid,cup,raw_rfu|rate_h2|none,71,0.027934272300469482,0.8171240859328818,0.8531919011927463,1,0.366613808255833,raw_rfu,rate_h2,none
diploid,cup,fc_corr|auc_early|none,71,0.027498323272971154,0.8199298166806748,0.8531919011927463,1,0.366613808255833,fc_corr,auc_early,none
diploid,cup,raw_rfu|quad_coef|resid,71,0.02746478873239436,0.8201457360057033,0.8531919011927463,1,0.366613808255833,raw_rfu,quad_coef,resid
diploid,cup,fc_corr|initial_slope|none,71,0.025486250838363513,0.8329080469645744,0.8601668557743242,1,0.366613808255833,fc_corr,initial_slope,none
diploid,cup,fc_corr|auc_0_1h|none,71,0.025486250838363513,0.8329080469645744,0.8601668557743242,1,0.366613808255833,fc_corr,auc_0_1h,none
diploid,cup,fc_corr|rate_h2|resid,71,0.024044265593561362,0.8422368023900954,0.8666494633289387,1,0.366613808255833,fc_corr,rate_h2,resid
diploid,cup,fc_corr_mm|quad_coef|none,71,0.023373574782025484,0.8465832310718615,0.8679770311350493,1,0.366613808255833,fc_corr_mm,quad_coef,none
diploid,cup,fc_corr|rate_h2|none,71,0.017404426559356135,0.8854530091845236,0.9035532404732988,1,0.366613808255833,fc_corr,rate_h2,none
diploid,cup,fc_corr|value_2h|none,71,0.017069081153588194,0.8876456130001773,0.9035532404732988,1,0.366613808255833,fc_corr,value_2h,none
diploid,cup,fc_corr|initial_slope|resid,71,0.011468812877263581,0.9243738382681206,0.934242598107282,1,0.366613808255833,fc_corr,initial_slope,resid
diploid,cup,fc_corr|auc_0_1h|resid,71,0.011468812877263581,0.9243738382681206,0.934242598107282,1,0.366613808255833,fc_corr,auc_0_1h,resid
diploid,cup,raw_delta_mm|rate_h2|resid,71,0.007981220657276994,0.9473314198425486,0.9540500823946234,1,0.366613808255833,raw_delta_mm,rate_h2,resid
diploid,cup,fc_corr_mm|rate_h2|resid,71,0.006572769953051642,0.9566159500793849,0.9599962184542238,1,0.366613808255833,fc_corr_mm,rate_h2,resid
diploid,cup,raw_delta_mm|quad_coef|none,71,-0.002179745137491616,0.9856062549080463,0.9856062549080463,1,0.366613808255833,raw_delta_mm,quad_coef,none
pooled_adj,cup,raw_delta_mm|sat_asymptote|none,119,0.17609314912405644,0.05540698145294647,0.8816790113932351,0.67,0.27926861513459134,raw_delta_mm,sat_asymptote,none
pooled_adj,cup,fc_corr_mm|sat_asymptote|none,119,0.17003275886625838,0.06449445829671306,0.8816790113932351,0.724,0.27926861513459134,fc_corr_mm,sat_asymptote,none
pooled_adj,cup,fc_corr|sat_asymptote|resid,119,0.16977638513032334,0.06490418129486791,0.8816790113932351,0.726,0.27926861513459134,fc_corr,sat_asymptote,resid
pooled_adj,cup,fc_corr_mm|lin_slope|none,123,0.16853258696521392,0.06240822694678424,0.8816790113932351,0.739,0.27926861513459134,fc_corr_mm,lin_slope,none
pooled_adj,cup,raw_rfu|sat_asymptote|resid,119,0.16766842330152404,0.06835397290922295,0.8816790113932351,0.749,0.27926861513459134,raw_rfu,sat_asymptote,resid
pooled_adj,cup,fc_corr_mm|final_value|none,123,0.16694612477589607,0.06495149647675534,0.8816790113932351,0.76,0.27926861513459134,fc_corr_mm,final_value,none
pooled_adj,cup,raw_delta_mm|lin_slope|none,123,0.1662883233803253,0.06603049364410216,0.8816790113932351,0.762,0.27926861513459134,raw_delta_mm,lin_slope,none
pooled_adj,cup,fc_corr_mm|rate_h3|resid,123,0.1659658717158298,0.06656471672387355,0.8816790113932351,0.764,0.27926861513459134,fc_corr_mm,rate_h3,resid
pooled_adj,cup,fc_corr_mm|mean_rate|none,123,0.1644761450258606,0.06907864212578033,0.8816790113932351,0.774,0.27926861513459134,fc_corr_mm,mean_rate,none
pooled_adj,cup,raw_delta_mm|peak_value|none,123,0.16401181462898712,0.06987776351475607,0.8816790113932351,0.781,0.27926861513459134,raw_delta_mm,peak_value,none
pooled_adj,cup,raw_delta_mm|rate_h3|resid,123,0.16321858353432822,0.07126025211353086,0.8816790113932351,0.785,0.27926861513459134,raw_delta_mm,rate_h3,resid
pooled_adj,cup,fc_corr_mm|value_4h|none,123,0.1621673911080729,0.07312635255238051,0.8816790113932351,0.794,0.27926861513459134,fc_corr_mm,value_4h,none
pooled_adj,cup,raw_delta_mm|sat_asymptote|resid,119,0.16077481840193708,0.08068668402312643,0.8816790113932351,0.802,0.27926861513459134,raw_delta_mm,sat_asymptote,resid
pooled_adj,cup,raw_delta_mm|final_value|none,123,0.15905250802904644,0.07888875417680814,0.8816790113932351,0.809,0.27926861513459134,raw_delta_mm,final_value,none
pooled_adj,cup,raw_delta_mm|value_4h|none,123,0.15879454669745005,0.07938188379274475,0.8816790113932351,0.81,0.27926861513459134,raw_delta_mm,value_4h,none
pooled_adj,cup,raw_rfu|time_to_vmax|resid,123,0.15808515303555995,0.08075076176592412,0.8816790113932351,0.816,0.27926861513459134,raw_rfu,time_to_vmax,resid
pooled_adj,cup,raw_delta_mm|mean_rate|none,123,0.15800131560279115,0.08091378145447105,0.8816790113932351,0.816,0.27926861513459134,raw_delta_mm,mean_rate,none
pooled_adj,cup,fc_corr|rate_h3|resid,123,0.15753053617262772,0.08183410683812319,0.8816790113932351,0.818,0.27926861513459134,fc_corr,rate_h3,resid
pooled_adj,cup,raw_rfu|rate_h3|resid,123,0.1564664456797926,0.08394519811123793,0.8816790113932351,0.825,0.27926861513459134,raw_rfu,rate_h3,resid
pooled_adj,cup,fc_corr_mm|sat_asymptote|resid,119,0.15617433414043586,0.08986653069289381,0.8816790113932351,0.826,0.27926861513459134,fc_corr_mm,sat_asymptote,resid
pooled_adj,cup,fc_corr_mm|peak_value|none,123,0.15578284815106216,0.08532422962946469,0.8816790113932351,0.828,0.27926861513459134,fc_corr_mm,peak_value,none
pooled_adj,cup,raw_delta|late_early_auc_ratio|resid,123,0.1492564264616734,0.09941932280248478,0.8816790113932351,0.854,0.27926861513459134,raw_delta,late_early_auc_ratio,resid
pooled_adj,cup,raw_rfu|late_early_auc_ratio|resid,123,0.14903071029652656,0.09993778562525225,0.8816790113932351,0.854,0.27926861513459134,raw_rfu,late_early_auc_ratio,resid
pooled_adj,cup,fc_corr|late_early_auc_ratio|resid,123,0.1484889915001741,0.10119078430258306,0.8816790113932351,0.858,0.27926861513459134,fc_corr,late_early_auc_ratio,resid
pooled_adj,cup,fc_corr_mm|delta_auc_late_minus_early|none,123,0.14745069714049863,0.10362687702804735,0.8816790113932351,0.862,0.27926861513459134,fc_corr_mm,delta_auc_late_minus_early,none
pooled_adj,cup,raw_delta_mm|delta_auc_late_minus_early|none,123,0.14648334214701217,0.1059377249806274,0.8816790113932351,0.87,0.27926861513459134,raw_delta_mm,delta_auc_late_minus_early,none
pooled_adj,cup,fc_corr|frac_auc_first_half|resid,123,-0.14338780616785543,0.11360438973819234,0.8816790113932351,0.891,0.27926861513459134,fc_corr,frac_auc_first_half,resid
pooled_adj,cup,raw_rfu|frac_auc_first_half|resid,123,-0.1433555610014059,0.11368646299486851,0.8816790113932351,0.892,0.27926861513459134,raw_rfu,frac_auc_first_half,resid
pooled_adj,cup,raw_delta|frac_auc_first_half|resid,123,-0.14254298280687724,0.11576997006372851,0.8816790113932351,0.899,0.27926861513459134,raw_delta,frac_auc_first_half,resid
pooled_adj,cup,raw_rfu|lin_slope|resid,123,0.14078239671873186,0.12038582634111367,0.8816790113932351,0.909,0.27926861513459134,raw_rfu,lin_slope,resid
pooled_adj,cup,fc_corr_mm|value_3h|none,123,0.139628019759838,0.12348872761362746,0.8816790113932351,0.915,0.27926861513459134,fc_corr_mm,value_3h,none
pooled_adj,cup,fc_corr_mm|delta_auc_late_minus_early|resid,123,0.13809959887012938,0.12769145576504098,0.8816790113932351,0.921,0.27926861513459134,fc_corr_mm,delta_auc_late_minus_early,resid
pooled_adj,cup,fc_corr_mm|auc_late|none,123,0.13794482207117154,0.12812310084718137,0.8816790113932351,0.922,0.27926861513459134,fc_corr_mm,auc_late,none
pooled_adj,cup,raw_rfu|delta_auc_late_minus_early|resid,123,0.13777069817234397,0.1286100396949084,0.8816790113932351,0.923,0.27926861513459134,raw_rfu,delta_auc_late_minus_early,resid
pooled_adj,cup,raw_delta_mm|lin_slope|resid,123,0.13726122454244108,0.1300429452055795,0.8816790113932351,0.926,0.27926861513459134,raw_delta_mm,lin_slope,resid
pooled_adj,cup,fc_corr|delta_auc_late_minus_early|resid,123,0.13724187744257135,0.13009759952203653,0.8816790113932351,0.926,0.27926861513459134,fc_corr,delta_auc_late_minus_early,resid
pooled_adj,cup,raw_delta_mm|delta_auc_late_minus_early|resid,123,0.13548774038771588,0.13512645931311448,0.8816790113932351,0.931,0.27926861513459134,raw_delta_mm,delta_auc_late_minus_early,resid
pooled_adj,cup,fc_corr|lin_slope|resid,123,0.13524912615598922,0.13582183922304272,0.8816790113932351,0.931,0.27926861513459134,fc_corr,lin_slope,resid
pooled_adj,cup,raw_rfu|inflection_time|resid,123,0.13290812707175192,0.14278950171350424,0.8816790113932351,0.937,0.27926861513459134,raw_rfu,inflection_time,resid
pooled_adj,cup,raw_delta_mm|value_3h|none,123,0.13099276418464872,0.1486891371911395,0.8816790113932351,0.943,0.27926861513459134,raw_delta_mm,value_3h,none
pooled_adj,cup,fc_corr|stability_cv|resid,123,0.1301995330899898,0.15118554630947859,0.8816790113932351,0.945,0.27926861513459134,fc_corr,stability_cv,resid
pooled_adj,cup,fc_corr_mm|lin_slope|resid,123,0.12990287755865396,0.15212722123836742,0.8816790113932351,0.946,0.27926861513459134,fc_corr_mm,lin_slope,resid
pooled_adj,cup,raw_delta_mm|final_value|resid,123,0.12948369039480984,0.15346535732359798,0.8816790113932351,0.947,0.27926861513459134,raw_delta_mm,final_value,resid
pooled_adj,cup,raw_delta|stability_cv|resid,123,0.12923862712979325,0.1542517355579991,0.8816790113932351,0.947,0.27926861513459134,raw_delta,stability_cv,resid
pooled_adj,cup,raw_delta_mm|mean_rate|resid,123,0.12866466316699127,0.15610534536961176,0.8816790113932351,0.95,0.27926861513459134,raw_delta_mm,mean_rate,resid
pooled_adj,cup,raw_delta_mm|auc_late|none,123,0.12860017283409217,0.15631465454439172,0.8816790113932351,0.95,0.27926861513459134,raw_delta_mm,auc_late,none
pooled_adj,cup,raw_rfu|stability_cv|resid,123,0.12602055951812824,0.16486042031600978,0.8816790113932351,0.96,0.27926861513459134,raw_rfu,stability_cv,resid
pooled_adj,cup,raw_delta_mm|value_4h|resid,123,0.1257883943196915,0.1656462509793251,0.8816790113932351,0.96,0.27926861513459134,raw_delta_mm,value_4h,resid
pooled_adj,cup,raw_rfu|value_4h|resid,123,0.12469205866040681,0.1693947501313579,0.8816790113932351,0.961,0.27926861513459134,raw_rfu,value_4h,resid
pooled_adj,cup,raw_delta|value_4h|resid,123,0.123963317898647,0.17192092639669468,0.8816790113932351,0.962,0.27926861513459134,raw_delta,value_4h,resid
pooled_adj,cup,raw_rfu|final_value|resid,123,0.12333131263623584,0.17413421877461652,0.8816790113932351,0.962,0.27926861513459134,raw_rfu,final_value,resid
pooled_adj,cup,raw_rfu|final_delta|resid,123,0.12315073970411834,0.17477043129253836,0.8816790113932351,0.963,0.27926861513459134,raw_rfu,final_delta,resid
pooled_adj,cup,raw_rfu|mean_rate|resid,123,0.12302820807161005,0.17520312171745306,0.8816790113932351,0.963,0.27926861513459134,raw_rfu,mean_rate,resid
pooled_adj,cup,raw_delta_mm|peak_value|resid,123,0.12246714217538791,0.17719447383552933,0.8816790113932351,0.964,0.27926861513459134,raw_delta_mm,peak_value,resid
pooled_adj,cup,fc_corr|value_4h|resid,123,0.12167391108072899,0.18003817134005143,0.8816790113932351,0.966,0.27926861513459134,fc_corr,value_4h,resid
pooled_adj,cup,raw_rfu|peak_value|resid,123,0.1191781351975339,0.18920368110324712,0.8816790113932351,0.969,0.27926861513459134,raw_rfu,peak_value,resid
pooled_adj,cup,raw_rfu|metabolic_scope|resid,123,0.11848163960222363,0.1918210907047663,0.8816790113932351,0.97,0.27926861513459134,raw_rfu,metabolic_scope,resid
pooled_adj,cup,fc_corr|final_value|resid,123,0.1182043311707575,0.19287049397055078,0.8816790113932351,0.97,0.27926861513459134,fc_corr,final_value,resid
pooled_adj,cup,fc_corr|t_half|resid,123,0.11815273890443824,0.19306619052796442,0.8816790113932351,0.97,0.27926861513459134,fc_corr,t_half,resid
pooled_adj,cup,raw_rfu|t_half|resid,123,0.11804310533850977,0.19348252395631874,0.8816790113932351,0.97,0.27926861513459134,raw_rfu,t_half,resid
pooled_adj,cup,fc_corr|mean_rate|resid,123,0.11601810888547807,0.20128986788969824,0.8816790113932351,0.973,0.27926861513459134,fc_corr,mean_rate,resid
pooled_adj,cup,fc_corr_mm|mean_rate|resid,123,0.11588267918638995,0.2018199951246527,0.8816790113932351,0.973,0.27926861513459134,fc_corr_mm,mean_rate,resid
pooled_adj,cup,raw_rfu|baseline_value|resid,123,-0.11568275915440276,0.20260439995739576,0.8816790113932351,0.974,0.27926861513459134,raw_rfu,baseline_value,resid
pooled_adj,cup,fc_corr_mm|peak_value|resid,123,0.11554088042202475,0.20316240349761214,0.8816790113932351,0.974,0.27926861513459134,fc_corr_mm,peak_value,resid
pooled_adj,cup,fc_corr_mm|auc_total|none,123,0.11533451135674763,0.2039760166085917,0.8816790113932351,0.975,0.27926861513459134,fc_corr_mm,auc_total,none
pooled_adj,cup,fc_corr_mm|final_value|resid,123,0.11477989449381537,0.20617419787714217,0.8816790113932351,0.976,0.27926861513459134,fc_corr_mm,final_value,resid
pooled_adj,cup,fc_corr|peak_value|resid,123,0.11432201313023177,0.20800173860333365,0.8816790113932351,0.977,0.27926861513459134,fc_corr,peak_value,resid
pooled_adj,cup,fc_corr_mm|value_4h|resid,123,0.11272910190762404,0.2144498310449459,0.8956434120112446,0.979,0.27926861513459134,fc_corr_mm,value_4h,resid
pooled_adj,cup,raw_rfu|stability_cv|none,123,0.10898221356618644,0.23017514191001504,0.9412335440863079,0.982,0.27926861513459134,raw_rfu,stability_cv,none
pooled_adj,cup,raw_delta_mm|vmax|none,123,0.10590602468689943,0.24367756184024222,0.9412335440863079,0.987,0.27926861513459134,raw_delta_mm,vmax,none
pooled_adj,cup,fc_corr|value_3h|resid,123,0.10497091485986251,0.2478888387399848,0.9412335440863079,0.987,0.27926861513459134,fc_corr,value_3h,resid
pooled_adj,cup,fc_corr_mm|rate_h3|none,123,0.10448723736311927,0.2500867099052738,0.9412335440863079,0.987,0.27926861513459134,fc_corr_mm,rate_h3,none
pooled_adj,cup,raw_rfu|rate_last_first_ratio|none,123,0.10439050186377062,0.2505278921200641,0.9412335440863079,0.987,0.27926861513459134,raw_rfu,rate_last_first_ratio,none
pooled_adj,cup,fc_corr|rate_last_first_ratio|none,123,0.10404225406611549,0.25212058995224945,0.9412335440863079,0.988,0.27926861513459134,fc_corr,rate_last_first_ratio,none
pooled_adj,cup,raw_delta_mm|rate_h3|none,123,0.10353922946950252,0.2544334381269617,0.9412335440863079,0.988,0.27926861513459134,raw_delta_mm,rate_h3,none
pooled_adj,cup,raw_delta_mm|auc_total|none,123,0.10145619171686165,0.2641659274168642,0.9412335440863079,0.992,0.27926861513459134,raw_delta_mm,auc_total,none
pooled_adj,cup,fc_corr|stability_cv|none,123,0.1003792031574467,0.2692960535623584,0.9412335440863079,0.995,0.27926861513459134,fc_corr,stability_cv,none
pooled_adj,cup,raw_delta|stability_cv|none,123,0.10003740439308148,0.2709381985663977,0.9412335440863079,0.995,0.27926861513459134,raw_delta,stability_cv,none
pooled_adj,cup,fc_corr_mm|value_3h|resid,123,0.09998581212676219,0.2711866568823808,0.9412335440863079,0.995,0.27926861513459134,fc_corr_mm,value_3h,resid
pooled_adj,cup,fc_corr_mm|vmax|none,123,0.0999213217938631,0.27149744649167556,0.9412335440863079,0.995,0.27926861513459134,fc_corr_mm,vmax,none
pooled_adj,cup,fc_corr|late_early_auc_ratio|none,123,0.0977608956417433,0.28204822578708333,0.9412335440863079,0.996,0.27926861513459134,fc_corr,late_early_auc_ratio,none
pooled_adj,cup,raw_rfu|value_3h|resid,123,0.09729011621157989,0.28438330554843233,0.9412335440863079,0.996,0.27926861513459134,raw_rfu,value_3h,resid
pooled_adj,cup,raw_delta|late_early_auc_ratio|none,123,0.09659362061626962,0.2878615774156598,0.9412335440863079,0.996,0.27926861513459134,raw_delta,late_early_auc_ratio,none
pooled_adj,cup,raw_rfu|late_early_auc_ratio|none,123,0.09607124891978693,0.29048880152493944,0.9412335440863079,0.997,0.27926861513459134,raw_rfu,late_early_auc_ratio,none
pooled_adj,cup,fc_corr|quad_coef|none,123,0.0940269053668855,0.30092343699396085,0.9412335440863079,0.997,0.27926861513459134,fc_corr,quad_coef,none
pooled_adj,cup,raw_rfu|quad_coef|none,123,0.09393661890082676,0.3013898878677173,0.9412335440863079,0.997,0.27926861513459134,raw_rfu,quad_coef,none
pooled_adj,cup,raw_rfu|frac_auc_first_half|none,123,-0.09371090273567993,0.302558094113387,0.9412335440863079,0.997,0.27926861513459134,raw_rfu,frac_auc_first_half,none
pooled_adj,cup,fc_corr|auc_late|resid,123,0.09360771820304137,0.3030931205327368,0.9412335440863079,0.997,0.27926861513459134,fc_corr,auc_late,resid
pooled_adj,cup,fc_corr|frac_auc_first_half|none,123,-0.09326591943867614,0.304869829482749,0.9412335440863079,0.997,0.27926861513459134,fc_corr,frac_auc_first_half,none
pooled_adj,cup,raw_delta|auc_late|resid,123,0.09299506004049993,0.3062826255658623,0.9412335440863079,0.997,0.27926861513459134,raw_delta,auc_late,resid
pooled_adj,cup,raw_delta|value_3h|resid,123,0.09272420064232371,0.3076996998264972,0.9412335440863079,0.997,0.27926861513459134,raw_delta,value_3h,resid
pooled_adj,cup,raw_delta_mm|value_3h|resid,123,0.09260811804310533,0.30830832707016737,0.9412335440863079,0.997,0.27926861513459134,raw_delta_mm,value_3h,resid
pooled_adj,cup,raw_rfu|auc_late|resid,123,0.09252428061033652,0.30874837991591664,0.9412335440863079,0.997,0.27926861513459134,raw_rfu,auc_late,resid
pooled_adj,cup,raw_delta|frac_auc_first_half|none,123,-0.09196966374740426,0.31166982406812016,0.9412335440863079,0.997,0.27926861513459134,raw_delta,frac_auc_first_half,none
pooled_adj,cup,fc_corr_mm|auc_late|resid,123,0.09136990365144265,0.31484924890211,0.9412335440863079,0.997,0.27926861513459134,fc_corr_mm,auc_late,resid
pooled_adj,cup,fc_corr|t_half|none,123,0.09058957062336356,0.31901732082658674,0.9437595741119859,0.997,0.27926861513459134,fc_corr,t_half,none
pooled_adj,cup,raw_rfu|t_half|none,123,0.08867420773626034,0.32939853524774254,0.9546827126315379,0.998,0.27926861513459134,raw_rfu,t_half,none
pooled_adj,cup,raw_rfu|lin_r2|resid,123,0.08637835188505244,0.3421234958134869,0.9546827126315379,0.998,0.27926861513459134,raw_rfu,lin_r2,resid
pooled_adj,cup,raw_delta_mm|auc_late|resid,123,0.08579793888896055,0.34538900452003607,0.9546827126315379,0.998,0.27926861513459134,raw_delta_mm,auc_late,resid
pooled_adj,cup,fc_corr|lin_r2|resid,123,0.08524332202602829,0.34852764864885555,0.9546827126315379,0.998,0.27926861513459134,fc_corr,lin_r2,resid
pooled_adj,cup,raw_rfu|n_negative_intervals|none,123,-0.08483723641903221,0.3508370490906305,0.9546827126315379,0.998,0.27926861513459134,raw_rfu,n_negative_intervals,none
pooled_adj,cup,raw_rfu|sat_asymptote|none,119,0.08373451075345394,0.3652612443213402,0.9546827126315379,0.998,0.27926861513459134,raw_rfu,sat_asymptote,none
pooled_adj,cup,raw_rfu|time_to_min_slope|resid,123,0.08189627374856509,0.36784697972159364,0.9546827126315379,0.998,0.27926861513459134,raw_rfu,time_to_min_slope,resid
pooled_adj,cup,raw_rfu|baseline_value|none,123,-0.07809134410751828,0.3905921550646313,0.9546827126315379,1,0.27926861513459134,raw_rfu,baseline_value,none
pooled_adj,cup,fc_corr_mm|rate_h4|none,123,0.07725296977983001,0.3957149372858071,0.9546827126315379,1,0.27926861513459134,fc_corr_mm,rate_h4,none
pooled_adj,cup,raw_delta_mm|rate_h4|none,123,0.07691117101546478,0.39781490541897246,0.9546827126315379,1,0.27926861513459134,raw_delta_mm,rate_h4,none
pooled_adj,cup,fc_corr|lin_r2|none,123,0.0750860945944203,0.4091397442630512,0.9546827126315379,1,0.27926861513459134,fc_corr,lin_r2,none
pooled_adj,cup,raw_rfu|lin_r2|none,123,0.07400910603500535,0.4159105518670494,0.9546827126315379,1,0.27926861513459134,raw_rfu,lin_r2,none
pooled_adj,cup,fc_corr_mm|min_slope|none,123,0.07151977918510015,0.43180816598457095,0.9546827126315379,1,0.27926861513459134,fc_corr_mm,min_slope,none
pooled_adj,cup,raw_delta_mm|min_slope|none,123,0.07052017902516412,0.4382884747049509,0.9546827126315379,1,0.27926861513459134,raw_delta_mm,min_slope,none
pooled_adj,cup,fc_corr_mm|auc_0_3h|none,123,0.0704363415923953,0.438834482600052,0.9546827126315379,1,0.27926861513459134,fc_corr_mm,auc_0_3h,none
pooled_adj,cup,fc_corr|auc_0_2h|none,123,-0.06937870013285008,0.44575564571999815,0.9546827126315379,1,0.27926861513459134,fc_corr,auc_0_2h,none
pooled_adj,cup,fc_corr|sat_k|resid,119,-0.06912832929782084,0.455042096387123,0.9546827126315379,1,0.27926861513459134,fc_corr,sat_k,resid
pooled_adj,cup,fc_corr_mm|sat_k|resid,119,-0.06912832929782084,0.455042096387123,0.9546827126315379,1,0.27926861513459134,fc_corr_mm,sat_k,resid
pooled_adj,cup,fc_corr_mm|vmax|resid,123,0.06894016586913622,0.4486433077277965,0.9546827126315379,1,0.27926861513459134,fc_corr_mm,vmax,resid
pooled_adj,cup,raw_rfu|sat_k|resid,119,-0.06859421734795614,0.45854188342609437,0.9546827126315379,1,0.27926861513459134,raw_rfu,sat_k,resid
pooled_adj,cup,raw_delta_mm|sat_k|resid,119,-0.06859421734795614,0.45854188342609437,0.9546827126315379,1,0.27926861513459134,raw_delta_mm,sat_k,resid
pooled_adj,cup,fc_corr|auc_early|none,123,-0.06848228450555262,0.4516695257074067,0.9546827126315379,1,0.27926861513459134,fc_corr,auc_early,none
pooled_adj,cup,raw_delta|auc_total|resid,123,0.0675536237118056,0.45784207598835225,0.9546827126315379,1,0.27926861513459134,raw_delta,auc_total,resid
pooled_adj,cup,fc_corr|rate_h4|none,123,0.06730211141349912,0.459521817101887,0.9546827126315379,1,0.27926861513459134,fc_corr,rate_h4,none
pooled_adj,cup,raw_delta_mm|quad_coef|resid,123,0.06713443654796146,0.4606435351126006,0.9546827126315379,1,0.27926861513459134,raw_delta_mm,quad_coef,resid
pooled_adj,cup,raw_rfu|quad_coef|resid,123,0.06708929331493209,0.46094579425677484,0.9546827126315379,1,0.27926861513459134,raw_rfu,quad_coef,resid
pooled_adj,cup,raw_delta_mm|vmax|resid,123,0.06679263778359623,0.4629347898373867,0.9546827126315379,1,0.27926861513459134,raw_delta_mm,vmax,resid
pooled_adj,cup,raw_delta_mm|auc_0_3h|none,123,0.06668300421766776,0.4636710475595053,0.9546827126315379,1,0.27926861513459134,raw_delta_mm,auc_0_3h,none
pooled_adj,cup,raw_rfu|auc_total|resid,123,0.06596071248919787,0.4685377523992058,0.9546827126315379,1,0.27926861513459134,raw_rfu,auc_total,resid
pooled_adj,cup,fc_corr|rate_h3|none,123,0.0658575279565593,0.46923526809606,0.9546827126315379,1,0.27926861513459134,fc_corr,rate_h3,none
pooled_adj,cup,fc_corr|auc_total|resid,123,0.06543834079271517,0.4720747489432183,0.9546827126315379,1,0.27926861513459134,fc_corr,auc_total,resid
pooled_adj,cup,fc_corr|min_slope|none,123,0.06514813429466923,0.47404600713883704,0.9546827126315379,1,0.27926861513459134,fc_corr,min_slope,none
pooled_adj,cup,raw_rfu|time_to_vmax|none,123,0.06495605908265022,0.47535315111113374,0.9546827126315379,1,0.27926861513459134,raw_rfu,time_to_vmax,none
pooled_adj,cup,raw_rfu|rate_h4|none,123,0.06343269143955321,0.48578907517393155,0.9546827126315379,1,0.27926861513459134,raw_rfu,rate_h4,none
pooled_adj,cup,fc_corr|sat_asymptote|none,119,0.061978350662298835,0.5031053757861685,0.9546827126315379,1,0.27926861513459134,fc_corr,sat_asymptote,none
pooled_adj,cup,fc_corr_mm|auc_total|resid,123,0.06151732855244999,0.49908216828316576,0.9546827126315379,1,0.27926861513459134,fc_corr_mm,auc_total,resid
pooled_adj,cup,raw_rfu|auc_0_1h|none,123,-0.06129161238730314,0.5006611677726885,0.9546827126315379,1,0.27926861513459134,raw_rfu,auc_0_1h,none
pooled_adj,cup,fc_corr|max_drop|none,123,-0.06114203216750329,0.5017089966257127,0.9546827126315379,1,0.27926861513459134,fc_corr,max_drop,none
pooled_adj,cup,fc_corr|initial_slope|none,123,-0.06102075298912693,0.5025594138334046,0.9546827126315379,1,0.27926861513459134,fc_corr,initial_slope,none
pooled_adj,cup,fc_corr|auc_0_1h|none,123,-0.06102075298912693,0.5025594138334046,0.9546827126315379,1,0.27926861513459134,fc_corr,auc_0_1h,none
pooled_adj,cup,raw_rfu|rate_h3|none,123,0.06085952715687918,0.5036911037704013,0.9546827126315379,1,0.27926861513459134,raw_rfu,rate_h3,none
pooled_adj,cup,raw_rfu|value_1h|none,123,-0.06080793489055991,0.5040535249288582,0.9546827126315379,1,0.27926861513459134,raw_rfu,value_1h,none
pooled_adj,cup,raw_rfu|auc_early|none,123,-0.06016948059485883,0.5085497071887077,0.9546827126315379,1,0.27926861513459134,raw_rfu,auc_early,none
pooled_adj,cup,raw_delta_mm|auc_total|resid,123,0.05992441732984225,0.5102810126594077,0.9546827126315379,1,0.27926861513459134,raw_delta_mm,auc_total,resid
pooled_adj,cup,raw_delta|value_2h|none,123,-0.05981478376391378,0.5110565284039548,0.9546827126315379,1,0.27926861513459134,raw_delta,value_2h,none
pooled_adj,cup,raw_rfu|auc_0_2h|none,123,-0.059801885697333974,0.5111478055087457,0.9546827126315379,1,0.27926861513459134,raw_rfu,auc_0_2h,none
pooled_adj,cup,raw_rfu|value_2h|none,123,-0.059750293431014685,0.5115129980034941,0.9546827126315379,1,0.27926861513459134,raw_rfu,value_2h,none
pooled_adj,cup,raw_rfu|initial_slope|none,123,-0.05951167919928803,0.513203761395269,0.9546827126315379,1,0.27926861513459134,raw_rfu,initial_slope,none
pooled_adj,cup,raw_delta|auc_0_1h|none,123,-0.05951167919928803,0.513203761395269,0.9546827126315379,1,0.27926861513459134,raw_delta,auc_0_1h,none
pooled_adj,cup,fc_corr|depression_abs|none,123,-0.059456564315604095,0.5135947004998724,0.9546827126315379,1,0.27926861513459134,fc_corr,depression_abs,none
pooled_adj,cup,fc_corr|vmax|resid,123,0.05945363789967884,0.5136154623372123,0.9546827126315379,1,0.27926861513459134,fc_corr,vmax,resid
pooled_adj,cup,raw_rfu|max_drop|none,123,-0.05920699053593291,0.5153668832049711,0.9546827126315379,1,0.27926861513459134,raw_rfu,max_drop,none
pooled_adj,cup,raw_rfu|min_slope|none,123,0.05918277850150262,0.5155389755889228,0.9546827126315379,1,0.27926861513459134,raw_rfu,min_slope,none
pooled_adj,cup,fc_corr_mm|max_drop|none,123,-0.058956029505217306,0.5171520726198029,0.9546827126315379,1,0.27926861513459134,fc_corr_mm,max_drop,none
pooled_adj,cup,fc_corr|quad_coef|resid,123,0.05835085320710425,0.5214699110635534,0.9546827126315379,1,0.27926861513459134,fc_corr,quad_coef,resid
pooled_adj,cup,raw_rfu|depression_abs|none,123,-0.05817936656671129,0.5226967638918946,0.9546827126315379,1,0.27926861513459134,raw_rfu,depression_abs,none
pooled_adj,cup,fc_corr|value_2h|none,123,-0.05771239891140318,0.5260449577908701,0.9546827126315379,1,0.27926861513459134,fc_corr,value_2h,none
pooled_adj,cup,fc_corr_mm|quad_coef|resid,123,0.05764145954521417,0.526554543975015,0.9546827126315379,1,0.27926861513459134,fc_corr_mm,quad_coef,resid
pooled_adj,cup,raw_delta|auc_early|none,123,-0.05717712914834066,0.5298961537881738,0.9546827126315379,1,0.27926861513459134,raw_delta,auc_early,none
pooled_adj,cup,raw_delta|auc_0_2h|none,123,-0.05697720911635346,0.531338172691092,0.9546827126315379,1,0.27926861513459134,raw_delta,auc_0_2h,none
pooled_adj,cup,raw_rfu|vmax|resid,123,0.05591311862351834,0.539046349909859,0.9546827126315379,1,0.27926861513459134,raw_rfu,vmax,resid
pooled_adj,cup,fc_corr_mm|depression_abs|none,123,-0.055711900758640895,0.5405101512539856,0.9546827126315379,1,0.27926861513459134,fc_corr_mm,depression_abs,none
pooled_adj,cup,fc_corr|metabolic_depression_index|none,123,-0.05474898727256464,0.5475421209847092,0.9546827126315379,1,0.27926861513459134,fc_corr,metabolic_depression_index,none
pooled_adj,cup,fc_corr|resilience_ratio|none,123,0.05474898727256464,0.5475421209847092,0.9546827126315379,1,0.27926861513459134,fc_corr,resilience_ratio,none
pooled_adj,cup,raw_rfu|metabolic_depression_index|none,123,-0.054695492078893744,0.5479340921089461,0.9546827126315379,1,0.27926861513459134,raw_rfu,metabolic_depression_index,none
pooled_adj,cup,raw_rfu|resilience_ratio|none,123,0.054695492078893744,0.5479340921089461,0.9546827126315379,1,0.27926861513459134,raw_rfu,resilience_ratio,none
pooled_adj,cup,raw_delta|resilience_ratio|none,123,0.054695492078893744,0.5479340921089461,0.9546827126315379,1,0.27926861513459134,raw_delta,resilience_ratio,none
pooled_adj,cup,raw_delta_mm|max_drop|none,123,-0.05348772073067716,0.5568199722691646,0.9621000151355302,1,0.27926861513459134,raw_delta_mm,max_drop,none
pooled_adj,cup,raw_delta_mm|depression_abs|none,123,-0.05295689828458939,0.5607471832460469,0.9621000151355302,1,0.27926861513459134,raw_delta_mm,depression_abs,none
pooled_adj,cup,fc_corr|delta_auc_late_minus_early|none,123,0.05274019424488269,0.5623542341989367,0.9621000151355302,1,0.27926861513459134,fc_corr,delta_auc_late_minus_early,none
pooled_adj,cup,fc_corr|auc_0_3h|none,123,-0.049070694302923996,0.5898948083142354,0.9914588358229155,1,0.27926861513459134,fc_corr,auc_0_3h,none
pooled_adj,cup,raw_rfu|delta_auc_late_minus_early|none,123,0.04876114070500832,0.5922458846131073,0.9914588358229155,1,0.27926861513459134,raw_rfu,delta_auc_late_minus_early,none
pooled_adj,cup,fc_corr|rate_last_first_ratio|resid,123,0.04787762314429067,0.5989794858131361,0.9914588358229155,1,0.27926861513459134,fc_corr,rate_last_first_ratio,resid
pooled_adj,cup,fc_corr_mm|auc_0_2h|none,123,0.04723271981529969,0.6039160528780336,0.9914588358229155,1,0.27926861513459134,fc_corr_mm,auc_0_2h,none
pooled_adj,cup,raw_rfu|rate_last_first_ratio|resid,123,0.04671034811881699,0.6079278510804564,0.9914588358229155,1,0.27926861513459134,raw_rfu,rate_last_first_ratio,resid
pooled_adj,cup,raw_delta_mm|auc_0_2h|none,123,0.04660716358617843,0.6087216908962849,0.9914588358229155,1,0.27926861513459134,raw_delta_mm,auc_0_2h,none
pooled_adj,cup,raw_rfu|auc_0_3h|none,123,-0.04554952212663322,0.6168846727553071,0.9914588358229155,1,0.27926861513459134,raw_rfu,auc_0_3h,none
pooled_adj,cup,fc_corr_mm|initial_slope|none,123,0.04516902916252854,0.6198329012461782,0.9914588358229155,1,0.27926861513459134,fc_corr_mm,initial_slope,none
pooled_adj,cup,fc_corr_mm|auc_0_1h|none,123,0.04516902916252854,0.6198329012461782,0.9914588358229155,1,0.27926861513459134,fc_corr_mm,auc_0_1h,none
pooled_adj,cup,raw_delta_mm|initial_slope|none,123,0.04498845623041106,0.6212341791732732,0.9914588358229155,1,0.27926861513459134,raw_delta_mm,initial_slope,none
pooled_adj,cup,raw_delta_mm|auc_0_1h|none,123,0.04498845623041106,0.6212341791732732,0.9914588358229155,1,0.27926861513459134,raw_delta_mm,auc_0_1h,none
pooled_adj,cup,fc_corr_mm|depression_abs|resid,123,-0.04479498523171377,0.622737055288402,0.9914588358229155,1,0.27926861513459134,fc_corr_mm,depression_abs,resid
pooled_adj,cup,raw_delta_mm|depression_abs|resid,123,-0.04404689737008423,0.6285627500590851,0.9914588358229155,1,0.27926861513459134,raw_delta_mm,depression_abs,resid
pooled_adj,cup,fc_corr|lin_slope|none,123,0.043872773471256656,0.6299220319021084,0.9914588358229155,1,0.27926861513459134,fc_corr,lin_slope,none
pooled_adj,cup,raw_rfu|time_to_peak|none,123,0.04353952972978138,0.6325269182784738,0.9914588358229155,1,0.27926861513459134,raw_rfu,time_to_peak,none
pooled_adj,cup,raw_delta|auc_0_3h|none,123,-0.04317627787594639,0.6353715074639811,0.9914588358229155,1,0.27926861513459134,raw_delta,auc_0_3h,none
pooled_adj,cup,fc_corr_mm|auc_early|none,123,0.0423959448478673,0.6415001751585625,0.9955521843990806,1,0.27926861513459134,fc_corr_mm,auc_early,none
pooled_adj,cup,raw_delta_mm|auc_early|none,123,0.04133830338832209,0.6498453904308872,0.9996610923980724,1,0.27926861513459134,raw_delta_mm,auc_early,none
pooled_adj,cup,fc_corr_mm|quad_coef|none,123,0.040390295494705346,0.657362639258988,0.9996610923980724,1,0.27926861513459134,fc_corr_mm,quad_coef,none
pooled_adj,cup,raw_delta_mm|min_slope|resid,123,0.04001625156389057,0.6603381252797622,0.9996610923980724,1,0.27926861513459134,raw_delta_mm,min_slope,resid
pooled_adj,cup,raw_rfu|lin_slope|none,123,0.03966800376623544,0.6631131822936418,0.9996610923980724,1,0.27926861513459134,raw_rfu,lin_slope,none
pooled_adj,cup,fc_corr_mm|value_2h|none,123,0.038661954573009506,0.6711555844896522,0.9996610923980724,1,0.27926861513459134,fc_corr_mm,value_2h,none
pooled_adj,cup,raw_rfu|sat_r2|resid,119,-0.03840620994160377,0.6783666064797657,0.9996610923980724,1,0.27926861513459134,raw_rfu,sat_r2,resid
pooled_adj,cup,fc_corr_mm|min_slope|resid,123,0.03816537900968645,0.675139055590408,0.9996610923980724,1,0.27926861513459134,fc_corr_mm,min_slope,resid
pooled_adj,cup,fc_corr|sat_r2|resid,119,-0.038007406352371466,0.6815244029876717,0.9996610923980724,1,0.27926861513459134,fc_corr,sat_r2,resid
pooled_adj,cup,raw_delta_mm|quad_coef|none,123,0.035276212095806836,0.6984911385144702,0.9996610923980724,1,0.27926861513459134,raw_delta_mm,quad_coef,none
pooled_adj,cup,fc_corr_mm|max_drop|resid,123,-0.03404444673743406,0.7085349546984581,0.9996610923980724,1,0.27926861513459134,fc_corr_mm,max_drop,resid
pooled_adj,cup,fc_corr|min_slope|resid,123,0.03379293443912757,0.7105920220293082,0.9996610923980724,1,0.27926861513459134,fc_corr,min_slope,resid
pooled_adj,cup,raw_rfu|inflection_time|none,123,0.03345626959675571,0.7133487938937212,0.9996610923980724,1,0.27926861513459134,raw_rfu,inflection_time,none
pooled_adj,cup,raw_delta_mm|value_2h|none,123,0.033070642710657676,0.7165110366906811,0.9996610923980724,1,0.27926861513459134,raw_delta_mm,value_2h,none
pooled_adj,cup,fc_corr|sat_k|none,119,-0.03249537102976785,0.7257131498227412,0.9996610923980724,1,0.27926861513459134,fc_corr,sat_k,none
pooled_adj,cup,fc_corr_mm|sat_k|none,119,-0.03249537102976785,0.7257131498227412,0.9996610923980724,1,0.27926861513459134,fc_corr_mm,sat_k,none
pooled_adj,cup,fc_corr|rate_h4|resid,123,0.03146483342147012,0.7297302372811523,0.9996610923980724,1,0.27926861513459134,fc_corr,rate_h4,resid
pooled_adj,cup,raw_rfu|sat_k|none,119,-0.031384418174049286,0.7347353007398194,0.9996610923980724,1,0.27926861513459134,raw_rfu,sat_k,none
pooled_adj,cup,raw_delta_mm|sat_k|none,119,-0.031384418174049286,0.7347353007398194,0.9996610923980724,1,0.27926861513459134,raw_delta_mm,sat_k,none
pooled_adj,cup,raw_delta_mm|rate_h2|none,123,0.029839677032412838,0.7431899377332258,0.9996610923980724,1,0.27926861513459134,raw_delta_mm,rate_h2,none
pooled_adj,cup,fc_corr|rate_cv|none,123,-0.02980098283267338,0.7435113721381534,0.9996610923980724,1,0.27926861513459134,fc_corr,rate_cv,none
pooled_adj,cup,raw_rfu|min_slope|resid,123,0.029672002166875187,0.7445831387276161,0.9996610923980724,1,0.27926861513459134,raw_rfu,min_slope,resid
pooled_adj,cup,fc_corr_mm|rate_h4|resid,123,0.029465633101598068,0.7462989808748943,0.9996610923980724,1,0.27926861513459134,fc_corr_mm,rate_h4,resid
pooled_adj,cup,fc_corr_mm|rate_h2|none,123,0.029433387935148523,0.7465671937042252,0.9996610923980724,1,0.27926861513459134,fc_corr_mm,rate_h2,none
pooled_adj,cup,raw_rfu|rate_h4|resid,123,0.028711096206678617,0.7525830514935568,0.9996610923980724,1,0.27926861513459134,raw_rfu,rate_h4,resid
pooled_adj,cup,raw_rfu|rate_cv|none,123,-0.028472481974951957,0.754573718728914,0.9996610923980724,1,0.27926861513459134,raw_rfu,rate_cv,none
pooled_adj,cup,raw_delta_mm|rate_h4|resid,123,0.027904967045439887,0.7593147297698407,0.9996610923980724,1,0.27926861513459134,raw_delta_mm,rate_h4,resid
pooled_adj,cup,fc_corr|auc_0_3h|resid,123,0.027214920483419534,0.7650914093245368,0.9996610923980724,1,0.27926861513459134,fc_corr,auc_0_3h,resid
pooled_adj,cup,raw_rfu|auc_total|none,123,-0.026931163018663502,0.7674706361440606,0.9996610923980724,1,0.27926861513459134,raw_rfu,auc_total,none
pooled_adj,cup,raw_delta_mm|max_drop|resid,123,-0.026860223652474494,0.7680657821329542,0.9996610923980724,1,0.27926861513459134,raw_delta_mm,max_drop,resid
pooled_adj,cup,fc_corr|peak_value|none,123,0.024583714901136318,0.7872344626782467,0.9996610923980724,1,0.27926861513459134,fc_corr,peak_value,none
pooled_adj,cup,raw_rfu|auc_0_3h|resid,123,0.02419677290374173,0.7905056418797545,0.9996610923980724,1,0.27926861513459134,raw_rfu,auc_0_3h,resid
pooled_adj,cup,raw_delta|auc_0_3h|resid,123,0.023132682410906606,0.799520034965117,0.9996610923980724,1,0.27926861513459134,raw_delta,auc_0_3h,resid
pooled_adj,cup,raw_delta|auc_total|none,123,-0.023126233377616694,0.7995747494636112,0.9996610923980724,1,0.27926861513459134,raw_delta,auc_total,none
pooled_adj,cup,fc_corr|value_4h|none,123,0.02284892494615057,0.8019283886616979,0.9996610923980724,1,0.27926861513459134,fc_corr,value_4h,none
pooled_adj,cup,fc_corr|mean_rate|none,123,0.022816679779701022,0.802202183304231,0.9996610923980724,1,0.27926861513459134,fc_corr,mean_rate,none
pooled_adj,cup,raw_rfu|metabolic_scope|none,123,0.021146380157614376,0.8164168057133623,0.9996610923980724,1,0.27926861513459134,raw_rfu,metabolic_scope,none
pooled_adj,cup,raw_rfu|mean_rate|none,123,0.021114134991164824,0.8166918230180631,0.9996610923980724,1,0.27926861513459134,raw_rfu,mean_rate,none
pooled_adj,cup,fc_corr|final_value|none,123,0.020320903896505912,0.8234641880829892,0.9996610923980724,1,0.27926861513459134,fc_corr,final_value,none
pooled_adj,cup,raw_rfu|peak_value|none,123,0.02003714643174988,0.8258900068993887,0.9996610923980724,1,0.27926861513459134,raw_rfu,peak_value,none
pooled_adj,cup,raw_delta|value_4h|none,123,0.01982432833318286,0.8277104501254142,0.9996610923980724,1,0.27926861513459134,raw_delta,value_4h,none
pooled_adj,cup,raw_delta_mm|value_2h|resid,123,-0.01879893204008719,0.8364943280985442,0.9996610923980724,1,0.27926861513459134,raw_delta_mm,value_2h,resid
pooled_adj,cup,fc_corr|sat_r2|none,119,0.01855148839196696,0.841281965231518,0.9996610923980724,1,0.27926861513459134,fc_corr,sat_r2,none
pooled_adj,cup,raw_rfu|final_delta|none,123,0.018141130644516387,0.842139959982824,0.9996610923980724,1,0.27926861513459134,raw_rfu,final_delta,none
pooled_adj,cup,fc_corr_mm|auc_0_3h|resid,123,0.018031497078587918,0.8430816864379787,0.9996610923980724,1,0.27926861513459134,fc_corr_mm,auc_0_3h,resid
pooled_adj,cup,raw_rfu|sat_r2|none,119,0.017817974647486117,0.8474799856991544,0.9996610923980724,1,0.27926861513459134,raw_rfu,sat_r2,none
pooled_adj,cup,raw_rfu|value_4h|none,123,0.01763165701461351,0.846518086666857,0.9996610923980724,1,0.27926861513459134,raw_rfu,value_4h,none
pooled_adj,cup,raw_rfu|final_value|none,123,0.017431736982626303,0.8482373726001438,0.9996610923980724,1,0.27926861513459134,raw_rfu,final_value,none
pooled_adj,cup,raw_rfu|time_to_min_slope|none,123,0.016308045961838925,0.8579140140889405,0.9996610923980724,1,0.27926861513459134,raw_rfu,time_to_min_slope,none
pooled_adj,cup,raw_delta_mm|rate_h2|resid,123,-0.015019798532200023,0.8690336431105344,0.9996610923980724,1,0.27926861513459134,raw_delta_mm,rate_h2,resid
pooled_adj,cup,raw_delta_mm|auc_0_3h|resid,123,0.014665101701254983,0.87209983441518,0.9996610923980724,1,0.27926861513459134,raw_delta_mm,auc_0_3h,resid
pooled_adj,cup,fc_corr|auc_total|none,123,-0.01432975197017967,0.8750005260863338,0.9996610923980724,1,0.27926861513459134,fc_corr,auc_total,none
pooled_adj,cup,fc_corr_mm|value_2h|resid,123,-0.013659052508029046,0.8808068502305516,0.9996610923980724,1,0.27926861513459134,fc_corr_mm,value_2h,resid
pooled_adj,cup,raw_delta_mm|initial_slope|resid,123,0.012388592949916807,0.8918224830650132,0.9996610923980724,1,0.27926861513459134,raw_delta_mm,initial_slope,resid
pooled_adj,cup,raw_delta_mm|auc_0_1h|resid,123,0.012388592949916807,0.8918224830650132,0.9996610923980724,1,0.27926861513459134,raw_delta_mm,auc_0_1h,resid
pooled_adj,cup,fc_corr|metabolic_depression_index|resid,123,0.0119242625530433,0.8958537648041776,0.9996610923980724,1,0.27926861513459134,fc_corr,metabolic_depression_index,resid
pooled_adj,cup,fc_corr|resilience_ratio|resid,123,-0.0119242625530433,0.8958537648041776,0.9996610923980724,1,0.27926861513459134,fc_corr,resilience_ratio,resid
pooled_adj,cup,raw_rfu|resilience_ratio|resid,123,-0.011530871522358798,0.8992712397399432,0.9996610923980724,1,0.27926861513459134,raw_rfu,resilience_ratio,resid
pooled_adj,cup,fc_corr|vmax|none,123,-0.011343849556951412,0.9008965919789054,0.9996610923980724,1,0.27926861513459134,fc_corr,vmax,none
pooled_adj,cup,raw_rfu|depression_abs|resid,123,0.011002050792586192,0.9038681190871289,0.9996610923980724,1,0.27926861513459134,raw_rfu,depression_abs,resid
pooled_adj,cup,raw_rfu|metabolic_depression_index|resid,123,0.010950458526266912,0.9043167680292941,0.9996610923980724,1,0.27926861513459134,raw_rfu,metabolic_depression_index,resid
pooled_adj,cup,raw_delta|resilience_ratio|resid,123,-0.010950458526266912,0.9043167680292941,0.9996610923980724,1,0.27926861513459134,raw_delta,resilience_ratio,resid
pooled_adj,cup,raw_rfu|rate_h2|resid,123,0.009473629902877558,0.9171715872770667,0.9996610923980724,1,0.27926861513459134,raw_rfu,rate_h2,resid
pooled_adj,cup,fc_corr_mm|auc_early|resid,123,0.008080638712257032,0.929316346301865,0.9996610923980724,1,0.27926861513459134,fc_corr_mm,auc_early,resid
pooled_adj,cup,fc_corr_mm|initial_slope|resid,123,0.007990352246198295,0.9301040983407002,0.9996610923980724,1,0.27926861513459134,fc_corr_mm,initial_slope,resid
pooled_adj,cup,fc_corr_mm|auc_0_1h|resid,123,0.007990352246198295,0.9301040983407002,0.9996610923980724,1,0.27926861513459134,fc_corr_mm,auc_0_1h,resid
pooled_adj,cup,fc_corr_mm|auc_0_2h|resid,123,0.007842024480530368,0.9313984088816365,0.9996610923980724,1,0.27926861513459134,fc_corr_mm,auc_0_2h,resid
pooled_adj,cup,fc_corr|value_3h|none,123,0.007706594781442261,0.9325803272523605,0.9996610923980724,1,0.27926861513459134,fc_corr,value_3h,none
pooled_adj,cup,fc_corr|rate_h2|resid,123,0.007048793385871457,0.9383231150830921,0.9996610923980724,1,0.27926861513459134,fc_corr,rate_h2,resid
pooled_adj,cup,raw_delta|value_3h|none,123,0.0069456088532329,0.939224239647594,0.9996610923980724,1,0.27926861513459134,raw_delta,value_3h,none
pooled_adj,cup,raw_rfu|vmax|none,123,-0.0062426642246327275,0.9453651375056227,0.9996610923980724,1,0.27926861513459134,raw_rfu,vmax,none
pooled_adj,cup,fc_corr_mm|rate_h2|resid,123,-0.00615237775857399,0.9461541167104586,0.9996610923980724,1,0.27926861513459134,fc_corr_mm,rate_h2,resid
pooled_adj,cup,fc_corr|value_2h|resid,123,0.006029846126065702,0.9472249574815107,0.9996610923980724,1,0.27926861513459134,fc_corr,value_2h,resid
pooled_adj,cup,raw_rfu|n_negative_intervals|resid,123,0.005217267931537063,0.9543286147162671,0.9996610923980724,1,0.27926861513459134,raw_rfu,n_negative_intervals,resid
pooled_adj,cup,fc_corr|auc_late|none,123,0.005043144032709497,0.9558513123262214,0.9996610923980724,1,0.27926861513459134,fc_corr,auc_late,none
pooled_adj,cup,raw_delta_mm|auc_0_2h|resid,123,0.004856122067302111,0.9574869794495291,0.9996610923980724,1,0.27926861513459134,raw_delta_mm,auc_0_2h,resid
pooled_adj,cup,raw_rfu|auc_late|none,123,0.004546568469386439,0.9601946757668764,0.9996610923980724,1,0.27926861513459134,raw_rfu,auc_late,none
pooled_adj,cup,raw_delta|auc_late|none,123,0.004436934903457972,0.9611537618942563,0.9996610923980724,1,0.27926861513459134,raw_delta,auc_late,none
pooled_adj,cup,raw_rfu|value_3h|none,123,0.004249912938050587,0.9627899773892491,0.9996610923980724,1,0.27926861513459134,raw_rfu,value_3h,none
pooled_adj,cup,fc_corr|initial_slope|resid,123,-0.004127381305542299,0.963862064986586,0.9996610923980724,1,0.27926861513459134,fc_corr,initial_slope,resid
pooled_adj,cup,fc_corr|auc_0_1h|resid,123,-0.004127381305542299,0.963862064986586,0.9996610923980724,1,0.27926861513459134,fc_corr,auc_0_1h,resid
pooled_adj,cup,raw_rfu|time_to_peak|resid,123,-0.0037339902748577984,0.967304457025348,0.9996610923980724,1,0.27926861513459134,raw_rfu,time_to_peak,resid
pooled_adj,cup,fc_corr|rate_cv|resid,123,-0.0034502328101017653,0.9697878711511325,0.9996610923980724,1,0.27926861513459134,fc_corr,rate_cv,resid
pooled_adj,cup,fc_corr|auc_early|resid,123,0.003443783776811856,0.9698443158340171,0.9996610923980724,1,0.27926861513459134,fc_corr,auc_early,resid
pooled_adj,cup,raw_rfu|rate_h2|none,123,0.0032309656782448307,0.9717070723888649,0.9996610923980724,1,0.27926861513459134,raw_rfu,rate_h2,none
pooled_adj,cup,raw_rfu|rate_cv|resid,123,-0.0029278611136190685,0.9743603499975404,0.9996610923980724,1,0.27926861513459134,raw_rfu,rate_cv,resid
pooled_adj,cup,raw_rfu|auc_0_1h|resid,123,-0.0025602662160942075,0.9775785279932946,0.9996610923980724,1,0.27926861513459134,raw_rfu,auc_0_1h,resid
pooled_adj,cup,fc_corr|rate_h2|none,123,0.00246353071674556,0.978425478958237,0.9996610923980724,1,0.27926861513459134,fc_corr,rate_h2,none
pooled_adj,cup,raw_delta_mm|auc_early|resid,123,0.002173324218699617,0.9809664721978373,0.9996610923980724,1,0.27926861513459134,raw_delta_mm,auc_early,resid
pooled_adj,cup,raw_rfu|auc_early|resid,123,0.002095935819220699,0.9816441036566673,0.9996610923980724,1,0.27926861513459134,raw_rfu,auc_early,resid
pooled_adj,cup,fc_corr|max_drop|resid,123,-0.0018766686873637642,0.9835641288851792,0.9996610923980724,1,0.27926861513459134,fc_corr,max_drop,resid
pooled_adj,cup,fc_corr|depression_abs|resid,123,0.0018315254543343953,0.9839594402291049,0.9996610923980724,1,0.27926861513459134,fc_corr,depression_abs,resid
pooled_adj,cup,raw_delta|auc_0_2h|resid,123,0.0016767486553765593,0.9853148223478725,0.9996610923980724,1,0.27926861513459134,raw_delta,auc_0_2h,resid
pooled_adj,cup,raw_delta|value_2h|resid,123,0.0014897266899691736,0.9869526312320196,0.9996610923980724,1,0.27926861513459134,raw_delta,value_2h,resid
pooled_adj,cup,raw_delta|auc_early|resid,123,0.0013027047245617882,0.988590494418366,0.9996610923980724,1,0.27926861513459134,raw_delta,auc_early,resid
pooled_adj,cup,raw_rfu|auc_0_2h|resid,123,7.867820613690008e-4,0.9931089631599583,0.9996610923980724,1,0.27926861513459134,raw_rfu,auc_0_2h,resid
pooled_adj,cup,raw_rfu|value_2h|resid,123,-7.609859282093614e-4,0.9933348935161828,0.9996610923980724,1,0.27926861513459134,raw_rfu,value_2h,resid
pooled_adj,cup,raw_rfu|initial_slope|resid,123,1.8702196540738543e-4,0.9983619476783823,0.9996610923980724,1,0.27926861513459134,raw_rfu,initial_slope,resid
pooled_adj,cup,raw_delta|auc_0_1h|resid,123,1.8702196540738543e-4,0.9983619476783823,0.9996610923980724,1,0.27926861513459134,raw_delta,auc_0_1h,resid
pooled_adj,cup,raw_rfu|value_1h|resid,123,-1.5477679895783622e-4,0.998644370196127,0.9996610923980724,1,0.27926861513459134,raw_rfu,value_1h,resid
pooled_adj,cup,raw_rfu|max_drop|resid,123,-5.804129960918858e-5,0.9994916386159787,0.9996610923980724,1,0.27926861513459134,raw_rfu,max_drop,resid
pooled_adj,cup,fc_corr|auc_0_2h|resid,123,3.8694199739459055e-5,0.9996610923980724,0.9996610923980724,1,0.27926861513459134,fc_corr,auc_0_2h,resid
triploid,cup,raw_rfu|baseline_value|resid,52,-0.33304874925296674,0.01583978182468404,0.8609114996363775,0.364,0.44457867326901723,raw_rfu,baseline_value,resid
triploid,cup,raw_rfu|n_negative_intervals|none,52,-0.31218446156627605,0.02425239361049306,0.8609114996363775,0.471,0.44457867326901723,raw_rfu,n_negative_intervals,none
triploid,cup,raw_rfu|rate_last_first_ratio|none,52,0.30000853752241097,0.0307070500510665,0.8609114996363775,0.523,0.44457867326901723,raw_rfu,rate_last_first_ratio,none
triploid,cup,fc_corr|rate_last_first_ratio|none,52,0.29889865960898143,0.031360598035474606,0.8609114996363775,0.532,0.44457867326901723,fc_corr,rate_last_first_ratio,none
triploid,cup,fc_corr_mm|min_slope|none,52,0.27166396311790314,0.05139266989605304,0.8609114996363775,0.691,0.44457867326901723,fc_corr_mm,min_slope,none
triploid,cup,fc_corr|max_drop|none,52,-0.2579084437512268,0.06489799535356834,0.8609114996363775,0.76,0.44457867326901723,fc_corr,max_drop,none
triploid,cup,fc_corr_mm|rate_h4|none,52,0.25663792367454963,0.06627662886984709,0.8609114996363775,0.765,0.44457867326901723,fc_corr_mm,rate_h4,none
triploid,cup,raw_rfu|max_drop|none,52,-0.25553561305854033,0.06749160129744414,0.8609114996363775,0.772,0.44457867326901723,raw_rfu,max_drop,none
triploid,cup,fc_corr_mm|max_drop|none,52,-0.2553530876206414,0.06769448554298768,0.8609114996363775,0.774,0.44457867326901723,fc_corr_mm,max_drop,none
triploid,cup,raw_delta_mm|min_slope|none,52,0.2543327926235806,0.06883755922533187,0.8609114996363775,0.777,0.44457867326901723,raw_delta_mm,min_slope,none
triploid,cup,raw_delta_mm|max_drop|none,52,-0.24841712098048102,0.07577132979304343,0.8609114996363775,0.803,0.44457867326901723,raw_delta_mm,max_drop,none
triploid,cup,raw_rfu|baseline_value|none,52,-0.24605139588491418,0.07869425295851785,0.8609114996363775,0.811,0.44457867326901723,raw_rfu,baseline_value,none
triploid,cup,fc_corr|rate_h4|none,52,0.2448561427473747,0.08020447000855886,0.8609114996363775,0.818,0.44457867326901723,fc_corr,rate_h4,none
triploid,cup,fc_corr|min_slope|none,52,0.24007513019721677,0.08647485943610406,0.8609114996363775,0.841,0.44457867326901723,fc_corr,min_slope,none
triploid,cup,raw_delta_mm|rate_h4|none,52,0.2360624946640485,0.0920283037263611,0.8609114996363775,0.854,0.44457867326901723,raw_delta_mm,rate_h4,none
triploid,cup,raw_rfu|inflection_time|resid,52,0.23358661316485954,0.09559104144804394,0.8609114996363775,0.869,0.44457867326901723,raw_rfu,inflection_time,resid
triploid,cup,raw_rfu|min_slope|none,52,0.2331597370443097,0.09621598402841294,0.8609114996363775,0.869,0.44457867326901723,raw_rfu,min_slope,none
triploid,cup,raw_rfu|rate_h4|none,52,0.23204985913088022,0.09785567193000674,0.8609114996363775,0.874,0.44457867326901723,raw_rfu,rate_h4,none
triploid,cup,raw_rfu|auc_0_3h|none,52,-0.2318791086826603,0.09810984142288126,0.8609114996363775,0.874,0.44457867326901723,raw_rfu,auc_0_3h,none
triploid,cup,raw_delta|auc_0_3h|none,52,-0.22786647314949202,0.10423123695648784,0.8609114996363775,0.883,0.44457867326901723,raw_delta,auc_0_3h,none
triploid,cup,raw_rfu|auc_0_2h|none,52,-0.21890207461794586,0.11896577971927845,0.8609114996363775,0.906,0.44457867326901723,raw_rfu,auc_0_2h,none
triploid,cup,raw_rfu|auc_early|none,52,-0.21873132416972593,0.11926104198357056,0.8609114996363775,0.906,0.44457867326901723,raw_rfu,auc_early,none
triploid,cup,raw_delta|auc_early|none,52,-0.21753607103218645,0.12134349014132736,0.8609114996363775,0.91,0.44457867326901723,raw_delta,auc_early,none
triploid,cup,raw_rfu|depression_abs|none,52,-0.2167912105952515,0.12265511097599267,0.8609114996363775,0.914,0.44457867326901723,raw_rfu,depression_abs,none
triploid,cup,fc_corr|depression_abs|none,52,-0.21552399578511736,0.12491118027931146,0.8609114996363775,0.917,0.44457867326901723,fc_corr,depression_abs,none
triploid,cup,raw_delta|auc_total|none,52,-0.21540169042943735,0.12513057396724922,0.8609114996363775,0.918,0.44457867326901723,raw_delta,auc_total,none
triploid,cup,raw_rfu|auc_total|none,52,-0.21488943908477756,0.12605262569763054,0.8609114996363775,0.92,0.44457867326901723,raw_rfu,auc_total,none
triploid,cup,fc_corr|rate_last_first_ratio|resid,52,0.21266968325791855,0.13010756101687188,0.8609114996363775,0.924,0.44457867326901723,fc_corr,rate_last_first_ratio,resid
triploid,cup,raw_delta|auc_0_2h|none,52,-0.21241355758558864,0.13058168207070198,0.8609114996363775,0.924,0.44457867326901723,raw_delta,auc_0_2h,none
triploid,cup,raw_rfu|rate_last_first_ratio|resid,52,0.21096217877571927,0.13329294732622404,0.8609114996363775,0.93,0.44457867326901723,raw_rfu,rate_last_first_ratio,resid
triploid,cup,raw_rfu|sat_r2|none,49,0.20826530612244898,0.1509958922198397,0.8609114996363775,0.935,0.44457867326901723,raw_rfu,sat_r2,none
triploid,cup,fc_corr|sat_r2|none,49,0.20826530612244898,0.1509958922198397,0.8609114996363775,0.935,0.44457867326901723,fc_corr,sat_r2,none
triploid,cup,fc_corr_mm|depression_abs|none,52,-0.20762827273735868,0.1396805670880129,0.8609114996363775,0.938,0.44457867326901723,fc_corr_mm,depression_abs,none
triploid,cup,raw_rfu|metabolic_depression_index|none,52,-0.20675097017649657,0.1413987901799576,0.8609114996363775,0.94,0.44457867326901723,raw_rfu,metabolic_depression_index,none
triploid,cup,raw_rfu|resilience_ratio|none,52,0.20675097017649657,0.1413987901799576,0.8609114996363775,0.94,0.44457867326901723,raw_rfu,resilience_ratio,none
triploid,cup,raw_delta|resilience_ratio|none,52,0.20675097017649657,0.1413987901799576,0.8609114996363775,0.94,0.44457867326901723,raw_delta,resilience_ratio,none
triploid,cup,fc_corr|metabolic_depression_index|none,52,-0.20675097017649657,0.1413987901799576,0.8609114996363775,0.94,0.44457867326901723,fc_corr,metabolic_depression_index,none
triploid,cup,fc_corr|resilience_ratio|none,52,0.20675097017649657,0.1413987901799576,0.8609114996363775,0.94,0.44457867326901723,fc_corr,resilience_ratio,none
triploid,cup,raw_delta_mm|depression_abs|none,52,-0.20509384311709045,0.14468721167369425,0.8609114996363775,0.946,0.44457867326901723,raw_delta_mm,depression_abs,none
triploid,cup,raw_delta_mm|max_drop|resid,52,-0.20063177665841372,0.15382387027857286,0.8609114996363775,0.954,0.44457867326901723,raw_delta_mm,max_drop,resid
triploid,cup,raw_rfu|value_2h|none,52,-0.199948774865534,0.1552591082612252,0.8609114996363775,0.954,0.44457867326901723,raw_rfu,value_2h,none
triploid,cup,fc_corr|auc_0_2h|none,52,-0.19918039784854433,0.1568855066218751,0.8609114996363775,0.955,0.44457867326901723,fc_corr,auc_0_2h,none
triploid,cup,raw_rfu|value_3h|none,52,-0.1990096474003244,0.15724862300365736,0.8609114996363775,0.955,0.44457867326901723,raw_rfu,value_3h,none
triploid,cup,raw_rfu|auc_0_1h|none,52,-0.19849739605566463,0.1583416773821827,0.8609114996363775,0.957,0.44457867326901723,raw_rfu,auc_0_1h,none
triploid,cup,raw_rfu|value_1h|none,52,-0.19841202083155468,0.1585243940800364,0.8609114996363775,0.957,0.44457867326901723,raw_rfu,value_1h,none
triploid,cup,raw_delta|value_2h|none,52,-0.19815589515922477,0.15907347272761196,0.8609114996363775,0.958,0.44457867326901723,raw_delta,value_2h,none
triploid,cup,fc_corr|auc_early|none,52,-0.19687526679757533,0.16183980853444918,0.8609114996363775,0.962,0.44457867326901723,fc_corr,auc_early,none
triploid,cup,raw_delta_mm|min_slope|resid,52,0.1962776402288056,0.1631427475935838,0.8609114996363775,0.963,0.44457867326901723,raw_delta_mm,min_slope,resid
triploid,cup,fc_corr|rate_h4|resid,52,0.19568001366003582,0.16445333908788445,0.8609114996363775,0.964,0.44457867326901723,fc_corr,rate_h4,resid
triploid,cup,raw_rfu|rate_h4|resid,52,0.19542388798770596,0.16501736859313051,0.8609114996363775,0.964,0.44457867326901723,raw_rfu,rate_h4,resid
triploid,cup,fc_corr_mm|max_drop|resid,52,-0.19491163664304617,0.16614966115600033,0.8609114996363775,0.965,0.44457867326901723,fc_corr_mm,max_drop,resid
triploid,cup,raw_rfu|quad_coef|none,52,0.19354563305728678,0.1691967868563193,0.8609114996363775,0.969,0.44457867326901723,raw_rfu,quad_coef,none
triploid,cup,fc_corr|auc_0_3h|none,52,-0.19226500469563731,0.17209019066489828,0.8609114996363775,0.97,0.44457867326901723,fc_corr,auc_0_3h,none
triploid,cup,fc_corr_mm|rate_h4|resid,52,0.19209425424741738,0.1724786732394258,0.8609114996363775,0.971,0.44457867326901723,fc_corr_mm,rate_h4,resid
triploid,cup,raw_rfu|initial_slope|none,52,-0.1914112524545377,0.1740389636695415,0.8609114996363775,0.972,0.44457867326901723,raw_rfu,initial_slope,none
triploid,cup,raw_delta|value_3h|none,52,-0.1914112524545377,0.1740389636695415,0.8609114996363775,0.972,0.44457867326901723,raw_delta,value_3h,none
triploid,cup,raw_delta|auc_0_1h|none,52,-0.1914112524545377,0.1740389636695415,0.8609114996363775,0.972,0.44457867326901723,raw_delta,auc_0_1h,none
triploid,cup,fc_corr_mm|min_slope|resid,52,0.19013062409288822,0.17699201293294578,0.8609114996363775,0.98,0.44457867326901723,fc_corr_mm,min_slope,resid
triploid,cup,raw_delta_mm|depression_abs|resid,52,-0.18611798855971995,0.1864789824198489,0.8609114996363775,0.989,0.44457867326901723,raw_delta_mm,depression_abs,resid
triploid,cup,raw_delta_mm|rate_h4|resid,52,0.18364210706053102,0.19251136528165863,0.8609114996363775,0.99,0.44457867326901723,raw_delta_mm,rate_h4,resid
triploid,cup,fc_corr|value_2h|none,52,-0.18201997780244172,0.19653826086895748,0.8609114996363775,0.99,0.44457867326901723,fc_corr,value_2h,none
triploid,cup,raw_rfu|auc_late|none,52,-0.1818492273542218,0.19696559826281054,0.8609114996363775,0.99,0.44457867326901723,raw_rfu,auc_late,none
triploid,cup,raw_delta|auc_late|none,52,-0.17988559719969263,0.20192744737459198,0.8609114996363775,0.99,0.44457867326901723,raw_delta,auc_late,none
triploid,cup,fc_corr|min_slope|resid,52,0.1760437121147443,0.21188954532702325,0.8609114996363775,0.99,0.44457867326901723,fc_corr,min_slope,resid
triploid,cup,fc_corr|initial_slope|none,52,-0.1755314607700845,0.21324339199197315,0.8609114996363775,0.99,0.44457867326901723,fc_corr,initial_slope,none
triploid,cup,fc_corr|auc_0_1h|none,52,-0.1755314607700845,0.21324339199197315,0.8609114996363775,0.99,0.44457867326901723,fc_corr,auc_0_1h,none
triploid,cup,raw_rfu|t_half|resid,52,0.17536071032186457,0.213696016560524,0.8609114996363775,0.99,0.44457867326901723,raw_rfu,t_half,resid
triploid,cup,raw_rfu|min_slope|resid,52,0.17476308375309485,0.21528549396811678,0.8609114996363775,0.99,0.44457867326901723,raw_rfu,min_slope,resid
triploid,cup,fc_corr|t_half|resid,52,0.174336207632545,0.21642587962180446,0.8609114996363775,0.99,0.44457867326901723,fc_corr,t_half,resid
triploid,cup,raw_rfu|sat_asymptote|none,49,-0.17418367346938773,0.2313120872357991,0.8626413679834619,0.99,0.44457867326901723,raw_rfu,sat_asymptote,none
triploid,cup,raw_rfu|peak_value|none,52,-0.1739093315119952,0.21757047435070176,0.8609114996363775,0.99,0.44457867326901723,raw_rfu,peak_value,none
triploid,cup,raw_rfu|metabolic_scope|none,52,-0.1739093315119952,0.21757047435070176,0.8609114996363775,0.99,0.44457867326901723,raw_rfu,metabolic_scope,none
triploid,cup,fc_corr|quad_coef|none,52,0.17365320583966531,0.21825925342894076,0.8609114996363775,0.991,0.44457867326901723,fc_corr,quad_coef,none
triploid,cup,fc_corr_mm|depression_abs|resid,52,-0.16912831896183728,0.23067881366420226,0.8626413679834619,0.993,0.44457867326901723,fc_corr_mm,depression_abs,resid
triploid,cup,raw_delta|late_early_auc_ratio|resid,52,0.16776231537607786,0.23452196150205842,0.8626413679834619,0.993,0.44457867326901723,raw_delta,late_early_auc_ratio,resid
triploid,cup,fc_corr|auc_total|none,52,-0.16750618970374795,0.23524741822758097,0.8626413679834619,0.993,0.44457867326901723,fc_corr,auc_total,none
triploid,cup,raw_rfu|late_early_auc_ratio|resid,52,0.16511568342866897,0.2420926484033481,0.8626413679834619,0.994,0.44457867326901723,raw_rfu,late_early_auc_ratio,resid
triploid,cup,raw_rfu|final_value|none,52,-0.16494493298044907,0.24258673837541858,0.8626413679834619,0.994,0.44457867326901723,raw_rfu,final_value,none
triploid,cup,fc_corr|late_early_auc_ratio|resid,52,0.16468880730811916,0.24332916173741148,0.8626413679834619,0.994,0.44457867326901723,fc_corr,late_early_auc_ratio,resid
triploid,cup,raw_rfu|value_4h|none,52,-0.1632374284982498,0.24756546234739882,0.8626413679834619,0.996,0.44457867326901723,raw_rfu,value_4h,none
triploid,cup,raw_rfu|final_delta|none,52,-0.1631520532741398,0.24781620576242813,0.8626413679834619,0.996,0.44457867326901723,raw_rfu,final_delta,none
triploid,cup,raw_delta|value_4h|none,52,-0.16272517715359003,0.24907250765719674,0.8626413679834619,0.996,0.44457867326901723,raw_delta,value_4h,none
triploid,cup,fc_corr|sat_asymptote|none,49,-0.15816326530612243,0.2777395117687902,0.9171862946783305,0.996,0.44457867326901723,fc_corr,sat_asymptote,none
triploid,cup,raw_rfu|lin_slope|none,52,-0.15760266370699222,0.26448507483891376,0.9049850753524278,0.996,0.44457867326901723,raw_rfu,lin_slope,none
triploid,cup,fc_corr|value_3h|none,52,-0.15444378041492357,0.2743006998419455,0.9171862946783305,0.996,0.44457867326901723,fc_corr,value_3h,none
triploid,cup,raw_rfu|mean_rate|none,52,-0.15376077862204388,0.2764543110948943,0.9171862946783305,0.996,0.44457867326901723,raw_rfu,mean_rate,none
triploid,cup,fc_corr_mm|rate_h3|resid,52,0.15230939981217448,0.28106775578483484,0.917508536125208,0.997,0.44457867326901723,fc_corr_mm,rate_h3,resid
triploid,cup,raw_rfu|vmax|none,52,-0.15102877145052504,0.2851802854093194,0.9203545574573488,0.997,0.44457867326901723,raw_rfu,vmax,none
triploid,cup,raw_delta_mm|quad_coef|resid,52,0.1477845129343464,0.2957744376157376,0.9431584118435243,0.998,0.44457867326901723,raw_delta_mm,quad_coef,resid
triploid,cup,fc_corr|auc_late|none,52,-0.14684538546913684,0.29888822910534224,0.9431584118435243,0.998,0.44457867326901723,fc_corr,auc_late,none
triploid,cup,raw_rfu|quad_coef|resid,52,0.14428412874583796,0.3074878234723652,0.9494367087771501,0.998,0.44457867326901723,raw_rfu,quad_coef,resid
triploid,cup,fc_corr|rate_h3|resid,52,0.14035686843677964,0.3209791536332538,0.9494367087771501,0.998,0.44457867326901723,fc_corr,rate_h3,resid
triploid,cup,raw_rfu|time_to_peak|resid,52,0.13967386664389994,0.32336316905068985,0.9494367087771501,0.998,0.44457867326901723,raw_rfu,time_to_peak,resid
triploid,cup,raw_rfu|n_negative_intervals|resid,52,-0.13967386664389994,0.32336316905068985,0.9494367087771501,0.998,0.44457867326901723,raw_rfu,n_negative_intervals,resid
triploid,cup,fc_corr|rate_cv|none,52,-0.1374541108170409,0.3311882655506332,0.9494367087771501,0.999,0.44457867326901723,fc_corr,rate_cv,none
triploid,cup,fc_corr|vmax|none,52,-0.1353197302142918,0.338823380631754,0.9494367087771501,0.999,0.44457867326901723,fc_corr,vmax,none
triploid,cup,raw_rfu|rate_cv|none,52,-0.134807478869632,0.3406719753171591,0.9494367087771501,0.999,0.44457867326901723,raw_rfu,rate_cv,none
triploid,cup,fc_corr|peak_value|none,52,-0.13403910185264237,0.34345658761582343,0.9494367087771501,0.999,0.44457867326901723,fc_corr,peak_value,none
triploid,cup,raw_rfu|time_to_min_slope|resid,52,0.1323315973704431,0.34969490990647434,0.9494367087771501,0.999,0.44457867326901723,raw_rfu,time_to_min_slope,resid
triploid,cup,raw_rfu|frac_auc_first_half|resid,52,-0.13164859557756337,0.35220963714483544,0.9494367087771501,0.999,0.44457867326901723,raw_rfu,frac_auc_first_half,resid
triploid,cup,raw_delta|frac_auc_first_half|resid,52,-0.1288312131819346,0.3626997665236763,0.9494367087771501,0.999,0.44457867326901723,raw_delta,frac_auc_first_half,resid
triploid,cup,fc_corr|frac_auc_first_half|resid,52,-0.1288312131819346,0.3626997665236763,0.9494367087771501,0.999,0.44457867326901723,fc_corr,frac_auc_first_half,resid
triploid,cup,raw_delta_mm|value_2h|resid,52,-0.1288312131819346,0.3626997665236763,0.9494367087771501,0.999,0.44457867326901723,raw_delta_mm,value_2h,resid
triploid,cup,raw_rfu|time_to_peak|none,52,0.127420927501389,0.3680212446671285,0.9494367087771501,0.999,0.44457867326901723,raw_rfu,time_to_peak,none
triploid,cup,fc_corr|value_4h|none,52,-0.12661145735507554,0.3710968222713511,0.9494367087771501,0.999,0.44457867326901723,fc_corr,value_4h,none
triploid,cup,fc_corr|mean_rate|none,52,-0.12413557585588662,0.3805994933155412,0.9494367087771501,0.999,0.44457867326901723,fc_corr,mean_rate,none
triploid,cup,fc_corr|final_value|none,52,-0.12405020063177664,0.38092973482142,0.9494367087771501,0.999,0.44457867326901723,fc_corr,final_value,none
triploid,cup,fc_corr|quad_coef|resid,52,0.12251344659779731,0.3869032132671625,0.9494367087771501,0.999,0.44457867326901723,fc_corr,quad_coef,resid
triploid,cup,fc_corr|sat_asymptote|resid,49,0.12102040816326529,0.4074867998159488,0.9494367087771501,0.999,0.44457867326901723,fc_corr,sat_asymptote,resid
triploid,cup,raw_rfu|delta_auc_late_minus_early|none,52,-0.12089131733970801,0.393268277742177,0.9494367087771501,0.999,0.44457867326901723,raw_rfu,delta_auc_late_minus_early,none
triploid,cup,fc_corr|lin_slope|none,52,-0.11969606420216851,0.3979974326984469,0.9494367087771501,0.999,0.44457867326901723,fc_corr,lin_slope,none
triploid,cup,fc_corr_mm|quad_coef|resid,52,0.11952531375394859,0.39867572784614536,0.9494367087771501,0.999,0.44457867326901723,fc_corr_mm,quad_coef,resid
triploid,cup,fc_corr|sat_r2|resid,49,0.1193877551020408,0.4138893322342072,0.9494367087771501,0.999,0.44457867326901723,fc_corr,sat_r2,resid
triploid,cup,raw_rfu|sat_r2|resid,49,0.11693877551020407,0.4236003325221285,0.9494367087771501,0.999,0.44457867326901723,raw_rfu,sat_r2,resid
triploid,cup,raw_rfu|lin_r2|none,52,0.11585417911722018,0.41342165489949645,0.9494367087771501,0.999,0.44457867326901723,raw_rfu,lin_r2,none
triploid,cup,fc_corr|lin_r2|none,52,0.11585417911722018,0.41342165489949645,0.9494367087771501,0.999,0.44457867326901723,fc_corr,lin_r2,none
triploid,cup,fc_corr_mm|sat_asymptote|resid,49,0.11408163265306122,0.4350911690167658,0.9494367087771501,1,0.44457867326901723,fc_corr_mm,sat_asymptote,resid
triploid,cup,fc_corr_mm|final_value|none,52,0.11218304448049175,0.42847588198809794,0.9494367087771501,1,0.44457867326901723,fc_corr_mm,final_value,none
triploid,cup,raw_rfu|max_drop|resid,52,-0.11167079313583197,0.43060076760487254,0.9494367087771501,1,0.44457867326901723,raw_rfu,max_drop,resid
triploid,cup,fc_corr_mm|mean_rate|none,52,0.11013403910185263,0.4370108764446028,0.9494367087771501,1,0.44457867326901723,fc_corr_mm,mean_rate,none
triploid,cup,raw_rfu|stability_cv|resid,52,0.10945103730897293,0.43987682332806677,0.9494367087771501,1,0.44457867326901723,raw_rfu,stability_cv,resid
triploid,cup,raw_rfu|time_to_vmax|none,52,-0.10867492505270747,0.44314612634112227,0.9494367087771501,1,0.44457867326901723,raw_rfu,time_to_vmax,none
triploid,cup,raw_rfu|value_2h|resid,52,-0.10817040894732348,0.445278555829407,0.9494367087771501,1,0.44457867326901723,raw_rfu,value_2h,resid
triploid,cup,fc_corr_mm|lin_slope|resid,52,0.10612140356868435,0.4539970921754074,0.9494367087771501,1,0.44457867326901723,fc_corr_mm,lin_slope,resid
triploid,cup,raw_delta|value_2h|resid,52,-0.10603602834457439,0.4543623782418411,0.9494367087771501,1,0.44457867326901723,raw_delta,value_2h,resid
triploid,cup,fc_corr|max_drop|resid,52,-0.10518227610347476,0.4580240600546982,0.9494367087771501,1,0.44457867326901723,fc_corr,max_drop,resid
triploid,cup,raw_delta_mm|auc_0_3h|resid,52,-0.10484077520703491,0.4594932148048595,0.9494367087771501,1,0.44457867326901723,raw_delta_mm,auc_0_3h,resid
triploid,cup,raw_delta_mm|quad_coef|none,52,0.10390164774182531,0.463546552799629,0.9494367087771501,1,0.44457867326901723,raw_delta_mm,quad_coef,none
triploid,cup,raw_delta_mm|rate_h3|resid,52,0.10245026893195594,0.46984860967063813,0.9494367087771501,1,0.44457867326901723,raw_delta_mm,rate_h3,resid
triploid,cup,fc_corr_mm|value_4h|none,52,0.10125501579441645,0.4750728087159175,0.9494367087771501,1,0.44457867326901723,fc_corr_mm,value_4h,none
triploid,cup,raw_rfu|rate_h3|resid,52,0.10065738922564671,0.47769645248978776,0.9494367087771501,1,0.44457867326901723,raw_rfu,rate_h3,resid
triploid,cup,raw_delta_mm|auc_early|resid,52,-0.099974387432767,0.48070428606976634,0.9494367087771501,1,0.44457867326901723,raw_delta_mm,auc_early,resid
triploid,cup,raw_delta|auc_early|resid,52,-0.09963288653632715,0.48221194554324176,0.9494367087771501,1,0.44457867326901723,raw_delta,auc_early,resid
triploid,cup,raw_rfu|metabolic_depression_index|resid,52,-0.09894988474344744,0.4852347269602518,0.9494367087771501,1,0.44457867326901723,raw_rfu,metabolic_depression_index,resid
triploid,cup,raw_delta|resilience_ratio|resid,52,0.09894988474344744,0.4852347269602518,0.9494367087771501,1,0.44457867326901723,raw_delta,resilience_ratio,resid
triploid,cup,fc_corr|metabolic_depression_index|resid,52,-0.09894988474344744,0.4852347269602518,0.9494367087771501,1,0.44457867326901723,fc_corr,metabolic_depression_index,resid
triploid,cup,fc_corr|resilience_ratio|resid,52,0.09894988474344744,0.4852347269602518,0.9494367087771501,1,0.44457867326901723,fc_corr,resilience_ratio,resid
triploid,cup,raw_rfu|resilience_ratio|resid,52,0.09749850593357806,0.49169102490691863,0.9494367087771501,1,0.44457867326901723,raw_rfu,resilience_ratio,resid
triploid,cup,raw_rfu|auc_early|resid,52,-0.0967301289165884,0.49512707420586843,0.9494367087771501,1,0.44457867326901723,raw_rfu,auc_early,resid
triploid,cup,fc_corr|delta_auc_late_minus_early|none,52,-0.09587637667548876,0.49895944349233634,0.9494367087771501,1,0.44457867326901723,fc_corr,delta_auc_late_minus_early,none
triploid,cup,raw_delta_mm|auc_0_2h|resid,52,-0.09502262443438914,0.502807040079033,0.9494367087771501,1,0.44457867326901723,raw_delta_mm,auc_0_2h,resid
triploid,cup,fc_corr_mm|lin_slope|none,52,0.09451037308972936,0.5051228745783689,0.9494367087771501,1,0.44457867326901723,fc_corr_mm,lin_slope,none
triploid,cup,fc_corr|depression_abs|resid,52,-0.09331511995218986,0.5105476002416245,0.9494367087771501,1,0.44457867326901723,fc_corr,depression_abs,resid
triploid,cup,fc_corr|lin_slope|resid,52,0.09211986681465038,0.5160017024178039,0.9494367087771501,1,0.44457867326901723,fc_corr,lin_slope,resid
triploid,cup,fc_corr_mm|delta_auc_late_minus_early|resid,52,0.09211986681465038,0.5160017024178039,0.9494367087771501,1,0.44457867326901723,fc_corr_mm,delta_auc_late_minus_early,resid
triploid,cup,raw_rfu|auc_0_2h|resid,52,-0.09066848800478101,0.5226637071548985,0.9494367087771501,1,0.44457867326901723,raw_rfu,auc_0_2h,resid
triploid,cup,fc_corr_mm|peak_value|none,52,0.09049773755656108,0.5234502789418365,0.9494367087771501,1,0.44457867326901723,fc_corr_mm,peak_value,none
triploid,cup,raw_rfu|depression_abs|resid,52,-0.09032698710834115,0.5242374391834004,0.9494367087771501,1,0.44457867326901723,raw_rfu,depression_abs,resid
triploid,cup,raw_delta|auc_0_3h|resid,52,-0.08990011098779134,0.5262079097456174,0.9494367087771501,1,0.44457867326901723,raw_delta,auc_0_3h,resid
triploid,cup,fc_corr_mm|delta_auc_late_minus_early|none,52,0.08844873217792196,0.5329348411220906,0.9494367087771501,1,0.44457867326901723,fc_corr_mm,delta_auc_late_minus_early,none
triploid,cup,raw_delta|auc_0_2h|resid,52,-0.08844873217792196,0.5329348411220906,0.9494367087771501,1,0.44457867326901723,raw_delta,auc_0_2h,resid
triploid,cup,fc_corr|rate_cv|resid,52,-0.08759497993682233,0.5369114637579047,0.9494367087771501,1,0.44457867326901723,fc_corr,rate_cv,resid
triploid,cup,raw_rfu|auc_0_3h|resid,52,-0.08750960471271237,0.5373099201245213,0.9494367087771501,1,0.44457867326901723,raw_rfu,auc_0_3h,resid
triploid,cup,fc_corr|auc_0_2h|resid,52,-0.08750960471271237,0.5373099201245213,0.9494367087771501,1,0.44457867326901723,fc_corr,auc_0_2h,resid
triploid,cup,raw_rfu|lin_r2|resid,52,0.08665585247161273,0.5413023899533751,0.9494367087771501,1,0.44457867326901723,raw_rfu,lin_r2,resid
triploid,cup,raw_rfu|rate_cv|resid,52,-0.08639972679928284,0.5425029256840028,0.9494367087771501,1,0.44457867326901723,raw_rfu,rate_cv,resid
triploid,cup,fc_corr|lin_r2|resid,52,0.08631435157517288,0.5429033900481453,0.9494367087771501,1,0.44457867326901723,fc_corr,lin_r2,resid
triploid,cup,fc_corr_mm|value_2h|resid,52,-0.08494834798941348,0.5493301692778099,0.9494367087771501,1,0.44457867326901723,fc_corr_mm,value_2h,resid
triploid,cup,fc_corr_mm|quad_coef|none,52,0.08341159395543413,0.5566034964548511,0.9494367087771501,1,0.44457867326901723,fc_corr_mm,quad_coef,none
triploid,cup,fc_corr|auc_early|resid,52,-0.08247246649022454,0.5610705970070509,0.9494367087771501,1,0.44457867326901723,fc_corr,auc_early,resid
triploid,cup,raw_rfu|time_to_min_slope|none,52,-0.080478153257281,0.5706122440134965,0.9494367087771501,1,0.44457867326901723,raw_rfu,time_to_min_slope,none
triploid,cup,raw_delta_mm|lin_slope|none,52,0.07897208230171604,0.577867225797909,0.9494367087771501,1,0.44457867326901723,raw_delta_mm,lin_slope,none
triploid,cup,raw_delta|stability_cv|resid,52,0.07897208230171604,0.577867225797909,0.9494367087771501,1,0.44457867326901723,raw_delta,stability_cv,resid
triploid,cup,fc_corr|stability_cv|resid,52,0.07897208230171604,0.577867225797909,0.9494367087771501,1,0.44457867326901723,fc_corr,stability_cv,resid
triploid,cup,fc_corr_mm|final_value|resid,52,0.07769145394006659,0.5840691187536797,0.9494367087771501,1,0.44457867326901723,fc_corr_mm,final_value,resid
triploid,cup,fc_corr_mm|mean_rate|resid,52,0.07769145394006659,0.5840691187536797,0.9494367087771501,1,0.44457867326901723,fc_corr_mm,mean_rate,resid
triploid,cup,raw_delta_mm|final_value|none,52,0.0774353282677367,0.5853130930858873,0.9494367087771501,1,0.44457867326901723,raw_delta_mm,final_value,none
triploid,cup,fc_corr_mm|value_4h|resid,52,0.07666695125074703,0.5890521564694673,0.9494367087771501,1,0.44457867326901723,fc_corr_mm,value_4h,resid
triploid,cup,fc_corr|delta_auc_late_minus_early|resid,52,0.0764962008025271,0.5898845085245139,0.9494367087771501,1,0.44457867326901723,fc_corr,delta_auc_late_minus_early,resid
triploid,cup,raw_delta_mm|value_4h|none,52,0.07632545035430718,0.5907173856719592,0.9494367087771501,1,0.44457867326901723,raw_delta_mm,value_4h,none
triploid,cup,raw_delta_mm|mean_rate|none,52,0.07572782378553743,0.5936365784190294,0.9494367087771501,1,0.44457867326901723,raw_delta_mm,mean_rate,none
triploid,cup,raw_rfu|sat_asymptote|resid,49,0.07397959183673468,0.613431226161925,0.9494367087771501,1,0.44457867326901723,raw_rfu,sat_asymptote,resid
triploid,cup,fc_corr_mm|value_3h|none,52,0.07120293690770937,0.6159435545584004,0.9494367087771501,1,0.44457867326901723,fc_corr_mm,value_3h,none
triploid,cup,fc_corr_mm|vmax|none,52,0.07111756168359941,0.616367852933982,0.9494367087771501,1,0.44457867326901723,fc_corr_mm,vmax,none
triploid,cup,raw_rfu|stability_cv|none,52,0.07086143601126951,0.6176414934303565,0.9494367087771501,1,0.44457867326901723,raw_rfu,stability_cv,none
triploid,cup,raw_rfu|auc_0_1h|resid,52,-0.07026380944249978,0.6206176545275861,0.9494367087771501,1,0.44457867326901723,raw_rfu,auc_0_1h,resid
triploid,cup,raw_delta_mm|auc_total|resid,52,-0.06915393152907026,0.6261607908739093,0.9494367087771501,1,0.44457867326901723,raw_delta_mm,auc_total,resid
triploid,cup,raw_rfu|initial_slope|resid,52,-0.06872705540852045,0.6282982543707658,0.9494367087771501,1,0.44457867326901723,raw_rfu,initial_slope,resid
triploid,cup,raw_delta|auc_0_1h|resid,52,-0.06872705540852045,0.6282982543707658,0.9494367087771501,1,0.44457867326901723,raw_delta,auc_0_1h,resid
triploid,cup,fc_corr_mm|auc_late|none,52,0.06855630496030052,0.6291540879973062,0.9494367087771501,1,0.44457867326901723,fc_corr_mm,auc_late,none
triploid,cup,raw_rfu|value_1h|resid,52,-0.0665072995816614,0.6394615171487623,0.9494367087771501,1,0.44457867326901723,raw_rfu,value_1h,resid
triploid,cup,fc_corr_mm|rate_h3|none,52,0.06573892256467173,0.6433444094992438,0.9494367087771501,1,0.44457867326901723,fc_corr_mm,rate_h3,none
triploid,cup,raw_rfu|inflection_time|none,52,-0.0651418888009988,0.6463679813788177,0.9494367087771501,1,0.44457867326901723,raw_rfu,inflection_time,none
triploid,cup,raw_rfu|auc_total|resid,52,-0.06497054554768206,0.6472367686328353,0.9494367087771501,1,0.44457867326901723,raw_rfu,auc_total,resid
triploid,cup,fc_corr_mm|peak_value|resid,52,0.0639460428583625,0.6524411531247456,0.9494367087771501,1,0.44457867326901723,fc_corr_mm,peak_value,resid
triploid,cup,fc_corr|final_value|resid,52,0.06258003927260308,0.6594058981005773,0.9494367087771501,1,0.44457867326901723,fc_corr,final_value,resid
triploid,cup,raw_delta_mm|peak_value|none,52,0.062494664048493125,0.6598421545696151,0.9494367087771501,1,0.44457867326901723,raw_delta_mm,peak_value,none
triploid,cup,raw_delta_mm|initial_slope|resid,52,-0.061640911807393485,0.6642108683589762,0.9494367087771501,1,0.44457867326901723,raw_delta_mm,initial_slope,resid
triploid,cup,raw_delta_mm|auc_0_1h|resid,52,-0.061640911807393485,0.6642108683589762,0.9494367087771501,1,0.44457867326901723,raw_delta_mm,auc_0_1h,resid
triploid,cup,raw_rfu|late_early_auc_ratio|none,52,0.061384786135063596,0.6655236511470974,0.9494367087771501,1,0.44457867326901723,raw_rfu,late_early_auc_ratio,none
triploid,cup,raw_rfu|frac_auc_first_half|none,52,-0.061384786135063596,0.6655236511470974,0.9494367087771501,1,0.44457867326901723,raw_rfu,frac_auc_first_half,none
triploid,cup,fc_corr|value_4h|resid,52,0.06129941091095364,0.6659614666540455,0.9494367087771501,1,0.44457867326901723,fc_corr,value_4h,resid
triploid,cup,fc_corr_mm|auc_0_2h|resid,52,-0.06121403568684367,0.6663993925714655,0.9494367087771501,1,0.44457867326901723,fc_corr_mm,auc_0_2h,resid
triploid,cup,raw_delta|auc_total|resid,52,-0.060445658669854005,0.6703456732854947,0.9494367087771501,1,0.44457867326901723,raw_delta,auc_total,resid
triploid,cup,fc_corr|mean_rate|resid,52,0.06010415777341415,0.6721024188555282,0.9494367087771501,1,0.44457867326901723,fc_corr,mean_rate,resid
triploid,cup,fc_corr_mm|auc_early|resid,52,-0.059762656876974296,0.6738609023574665,0.9494367087771501,1,0.44457867326901723,fc_corr_mm,auc_early,resid
triploid,cup,raw_delta_mm|delta_auc_late_minus_early|none,52,0.05950653120464441,0.6751809005452416,0.9494367087771501,1,0.44457867326901723,raw_delta_mm,delta_auc_late_minus_early,none
triploid,cup,raw_rfu|t_half|none,52,0.059335780756424476,0.676061438144433,0.9494367087771501,1,0.44457867326901723,raw_rfu,t_half,none
triploid,cup,raw_rfu|time_to_vmax|resid,52,0.058908904635874663,0.6782646604176052,0.9494367087771501,1,0.44457867326901723,raw_rfu,time_to_vmax,resid
triploid,cup,raw_delta|late_early_auc_ratio|none,52,0.0588235294117647,0.678705625824515,0.9494367087771501,1,0.44457867326901723,raw_delta,late_early_auc_ratio,none
triploid,cup,raw_delta|frac_auc_first_half|none,52,-0.0588235294117647,0.678705625824515,0.9494367087771501,1,0.44457867326901723,raw_delta,frac_auc_first_half,none
triploid,cup,fc_corr|late_early_auc_ratio|none,52,0.0588235294117647,0.678705625824515,0.9494367087771501,1,0.44457867326901723,fc_corr,late_early_auc_ratio,none
triploid,cup,fc_corr|frac_auc_first_half|none,52,-0.0588235294117647,0.678705625824515,0.9494367087771501,1,0.44457867326901723,fc_corr,frac_auc_first_half,none
triploid,cup,fc_corr_mm|auc_0_3h|resid,52,-0.05771365149833518,0.6844478365955194,0.9494367087771501,1,0.44457867326901723,fc_corr_mm,auc_0_3h,resid
triploid,cup,fc_corr|t_half|none,52,0.057542901050115246,0.6853328355609711,0.9494367087771501,1,0.44457867326901723,fc_corr,t_half,none
triploid,cup,raw_delta_mm|sat_asymptote|resid,49,0.05551020408163265,0.7048121169984845,0.9578846765523471,1,0.44457867326901723,raw_delta_mm,sat_asymptote,resid
triploid,cup,raw_delta_mm|lin_slope|resid,52,0.05370101596516691,0.7053540393503342,0.9578846765523471,1,0.44457867326901723,raw_delta_mm,lin_slope,resid
triploid,cup,raw_rfu|sat_k|resid,49,0.05326530612244897,0.7162389143380686,0.9578846765523471,1,0.44457867326901723,raw_rfu,sat_k,resid
triploid,cup,raw_delta_mm|sat_k|resid,49,0.05326530612244897,0.7162389143380686,0.9578846765523471,1,0.44457867326901723,raw_delta_mm,sat_k,resid
triploid,cup,raw_delta_mm|rate_h3|none,52,0.052249637155297526,0.7129702798952705,0.9578846765523471,1,0.44457867326901723,raw_delta_mm,rate_h3,none
triploid,cup,raw_delta_mm|rate_h2|resid,52,-0.05105438401775804,0.7192634194042817,0.9578846765523471,1,0.44457867326901723,raw_delta_mm,rate_h2,resid
triploid,cup,fc_corr|value_2h|resid,52,-0.050883633569538116,0.7201639591246368,0.9578846765523471,1,0.44457867326901723,fc_corr,value_2h,resid
triploid,cup,fc_corr|sat_k|resid,49,0.050816326530612244,0.7287749452977363,0.9578846765523471,1,0.44457867326901723,fc_corr,sat_k,resid
triploid,cup,fc_corr_mm|sat_k|resid,49,0.050816326530612244,0.7287749452977363,0.9578846765523471,1,0.44457867326901723,fc_corr_mm,sat_k,resid
triploid,cup,fc_corr|auc_0_3h|resid,52,-0.04985913088021856,0.725575067390567,0.9578846765523471,1,0.44457867326901723,fc_corr,auc_0_3h,resid
triploid,cup,raw_delta_mm|value_2h|none,52,-0.04960300520788867,0.7269299346683811,0.9578846765523471,1,0.44457867326901723,raw_delta_mm,value_2h,none
triploid,cup,raw_delta_mm|delta_auc_late_minus_early|resid,52,0.048663877742679065,0.7319048408868285,0.9578846765523471,1,0.44457867326901723,raw_delta_mm,delta_auc_late_minus_early,resid
triploid,cup,raw_rfu|sat_k|none,49,0.046224489795918366,0.7524678488035079,0.9654243083426399,1,0.44457867326901723,raw_rfu,sat_k,none
triploid,cup,fc_corr|sat_k|none,49,0.046224489795918366,0.7524678488035079,0.9654243083426399,1,0.44457867326901723,fc_corr,sat_k,none
triploid,cup,fc_corr_mm|sat_k|none,49,0.046224489795918366,0.7524678488035079,0.9654243083426399,1,0.44457867326901723,fc_corr_mm,sat_k,none
triploid,cup,raw_delta_mm|sat_k|none,49,0.046224489795918366,0.7524678488035079,0.9654243083426399,1,0.44457867326901723,raw_delta_mm,sat_k,none
triploid,cup,fc_corr|peak_value|resid,52,0.04354136429608128,0.7592285049880272,0.9654243083426399,1,0.44457867326901723,fc_corr,peak_value,resid
triploid,cup,raw_rfu|value_3h|resid,52,-0.03901647741825322,0.7836105157966327,0.9654243083426399,1,0.44457867326901723,raw_rfu,value_3h,resid
triploid,cup,raw_delta|value_3h|resid,52,-0.038333475625373516,0.7873094208830657,0.9654243083426399,1,0.44457867326901723,raw_delta,value_3h,resid
triploid,cup,fc_corr_mm|rate_h2|resid,52,-0.03713822248783403,0.793793667148257,0.9654243083426399,1,0.44457867326901723,fc_corr_mm,rate_h2,resid
triploid,cup,raw_delta_mm|auc_late|resid,52,-0.0369674720396141,0.7947211283743061,0.9654243083426399,1,0.44457867326901723,raw_delta_mm,auc_late,resid
triploid,cup,raw_delta|stability_cv|none,52,0.036540595919064285,0.7970410100521449,0.9654243083426399,1,0.44457867326901723,raw_delta,stability_cv,none
triploid,cup,fc_corr|stability_cv|none,52,0.036540595919064285,0.7970410100521449,0.9654243083426399,1,0.44457867326901723,fc_corr,stability_cv,none
triploid,cup,raw_delta_mm|auc_early|none,52,-0.03636984547084436,0.7979694509672166,0.9654243083426399,1,0.44457867326901723,raw_delta_mm,auc_early,none
triploid,cup,fc_corr_mm|auc_total|none,52,0.034747716212755055,0.8068032902233053,0.9654243083426399,1,0.44457867326901723,fc_corr_mm,auc_total,none
triploid,cup,raw_rfu|rate_h2|none,52,-0.03389396397165542,0.8114623707427027,0.9654243083426399,1,0.44457867326901723,raw_rfu,rate_h2,none
triploid,cup,raw_rfu|delta_auc_late_minus_early|resid,52,0.03355246307521557,0.8133278269379534,0.9654243083426399,1,0.44457867326901723,raw_rfu,delta_auc_late_minus_early,resid
triploid,cup,fc_corr|initial_slope|resid,52,-0.03235720993767609,0.8198649494508825,0.9654243083426399,1,0.44457867326901723,fc_corr,initial_slope,resid
triploid,cup,fc_corr|auc_0_1h|resid,52,-0.03235720993767609,0.8198649494508825,0.9654243083426399,1,0.44457867326901723,fc_corr,auc_0_1h,resid
triploid,cup,raw_delta_mm|auc_late|none,52,0.03227183471356612,0.8203323571235949,0.9654243083426399,1,0.44457867326901723,raw_delta_mm,auc_late,none
triploid,cup,raw_rfu|auc_late|resid,52,-0.03175958336890634,0.8231380972520099,0.9654243083426399,1,0.44457867326901723,raw_rfu,auc_late,resid
triploid,cup,fc_corr_mm|initial_slope|resid,52,-0.03167420814479638,0.8236059348323534,0.9654243083426399,1,0.44457867326901723,fc_corr_mm,initial_slope,resid
triploid,cup,fc_corr_mm|auc_0_1h|resid,52,-0.03167420814479638,0.8236059348323534,0.9654243083426399,1,0.44457867326901723,fc_corr_mm,auc_0_1h,resid
triploid,cup,raw_delta_mm|auc_0_2h|none,52,-0.031332707248356524,0.8254778914985863,0.9654243083426399,1,0.44457867326901723,raw_delta_mm,auc_0_2h,none
triploid,cup,fc_corr_mm|value_3h|resid,52,0.031332707248356524,0.8254778914985863,0.9654243083426399,1,0.44457867326901723,fc_corr_mm,value_3h,resid
triploid,cup,raw_delta_mm|value_3h|resid,52,-0.03064970545547682,0.8292246827319036,0.9654243083426399,1,0.44457867326901723,raw_delta_mm,value_3h,resid
triploid,cup,raw_rfu|lin_slope|resid,52,0.03047895500725689,0.8301619727886226,0.9654243083426399,1,0.44457867326901723,raw_rfu,lin_slope,resid
triploid,cup,raw_delta|auc_late|resid,52,-0.029966703662597113,0.8329752442552376,0.9654243083426399,1,0.44457867326901723,raw_delta,auc_late,resid
triploid,cup,raw_rfu|vmax|resid,52,-0.029881328438487148,0.8334443255373433,0.9654243083426399,1,0.44457867326901723,raw_rfu,vmax,resid
triploid,cup,raw_rfu|rate_h2|resid,52,-0.02936907709382737,0.8362600151242792,0.9654243083426399,1,0.44457867326901723,raw_rfu,rate_h2,resid
triploid,cup,raw_delta_mm|value_4h|resid,52,0.029027576197387515,0.8381382746097132,0.9654243083426399,1,0.44457867326901723,raw_delta_mm,value_4h,resid
triploid,cup,raw_rfu|rate_h3|none,52,-0.02808844873217792,0.84330807093916,0.9654243083426399,1,0.44457867326901723,raw_rfu,rate_h3,none
triploid,cup,raw_delta_mm|final_value|resid,52,0.027746947835738063,0.8451896332362606,0.9654243083426399,1,0.44457867326901723,raw_delta_mm,final_value,resid
triploid,cup,fc_corr_mm|vmax|resid,52,0.027149321266968323,0.848484422433068,0.9654243083426399,1,0.44457867326901723,fc_corr_mm,vmax,resid
triploid,cup,raw_delta_mm|mean_rate|resid,52,0.025356441560659092,0.8583839845161959,0.9654243083426399,1,0.44457867326901723,raw_delta_mm,mean_rate,resid
triploid,cup,fc_corr|rate_h2|none,52,-0.024075813199009644,0.8654684355810102,0.9654243083426399,1,0.44457867326901723,fc_corr,rate_h2,none
triploid,cup,raw_delta_mm|value_3h|none,52,0.024075813199009644,0.8654684355810102,0.9654243083426399,1,0.44457867326901723,raw_delta_mm,value_3h,none
triploid,cup,raw_delta_mm|initial_slope|none,52,-0.02262443438914027,0.8735101422615685,0.9654243083426399,1,0.44457867326901723,raw_delta_mm,initial_slope,none
triploid,cup,raw_delta_mm|auc_0_1h|none,52,-0.02262443438914027,0.8735101422615685,0.9654243083426399,1,0.44457867326901723,raw_delta_mm,auc_0_1h,none
triploid,cup,fc_corr|value_3h|resid,52,0.022453683940920344,0.8744570751577191,0.9654243083426399,1,0.44457867326901723,fc_corr,value_3h,resid
triploid,cup,fc_corr_mm|initial_slope|none,52,0.02125843080338086,0.8810904151574463,0.9654243083426399,1,0.44457867326901723,fc_corr_mm,initial_slope,none
triploid,cup,fc_corr_mm|auc_0_1h|none,52,0.02125843080338086,0.8810904151574463,0.9654243083426399,1,0.44457867326901723,fc_corr_mm,auc_0_1h,none
triploid,cup,fc_corr_mm|sat_asymptote|none,49,0.021020408163265305,0.8860058074943471,0.9654243083426399,1,0.44457867326901723,fc_corr_mm,sat_asymptote,none
triploid,cup,raw_delta_mm|auc_0_3h|none,52,-0.021002305131050968,0.8825129140314726,0.9654243083426399,1,0.44457867326901723,raw_delta_mm,auc_0_3h,none
triploid,cup,fc_corr|rate_h2|resid,52,-0.020916929906941002,0.8829871622069817,0.9654243083426399,1,0.44457867326901723,fc_corr,rate_h2,resid
triploid,cup,fc_corr|rate_h3|none,52,-0.019636301545291553,0.8901056741904081,0.9654243083426399,1,0.44457867326901723,fc_corr,rate_h3,none
triploid,cup,fc_corr|auc_total|resid,52,-0.01878254930419192,0.8948561611169011,0.9654243083426399,1,0.44457867326901723,fc_corr,auc_total,resid
triploid,cup,fc_corr_mm|auc_late|resid,52,0.018014172287202253,0.8991347326249006,0.9654243083426399,1,0.44457867326901723,fc_corr_mm,auc_late,resid
triploid,cup,raw_rfu|peak_value|resid,52,-0.017928797063092288,0.8996103072345607,0.9654243083426399,1,0.44457867326901723,raw_rfu,peak_value,resid
triploid,cup,raw_rfu|metabolic_scope|resid,52,-0.017075044821992656,0.9043679487361789,0.9654243083426399,1,0.44457867326901723,raw_rfu,metabolic_scope,resid
triploid,cup,fc_corr_mm|rate_h2|none,52,0.01613591735678306,0.9096051956247124,0.9654243083426399,1,0.44457867326901723,fc_corr_mm,rate_h2,none
triploid,cup,raw_delta_mm|rate_h2|none,52,0.015965166908563134,0.9105578382892652,0.9654243083426399,1,0.44457867326901723,raw_delta_mm,rate_h2,none
triploid,cup,raw_delta_mm|peak_value|resid,52,0.01587979168445317,0.9110342064641814,0.9654243083426399,1,0.44457867326901723,raw_delta_mm,peak_value,resid
triploid,cup,fc_corr_mm|auc_total|resid,52,-0.014940664219243574,0.9162762666958337,0.966796034666334,1,0.44457867326901723,fc_corr_mm,auc_total,resid
triploid,cup,raw_delta_mm|vmax|none,52,0.014428412874583796,0.9191370752109513,0.966796034666334,1,0.44457867326901723,raw_delta_mm,vmax,none
triploid,cup,raw_rfu|final_delta|resid,52,0.01331853496115427,0.9253389290832303,0.9697278814008761,1,0.44457867326901723,raw_rfu,final_delta,resid
triploid,cup,raw_rfu|mean_rate|resid,52,0.01246478272005464,0.930112600915639,0.9704943320636991,1,0.44457867326901723,raw_rfu,mean_rate,resid
triploid,cup,fc_corr_mm|value_2h|none,52,-0.011696405703064969,0.9344109960036215,0.9704943320636991,1,0.44457867326901723,fc_corr_mm,value_2h,none
triploid,cup,raw_rfu|final_value|resid,52,0.011354904806625116,0.9363219964276532,0.9704943320636991,1,0.44457867326901723,raw_rfu,final_value,resid
triploid,cup,fc_corr|auc_late|resid,52,0.010074276444975667,0.9434913297458645,0.9743692278102746,1,0.44457867326901723,fc_corr,auc_late,resid
triploid,cup,fc_corr|vmax|resid,52,0.008708272859216255,0.9511435004057796,0.9787128772291354,1,0.44457867326901723,fc_corr,vmax,resid
triploid,cup,raw_delta_mm|sat_asymptote|none,49,0.007959183673469388,0.9567146124481464,0.9808915160118179,1,0.44457867326901723,raw_delta_mm,sat_asymptote,none
triploid,cup,raw_delta_mm|vmax|resid,52,-0.00623239136002732,0.9650237282460941,0.9858515784960098,1,0.44457867326901723,raw_delta_mm,vmax,resid
triploid,cup,fc_corr_mm|auc_0_2h|none,52,0.0036711346367284212,0.9793933580367848,0.9951765148582058,1,0.44457867326901723,fc_corr_mm,auc_0_2h,none
triploid,cup,raw_delta|value_4h|resid,52,0.0031588832920686413,0.9822682071639204,0.9951765148582058,1,0.44457867326901723,raw_delta,value_4h,resid
triploid,cup,raw_delta_mm|auc_total|none,52,-0.002732007171518825,0.9846640868843515,0.9951765148582058,1,0.44457867326901723,raw_delta_mm,auc_total,none
triploid,cup,raw_rfu|value_4h|resid,52,0.0010245026893195594,0.9942487374758626,0.998562173050411,1,0.44457867326901723,raw_rfu,value_4h,resid
triploid,cup,fc_corr_mm|auc_early|none,52,-8.537522410996328e-4,0.9952072689332404,0.998562173050411,1,0.44457867326901723,fc_corr_mm,auc_early,none
triploid,cup,fc_corr_mm|auc_0_3h|none,52,-2.5612567232988985e-4,0.998562173050411,0.998562173050411,1,0.44457867326901723,fc_corr_mm,auc_0_3h,none
diploid,dry_tissue_weight,fc_corr|rate_h2|none,71,-0.2443850132967616,0.039982472579623896,0.9244700404106729,0.563,0.37153741228504594,fc_corr,rate_h2,none
diploid,dry_tissue_weight,raw_rfu|rate_h2|none,71,-0.2441838043664315,0.04015161515535003,0.9244700404106729,0.565,0.37153741228504594,raw_rfu,rate_h2,none
diploid,dry_tissue_weight,fc_corr_mm|rate_h2|none,71,-0.23772835118500762,0.04590151433359668,0.9244700404106729,0.6,0.37153741228504594,fc_corr_mm,rate_h2,none
diploid,dry_tissue_weight,raw_delta_mm|rate_h2|none,71,-0.23719179403746068,0.04640850497125464,0.9244700404106729,0.602,0.37153741228504594,raw_delta_mm,rate_h2,none
diploid,dry_tissue_weight,fc_corr|rate_h2|resid,71,-0.2285062752115449,0.0552767983931413,0.9244700404106729,0.664,0.37153741228504594,fc_corr,rate_h2,resid
diploid,dry_tissue_weight,raw_rfu|rate_h2|resid,71,-0.22753376538161613,0.056350473717990096,0.9244700404106729,0.667,0.37153741228504594,raw_rfu,rate_h2,resid
diploid,dry_tissue_weight,fc_corr_mm|rate_h2|resid,71,-0.2267624644820174,0.05721403059070179,0.9244700404106729,0.67,0.37153741228504594,fc_corr_mm,rate_h2,resid
diploid,dry_tissue_weight,raw_delta_mm|rate_h2|resid,71,-0.2077817553875451,0.08207788924957847,0.9244700404106729,0.787,0.37153741228504594,raw_delta_mm,rate_h2,resid
diploid,dry_tissue_weight,raw_delta_mm|delta_auc_late_minus_early|none,71,-0.1890022552234029,0.11443767210137741,0.9244700404106729,0.862,0.37153741228504594,raw_delta_mm,delta_auc_late_minus_early,none
diploid,dry_tissue_weight,fc_corr_mm|delta_auc_late_minus_early|none,71,-0.18625239984222489,0.11990409044462993,0.9244700404106729,0.874,0.37153741228504594,fc_corr_mm,delta_auc_late_minus_early,none
diploid,dry_tissue_weight,fc_corr|initial_slope|resid,71,0.18259710427456152,0.12747731570242968,0.9244700404106729,0.886,0.37153741228504594,fc_corr,initial_slope,resid
diploid,dry_tissue_weight,fc_corr|auc_0_1h|resid,71,0.18259710427456152,0.12747731570242968,0.9244700404106729,0.886,0.37153741228504594,fc_corr,auc_0_1h,resid
diploid,dry_tissue_weight,fc_corr_mm|sat_asymptote|resid,70,-0.16570873685120882,0.1703891512220679,0.9244700404106729,0.943,0.37153741228504594,fc_corr_mm,sat_asymptote,resid
diploid,dry_tissue_weight,fc_corr|sat_asymptote|resid,70,-0.1605472884961136,0.1842838782209115,0.9244700404106729,0.958,0.37153741228504594,fc_corr,sat_asymptote,resid
diploid,dry_tissue_weight,raw_rfu|delta_auc_late_minus_early|resid,71,-0.15880414826302774,0.18591263112464587,0.9244700404106729,0.963,0.37153741228504594,raw_rfu,delta_auc_late_minus_early,resid
diploid,dry_tissue_weight,raw_rfu|delta_auc_late_minus_early|none,71,-0.15706033753350024,0.1908535099195551,0.9244700404106729,0.965,0.37153741228504594,raw_rfu,delta_auc_late_minus_early,none
diploid,dry_tissue_weight,raw_delta_mm|delta_auc_late_minus_early|resid,71,-0.15622196699045815,0.19326229317009802,0.9244700404106729,0.965,0.37153741228504594,raw_delta_mm,delta_auc_late_minus_early,resid
diploid,dry_tissue_weight,fc_corr_mm|delta_auc_late_minus_early|resid,71,-0.15429371474146142,0.19888520701662615,0.9244700404106729,0.967,0.37153741228504594,fc_corr_mm,delta_auc_late_minus_early,resid
diploid,dry_tissue_weight,fc_corr|delta_auc_late_minus_early|none,71,-0.1531032285703417,0.20241460649311863,0.9244700404106729,0.972,0.37153741228504594,fc_corr,delta_auc_late_minus_early,none
diploid,dry_tissue_weight,raw_delta_mm|sat_asymptote|resid,70,-0.14924459142021024,0.21753604486014996,0.9244700404106729,0.977,0.37153741228504594,raw_delta_mm,sat_asymptote,resid
diploid,dry_tissue_weight,raw_rfu|value_1h|resid,71,0.14881077138996635,0.21551044067337527,0.9244700404106729,0.977,0.37153741228504594,raw_rfu,value_1h,resid
diploid,dry_tissue_weight,fc_corr_mm|initial_slope|resid,71,0.14646333386944854,0.2229195138779527,0.9244700404106729,0.981,0.37153741228504594,fc_corr_mm,initial_slope,resid
diploid,dry_tissue_weight,fc_corr_mm|auc_0_1h|resid,71,0.14646333386944854,0.2229195138779527,0.9244700404106729,0.981,0.37153741228504594,fc_corr_mm,auc_0_1h,resid
diploid,dry_tissue_weight,raw_rfu|sat_asymptote|resid,70,-0.14560533291899058,0.22908906554933792,0.9244700404106729,0.981,0.37153741228504594,raw_rfu,sat_asymptote,resid
diploid,dry_tissue_weight,fc_corr|delta_auc_late_minus_early|resid,71,-0.14403205929462656,0.23077925517332198,0.9244700404106729,0.985,0.37153741228504594,fc_corr,delta_auc_late_minus_early,resid
diploid,dry_tissue_weight,raw_rfu|auc_0_1h|resid,71,0.14260682937145505,0.23547521855300313,0.9244700404106729,0.986,0.37153741228504594,raw_rfu,auc_0_1h,resid
diploid,dry_tissue_weight,raw_rfu|initial_slope|resid,71,0.14015878738577223,0.24369476368650425,0.9244700404106729,0.989,0.37153741228504594,raw_rfu,initial_slope,resid
diploid,dry_tissue_weight,raw_delta|auc_0_1h|resid,71,0.14015878738577223,0.24369476368650425,0.9244700404106729,0.989,0.37153741228504594,raw_delta,auc_0_1h,resid
diploid,dry_tissue_weight,fc_corr_mm|lin_slope|none,71,-0.14014201997491138,0.2437517331958499,0.9244700404106729,0.989,0.37153741228504594,fc_corr_mm,lin_slope,none
diploid,dry_tissue_weight,raw_delta_mm|lin_slope|none,71,-0.13999111327716382,0.2442648705503842,0.9244700404106729,0.989,0.37153741228504594,raw_delta_mm,lin_slope,none
diploid,dry_tissue_weight,raw_rfu|inflection_time|resid,71,-0.13392131054553927,0.26552137425124445,0.9244700404106729,0.991,0.37153741228504594,raw_rfu,inflection_time,resid
diploid,dry_tissue_weight,raw_delta|frac_auc_first_half|resid,71,0.12984682970635486,0.28046945905084547,0.9244700404106729,0.994,0.37153741228504594,raw_delta,frac_auc_first_half,resid
diploid,dry_tissue_weight,fc_corr|frac_auc_first_half|resid,71,0.12860604130265257,0.285130459920737,0.9244700404106729,0.994,0.37153741228504594,fc_corr,frac_auc_first_half,resid
diploid,dry_tissue_weight,raw_delta|late_early_auc_ratio|resid,71,-0.1284048323723225,0.2858910973730303,0.9244700404106729,0.994,0.37153741228504594,raw_delta,late_early_auc_ratio,resid
diploid,dry_tissue_weight,fc_corr|late_early_auc_ratio|resid,71,-0.1284048323723225,0.2858910973730303,0.9244700404106729,0.994,0.37153741228504594,fc_corr,late_early_auc_ratio,resid
diploid,dry_tissue_weight,raw_delta_mm|initial_slope|resid,71,0.1283712975506008,0.2860180005480666,0.9244700404106729,0.994,0.37153741228504594,raw_delta_mm,initial_slope,resid
diploid,dry_tissue_weight,raw_delta_mm|auc_0_1h|resid,71,0.1283712975506008,0.2860180005480666,0.9244700404106729,0.994,0.37153741228504594,raw_delta_mm,auc_0_1h,resid
diploid,dry_tissue_weight,raw_rfu|baseline_value|none,71,-0.12753292700755875,0.28920267900610647,0.9244700404106729,0.994,0.37153741228504594,raw_rfu,baseline_value,none
diploid,dry_tissue_weight,fc_corr|lin_slope|none,71,-0.12329077205976591,0.3056741900972324,0.9244700404106729,0.994,0.37153741228504594,fc_corr,lin_slope,none
diploid,dry_tissue_weight,fc_corr_mm|peak_value|none,71,-0.12310633054029665,0.3064038759052168,0.9244700404106729,0.994,0.37153741228504594,fc_corr_mm,peak_value,none
diploid,dry_tissue_weight,raw_rfu|late_early_auc_ratio|resid,71,-0.12208351847778534,0.3104707873920567,0.9244700404106729,0.994,0.37153741228504594,raw_rfu,late_early_auc_ratio,resid
diploid,dry_tissue_weight,raw_delta_mm|value_2h|none,71,-0.1204067773917012,0.31721289233508815,0.9244700404106729,0.995,0.37153741228504594,raw_delta_mm,value_2h,none
diploid,dry_tissue_weight,raw_rfu|frac_auc_first_half|resid,71,0.12022233587223195,0.31796021335946073,0.9244700404106729,0.995,0.37153741228504594,raw_rfu,frac_auc_first_half,resid
diploid,dry_tissue_weight,raw_rfu|lin_slope|none,71,-0.11983668542243259,0.3195264366537971,0.9244700404106729,0.995,0.37153741228504594,raw_rfu,lin_slope,none
diploid,dry_tissue_weight,fc_corr_mm|mean_rate|none,71,-0.1132973951867045,0.3468333561986262,0.9244700404106729,0.999,0.37153741228504594,fc_corr_mm,mean_rate,none
diploid,dry_tissue_weight,fc_corr_mm|final_value|none,71,-0.11307941884551356,0.34776790440956307,0.9244700404106729,0.999,0.37153741228504594,fc_corr_mm,final_value,none
diploid,dry_tissue_weight,raw_rfu|rate_h4|none,71,-0.11240872241107991,0.3506532491439637,0.9244700404106729,0.999,0.37153741228504594,raw_rfu,rate_h4,none
diploid,dry_tissue_weight,raw_delta_mm|rate_h4|none,71,-0.1122410483024715,0.35137689824884266,0.9244700404106729,0.999,0.37153741228504594,raw_delta_mm,rate_h4,none
diploid,dry_tissue_weight,fc_corr_mm|value_2h|none,71,-0.11078228355757831,0.3577116370245732,0.9244700404106729,0.999,0.37153741228504594,fc_corr_mm,value_2h,none
diploid,dry_tissue_weight,raw_delta_mm|value_3h|none,71,-0.10980977372764952,0.36197359801122364,0.9244700404106729,0.999,0.37153741228504594,raw_delta_mm,value_3h,none
diploid,dry_tissue_weight,fc_corr_mm|value_4h|none,71,-0.10925644916924176,0.3644123375464843,0.9244700404106729,0.999,0.37153741228504594,fc_corr_mm,value_4h,none
diploid,dry_tissue_weight,raw_rfu|inflection_time|none,71,-0.1092562025276913,0.36441342683647204,0.9244700404106729,0.999,0.37153741228504594,raw_rfu,inflection_time,none
diploid,dry_tissue_weight,raw_delta_mm|auc_late|none,71,-0.1068419420052806,0.3751711937462192,0.9244700404106729,0.999,0.37153741228504594,raw_delta_mm,auc_late,none
diploid,dry_tissue_weight,raw_rfu|lin_slope|resid,71,-0.1067581049509764,0.37554818002105406,0.9244700404106729,0.999,0.37153741228504594,raw_rfu,lin_slope,resid
diploid,dry_tissue_weight,raw_delta_mm|peak_value|none,71,-0.10672457012925472,0.3756990385814485,0.9244700404106729,0.999,0.37153741228504594,raw_delta_mm,peak_value,none
diploid,dry_tissue_weight,raw_delta_mm|lin_slope|resid,71,-0.10632215226859454,0.3775121949583745,0.9244700404106729,1,0.37153741228504594,raw_delta_mm,lin_slope,resid
diploid,dry_tissue_weight,raw_delta|value_2h|none,71,-0.1059868040513777,0.3790271805090948,0.9244700404106729,1,0.37153741228504594,raw_delta,value_2h,none
diploid,dry_tissue_weight,raw_rfu|t_half|resid,71,-0.10518196833005733,0.38267804460020183,0.9244700404106729,1,0.37153741228504594,raw_rfu,t_half,resid
diploid,dry_tissue_weight,raw_rfu|value_2h|none,71,-0.10461187636078872,0.38527678095008566,0.9244700404106729,1,0.37153741228504594,raw_rfu,value_2h,none
diploid,dry_tissue_weight,fc_corr_mm|rate_h4|none,71,-0.10454480671734535,0.3855832065809295,0.9244700404106729,1,0.37153741228504594,fc_corr_mm,rate_h4,none
diploid,dry_tissue_weight,raw_delta_mm|rate_h4|resid,71,-0.1043603651978761,0.38642662763772995,0.9244700404106729,1,0.37153741228504594,raw_delta_mm,rate_h4,resid
diploid,dry_tissue_weight,fc_corr_mm|lin_slope|resid,71,-0.10397471474807676,0.3881936995933223,0.9244700404106729,1,0.37153741228504594,fc_corr_mm,lin_slope,resid
diploid,dry_tissue_weight,raw_delta_mm|value_4h|none,71,-0.10380704063946833,0.3889634910085521,0.9244700404106729,1,0.37153741228504594,raw_delta_mm,value_4h,none
diploid,dry_tissue_weight,fc_corr_mm|value_3h|none,71,-0.10353876206569487,0.39019704580416603,0.9244700404106729,1,0.37153741228504594,fc_corr_mm,value_3h,none
diploid,dry_tissue_weight,fc_corr|t_half|resid,71,-0.10330401831364311,0.39127831173183236,0.9244700404106729,1,0.37153741228504594,fc_corr,t_half,resid
diploid,dry_tissue_weight,fc_corr|lin_slope|resid,71,-0.10276746116609618,0.3937564482958833,0.9244700404106729,1,0.37153741228504594,fc_corr,lin_slope,resid
diploid,dry_tissue_weight,raw_rfu|initial_slope|none,71,0.1024488803597402,0.39523222901885313,0.9244700404106729,1,0.37153741228504594,raw_rfu,initial_slope,none
diploid,dry_tissue_weight,raw_delta|auc_0_1h|none,71,0.1024488803597402,0.39523222901885313,0.9244700404106729,1,0.37153741228504594,raw_delta,auc_0_1h,none
diploid,dry_tissue_weight,fc_corr|rate_h4|none,71,-0.10161050981669813,0.39913145575897213,0.9244700404106729,1,0.37153741228504594,fc_corr,rate_h4,none
diploid,dry_tissue_weight,raw_delta_mm|mean_rate|none,71,-0.1011074874908729,0.4014818206557539,0.9244700404106729,1,0.37153741228504594,raw_delta_mm,mean_rate,none
diploid,dry_tissue_weight,raw_rfu|rate_h4|resid,71,-0.09948104863737128,0.40913673948748497,0.9244700404106729,1,0.37153741228504594,raw_rfu,rate_h4,resid
diploid,dry_tissue_weight,fc_corr|mean_rate|none,71,-0.09896125890068522,0.41160094995127916,0.9244700404106729,1,0.37153741228504594,fc_corr,mean_rate,none
diploid,dry_tissue_weight,fc_corr_mm|auc_late|none,71,-0.09865944550519008,0.4130357255390802,0.9244700404106729,1,0.37153741228504594,fc_corr_mm,auc_late,none
diploid,dry_tissue_weight,raw_rfu|sat_asymptote|none,70,-0.09796254013619662,0.419782342085704,0.9244700404106729,1,0.37153741228504594,raw_rfu,sat_asymptote,none
diploid,dry_tissue_weight,raw_rfu|n_negative_intervals|resid,71,0.09775400531870465,0.41735740030649726,0.9244700404106729,1,0.37153741228504594,raw_rfu,n_negative_intervals,resid
diploid,dry_tissue_weight,fc_corr|peak_value|none,71,-0.09663058879102826,0.4227555453423646,0.9244700404106729,1,0.37153741228504594,fc_corr,peak_value,none
diploid,dry_tissue_weight,fc_corr|sat_asymptote|none,70,-0.09582797505375047,0.4300320960274654,0.9244700404106729,1,0.37153741228504594,fc_corr,sat_asymptote,none
diploid,dry_tissue_weight,raw_delta_mm|final_value|none,71,-0.09574191601540369,0.4270539072577473,0.9244700404106729,1,0.37153741228504594,raw_delta_mm,final_value,none
diploid,dry_tissue_weight,fc_corr_mm|rate_h4|resid,71,-0.09555747449593442,0.42794913100191934,0.9244700404106729,1,0.37153741228504594,fc_corr_mm,rate_h4,resid
diploid,dry_tissue_weight,raw_rfu|value_1h|none,71,0.09530596333302181,0.4291716108601754,0.9244700404106729,1,0.37153741228504594,raw_rfu,value_1h,none
diploid,dry_tissue_weight,fc_corr|value_4h|none,71,-0.09522212627871761,0.42957954490305406,0.9244700404106729,1,0.37153741228504594,fc_corr,value_4h,none
diploid,dry_tissue_weight,fc_corr|late_early_auc_ratio|none,71,-0.09396457046415452,0.43572494076463153,0.9244700404106729,1,0.37153741228504594,fc_corr,late_early_auc_ratio,none
diploid,dry_tissue_weight,fc_corr|frac_auc_first_half|none,71,0.09396457046415452,0.43572494076463153,0.9244700404106729,1,0.37153741228504594,fc_corr,frac_auc_first_half,none
diploid,dry_tissue_weight,raw_delta|late_early_auc_ratio|none,71,-0.09352861778177264,0.4378668626481462,0.9244700404106729,1,0.37153741228504594,raw_delta,late_early_auc_ratio,none
diploid,dry_tissue_weight,raw_delta|frac_auc_first_half|none,71,0.09352861778177264,0.4378668626481462,0.9244700404106729,1,0.37153741228504594,raw_delta,frac_auc_first_half,none
diploid,dry_tissue_weight,raw_rfu|auc_0_1h|none,71,0.09227106196720954,0.44407856103462184,0.9244700404106729,1,0.37153741228504594,raw_rfu,auc_0_1h,none
diploid,dry_tissue_weight,fc_corr|final_value|none,71,-0.09094643650920307,0.45067442371613553,0.9244700404106729,1,0.37153741228504594,fc_corr,final_value,none
diploid,dry_tissue_weight,raw_delta|stability_cv|resid,71,-0.09069492534629046,0.45193290249484075,0.9244700404106729,1,0.37153741228504594,raw_delta,stability_cv,resid
diploid,dry_tissue_weight,fc_corr|stability_cv|resid,71,-0.09069492534629046,0.45193290249484075,0.9244700404106729,1,0.37153741228504594,fc_corr,stability_cv,resid
diploid,dry_tissue_weight,raw_rfu|quad_coef|none,71,0.09042664677251701,0.45327741899958107,0.9244700404106729,1,0.37153741228504594,raw_rfu,quad_coef,none
diploid,dry_tissue_weight,raw_rfu|late_early_auc_ratio|none,71,-0.09014160078788269,0.45470838394385804,0.9244700404106729,1,0.37153741228504594,raw_rfu,late_early_auc_ratio,none
diploid,dry_tissue_weight,raw_rfu|frac_auc_first_half|none,71,0.09014160078788269,0.45470838394385804,0.9244700404106729,1,0.37153741228504594,raw_rfu,frac_auc_first_half,none
diploid,dry_tissue_weight,fc_corr|value_2h|none,71,-0.08933676506656232,0.4587621615098636,0.9244700404106729,1,0.37153741228504594,fc_corr,value_2h,none
diploid,dry_tissue_weight,raw_rfu|peak_value|none,71,-0.08931999765570148,0.45884682534403853,0.9244700404106729,1,0.37153741228504594,raw_rfu,peak_value,none
diploid,dry_tissue_weight,raw_rfu|metabolic_scope|none,71,-0.08891757979504128,0.4608813248619278,0.9244700404106729,1,0.37153741228504594,raw_rfu,metabolic_scope,none
diploid,dry_tissue_weight,raw_rfu|final_value|none,71,-0.08715700165465294,0.46983999194954607,0.9244700404106729,1,0.37153741228504594,raw_rfu,final_value,none
diploid,dry_tissue_weight,fc_corr|stability_cv|none,71,-0.08682165343743613,0.47155701078671575,0.9244700404106729,1,0.37153741228504594,fc_corr,stability_cv,none
diploid,dry_tissue_weight,raw_delta|stability_cv|none,71,-0.08675458379399276,0.47190082015087276,0.9244700404106729,1,0.37153741228504594,raw_delta,stability_cv,none
diploid,dry_tissue_weight,raw_rfu|value_4h|none,71,-0.08673781638313192,0.47198679359955953,0.9244700404106729,1,0.37153741228504594,raw_rfu,value_4h,none
diploid,dry_tissue_weight,fc_corr|vmax|resid,71,0.08672104897227108,0.47207277548965054,0.9244700404106729,1,0.37153741228504594,fc_corr,vmax,resid
diploid,dry_tissue_weight,raw_rfu|final_delta|none,71,-0.08645277039849762,0.47344963308528487,0.9244700404106729,1,0.37153741228504594,raw_rfu,final_delta,none
diploid,dry_tissue_weight,raw_rfu|stability_cv|resid,71,-0.08598328289439405,0.4758643230115053,0.9244700404106729,1,0.37153741228504594,raw_rfu,stability_cv,resid
diploid,dry_tissue_weight,raw_rfu|t_half|none,71,-0.08568146949889892,0.477420103992637,0.9244700404106729,1,0.37153741228504594,raw_rfu,t_half,none
diploid,dry_tissue_weight,raw_delta_mm|peak_value|resid,71,-0.08542995833598631,0.47871866450042844,0.9244700404106729,1,0.37153741228504594,raw_delta_mm,peak_value,resid
diploid,dry_tissue_weight,fc_corr|t_half|none,71,-0.08415563511056237,0.4853269398272585,0.9244700404106729,1,0.37153741228504594,fc_corr,t_half,none
diploid,dry_tissue_weight,fc_corr|rate_h4|resid,71,-0.08393765876937144,0.4864621203285603,0.9244700404106729,1,0.37153741228504594,fc_corr,rate_h4,resid
diploid,dry_tissue_weight,raw_delta_mm|final_value|resid,71,-0.08373644983904133,0.48751122395303326,0.9244700404106729,1,0.37153741228504594,raw_delta_mm,final_value,resid
diploid,dry_tissue_weight,raw_delta_mm|mean_rate|resid,71,-0.08316635786977274,0.49049015945706564,0.9244700404106729,1,0.37153741228504594,raw_delta_mm,mean_rate,resid
diploid,dry_tissue_weight,raw_rfu|mean_rate|none,71,-0.08246212661361739,0.4941831939268778,0.9244700404106729,1,0.37153741228504594,raw_rfu,mean_rate,none
diploid,dry_tissue_weight,raw_rfu|mean_rate|resid,71,-0.08147284937282775,0.49939549650978743,0.9244700404106729,1,0.37153741228504594,raw_rfu,mean_rate,resid
diploid,dry_tissue_weight,raw_rfu|metabolic_scope|resid,71,-0.08125487303163682,0.5005477966557981,0.9244700404106729,1,0.37153741228504594,raw_rfu,metabolic_scope,resid
diploid,dry_tissue_weight,raw_rfu|final_value|resid,71,-0.08115426856647177,0.5010800921599899,0.9244700404106729,1,0.37153741228504594,raw_rfu,final_value,resid
diploid,dry_tissue_weight,raw_delta|value_4h|none,71,-0.08100336186872421,0.5018790850782215,0.9244700404106729,1,0.37153741228504594,raw_delta,value_4h,none
diploid,dry_tissue_weight,fc_corr|value_3h|none,71,-0.08065124624064653,0.5037459633448806,0.9244700404106729,1,0.37153741228504594,fc_corr,value_3h,none
diploid,dry_tissue_weight,fc_corr_mm|sat_asymptote|none,70,-0.08013367276724068,0.509615665374211,0.9244700404106729,1,0.37153741228504594,fc_corr_mm,sat_asymptote,none
diploid,dry_tissue_weight,raw_rfu|auc_late|none,71,-0.07979610828674363,0.5082946921588982,0.9244700404106729,1,0.37153741228504594,raw_rfu,auc_late,none
diploid,dry_tissue_weight,raw_rfu|final_delta|resid,71,-0.0797793408758828,0.5083840930433428,0.9244700404106729,1,0.37153741228504594,raw_rfu,final_delta,resid
diploid,dry_tissue_weight,raw_delta|value_3h|none,71,-0.0797458060541611,0.5085629190040861,0.9244700404106729,1,0.37153741228504594,raw_delta,value_3h,none
diploid,dry_tissue_weight,raw_rfu|value_3h|none,71,-0.07971227123243942,0.508741777214037,0.9244700404106729,1,0.37153741228504594,raw_rfu,value_3h,none
diploid,dry_tissue_weight,raw_rfu|stability_cv|none,71,-0.07961166676727437,0.509278545259875,0.9244700404106729,1,0.37153741228504594,raw_rfu,stability_cv,none
diploid,dry_tissue_weight,raw_rfu|rate_last_first_ratio|resid,71,-0.07956136453469186,0.5095470380301815,0.9244700404106729,1,0.37153741228504594,raw_rfu,rate_last_first_ratio,resid
diploid,dry_tissue_weight,fc_corr|auc_0_2h|resid,71,0.07924278372833587,0.5112491738721059,0.9244700404106729,1,0.37153741228504594,fc_corr,auc_0_2h,resid
diploid,dry_tissue_weight,raw_delta_mm|sat_asymptote|none,70,-0.07885643300479338,0.5164079053347488,0.9244700404106729,1,0.37153741228504594,raw_delta_mm,sat_asymptote,none
diploid,dry_tissue_weight,raw_rfu|value_4h|resid,71,-0.07882359845681484,0.5134932430212485,0.9244700404106729,1,0.37153741228504594,raw_rfu,value_4h,resid
diploid,dry_tissue_weight,raw_delta|value_4h|resid,71,-0.078806831045954,0.5135831099866499,0.9244700404106729,1,0.37153741228504594,raw_delta,value_4h,resid
diploid,dry_tissue_weight,fc_corr_mm|auc_total|none,71,-0.07853855247218053,0.5150220695955909,0.9244700404106729,1,0.37153741228504594,fc_corr_mm,auc_total,none
diploid,dry_tissue_weight,fc_corr|rate_h3|resid,71,0.07837087836357212,0.5159224583184647,0.9244700404106729,1,0.37153741228504594,fc_corr,rate_h3,resid
diploid,dry_tissue_weight,fc_corr|auc_late|none,71,-0.07810259978979867,0.5173647396537748,0.9244700404106729,1,0.37153741228504594,fc_corr,auc_late,none
diploid,dry_tissue_weight,raw_delta|auc_late|none,71,-0.07805229755721614,0.5176353944888655,0.9244700404106729,1,0.37153741228504594,raw_delta,auc_late,none
diploid,dry_tissue_weight,fc_corr|rate_last_first_ratio|resid,71,-0.07768341451827764,0.5196223839148479,0.9244700404106729,1,0.37153741228504594,fc_corr,rate_last_first_ratio,resid
diploid,dry_tissue_weight,raw_delta_mm|value_4h|resid,71,-0.07731453147933912,0.5216132151460363,0.9244700404106729,1,0.37153741228504594,raw_delta_mm,value_4h,resid
diploid,dry_tissue_weight,fc_corr_mm|peak_value|resid,71,-0.07704625290556566,0.523063499111805,0.9244700404106729,1,0.37153741228504594,fc_corr_mm,peak_value,resid
diploid,dry_tissue_weight,raw_rfu|peak_value|resid,71,-0.07682827656437473,0.5242433437930001,0.9244700404106729,1,0.37153741228504594,raw_rfu,peak_value,resid
diploid,dry_tissue_weight,fc_corr|initial_slope|none,71,0.0765264631688796,0.5258791740989331,0.9244700404106729,1,0.37153741228504594,fc_corr,initial_slope,none
diploid,dry_tissue_weight,fc_corr|auc_0_1h|none,71,0.0765264631688796,0.5258791740989331,0.9244700404106729,1,0.37153741228504594,fc_corr,auc_0_1h,none
diploid,dry_tissue_weight,raw_rfu|rate_h3|resid,71,0.07516830288915144,0.5332718555961948,0.9244700404106729,1,0.37153741228504594,raw_rfu,rate_h3,resid
diploid,dry_tissue_weight,fc_corr|rate_h3|none,71,0.07469881538504788,0.5358392485715904,0.9244700404106729,1,0.37153741228504594,fc_corr,rate_h3,none
diploid,dry_tissue_weight,fc_corr_mm|auc_0_3h|none,71,-0.07419579305922265,0.5385967659776023,0.9244700404106729,1,0.37153741228504594,fc_corr_mm,auc_0_3h,none
diploid,dry_tissue_weight,raw_rfu|n_negative_intervals|none,71,0.07292785485494964,0.5455782103516132,0.9244700404106729,1,0.37153741228504594,raw_rfu,n_negative_intervals,none
diploid,dry_tissue_weight,raw_rfu|rate_cv|none,71,0.07277056313605114,0.5464473317243886,0.9244700404106729,1,0.37153741228504594,raw_rfu,rate_cv,none
diploid,dry_tissue_weight,fc_corr|rate_cv|none,71,0.07209986670161748,0.5501608018939372,0.9244700404106729,1,0.37153741228504594,fc_corr,rate_cv,none
diploid,dry_tissue_weight,fc_corr_mm|mean_rate|resid,71,-0.07184835553870488,0.5515564803320856,0.9244700404106729,1,0.37153741228504594,fc_corr_mm,mean_rate,resid
diploid,dry_tissue_weight,raw_rfu|time_to_peak|resid,71,-0.071412402856323,0.5539796801618297,0.9244700404106729,1,0.37153741228504594,raw_rfu,time_to_peak,resid
diploid,dry_tissue_weight,raw_delta_mm|rate_h3|resid,71,0.07136210062374047,0.5542596077966391,0.9244700404106729,1,0.37153741228504594,raw_delta_mm,rate_h3,resid
diploid,dry_tissue_weight,raw_delta_mm|auc_total|none,71,-0.07042312561553336,0.5594973116944335,0.9244700404106729,1,0.37153741228504594,raw_delta_mm,auc_total,none
diploid,dry_tissue_weight,fc_corr_mm|final_value|resid,71,-0.07017161445262074,0.5609042455799069,0.9244700404106729,1,0.37153741228504594,fc_corr_mm,final_value,resid
diploid,dry_tissue_weight,fc_corr|rate_cv|resid,71,0.07012131222003821,0.5611858332347008,0.9244700404106729,1,0.37153741228504594,fc_corr,rate_cv,resid
diploid,dry_tissue_weight,fc_corr_mm|rate_h3|resid,71,0.06946738319646541,0.5648525472408583,0.9244700404106729,1,0.37153741228504594,fc_corr_mm,rate_h3,resid
diploid,dry_tissue_weight,fc_corr_mm|rate_h3|none,71,0.06945061578560456,0.5649467135402038,0.9244700404106729,1,0.37153741228504594,fc_corr_mm,rate_h3,none
diploid,dry_tissue_weight,fc_corr_mm|initial_slope|none,71,0.06908173274666606,0.5670202378435586,0.9244700404106729,1,0.37153741228504594,fc_corr_mm,initial_slope,none
diploid,dry_tissue_weight,fc_corr_mm|auc_0_1h|none,71,0.06908173274666606,0.5670202378435586,0.9244700404106729,1,0.37153741228504594,fc_corr_mm,auc_0_1h,none
diploid,dry_tissue_weight,fc_corr|auc_early|resid,71,0.06867931488600587,0.5692863244019257,0.9244700404106729,1,0.37153741228504594,fc_corr,auc_early,resid
diploid,dry_tissue_weight,raw_rfu|time_to_peak|none,71,0.06859430538296767,0.5697655685003153,0.9244700404106729,1,0.37153741228504594,raw_rfu,time_to_peak,none
diploid,dry_tissue_weight,raw_rfu|rate_cv|resid,71,0.06857871042084082,0.5698535060837879,0.9244700404106729,1,0.37153741228504594,raw_rfu,rate_cv,resid
diploid,dry_tissue_weight,raw_delta_mm|quad_coef|none,71,0.06815952514931979,0.5722195961391978,0.9244700404106729,1,0.37153741228504594,raw_delta_mm,quad_coef,none
diploid,dry_tissue_weight,fc_corr|rate_last_first_ratio|none,71,-0.06763973541263371,0.5751598714713724,0.9244700404106729,1,0.37153741228504594,fc_corr,rate_last_first_ratio,none
diploid,dry_tissue_weight,raw_rfu|time_to_vmax|none,71,-0.06714149237752319,0.577984803916866,0.9244700404106729,1,0.37153741228504594,raw_rfu,time_to_vmax,none
diploid,dry_tissue_weight,raw_rfu|rate_last_first_ratio|none,71,-0.06710317826508679,0.5782023008917478,0.9244700404106729,1,0.37153741228504594,raw_rfu,rate_last_first_ratio,none
diploid,dry_tissue_weight,fc_corr|peak_value|resid,71,-0.06571148316363697,0.5861279006090361,0.9244700404106729,1,0.37153741228504594,fc_corr,peak_value,resid
diploid,dry_tissue_weight,raw_rfu|vmax|resid,71,0.06460483404682144,0.5924651390555464,0.9244700404106729,1,0.37153741228504594,raw_rfu,vmax,resid
diploid,dry_tissue_weight,raw_delta_mm|value_2h|resid,71,-0.06393413761238778,0.5963207855891242,0.9244700404106729,1,0.37153741228504594,raw_delta_mm,value_2h,resid
diploid,dry_tissue_weight,raw_delta_mm|auc_0_3h|none,71,-0.06383353314722273,0.5969000953782,0.9244700404106729,1,0.37153741228504594,raw_delta_mm,auc_0_3h,none
diploid,dry_tissue_weight,raw_delta_mm|min_slope|resid,71,-0.06363232421689265,0.5980594656667982,0.9244700404106729,1,0.37153741228504594,raw_delta_mm,min_slope,resid
diploid,dry_tissue_weight,fc_corr|value_2h|resid,71,-0.06339758046484087,0.5994133268145783,0.9244700404106729,1,0.37153741228504594,fc_corr,value_2h,resid
diploid,dry_tissue_weight,raw_rfu|rate_h3|none,71,0.06244183804577291,0.6049394365137191,0.9244700404106729,1,0.37153741228504594,raw_rfu,rate_h3,none
diploid,dry_tissue_weight,fc_corr|sat_k|resid,70,0.062427280443998846,0.6076709371286644,0.9244700404106729,1,0.37153741228504594,fc_corr,sat_k,resid
diploid,dry_tissue_weight,fc_corr_mm|sat_k|resid,70,0.062427280443998846,0.6076709371286644,0.9244700404106729,1,0.37153741228504594,fc_corr_mm,sat_k,resid
diploid,dry_tissue_weight,raw_delta_mm|min_slope|none,71,-0.062207094293721135,0.6063001364209327,0.9244700404106729,1,0.37153741228504594,raw_delta_mm,min_slope,none
diploid,dry_tissue_weight,raw_rfu|min_slope|none,71,-0.06212325723941693,0.6067864249147059,0.9244700404106729,1,0.37153741228504594,raw_rfu,min_slope,none
diploid,dry_tissue_weight,raw_rfu|sat_k|resid,70,0.06200736600155042,0.6100929301605333,0.9244700404106729,1,0.37153741228504594,raw_rfu,sat_k,resid
diploid,dry_tissue_weight,raw_delta_mm|sat_k|resid,70,0.06200736600155042,0.6100929301605333,0.9244700404106729,1,0.37153741228504594,raw_delta_mm,sat_k,resid
diploid,dry_tissue_weight,fc_corr|mean_rate|resid,71,-0.06188851348736515,0.6081489385604706,0.9244700404106729,1,0.37153741228504594,fc_corr,mean_rate,resid
diploid,dry_tissue_weight,raw_delta|auc_0_2h|resid,71,0.061284886696374864,0.6116586521881108,0.9244700404106729,1,0.37153741228504594,raw_delta,auc_0_2h,resid
diploid,dry_tissue_weight,raw_delta_mm|vmax|resid,71,0.06111721258776645,0.6126351269664889,0.9244700404106729,1,0.37153741228504594,raw_delta_mm,vmax,resid
diploid,dry_tissue_weight,fc_corr|value_4h|resid,71,-0.06017823757955934,0.6181157866358056,0.9244700404106729,1,0.37153741228504594,fc_corr,value_4h,resid
diploid,dry_tissue_weight,raw_rfu|auc_0_2h|resid,71,0.05997702864922925,0.6192929366510291,0.9244700404106729,1,0.37153741228504594,raw_rfu,auc_0_2h,resid
diploid,dry_tissue_weight,fc_corr_mm|value_4h|resid,71,-0.05985965677320335,0.6199800489560119,0.9244700404106729,1,0.37153741228504594,fc_corr_mm,value_4h,resid
diploid,dry_tissue_weight,raw_rfu|value_2h|resid,71,-0.0589039143541354,0.6255871491505715,0.9244700404106729,1,0.37153741228504594,raw_rfu,value_2h,resid
diploid,dry_tissue_weight,raw_delta_mm|initial_slope|none,71,0.058585333547779415,0.6274609208907848,0.9244700404106729,1,0.37153741228504594,raw_delta_mm,initial_slope,none
diploid,dry_tissue_weight,raw_delta_mm|auc_0_1h|none,71,0.058585333547779415,0.6274609208907848,0.9244700404106729,1,0.37153741228504594,raw_delta_mm,auc_0_1h,none
diploid,dry_tissue_weight,raw_delta_mm|auc_0_2h|resid,71,0.05848472908261437,0.6280531275399359,0.9244700404106729,1,0.37153741228504594,raw_delta_mm,auc_0_2h,resid
diploid,dry_tissue_weight,fc_corr_mm|vmax|resid,71,0.058266752741423435,0.6293370453250164,0.9244700404106729,1,0.37153741228504594,fc_corr_mm,vmax,resid
diploid,dry_tissue_weight,raw_delta|value_2h|resid,71,-0.058065543811093336,0.6305231737158996,0.9244700404106729,1,0.37153741228504594,raw_delta,value_2h,resid
diploid,dry_tissue_weight,fc_corr|final_value|resid,71,-0.057830800059041565,0.6319081679218692,0.9244700404106729,1,0.37153741228504594,fc_corr,final_value,resid
diploid,dry_tissue_weight,raw_delta_mm|rate_h3|none,71,0.05736131255493801,0.6346819459025236,0.9244700404106729,1,0.37153741228504594,raw_delta_mm,rate_h3,none
diploid,dry_tissue_weight,fc_corr_mm|auc_0_2h|resid,71,0.057243940678912114,0.6353761769566992,0.9244700404106729,1,0.37153741228504594,fc_corr_mm,auc_0_2h,resid
diploid,dry_tissue_weight,fc_corr_mm|min_slope|none,71,-0.05694212728341697,0.6371627813730937,0.9244700404106729,1,0.37153741228504594,fc_corr_mm,min_slope,none
diploid,dry_tissue_weight,fc_corr|min_slope|none,71,-0.056606779066200145,0.6391503190213705,0.9244700404106729,1,0.37153741228504594,fc_corr,min_slope,none
diploid,dry_tissue_weight,raw_rfu|auc_total|none,71,-0.056388802725009214,0.6404435800320136,0.9244700404106729,1,0.37153741228504594,raw_rfu,auc_total,none
diploid,dry_tissue_weight,raw_delta_mm|value_3h|resid,71,-0.05603668709693154,0.6425349504642521,0.9244700404106729,1,0.37153741228504594,raw_delta_mm,value_3h,resid
diploid,dry_tissue_weight,raw_rfu|auc_early|resid,71,0.055734873701436406,0.6443297631668465,0.9244700404106729,1,0.37153741228504594,raw_rfu,auc_early,resid
diploid,dry_tissue_weight,raw_rfu|value_3h|resid,71,-0.05456115494117751,0.6513288099792653,0.9244700404106729,1,0.37153741228504594,raw_rfu,value_3h,resid
diploid,dry_tissue_weight,raw_rfu|baseline_value|resid,71,-0.05446055047601246,0.651930140216546,0.9244700404106729,1,0.37153741228504594,raw_rfu,baseline_value,resid
diploid,dry_tissue_weight,raw_delta_mm|max_drop|resid,71,0.05441024824342994,0.6522308883960032,0.9244700404106729,1,0.37153741228504594,raw_delta_mm,max_drop,resid
diploid,dry_tissue_weight,raw_delta|auc_early|resid,71,0.054192271902239006,0.6535347692170468,0.9244700404106729,1,0.37153741228504594,raw_delta,auc_early,resid
diploid,dry_tissue_weight,raw_delta|value_3h|resid,71,-0.05389045850674386,0.6553418512805127,0.9244700404106729,1,0.37153741228504594,raw_delta,value_3h,resid
diploid,dry_tissue_weight,raw_delta_mm|auc_early|resid,71,0.05360541252210956,0.6570503544998276,0.9244700404106729,1,0.37153741228504594,raw_delta_mm,auc_early,resid
diploid,dry_tissue_weight,fc_corr_mm|max_drop|resid,71,0.053152692428866846,0.6597674637944657,0.9244700404106729,1,0.37153741228504594,fc_corr_mm,max_drop,resid
diploid,dry_tissue_weight,fc_corr_mm|value_2h|resid,71,-0.053052087963701804,0.6603718640041922,0.9244700404106729,1,0.37153741228504594,fc_corr_mm,value_2h,resid
diploid,dry_tissue_weight,raw_rfu|min_slope|resid,71,-0.05238139152926814,0.6644067224567496,0.9244700404106729,1,0.37153741228504594,raw_rfu,min_slope,resid
diploid,dry_tissue_weight,raw_rfu|auc_late|resid,71,-0.052113112955494686,0.6660233411968407,0.9244700404106729,1,0.37153741228504594,raw_rfu,auc_late,resid
diploid,dry_tissue_weight,fc_corr_mm|min_slope|resid,71,-0.05139211428847851,0.6703755135841469,0.9244700404106729,1,0.37153741228504594,fc_corr_mm,min_slope,resid
diploid,dry_tissue_weight,fc_corr_mm|quad_coef|none,71,0.05135857946675683,0.6705782051640825,0.9244700404106729,1,0.37153741228504594,fc_corr_mm,quad_coef,none
diploid,dry_tissue_weight,raw_delta|auc_late|resid,71,-0.05127474241245262,0.6710850366914642,0.9244700404106729,1,0.37153741228504594,raw_delta,auc_late,resid
diploid,dry_tissue_weight,raw_delta_mm|auc_late|resid,71,-0.05124120759073094,0.6712878103001301,0.9244700404106729,1,0.37153741228504594,raw_delta_mm,auc_late,resid
diploid,dry_tissue_weight,fc_corr|auc_total|none,71,-0.05112383571470505,0.6719977021868659,0.9244700404106729,1,0.37153741228504594,fc_corr,auc_total,none
diploid,dry_tissue_weight,fc_corr|quad_coef|none,71,0.05058727856715813,0.6752465587075421,0.9244700404106729,1,0.37153741228504594,fc_corr,quad_coef,none
diploid,dry_tissue_weight,fc_corr_mm|auc_early|resid,71,0.050285465171662984,0.677076649314859,0.9244700404106729,1,0.37153741228504594,fc_corr_mm,auc_early,resid
diploid,dry_tissue_weight,fc_corr_mm|auc_late|resid,71,-0.04951416427206429,0.6817620057568232,0.9264134432293675,1,0.37153741228504594,fc_corr_mm,auc_late,resid
diploid,dry_tissue_weight,raw_delta|auc_total|none,71,-0.04897760712451737,0.6850284908617992,0.9264194828797666,1,0.37153741228504594,raw_delta,auc_total,none
diploid,dry_tissue_weight,fc_corr|min_slope|resid,71,-0.04704935487552062,0.6968146690513044,0.9336682080488682,1,0.37153741228504594,fc_corr,min_slope,resid
diploid,dry_tissue_weight,fc_corr_mm|value_3h|resid,71,-0.04701582005379894,0.697020290520968,0.9336682080488682,1,0.37153741228504594,fc_corr_mm,value_3h,resid
diploid,dry_tissue_weight,raw_rfu|metabolic_depression_index|resid,71,0.045355846378575655,0.7072254938872118,0.9336682080488682,1,0.37153741228504594,raw_rfu,metabolic_depression_index,resid
diploid,dry_tissue_weight,raw_rfu|resilience_ratio|resid,71,-0.045355846378575655,0.7072254938872118,0.9336682080488682,1,0.37153741228504594,raw_rfu,resilience_ratio,resid
diploid,dry_tissue_weight,raw_delta|resilience_ratio|resid,71,-0.045355846378575655,0.7072254938872118,0.9336682080488682,1,0.37153741228504594,raw_delta,resilience_ratio,resid
diploid,dry_tissue_weight,raw_rfu|auc_0_3h|none,71,-0.044836056641889575,0.7104317720422864,0.9336682080488682,1,0.37153741228504594,raw_rfu,auc_0_3h,none
diploid,dry_tissue_weight,fc_corr|metabolic_depression_index|resid,71,0.0433437570752747,0.719664614572189,0.9336682080488682,1,0.37153741228504594,fc_corr,metabolic_depression_index,resid
diploid,dry_tissue_weight,fc_corr|resilience_ratio|resid,71,-0.0433437570752747,0.719664614572189,0.9336682080488682,1,0.37153741228504594,fc_corr,resilience_ratio,resid
diploid,dry_tissue_weight,fc_corr|value_3h|resid,71,-0.043293454842692175,0.71997654071374,0.9336682080488682,1,0.37153741228504594,fc_corr,value_3h,resid
diploid,dry_tissue_weight,fc_corr|auc_0_3h|none,71,-0.04108015660906113,0.733745773357263,0.9380567396502705,1,0.37153741228504594,fc_corr,auc_0_3h,none
diploid,dry_tissue_weight,raw_rfu|max_drop|resid,71,0.04076157580270514,0.7357347417511156,0.9380567396502705,1,0.37153741228504594,raw_rfu,max_drop,resid
diploid,dry_tissue_weight,raw_delta|auc_0_3h|none,71,-0.040711273570122615,0.7360489482250508,0.9380567396502705,1,0.37153741228504594,raw_delta,auc_0_3h,none
diploid,dry_tissue_weight,fc_corr|auc_late|resid,71,-0.04062743651581841,0.736572721626797,0.9380567396502705,1,0.37153741228504594,fc_corr,auc_late,resid
diploid,dry_tissue_weight,fc_corr|max_drop|resid,71,0.03719011728934595,0.7581479774099664,0.9612233285019217,1,0.37153741228504594,fc_corr,max_drop,resid
diploid,dry_tissue_weight,raw_rfu|max_drop|none,71,0.030209144964450835,0.8025211254726194,0.9984498100897914,1,0.37153741228504594,raw_rfu,max_drop,none
diploid,dry_tissue_weight,fc_corr_mm|quad_coef|resid,71,0.029862758743158312,0.8047404473645408,0.9984498100897914,1,0.37153741228504594,fc_corr_mm,quad_coef,resid
diploid,dry_tissue_weight,raw_delta_mm|max_drop|none,71,0.029835962197749772,0.8049121991854306,0.9984498100897914,1,0.37153741228504594,raw_delta_mm,max_drop,none
diploid,dry_tissue_weight,fc_corr|quad_coef|resid,71,0.028990853378394566,0.810333588177413,0.9984498100897914,1,0.37153741228504594,fc_corr,quad_coef,resid
diploid,dry_tissue_weight,fc_corr|sat_r2|resid,70,0.027224453018739405,0.8229780723660194,0.9984498100897914,1,0.37153741228504594,fc_corr,sat_r2,resid
diploid,dry_tissue_weight,raw_rfu|sat_r2|resid,70,0.026279645523230453,0.8290270187255341,0.9984498100897914,1,0.37153741228504594,raw_rfu,sat_r2,resid
diploid,dry_tissue_weight,fc_corr|max_drop|none,71,0.026272066775754648,0.82783388694611,0.9984498100897914,1,0.37153741228504594,fc_corr,max_drop,none
diploid,dry_tissue_weight,fc_corr_mm|max_drop|none,71,0.025563019519022637,0.8324120335469622,0.9984498100897914,1,0.37153741228504594,fc_corr_mm,max_drop,none
diploid,dry_tissue_weight,fc_corr_mm|auc_0_3h|resid,71,0.024363047980802372,0.8401725639499666,0.9984498100897914,1,0.37153741228504594,fc_corr_mm,auc_0_3h,resid
diploid,dry_tissue_weight,raw_rfu|depression_abs|resid,71,0.023591747081203675,0.845168852355785,0.9984498100897914,1,0.37153741228504594,raw_rfu,depression_abs,resid
diploid,dry_tissue_weight,fc_corr|auc_0_3h|resid,71,0.02298812029021339,0.849083254679529,0.9984498100897914,1,0.37153741228504594,fc_corr,auc_0_3h,resid
diploid,dry_tissue_weight,raw_delta_mm|quad_coef|resid,71,0.022837213592465815,0.8500624280667597,0.9984498100897914,1,0.37153741228504594,raw_delta_mm,quad_coef,resid
diploid,dry_tissue_weight,raw_delta_mm|depression_abs|resid,71,0.022568935018692355,0.8518037384390454,0.9984498100897914,1,0.37153741228504594,raw_delta_mm,depression_abs,resid
diploid,dry_tissue_weight,raw_delta_mm|auc_total|resid,71,-0.022518632786109834,0.8521303130765574,0.9984498100897914,1,0.37153741228504594,raw_delta_mm,auc_total,resid
diploid,dry_tissue_weight,fc_corr|lin_r2|resid,71,-0.021663494832206927,0.857685832313155,0.9984498100897914,1,0.37153741228504594,fc_corr,lin_r2,resid
diploid,dry_tissue_weight,raw_rfu|lin_r2|resid,71,-0.020690985002278135,0.8640122482880024,0.9984498100897914,1,0.37153741228504594,raw_rfu,lin_r2,resid
diploid,dry_tissue_weight,raw_rfu|time_to_min_slope|none,71,0.019288394899454404,0.873151378555375,0.9984498100897914,1,0.37153741228504594,raw_rfu,time_to_min_slope,none
diploid,dry_tissue_weight,fc_corr_mm|auc_early|none,71,-0.018678895698977183,0.8771280506713643,0.9984498100897914,1,0.37153741228504594,fc_corr_mm,auc_early,none
diploid,dry_tissue_weight,raw_rfu|sat_k|none,70,0.018231285376302354,0.880922557390982,0.9984498100897914,1,0.37153741228504594,raw_rfu,sat_k,none
diploid,dry_tissue_weight,raw_delta_mm|sat_k|none,70,0.018231285376302354,0.880922557390982,0.9984498100897914,1,0.37153741228504594,raw_delta_mm,sat_k,none
diploid,dry_tissue_weight,raw_delta_mm|auc_early|none,71,-0.018192640784012785,0.8803027981117703,0.9984498100897914,1,0.37153741228504594,raw_delta_mm,auc_early,none
diploid,dry_tissue_weight,raw_rfu|time_to_min_slope|resid,71,0.016884782736867165,0.8888509788189192,0.9984498100897914,1,0.37153741228504594,raw_rfu,time_to_min_slope,resid
diploid,dry_tissue_weight,fc_corr_mm|depression_abs|resid,71,0.016398527821902768,0.8920324285443808,0.9984498100897914,1,0.37153741228504594,fc_corr_mm,depression_abs,resid
diploid,dry_tissue_weight,raw_rfu|quad_coef|resid,71,0.016079947015546783,0.894117751811742,0.9984498100897914,1,0.37153741228504594,raw_rfu,quad_coef,resid
diploid,dry_tissue_weight,fc_corr|sat_r2|none,70,0.01576428802691787,0.8969409179407036,0.9984498100897914,1,0.37153741228504594,fc_corr,sat_r2,none
diploid,dry_tissue_weight,raw_delta_mm|auc_0_2h|none,71,-0.014570880038071068,0.9040050915874327,0.9984498100897914,1,0.37153741228504594,raw_delta_mm,auc_0_2h,none
diploid,dry_tissue_weight,raw_rfu|sat_r2|none,70,0.01429458747834839,0.9065037503849329,0.9984498100897914,1,0.37153741228504594,raw_rfu,sat_r2,none
diploid,dry_tissue_weight,raw_rfu|auc_total|resid,71,-0.013648672440724798,0.9100546273482331,0.9984498100897914,1,0.37153741228504594,raw_rfu,auc_total,resid
diploid,dry_tissue_weight,fc_corr|sat_k|none,70,0.013402269288145491,0.9123163167658923,0.9984498100897914,1,0.37153741228504594,fc_corr,sat_k,none
diploid,dry_tissue_weight,fc_corr_mm|sat_k|none,70,0.013402269288145491,0.9123163167658923,0.9984498100897914,1,0.37153741228504594,fc_corr_mm,sat_k,none
diploid,dry_tissue_weight,raw_rfu|time_to_vmax|resid,71,0.012625860378213482,0.916770068461745,0.9984498100897914,1,0.37153741228504594,raw_rfu,time_to_vmax,resid
diploid,dry_tissue_weight,raw_delta|auc_total|resid,71,-0.012022233587223194,0.9207360375072454,0.9984498100897914,1,0.37153741228504594,raw_delta,auc_total,resid
diploid,dry_tissue_weight,fc_corr|depression_abs|resid,71,0.01168688537000637,0.9229401933305581,0.9984498100897914,1,0.37153741228504594,fc_corr,depression_abs,resid
diploid,dry_tissue_weight,fc_corr_mm|vmax|none,71,-0.011636583137423846,0.9232708670393555,0.9984498100897914,1,0.37153741228504594,fc_corr_mm,vmax,none
diploid,dry_tissue_weight,raw_rfu|vmax|none,71,0.011183863044181131,0.926247507417429,0.9984498100897914,1,0.37153741228504594,raw_rfu,vmax,none
diploid,dry_tissue_weight,raw_delta_mm|vmax|none,71,-0.009406517492931955,0.937942960984994,0.9984498100897914,1,0.37153741228504594,raw_delta_mm,vmax,none
diploid,dry_tissue_weight,raw_delta|auc_0_2h|none,71,0.008970564810550084,0.9408137538224601,0.9984498100897914,1,0.37153741228504594,raw_delta,auc_0_2h,none
diploid,dry_tissue_weight,raw_rfu|auc_0_2h|none,71,0.008618449182472416,0.9431330220636212,0.9984498100897914,1,0.37153741228504594,raw_rfu,auc_0_2h,none
diploid,dry_tissue_weight,raw_delta|auc_early|none,71,0.008584914360750734,0.9433539296532174,0.9984498100897914,1,0.37153741228504594,raw_delta,auc_early,none
diploid,dry_tissue_weight,fc_corr|vmax|none,71,0.005902128623016129,0.9610389288601879,0.9984498100897914,1,0.37153741228504594,fc_corr,vmax,none
diploid,dry_tissue_weight,raw_rfu|lin_r2|none,71,-0.005399106297190891,0.9643572127678451,0.9984498100897914,1,0.37153741228504594,raw_rfu,lin_r2,none
diploid,dry_tissue_weight,fc_corr_mm|depression_abs|none,71,-0.0051974531875855915,0.9656876291603724,0.9984498100897914,1,0.37153741228504594,fc_corr_mm,depression_abs,none
diploid,dry_tissue_weight,fc_corr|auc_early|none,71,-0.004979921025669859,0.9671229130365346,0.9984498100897914,1,0.37153741228504594,fc_corr,auc_early,none
diploid,dry_tissue_weight,fc_corr|auc_0_2h|none,71,-0.0045439683432879855,0.9699996512327441,0.9984498100897914,1,0.37153741228504594,fc_corr,auc_0_2h,none
diploid,dry_tissue_weight,fc_corr_mm|auc_0_2h|none,71,-0.004191852715210319,0.9723234510154624,0.9984498100897914,1,0.37153741228504594,fc_corr_mm,auc_0_2h,none
diploid,dry_tissue_weight,raw_rfu|depression_abs|none,71,0.0035075440226239245,0.9768402108868346,0.9984498100897914,1,0.37153741228504594,raw_rfu,depression_abs,none
diploid,dry_tissue_weight,raw_rfu|metabolic_depression_index|none,71,0.003468243809485281,0.97709963422366,0.9984498100897914,1,0.37153741228504594,raw_rfu,metabolic_depression_index,none
diploid,dry_tissue_weight,raw_rfu|resilience_ratio|none,71,-0.003468243809485281,0.97709963422366,0.9984498100897914,1,0.37153741228504594,raw_rfu,resilience_ratio,none
diploid,dry_tissue_weight,raw_delta|resilience_ratio|none,71,-0.003468243809485281,0.97709963422366,0.9984498100897914,1,0.37153741228504594,raw_delta,resilience_ratio,none
diploid,dry_tissue_weight,fc_corr|metabolic_depression_index|none,71,0.003468243809485281,0.97709963422366,0.9984498100897914,1,0.37153741228504594,fc_corr,metabolic_depression_index,none
diploid,dry_tissue_weight,fc_corr|resilience_ratio|none,71,-0.003468243809485281,0.97709963422366,0.9984498100897914,1,0.37153741228504594,fc_corr,resilience_ratio,none
diploid,dry_tissue_weight,fc_corr|auc_total|resid,71,0.00301813395495143,0.9800710017813863,0.9984498100897914,1,0.37153741228504594,fc_corr,auc_total,resid
diploid,dry_tissue_weight,raw_delta_mm|depression_abs|none,71,-0.0013656824065678586,0.9909815520949529,0.9984498100897914,1,0.37153741228504594,raw_delta_mm,depression_abs,none
diploid,dry_tissue_weight,fc_corr|lin_r2|none,71,-0.001039579473372159,0.9931349518786594,0.9984498100897914,1,0.37153741228504594,fc_corr,lin_r2,none
diploid,dry_tissue_weight,raw_rfu|auc_0_3h|resid,71,0.001039579473372159,0.9931349518786594,0.9984498100897914,1,0.37153741228504594,raw_rfu,auc_0_3h,resid
diploid,dry_tissue_weight,fc_corr|depression_abs|none,71,-0.0010316305948893897,0.9931874424603542,0.9984498100897914,1,0.37153741228504594,fc_corr,depression_abs,none
diploid,dry_tissue_weight,raw_delta_mm|auc_0_3h|resid,71,8.886727756245876e-4,0.9941314720533836,0.9984498100897914,1,0.37153741228504594,raw_delta_mm,auc_0_3h,resid
diploid,dry_tissue_weight,raw_rfu|auc_early|none,71,-4.6948750410355576e-4,0.9968996259028877,0.9984498100897914,1,0.37153741228504594,raw_rfu,auc_early,none
diploid,dry_tissue_weight,raw_delta|auc_0_3h|resid,71,-4.527200932427145e-4,0.9970103530329901,0.9984498100897914,1,0.37153741228504594,raw_delta,auc_0_3h,resid
diploid,dry_tissue_weight,fc_corr_mm|auc_total|resid,71,-2.3474375205177788e-4,0.9984498100897914,0.9984498100897914,1,0.37153741228504594,fc_corr_mm,auc_total,resid
pooled_adj,dry_tissue_weight,raw_rfu|baseline_value|none,123,-0.15869806706058703,0.07956695305322654,0.99994351530698,0.799,0.2851195363330947,raw_rfu,baseline_value,none
pooled_adj,dry_tissue_weight,fc_corr|depression_abs|none,123,0.13831706141353917,0.12708687946397565,0.99994351530698,0.913,0.2851195363330947,fc_corr,depression_abs,none
pooled_adj,dry_tissue_weight,raw_rfu|depression_abs|none,123,0.13748454111979688,0.12941336346739732,0.99994351530698,0.92,0.2851195363330947,raw_rfu,depression_abs,none
pooled_adj,dry_tissue_weight,raw_rfu|metabolic_depression_index|none,123,0.1340207217450298,0.13944496636383008,0.99994351530698,0.932,0.2851195363330947,raw_rfu,metabolic_depression_index,none
pooled_adj,dry_tissue_weight,raw_rfu|resilience_ratio|none,123,-0.1340207217450298,0.13944496636383008,0.99994351530698,0.932,0.2851195363330947,raw_rfu,resilience_ratio,none
pooled_adj,dry_tissue_weight,raw_delta|resilience_ratio|none,123,-0.1340207217450298,0.13944496636383008,0.99994351530698,0.932,0.2851195363330947,raw_delta,resilience_ratio,none
pooled_adj,dry_tissue_weight,fc_corr|metabolic_depression_index|none,123,0.13377999298539348,0.14016351686279394,0.99994351530698,0.933,0.2851195363330947,fc_corr,metabolic_depression_index,none
pooled_adj,dry_tissue_weight,fc_corr|resilience_ratio|none,123,-0.13377999298539348,0.14016351686279394,0.99994351530698,0.933,0.2851195363330947,fc_corr,resilience_ratio,none
pooled_adj,dry_tissue_weight,fc_corr_mm|depression_abs|none,123,0.13206145711798975,0.14537512417300733,0.99994351530698,0.937,0.2851195363330947,fc_corr_mm,depression_abs,none
pooled_adj,dry_tissue_weight,raw_delta_mm|depression_abs|none,123,0.13182407181334838,0.146106385746338,0.99994351530698,0.938,0.2851195363330947,raw_delta_mm,depression_abs,none
pooled_adj,dry_tissue_weight,raw_rfu|time_to_peak|resid,123,-0.12930655045506748,0.1540334755892756,0.99994351530698,0.947,0.2851195363330947,raw_rfu,time_to_peak,resid
pooled_adj,dry_tissue_weight,raw_rfu|n_negative_intervals|none,123,0.12170317084260063,0.17993268511478885,0.99994351530698,0.969,0.2851195363330947,raw_rfu,n_negative_intervals,none
pooled_adj,dry_tissue_weight,fc_corr_mm|auc_total|resid,123,0.11587964149781203,0.2018318973955531,0.99994351530698,0.983,0.2851195363330947,fc_corr_mm,auc_total,resid
pooled_adj,dry_tissue_weight,fc_corr_mm|auc_0_3h|resid,123,0.11152008796510085,0.2194380310805118,0.99994351530698,0.988,0.2851195363330947,fc_corr_mm,auc_0_3h,resid
pooled_adj,dry_tissue_weight,fc_corr|auc_total|resid,123,0.1091661870191843,0.22938461279547925,0.99994351530698,0.991,0.2851195363330947,fc_corr,auc_total,resid
pooled_adj,dry_tissue_weight,fc_corr|auc_total|none,123,0.10644791510492725,0.24125999642732693,0.99994351530698,0.994,0.2851195363330947,fc_corr,auc_total,none
pooled_adj,dry_tissue_weight,fc_corr|auc_0_3h|resid,123,0.10558051872896622,0.24513781286876757,0.99994351530698,0.996,0.2851195363330947,fc_corr,auc_0_3h,resid
pooled_adj,dry_tissue_weight,raw_rfu|max_drop|none,123,0.10388482573027194,0.2528428654623736,0.99994351530698,0.996,0.2851195363330947,raw_rfu,max_drop,none
pooled_adj,dry_tissue_weight,raw_rfu|n_negative_intervals|resid,123,0.1036522546664209,0.25391249610792244,0.99994351530698,0.996,0.2851195363330947,raw_rfu,n_negative_intervals,resid
pooled_adj,dry_tissue_weight,fc_corr|auc_late|none,123,0.10333625152573622,0.25537082188156435,0.99994351530698,0.996,0.2851195363330947,fc_corr,auc_late,none
pooled_adj,dry_tissue_weight,fc_corr|final_value|none,123,0.10314278021511293,0.2562665067148548,0.99994351530698,0.996,0.2851195363330947,fc_corr,final_value,none
pooled_adj,dry_tissue_weight,fc_corr|initial_slope|resid,123,0.10212060679065328,0.26103445902696465,0.99994351530698,0.996,0.2851195363330947,fc_corr,initial_slope,resid
pooled_adj,dry_tissue_weight,fc_corr|auc_0_1h|resid,123,0.10212060679065328,0.26103445902696465,0.99994351530698,0.996,0.2851195363330947,fc_corr,auc_0_1h,resid
pooled_adj,dry_tissue_weight,fc_corr|initial_slope|none,123,0.10130802728603551,0.2648677180741559,0.99994351530698,0.997,0.2851195363330947,fc_corr,initial_slope,none
pooled_adj,dry_tissue_weight,fc_corr|auc_0_1h|none,123,0.10130802728603551,0.2648677180741559,0.99994351530698,0.997,0.2851195363330947,fc_corr,auc_0_1h,none
pooled_adj,dry_tissue_weight,fc_corr|value_4h|none,123,0.10099202414535083,0.26636872350341906,0.99994351530698,0.997,0.2851195363330947,fc_corr,value_4h,none
pooled_adj,dry_tissue_weight,fc_corr|max_drop|none,123,0.10093933098928648,0.26661957562280514,0.99994351530698,0.997,0.2851195363330947,fc_corr,max_drop,none
pooled_adj,dry_tissue_weight,fc_corr|auc_0_3h|none,123,0.09819636370684447,0.27989975568573994,0.99994351530698,0.999,0.2851195363330947,fc_corr,auc_0_3h,none
pooled_adj,dry_tissue_weight,fc_corr|mean_rate|none,123,0.09758370455653742,0.28292558715057864,0.99994351530698,0.999,0.2851195363330947,fc_corr,mean_rate,none
pooled_adj,dry_tissue_weight,fc_corr|auc_early|none,123,0.09739023324591414,0.28388564372444725,0.99994351530698,0.999,0.2851195363330947,fc_corr,auc_early,none
pooled_adj,dry_tissue_weight,raw_delta_mm|max_drop|none,123,0.09692725014814597,0.28619192417800765,0.99994351530698,0.999,0.2851195363330947,raw_delta_mm,max_drop,none
pooled_adj,dry_tissue_weight,fc_corr_mm|max_drop|none,123,0.09612813610406695,0.29020192170413733,0.99994351530698,1,0.2851195363330947,fc_corr_mm,max_drop,none
pooled_adj,dry_tissue_weight,fc_corr|auc_0_2h|resid,123,0.09582956467355304,0.29170970594797707,0.99994351530698,1,0.2851195363330947,fc_corr,auc_0_2h,resid
pooled_adj,dry_tissue_weight,fc_corr|vmax|resid,123,0.09525882430721437,0.29460638664204636,0.99994351530698,1,0.2851195363330947,fc_corr,vmax,resid
pooled_adj,dry_tissue_weight,fc_corr|auc_late|resid,123,0.09491057594809248,0.2963831732599054,0.99994351530698,1,0.2851195363330947,fc_corr,auc_late,resid
pooled_adj,dry_tissue_weight,fc_corr|peak_value|none,123,0.09438820340940962,0.29906160254343334,0.99994351530698,1,0.2851195363330947,fc_corr,peak_value,none
pooled_adj,dry_tissue_weight,fc_corr|vmax|none,123,0.09431081488516031,0.29945975934629854,0.99994351530698,1,0.2851195363330947,fc_corr,vmax,none
pooled_adj,dry_tissue_weight,fc_corr|auc_0_2h|none,123,0.09430759036331658,0.2994763567882377,0.99994351530698,1,0.2851195363330947,fc_corr,auc_0_2h,none
pooled_adj,dry_tissue_weight,fc_corr|sat_asymptote|none,119,0.09369052430317568,0.31082794973177325,0.99994351530698,1,0.2851195363330947,fc_corr,sat_asymptote,none
pooled_adj,dry_tissue_weight,fc_corr|auc_early|resid,123,0.09360142007954163,0.30312579729616507,0.99994351530698,1,0.2851195363330947,fc_corr,auc_early,resid
pooled_adj,dry_tissue_weight,fc_corr|value_3h|none,123,0.09266953326670617,0.30798622588776065,0.99994351530698,1,0.2851195363330947,fc_corr,value_3h,none
pooled_adj,dry_tissue_weight,fc_corr|lin_slope|none,123,0.0910830685195953,0.31637722335887564,0.99994351530698,1,0.2851195363330947,fc_corr,lin_slope,none
pooled_adj,dry_tissue_weight,fc_corr_mm|auc_late|resid,123,0.090831555815785045,0.3177209826389489,0.99994351530698,1,0.2851195363330947,fc_corr_mm,auc_late,resid
pooled_adj,dry_tissue_weight,fc_corr|value_3h|resid,123,0.0907670653789106,0.31806613046009896,0.99994351530698,1,0.2851195363330947,fc_corr,value_3h,resid
pooled_adj,dry_tissue_weight,raw_rfu|baseline_value|resid,123,-0.09050587910956918,0.31946645900164833,0.99994351530698,1,0.2851195363330947,raw_rfu,baseline_value,resid
pooled_adj,dry_tissue_weight,fc_corr_mm|value_3h|resid,123,0.08977391265104445,0.3234120269612635,0.99994351530698,1,0.2851195363330947,fc_corr_mm,value_3h,resid
pooled_adj,dry_tissue_weight,raw_rfu|time_to_peak|none,123,-0.08847295858590411,0.33050170915051424,0.99994351530698,1,0.2851195363330947,raw_rfu,time_to_peak,none
pooled_adj,dry_tissue_weight,raw_rfu|initial_slope|none,123,0.08817777433840242,0.3321240670887756,0.99994351530698,1,0.2851195363330947,raw_rfu,initial_slope,none
pooled_adj,dry_tissue_weight,raw_delta|auc_0_1h|none,123,0.08817777433840242,0.3321240670887756,0.99994351530698,1,0.2851195363330947,raw_delta,auc_0_1h,none
pooled_adj,dry_tissue_weight,raw_rfu|rate_h4|none,123,-0.08575293391192401,0.34564302775351397,0.99994351530698,1,0.2851195363330947,raw_rfu,rate_h4,none
pooled_adj,dry_tissue_weight,fc_corr_mm|vmax|resid,123,0.08508223336842997,0.34944261254917086,0.99994351530698,1,0.2851195363330947,fc_corr_mm,vmax,resid
pooled_adj,dry_tissue_weight,fc_corr_mm|auc_0_2h|resid,123,0.085024191975243,0.34977264927285123,0.99994351530698,1,0.2851195363330947,fc_corr_mm,auc_0_2h,resid
pooled_adj,dry_tissue_weight,fc_corr|rate_h4|none,123,-0.08492423179808764,0.35034150361600436,0.99994351530698,1,0.2851195363330947,fc_corr,rate_h4,none
pooled_adj,dry_tissue_weight,raw_delta_mm|rate_h4|none,123,-0.08457598343896575,0.3523278413869131,0.99994351530698,1,0.2851195363330947,raw_delta_mm,rate_h4,none
pooled_adj,dry_tissue_weight,fc_corr_mm|auc_early|resid,123,0.08451794204577875,0.3526595807500248,0.99994351530698,1,0.2851195363330947,fc_corr_mm,auc_early,resid
pooled_adj,dry_tissue_weight,raw_rfu|resilience_ratio|resid,123,-0.08441475734677967,0.35324982134867033,0.99994351530698,1,0.2851195363330947,raw_rfu,resilience_ratio,resid
pooled_adj,dry_tissue_weight,fc_corr_mm|initial_slope|resid,123,0.08417936725218801,0.35459861492769695,0.99994351530698,1,0.2851195363330947,fc_corr_mm,initial_slope,resid
pooled_adj,dry_tissue_weight,fc_corr_mm|auc_0_1h|resid,123,0.08417936725218801,0.35459861492769695,0.99994351530698,1,0.2851195363330947,fc_corr_mm,auc_0_1h,resid
pooled_adj,dry_tissue_weight,fc_corr|peak_value|resid,123,0.08399556950709591,0.3556540122222924,0.99994351530698,1,0.2851195363330947,fc_corr,peak_value,resid
pooled_adj,dry_tissue_weight,raw_rfu|metabolic_depression_index|resid,123,0.08389238480809683,0.356247372649116,0.99994351530698,1,0.2851195363330947,raw_rfu,metabolic_depression_index,resid
pooled_adj,dry_tissue_weight,raw_delta|resilience_ratio|resid,123,-0.08389238480809683,0.356247372649116,0.99994351530698,1,0.2851195363330947,raw_delta,resilience_ratio,resid
pooled_adj,dry_tissue_weight,raw_rfu|min_slope|none,123,-0.08316686739325953,0.36043681992288834,0.99994351530698,1,0.2851195363330947,raw_rfu,min_slope,none
pooled_adj,dry_tissue_weight,fc_corr|final_value|resid,123,0.08314107121850976,0.3605863380139067,0.99994351530698,1,0.2851195363330947,fc_corr,final_value,resid
pooled_adj,dry_tissue_weight,fc_corr|value_2h|none,123,0.0828282925996688,0.3624023021625614,0.99994351530698,1,0.2851195363330947,fc_corr,value_2h,none
pooled_adj,dry_tissue_weight,fc_corr|mean_rate|resid,123,0.0809483963647793,0.3734355995186295,0.99994351530698,1,0.2851195363330947,fc_corr,mean_rate,resid
pooled_adj,dry_tissue_weight,fc_corr|metabolic_depression_index|resid,123,0.08093872279924812,0.37349290042547845,0.99994351530698,1,0.2851195363330947,fc_corr,metabolic_depression_index,resid
pooled_adj,dry_tissue_weight,fc_corr|resilience_ratio|resid,123,-0.08093872279924812,0.37349290042547845,0.99994351530698,1,0.2851195363330947,fc_corr,resilience_ratio,resid
pooled_adj,dry_tissue_weight,raw_rfu|value_1h|none,123,0.08088713044974859,0.373798596025274,0.99994351530698,1,0.2851195363330947,raw_rfu,value_1h,none
pooled_adj,dry_tissue_weight,raw_delta|auc_total|none,123,0.08056145374353273,0.37573182632535396,0.99994351530698,1,0.2851195363330947,raw_delta,auc_total,none
pooled_adj,dry_tissue_weight,fc_corr|min_slope|none,123,-0.08054210661247041,0.37584686322402083,0.99994351530698,1,0.2851195363330947,fc_corr,min_slope,none
pooled_adj,dry_tissue_weight,fc_corr_mm|value_2h|resid,123,0.08041957478240899,0.3765759288469259,0.99994351530698,1,0.2851195363330947,fc_corr_mm,value_2h,resid
pooled_adj,dry_tissue_weight,raw_delta|value_4h|none,123,0.0801777356441299,0.3780174004813487,0.99994351530698,1,0.2851195363330947,raw_delta,value_4h,none
pooled_adj,dry_tissue_weight,raw_delta_mm|depression_abs|resid,123,0.0800713264232871,0.37865270989939326,0.99994351530698,1,0.2851195363330947,raw_delta_mm,depression_abs,resid
pooled_adj,dry_tissue_weight,raw_rfu|final_delta|none,123,0.07964568953991588,0.38120043183670593,0.99994351530698,1,0.2851195363330947,raw_rfu,final_delta,none
pooled_adj,dry_tissue_weight,raw_rfu|mean_rate|none,123,0.07953605579722936,0.3818583424360582,0.99994351530698,1,0.2851195363330947,raw_rfu,mean_rate,none
pooled_adj,dry_tissue_weight,raw_rfu|final_value|none,123,0.07936193161766841,0.38290467201433365,0.99994351530698,1,0.2851195363330947,raw_rfu,final_value,none
pooled_adj,dry_tissue_weight,fc_corr_mm|rate_h4|none,123,-0.07878151768579858,0.3864049475549428,0.99994351530698,1,0.2851195363330947,fc_corr_mm,rate_h4,none
pooled_adj,dry_tissue_weight,raw_delta|auc_late|none,123,0.07834298271505248,0.38906234768842074,0.99994351530698,1,0.2851195363330947,raw_delta,auc_late,none
pooled_adj,dry_tissue_weight,fc_corr|delta_auc_late_minus_early|none,123,0.07813661331705432,0.39031668029976596,0.99994351530698,1,0.2851195363330947,fc_corr,delta_auc_late_minus_early,none
pooled_adj,dry_tissue_weight,fc_corr|value_4h|resid,123,0.077723874521058,0.39283261580320916,0.99994351530698,1,0.2851195363330947,fc_corr,value_4h,resid
pooled_adj,dry_tissue_weight,fc_corr_mm|peak_value|resid,123,0.07757232199440309,0.39375886677686245,0.99994351530698,1,0.2851195363330947,fc_corr_mm,peak_value,resid
pooled_adj,dry_tissue_weight,raw_delta_mm|min_slope|none,123,-0.07747881086093518,0.3943310341986257,0.99994351530698,1,0.2851195363330947,raw_delta_mm,min_slope,none
pooled_adj,dry_tissue_weight,fc_corr_mm|value_4h|resid,123,0.07717248128578166,0.396208852087218,0.99994351530698,1,0.2851195363330947,fc_corr_mm,value_4h,resid
pooled_adj,dry_tissue_weight,raw_rfu|auc_0_1h|none,123,0.07715635867656305,0.3963078320818283,0.99994351530698,1,0.2851195363330947,raw_rfu,auc_0_1h,none
pooled_adj,dry_tissue_weight,raw_rfu|metabolic_scope|none,123,0.07669202753106719,0.39916477788776594,0.99994351530698,1,0.2851195363330947,raw_rfu,metabolic_scope,none
pooled_adj,dry_tissue_weight,raw_rfu|value_4h|none,123,0.07646308648016296,0.400577904475485,0.99994351530698,1,0.2851195363330947,raw_rfu,value_4h,none
pooled_adj,dry_tissue_weight,raw_delta|auc_early|none,123,0.07637924891222622,0.40109612908451786,0.99994351530698,1,0.2851195363330947,raw_delta,auc_early,none
pooled_adj,dry_tissue_weight,fc_corr_mm|final_value|resid,123,0.07578916141482522,0.40475486625949164,0.99994351530698,1,0.2851195363330947,fc_corr_mm,final_value,resid
pooled_adj,dry_tissue_weight,raw_rfu|vmax|none,123,0.07561503723526428,0.40583824795668355,0.99994351530698,1,0.2851195363330947,raw_rfu,vmax,none
pooled_adj,dry_tissue_weight,raw_rfu|peak_value|none,123,0.07546026018676565,0.4068026882893979,0.99994351530698,1,0.2851195363330947,raw_rfu,peak_value,none
pooled_adj,dry_tissue_weight,raw_rfu|auc_late|none,123,0.0752700133979861,0.4079899943240388,0.99994351530698,1,0.2851195363330947,raw_rfu,auc_late,none
pooled_adj,dry_tissue_weight,raw_rfu|auc_total|none,123,0.07502172521601955,0.40954259231694634,0.99994351530698,1,0.2851195363330947,raw_rfu,auc_total,none
pooled_adj,dry_tissue_weight,fc_corr_mm|mean_rate|resid,123,0.07460898642002323,0.4121311997269911,0.99994351530698,1,0.2851195363330947,fc_corr_mm,mean_rate,resid
pooled_adj,dry_tissue_weight,fc_corr_mm|min_slope|none,123,-0.0732417891582854,0.42077411805736875,0.99994351530698,1,0.2851195363330947,fc_corr_mm,min_slope,none
pooled_adj,dry_tissue_weight,fc_corr|rate_last_first_ratio|none,123,-0.0728483974933514,0.4232803256007982,0.99994351530698,1,0.2851195363330947,fc_corr,rate_last_first_ratio,none
pooled_adj,dry_tissue_weight,raw_delta|auc_0_3h|none,123,0.07224541190857552,0.42713850920193774,0.99994351530698,1,0.2851195363330947,raw_delta,auc_0_3h,none
pooled_adj,dry_tissue_weight,raw_rfu|rate_last_first_ratio|none,123,-0.07194230685526572,0.42908553435603747,0.99994351530698,1,0.2851195363330947,raw_rfu,rate_last_first_ratio,none
pooled_adj,dry_tissue_weight,raw_rfu|sat_asymptote|none,119,0.07185598891905158,0.43740244719993127,0.99994351530698,1,0.2851195363330947,raw_rfu,sat_asymptote,none
pooled_adj,dry_tissue_weight,raw_rfu|rate_h4|resid,123,-0.07137479101077078,0.43274469600382115,0.99994351530698,1,0.2851195363330947,raw_rfu,rate_h4,resid
pooled_adj,dry_tissue_weight,raw_delta_mm|auc_0_3h|resid,123,0.07110393117589818,0.43449738250967573,0.99994351530698,1,0.2851195363330947,raw_delta_mm,auc_0_3h,resid
pooled_adj,dry_tissue_weight,raw_delta|value_3h|none,123,0.07053963985324696,0.43816178738810974,0.99994351530698,1,0.2851195363330947,raw_delta,value_3h,none
pooled_adj,dry_tissue_weight,raw_rfu|value_3h|none,123,0.07014947271015669,0.4407056899815167,0.99994351530698,1,0.2851195363330947,raw_rfu,value_3h,none
pooled_adj,dry_tissue_weight,raw_rfu|sat_k|resid,119,-0.06874745183647814,0.45753628807297086,0.99994351530698,1,0.2851195363330947,raw_rfu,sat_k,resid
pooled_adj,dry_tissue_weight,raw_delta_mm|sat_k|resid,119,-0.06874745183647814,0.45753628807297086,0.99994351530698,1,0.2851195363330947,raw_delta_mm,sat_k,resid
pooled_adj,dry_tissue_weight,raw_rfu|auc_0_2h|none,123,0.06868553979310722,0.4503247710071804,0.99994351530698,1,0.2851195363330947,raw_rfu,auc_0_2h,none
pooled_adj,dry_tissue_weight,raw_delta|auc_0_2h|none,123,0.06830827073739182,0.45282259572789796,0.99994351530698,1,0.2851195363330947,raw_delta,auc_0_2h,none
pooled_adj,dry_tissue_weight,raw_rfu|auc_early|none,123,0.06829214812817322,0.45292951224674805,0.99994351530698,1,0.2851195363330947,raw_rfu,auc_early,none
pooled_adj,dry_tissue_weight,raw_delta|auc_0_3h|resid,123,0.06808900325201878,0.4542778658547487,0.99994351530698,1,0.2851195363330947,raw_delta,auc_0_3h,resid
pooled_adj,dry_tissue_weight,fc_corr|sat_k|resid,119,-0.06787506743186131,0.4632775809332018,0.99994351530698,1,0.2851195363330947,fc_corr,sat_k,resid
pooled_adj,dry_tissue_weight,fc_corr_mm|sat_k|resid,119,-0.06787506743186131,0.4632775809332018,0.99994351530698,1,0.2851195363330947,fc_corr_mm,sat_k,resid
pooled_adj,dry_tissue_weight,raw_rfu|depression_abs|resid,123,0.06755695714780476,0.4578198362936019,0.99994351530698,1,0.2851195363330947,raw_rfu,depression_abs,resid
pooled_adj,dry_tissue_weight,fc_corr|value_2h|resid,123,0.067137769308121,0.4606212247622884,0.99994351530698,1,0.2851195363330947,fc_corr,value_2h,resid
pooled_adj,dry_tissue_weight,fc_corr_mm|depression_abs|resid,123,0.06704425817465308,0.4612474387154478,0.99994351530698,1,0.2851195363330947,fc_corr_mm,depression_abs,resid
pooled_adj,dry_tissue_weight,raw_rfu|auc_0_3h|none,123,0.06684756234218607,0.4625661793618152,0.99994351530698,1,0.2851195363330947,raw_rfu,auc_0_3h,none
pooled_adj,dry_tissue_weight,raw_delta|auc_early|resid,123,0.06555130456101013,0.4713086384364341,0.99994351530698,1,0.2851195363330947,raw_delta,auc_early,resid
pooled_adj,dry_tissue_weight,raw_rfu|auc_0_3h|resid,123,0.06549326316782314,0.4717021855339236,0.99994351530698,1,0.2851195363330947,raw_rfu,auc_0_3h,resid
pooled_adj,dry_tissue_weight,fc_corr_mm|sat_asymptote|none,119,0.06547868088366894,0.47925063906654575,0.99994351530698,1,0.2851195363330947,fc_corr_mm,sat_asymptote,none
pooled_adj,dry_tissue_weight,raw_delta_mm|auc_early|resid,123,0.0653965275125115,0.47235849472719504,0.99994351530698,1,0.2851195363330947,raw_delta_mm,auc_early,resid
pooled_adj,dry_tissue_weight,raw_rfu|auc_early|resid,123,0.06527399568245008,0.473190532252732,0.99994351530698,1,0.2851195363330947,raw_rfu,auc_early,resid
pooled_adj,dry_tissue_weight,raw_delta|auc_total|resid,123,0.0650031358475775,0.47503259549534027,0.99994351530698,1,0.2851195363330947,raw_delta,auc_total,resid
pooled_adj,dry_tissue_weight,raw_delta_mm|auc_0_2h|resid,123,0.06488705306120353,0.47582323938552074,0.99994351530698,1,0.2851195363330947,raw_delta_mm,auc_0_2h,resid
pooled_adj,dry_tissue_weight,fc_corr_mm|lin_slope|resid,123,0.0647290514908612,0.47690053753832373,0.99994351530698,1,0.2851195363330947,fc_corr_mm,lin_slope,resid
pooled_adj,dry_tissue_weight,raw_delta|auc_0_2h|resid,123,0.06468713270689282,0.477186572529839,0.99994351530698,1,0.2851195363330947,raw_delta,auc_0_2h,resid
pooled_adj,dry_tissue_weight,raw_delta_mm|auc_total|resid,123,0.0646548874884556,0.4774066625285105,0.99994351530698,1,0.2851195363330947,raw_delta_mm,auc_total,resid
pooled_adj,dry_tissue_weight,raw_rfu|value_1h|resid,123,0.06462264227001839,0.4776268073659027,0.99994351530698,1,0.2851195363330947,raw_rfu,value_1h,resid
pooled_adj,dry_tissue_weight,raw_delta_mm|rate_h4|resid,123,-0.06440015026280162,0.4791473002452663,0.99994351530698,1,0.2851195363330947,raw_delta_mm,rate_h4,resid
pooled_adj,dry_tissue_weight,raw_rfu|lin_slope|none,123,0.0643808031317393,0.47927964022219904,0.99994351530698,1,0.2851195363330947,raw_rfu,lin_slope,none
pooled_adj,dry_tissue_weight,raw_rfu|auc_0_1h|resid,123,0.06276854220987865,0.4903768949356896,0.99994351530698,1,0.2851195363330947,raw_rfu,auc_0_1h,resid
pooled_adj,dry_tissue_weight,raw_rfu|auc_total|resid,123,0.06230421106438278,0.49359802174969747,0.99994351530698,1,0.2851195363330947,raw_rfu,auc_total,resid
pooled_adj,dry_tissue_weight,raw_rfu|initial_slope|resid,123,0.06213976045035299,0.4947415140021565,0.99994351530698,1,0.2851195363330947,raw_rfu,initial_slope,resid
pooled_adj,dry_tissue_weight,raw_delta|auc_0_1h|resid,123,0.06213976045035299,0.4947415140021565,0.99994351530698,1,0.2851195363330947,raw_delta,auc_0_1h,resid
pooled_adj,dry_tissue_weight,raw_rfu|auc_0_2h|resid,123,0.06132073190204779,0.500457315107903,0.99994351530698,1,0.2851195363330947,raw_rfu,auc_0_2h,resid
pooled_adj,dry_tissue_weight,fc_corr|rate_h4|resid,123,-0.059869697072373204,0.5106680117487157,0.99994351530698,1,0.2851195363330947,fc_corr,rate_h4,resid
pooled_adj,dry_tissue_weight,raw_delta_mm|auc_late|resid,123,0.05969234837096854,0.5119233186580566,0.99994351530698,1,0.2851195363330947,raw_delta_mm,auc_late,resid
pooled_adj,dry_tissue_weight,fc_corr|lin_slope|resid,123,0.059511775147720145,0.5132030809504383,0.99994351530698,1,0.2851195363330947,fc_corr,lin_slope,resid
pooled_adj,dry_tissue_weight,fc_corr|depression_abs|resid,123,0.05910548539541126,0.516088550457781,0.99994351530698,1,0.2851195363330947,fc_corr,depression_abs,resid
pooled_adj,dry_tissue_weight,fc_corr|sat_k|none,119,-0.0586277927429229,0.5265063219316284,0.99994351530698,1,0.2851195363330947,fc_corr,sat_k,none
pooled_adj,dry_tissue_weight,fc_corr_mm|sat_k|none,119,-0.0586277927429229,0.5265063219316284,0.99994351530698,1,0.2851195363330947,fc_corr_mm,sat_k,none
pooled_adj,dry_tissue_weight,fc_corr|rate_last_first_ratio|resid,123,-0.05830580397816838,0.5217920613017674,0.99994351530698,1,0.2851195363330947,fc_corr,rate_last_first_ratio,resid
pooled_adj,dry_tissue_weight,raw_delta_mm|value_2h|resid,123,0.05797690275010881,0.5241471165184808,0.99994351530698,1,0.2851195363330947,raw_delta_mm,value_2h,resid
pooled_adj,dry_tissue_weight,raw_delta_mm|value_3h|resid,123,0.05792208587876555,0.5245401481231184,0.99994351530698,1,0.2851195363330947,raw_delta_mm,value_3h,resid
pooled_adj,dry_tissue_weight,raw_rfu|rate_last_first_ratio|resid,123,-0.05762865439098691,0.5266465551008688,0.99994351530698,1,0.2851195363330947,raw_rfu,rate_last_first_ratio,resid
pooled_adj,dry_tissue_weight,raw_delta_mm|min_slope|resid,123,-0.05671933923105751,0.533201080091273,0.99994351530698,1,0.2851195363330947,raw_delta_mm,min_slope,resid
pooled_adj,dry_tissue_weight,raw_rfu|sat_k|none,119,-0.05580055512142999,0.546670386904236,0.99994351530698,1,0.2851195363330947,raw_rfu,sat_k,none
pooled_adj,dry_tissue_weight,raw_delta_mm|sat_k|none,119,-0.05580055512142999,0.546670386904236,0.99994351530698,1,0.2851195363330947,raw_delta_mm,sat_k,none
pooled_adj,dry_tissue_weight,fc_corr|sat_r2|resid,119,0.055540620176380895,0.548543034477348,0.99994351530698,1,0.2851195363330947,fc_corr,sat_r2,resid
pooled_adj,dry_tissue_weight,raw_delta|auc_late|resid,123,0.05520381396450849,0.5442150479581541,0.99994351530698,1,0.2851195363330947,raw_delta,auc_late,resid
pooled_adj,dry_tissue_weight,raw_rfu|vmax|resid,123,0.054929729607792195,0.5462187957885678,0.99994351530698,1,0.2851195363330947,raw_rfu,vmax,resid
pooled_adj,dry_tissue_weight,raw_rfu|sat_r2|resid,119,0.0543655717946521,0.5570472346105875,0.99994351530698,1,0.2851195363330947,raw_rfu,sat_r2,resid
pooled_adj,dry_tissue_weight,raw_rfu|auc_late|resid,123,0.05403653705708139,0.5527736047915356,0.99994351530698,1,0.2851195363330947,raw_rfu,auc_late,resid
pooled_adj,dry_tissue_weight,raw_delta_mm|vmax|resid,123,0.05324008016168223,0.5586504564443038,0.99994351530698,1,0.2851195363330947,raw_delta_mm,vmax,resid
pooled_adj,dry_tissue_weight,raw_delta_mm|initial_slope|resid,123,0.05290472988993521,0.5611338569824975,0.99994351530698,1,0.2851195363330947,raw_delta_mm,initial_slope,resid
pooled_adj,dry_tissue_weight,raw_delta_mm|auc_0_1h|resid,123,0.05290472988993521,0.5611338569824975,0.99994351530698,1,0.2851195363330947,raw_delta_mm,auc_0_1h,resid
pooled_adj,dry_tissue_weight,fc_corr_mm|rate_h4|resid,123,-0.05244362326628308,0.5645571222247241,0.99994351530698,1,0.2851195363330947,fc_corr_mm,rate_h4,resid
pooled_adj,dry_tissue_weight,raw_rfu|delta_auc_late_minus_early|none,123,0.05200186377369325,0.5678460332841506,0.99994351530698,1,0.2851195363330947,raw_rfu,delta_auc_late_minus_early,none
pooled_adj,dry_tissue_weight,raw_rfu|min_slope|resid,123,-0.050695932426986126,0.5776213160701947,0.99994351530698,1,0.2851195363330947,raw_rfu,min_slope,resid
pooled_adj,dry_tissue_weight,raw_delta_mm|max_drop|resid,123,0.05045409328870704,0.5794401019166733,0.99994351530698,1,0.2851195363330947,raw_delta_mm,max_drop,resid
pooled_adj,dry_tissue_weight,raw_delta|value_2h|resid,123,0.050373480242614004,0.5800469530975465,0.99994351530698,1,0.2851195363330947,raw_delta,value_2h,resid
pooled_adj,dry_tissue_weight,raw_delta|value_3h|resid,123,0.050154212757240954,0.5816990750890941,0.99994351530698,1,0.2851195363330947,raw_delta,value_3h,resid
pooled_adj,dry_tissue_weight,raw_delta|value_2h|none,123,0.04871930053678498,0.5925639884177485,0.99994351530698,1,0.2851195363330947,raw_delta,value_2h,none
pooled_adj,dry_tissue_weight,raw_delta_mm|peak_value|resid,123,0.04831623530631982,0.5956323809658709,0.99994351530698,1,0.2851195363330947,raw_delta_mm,peak_value,resid
pooled_adj,dry_tissue_weight,raw_rfu|value_2h|resid,123,0.04804537547144723,0.5976983522758905,0.99994351530698,1,0.2851195363330947,raw_rfu,value_2h,resid
pooled_adj,dry_tissue_weight,raw_rfu|value_3h|resid,123,0.04793574172876071,0.5985354918927249,0.99994351530698,1,0.2851195363330947,raw_rfu,value_3h,resid
pooled_adj,dry_tissue_weight,fc_corr_mm|min_slope|resid,123,-0.04754879910751415,0.6014942920189827,0.99994351530698,1,0.2851195363330947,fc_corr_mm,min_slope,resid
pooled_adj,dry_tissue_weight,raw_rfu|value_2h|none,123,0.04565600478524976,0.6160606862355573,0.99994351530698,1,0.2851195363330947,raw_rfu,value_2h,none
pooled_adj,dry_tissue_weight,raw_rfu|time_to_min_slope|none,123,0.045409992149872035,0.6179651082450094,0.99994351530698,1,0.2851195363330947,raw_rfu,time_to_min_slope,none
pooled_adj,dry_tissue_weight,raw_rfu|rate_cv|resid,123,-0.045201347205285056,0.6195822511089828,0.99994351530698,1,0.2851195363330947,raw_rfu,rate_cv,resid
pooled_adj,dry_tissue_weight,fc_corr_mm|delta_auc_late_minus_early|resid,123,0.045182000074222725,0.6197322970644007,0.99994351530698,1,0.2851195363330947,fc_corr_mm,delta_auc_late_minus_early,resid
pooled_adj,dry_tissue_weight,fc_corr|rate_cv|resid,123,-0.044994977807286896,0.6211835469190049,0.99994351530698,1,0.2851195363330947,fc_corr,rate_cv,resid
pooled_adj,dry_tissue_weight,fc_corr_mm|max_drop|resid,123,0.04425978682691844,0.626902537054093,0.99994351530698,1,0.2851195363330947,fc_corr_mm,max_drop,resid
pooled_adj,dry_tissue_weight,raw_delta_mm|value_4h|resid,123,0.04418562282451285,0.627480691900941,0.99994351530698,1,0.2851195363330947,raw_delta_mm,value_4h,resid
pooled_adj,dry_tissue_weight,fc_corr|min_slope|resid,123,-0.04368582193873605,0.6313828302311747,0.99994351530698,1,0.2851195363330947,fc_corr,min_slope,resid
pooled_adj,dry_tissue_weight,raw_delta_mm|mean_rate|resid,123,0.04364390315476767,0.6317105699208815,0.99994351530698,1,0.2851195363330947,raw_delta_mm,mean_rate,resid
pooled_adj,dry_tissue_weight,raw_rfu|metabolic_scope|resid,123,0.04348912610626905,0.632921304635987,0.99994351530698,1,0.2851195363330947,raw_rfu,metabolic_scope,resid
pooled_adj,dry_tissue_weight,fc_corr|quad_coef|resid,123,-0.043379492363582524,0.6337794966627004,0.99994351530698,1,0.2851195363330947,fc_corr,quad_coef,resid
pooled_adj,dry_tissue_weight,raw_delta_mm|final_value|resid,123,0.042728138951150824,0.6388881706534114,0.99994351530698,1,0.2851195363330947,raw_delta_mm,final_value,resid
pooled_adj,dry_tissue_weight,fc_corr_mm|auc_total|none,123,0.04267654660165128,0.6392935464425266,0.99994351530698,1,0.2851195363330947,fc_corr_mm,auc_total,none
pooled_adj,dry_tissue_weight,raw_rfu|peak_value|resid,123,0.04256691285896476,0.6401553232198833,0.99994351530698,1,0.2851195363330947,raw_rfu,peak_value,resid
pooled_adj,dry_tissue_weight,fc_corr_mm|initial_slope|none,123,0.03929724770943137,0.6660726242213635,0.99994351530698,1,0.2851195363330947,fc_corr_mm,initial_slope,none
pooled_adj,dry_tissue_weight,fc_corr_mm|auc_0_1h|none,123,0.03929724770943137,0.6660726242213635,0.99994351530698,1,0.2851195363330947,fc_corr_mm,auc_0_1h,none
pooled_adj,dry_tissue_weight,raw_rfu|value_4h|resid,123,0.03879744682365457,0.6700702583514673,0.99994351530698,1,0.2851195363330947,raw_rfu,value_4h,resid
pooled_adj,dry_tissue_weight,raw_delta|value_4h|resid,123,0.03865879238437456,0.6711809224971346,0.99994351530698,1,0.2851195363330947,raw_delta,value_4h,resid
pooled_adj,dry_tissue_weight,raw_delta_mm|sat_asymptote|none,119,0.038598558963454856,0.6768455398337603,0.99994351530698,1,0.2851195363330947,raw_delta_mm,sat_asymptote,none
pooled_adj,dry_tissue_weight,fc_corr_mm|vmax|none,123,0.03841050420240802,0.67317155820882,0.99994351530698,1,0.2851195363330947,fc_corr_mm,vmax,none
pooled_adj,dry_tissue_weight,fc_corr|delta_auc_late_minus_early|resid,123,0.037952622100599596,0.6768485285590009,0.99994351530698,1,0.2851195363330947,fc_corr,delta_auc_late_minus_early,resid
pooled_adj,dry_tissue_weight,fc_corr_mm|quad_coef|resid,123,-0.037884907141881446,0.6773929547128181,0.99994351530698,1,0.2851195363330947,fc_corr_mm,quad_coef,resid
pooled_adj,dry_tissue_weight,raw_rfu|final_delta|resid,123,0.03775915078997631,0.6784044733138211,0.99994351530698,1,0.2851195363330947,raw_rfu,final_delta,resid
pooled_adj,dry_tissue_weight,fc_corr|quad_coef|none,123,-0.03720453303285625,0.6828723388526614,0.99994351530698,1,0.2851195363330947,fc_corr,quad_coef,none
pooled_adj,dry_tissue_weight,raw_rfu|mean_rate|resid,123,0.03694334676351483,0.6849802098997473,0.99994351530698,1,0.2851195363330947,raw_rfu,mean_rate,resid
pooled_adj,dry_tissue_weight,raw_rfu|final_value|resid,123,0.036733752843672945,0.6866734658689198,0.99994351530698,1,0.2851195363330947,raw_rfu,final_value,resid
pooled_adj,dry_tissue_weight,raw_delta_mm|lin_slope|resid,123,0.03640162709376965,0.6893598049944498,0.99994351530698,1,0.2851195363330947,raw_delta_mm,lin_slope,resid
pooled_adj,dry_tissue_weight,fc_corr_mm|auc_late|none,123,0.036014684472523095,0.6924944026923359,0.99994351530698,1,0.2851195363330947,fc_corr_mm,auc_late,none
pooled_adj,dry_tissue_weight,raw_rfu|max_drop|resid,123,0.03586635646771192,0.693697382250392,0.99994351530698,1,0.2851195363330947,raw_rfu,max_drop,resid
pooled_adj,dry_tissue_weight,fc_corr_mm|rate_h2|resid,123,0.0356825587226198,0.6951890887632682,0.99994351530698,1,0.2851195363330947,fc_corr_mm,rate_h2,resid
pooled_adj,dry_tissue_weight,fc_corr_mm|auc_early|none,123,0.03539880080037233,0.6974943623559202,0.99994351530698,1,0.2851195363330947,fc_corr_mm,auc_early,none
pooled_adj,dry_tissue_weight,raw_delta_mm|rate_h2|resid,123,0.03525692183924859,0.6986480355736765,0.99994351530698,1,0.2851195363330947,raw_delta_mm,rate_h2,resid
pooled_adj,dry_tissue_weight,fc_corr|lin_r2|none,123,0.03450238372781781,0.7047949776232543,0.99994351530698,1,0.2851195363330947,fc_corr,lin_r2,none
pooled_adj,dry_tissue_weight,fc_corr_mm|value_3h|none,123,0.033834907706167504,0.7102485860799086,0.99994351530698,1,0.2851195363330947,fc_corr_mm,value_3h,none
pooled_adj,dry_tissue_weight,raw_delta_mm|quad_coef|resid,123,-0.03243868974783619,0.7217035916319271,0.99994351530698,1,0.2851195363330947,raw_delta_mm,quad_coef,resid
pooled_adj,dry_tissue_weight,fc_corr|max_drop|resid,123,0.032132360172682665,0.7242251856028137,0.99994351530698,1,0.2851195363330947,fc_corr,max_drop,resid
pooled_adj,dry_tissue_weight,raw_rfu|lin_r2|none,123,0.0320323999955273,0.725048662929332,0.99994351530698,1,0.2851195363330947,raw_rfu,lin_r2,none
pooled_adj,dry_tissue_weight,fc_corr_mm|auc_0_3h|none,123,0.03160676311215609,0.7285585888473416,0.99994351530698,1,0.2851195363330947,fc_corr_mm,auc_0_3h,none
pooled_adj,dry_tissue_weight,fc_corr_mm|peak_value|none,123,0.031561619806344,0.7289311850658524,0.99994351530698,1,0.2851195363330947,fc_corr_mm,peak_value,none
pooled_adj,dry_tissue_weight,raw_rfu|time_to_vmax|resid,123,0.030819979782288096,0.7350614036694351,0.99994351530698,1,0.2851195363330947,raw_rfu,time_to_vmax,resid
pooled_adj,dry_tissue_weight,raw_rfu|lin_slope|resid,123,0.030191198022762447,0.7402718686093401,0.99994351530698,1,0.2851195363330947,raw_rfu,lin_slope,resid
pooled_adj,dry_tissue_weight,raw_rfu|quad_coef|resid,123,-0.030029971930576382,0.7416097939049724,0.99994351530698,1,0.2851195363330947,raw_rfu,quad_coef,resid
pooled_adj,dry_tissue_weight,fc_corr_mm|auc_0_2h|none,123,0.029288331906520484,0.7477741332206586,0.99994351530698,1,0.2851195363330947,fc_corr_mm,auc_0_2h,none
pooled_adj,dry_tissue_weight,fc_corr|lin_r2|resid,123,0.028124279520937098,0.7574815266004742,0.99994351530698,1,0.2851195363330947,fc_corr,lin_r2,resid
pooled_adj,dry_tissue_weight,fc_corr_mm|value_4h|none,123,0.027946930819532426,0.7589638565877294,0.99994351530698,1,0.2851195363330947,fc_corr_mm,value_4h,none
pooled_adj,dry_tissue_weight,raw_rfu|lin_r2|resid,123,0.027821174467627295,0.7600154939475434,0.99994351530698,1,0.2851195363330947,raw_rfu,lin_r2,resid
pooled_adj,dry_tissue_weight,fc_corr_mm|mean_rate|none,123,0.025351190735336787,0.7807572872035347,0.99994351530698,1,0.2851195363330947,fc_corr_mm,mean_rate,none
pooled_adj,dry_tissue_weight,raw_delta_mm|rate_h3|none,123,-0.025148045859182348,0.782470303684569,0.99994351530698,1,0.2851195363330947,raw_delta_mm,rate_h3,none
pooled_adj,dry_tissue_weight,raw_rfu|inflection_time|none,123,-0.024961326604153258,0.7840457308788751,0.99994351530698,1,0.2851195363330947,raw_rfu,inflection_time,none
pooled_adj,dry_tissue_weight,fc_corr_mm|final_value|none,123,0.02445799818462599,0.7882968590687941,0.99994351530698,1,0.2851195363330947,fc_corr_mm,final_value,none
pooled_adj,dry_tissue_weight,fc_corr_mm|value_2h|none,123,0.0242774249613776,0.7898235125003649,0.99994351530698,1,0.2851195363330947,fc_corr_mm,value_2h,none
pooled_adj,dry_tissue_weight,raw_delta_mm|delta_auc_late_minus_early|resid,123,0.02418391382790968,0.7906144145066917,0.99994351530698,1,0.2851195363330947,raw_delta_mm,delta_auc_late_minus_early,resid
pooled_adj,dry_tissue_weight,fc_corr_mm|lin_slope|none,123,0.024167791218691077,0.7907507984705358,0.99994351530698,1,0.2851195363330947,fc_corr_mm,lin_slope,none
pooled_adj,dry_tissue_weight,raw_rfu|inflection_time|resid,123,-0.02163331704952614,0.8122664793993785,0.99994351530698,1,0.2851195363330947,raw_rfu,inflection_time,resid
pooled_adj,dry_tissue_weight,raw_rfu|sat_r2|none,119,0.02102268377492966,0.820474421660736,0.99994351530698,1,0.2851195363330947,raw_rfu,sat_r2,none
pooled_adj,dry_tissue_weight,fc_corr|sat_r2|none,119,0.0207876740985839,0.8224480931936498,0.99994351530698,1,0.2851195363330947,fc_corr,sat_r2,none
pooled_adj,dry_tissue_weight,fc_corr|late_early_auc_ratio|resid,123,-0.020482162751317638,0.8220863400354584,0.99994351530698,1,0.2851195363330947,fc_corr,late_early_auc_ratio,resid
pooled_adj,dry_tissue_weight,fc_corr|rate_h2|resid,123,0.02035318187756879,0.8231883513597053,0.99994351530698,1,0.2851195363330947,fc_corr,rate_h2,resid
pooled_adj,dry_tissue_weight,raw_rfu|sat_asymptote|resid,119,-0.020193028402375694,0.8274470090082198,0.99994351530698,1,0.2851195363330947,raw_rfu,sat_asymptote,resid
pooled_adj,dry_tissue_weight,raw_delta|late_early_auc_ratio|resid,123,-0.019921095950510136,0.826882587250954,0.99994351530698,1,0.2851195363330947,raw_delta,late_early_auc_ratio,resid
pooled_adj,dry_tissue_weight,fc_corr|rate_cv|none,123,-0.01963088898457522,0.8293659214571081,0.99994351530698,1,0.2851195363330947,fc_corr,rate_cv,none
pooled_adj,dry_tissue_weight,raw_rfu|rate_cv|none,123,-0.019276191581765877,0.8324033932935758,0.99994351530698,1,0.2851195363330947,raw_rfu,rate_cv,none
pooled_adj,dry_tissue_weight,raw_delta_mm|rate_h3|resid,123,-0.018973086528456074,0.8350010125496825,0.99994351530698,1,0.2851195363330947,raw_delta_mm,rate_h3,resid
pooled_adj,dry_tissue_weight,raw_delta_mm|auc_total|none,123,0.018547449645084865,0.8386517300077252,0.99994351530698,1,0.2851195363330947,raw_delta_mm,auc_total,none
pooled_adj,dry_tissue_weight,raw_rfu|rate_h2|resid,123,0.017393070825032643,0.8485699790335949,0.99994351530698,1,0.2851195363330947,raw_rfu,rate_h2,resid
pooled_adj,dry_tissue_weight,raw_rfu|late_early_auc_ratio|resid,123,-0.017273763516814956,0.8495964285375828,0.99994351530698,1,0.2851195363330947,raw_rfu,late_early_auc_ratio,resid
pooled_adj,dry_tissue_weight,raw_rfu|rate_h3|resid,123,-0.017148007164909825,0.8506786343910845,0.99994351530698,1,0.2851195363330947,raw_rfu,rate_h3,resid
pooled_adj,dry_tissue_weight,fc_corr|rate_h3|none,123,0.016706247672320006,0.8544824184472009,0.99994351530698,1,0.2851195363330947,fc_corr,rate_h3,none
pooled_adj,dry_tissue_weight,raw_delta_mm|sat_asymptote|resid,119,-0.015834667131963447,0.8642841134436251,0.99994351530698,1,0.2851195363330947,raw_delta_mm,sat_asymptote,resid
pooled_adj,dry_tissue_weight,fc_corr|stability_cv|none,123,-0.014371693857465794,0.8746376476259315,0.99994351530698,1,0.2851195363330947,fc_corr,stability_cv,none
pooled_adj,dry_tissue_weight,fc_corr_mm|quad_coef|none,123,-0.014268509158466712,0.8755304414873804,0.99994351530698,1,0.2851195363330947,fc_corr_mm,quad_coef,none
pooled_adj,dry_tissue_weight,raw_delta|stability_cv|none,123,-0.014223365852654614,0.875921088067946,0.99994351530698,1,0.2851195363330947,raw_delta,stability_cv,none
pooled_adj,dry_tissue_weight,raw_rfu|delta_auc_late_minus_early|resid,123,0.013800953491127123,0.8795778581536684,0.99994351530698,1,0.2851195363330947,raw_rfu,delta_auc_late_minus_early,resid
pooled_adj,dry_tissue_weight,raw_delta|frac_auc_first_half|resid,123,0.013423684435411734,0.8828459764651329,0.99994351530698,1,0.2851195363330947,raw_delta,frac_auc_first_half,resid
pooled_adj,dry_tissue_weight,raw_rfu|time_to_vmax|none,123,-0.01336970319546585,0.883313754961093,0.99994351530698,1,0.2851195363330947,raw_rfu,time_to_vmax,none
pooled_adj,dry_tissue_weight,fc_corr_mm|rate_h3|none,123,-0.012872291200135392,0.8876259866278517,0.99994351530698,1,0.2851195363330947,fc_corr_mm,rate_h3,none
pooled_adj,dry_tissue_weight,fc_corr|frac_auc_first_half|resid,123,0.012675595367668394,0.8893321228175095,0.99994351530698,1,0.2851195363330947,fc_corr,frac_auc_first_half,resid
pooled_adj,dry_tissue_weight,fc_corr_mm|rate_h3|resid,123,-0.0123886129235772,0.8918223097138049,0.99994351530698,1,0.2851195363330947,fc_corr_mm,rate_h3,resid
pooled_adj,dry_tissue_weight,fc_corr_mm|sat_asymptote|resid,119,-0.012167091879900855,0.8955133298855715,0.99994351530698,1,0.2851195363330947,fc_corr_mm,sat_asymptote,resid
pooled_adj,dry_tissue_weight,raw_delta_mm|delta_auc_late_minus_early|none,123,-0.012143549263454382,0.8939495966321496,0.99994351530698,1,0.2851195363330947,raw_delta_mm,delta_auc_late_minus_early,none
pooled_adj,dry_tissue_weight,raw_delta_mm|vmax|none,123,0.011737259511145497,0.8974780675563941,0.99994351530698,1,0.2851195363330947,raw_delta_mm,vmax,none
pooled_adj,dry_tissue_weight,fc_corr|rate_h2|none,123,0.01149219585102268,0.8996073244986283,0.99994351530698,1,0.2851195363330947,fc_corr,rate_h2,none
pooled_adj,dry_tissue_weight,fc_corr_mm|delta_auc_late_minus_early|none,123,0.0113890111520236,0.9005040681546802,0.99994351530698,1,0.2851195363330947,fc_corr_mm,delta_auc_late_minus_early,none
pooled_adj,dry_tissue_weight,raw_rfu|t_half|resid,123,-0.010731208695904455,0.9062237103916695,0.99994351530698,1,0.2851195363330947,raw_rfu,t_half,resid
pooled_adj,dry_tissue_weight,fc_corr|t_half|resid,123,-0.010621574953217932,0.9071774593143971,0.99994351530698,1,0.2851195363330947,fc_corr,t_half,resid
pooled_adj,dry_tissue_weight,fc_corr|sat_asymptote|resid,119,-0.010582556940902937,0.9090580629793222,0.99994351530698,1,0.2851195363330947,fc_corr,sat_asymptote,resid
pooled_adj,dry_tissue_weight,raw_delta_mm|auc_late|none,123,0.010270102072252311,0.9102359506634294,0.99994351530698,1,0.2851195363330947,raw_delta_mm,auc_late,none
pooled_adj,dry_tissue_weight,raw_rfu|time_to_min_slope|resid,123,-0.00921890795119917,0.9193910320892251,0.99994351530698,1,0.2851195363330947,raw_rfu,time_to_min_slope,resid
pooled_adj,dry_tissue_weight,raw_delta_mm|value_3h|none,123,0.008980293334763795,0.9214706934430597,0.99994351530698,1,0.2851195363330947,raw_delta_mm,value_3h,none
pooled_adj,dry_tissue_weight,raw_delta_mm|quad_coef|none,123,0.008877108635764713,0.9223701715571444,0.99994351530698,1,0.2851195363330947,raw_delta_mm,quad_coef,none
pooled_adj,dry_tissue_weight,raw_rfu|frac_auc_first_half|resid,123,0.008486941492674437,0.9257722001079702,0.99994351530698,1,0.2851195363330947,raw_rfu,frac_auc_first_half,resid
pooled_adj,dry_tissue_weight,fc_corr|rate_h3|resid,123,-0.007655014856994345,0.9330305129047906,0.99994351530698,1,0.2851195363330947,fc_corr,rate_h3,resid
pooled_adj,dry_tissue_weight,raw_delta|stability_cv|resid,123,-0.0075066868521831654,0.9343252258274932,0.99994351530698,1,0.2851195363330947,raw_delta,stability_cv,resid
pooled_adj,dry_tissue_weight,raw_delta_mm|final_value|none,123,0.007467992590058509,0.9346630053780421,0.99994351530698,1,0.2851195363330947,raw_delta_mm,final_value,none
pooled_adj,dry_tissue_weight,fc_corr|stability_cv|resid,123,-0.007139091361998938,0.9375345945232054,0.99994351530698,1,0.2851195363330947,fc_corr,stability_cv,resid
pooled_adj,dry_tissue_weight,raw_delta_mm|peak_value|none,123,0.007113295187249168,0.9377598516187775,0.99994351530698,1,0.2851195363330947,raw_delta_mm,peak_value,none
pooled_adj,dry_tissue_weight,raw_rfu|rate_h2|none,123,0.006845659874220301,0.9400971809752412,0.99994351530698,1,0.2851195363330947,raw_rfu,rate_h2,none
pooled_adj,dry_tissue_weight,raw_delta_mm|lin_slope|none,123,-0.006845659874220301,0.9400971809752412,0.99994351530698,1,0.2851195363330947,raw_delta_mm,lin_slope,none
pooled_adj,dry_tissue_weight,raw_delta_mm|rate_h2|none,123,-0.006665086650971908,0.9416744634351873,0.99994351530698,1,0.2851195363330947,raw_delta_mm,rate_h2,none
pooled_adj,dry_tissue_weight,raw_rfu|frac_auc_first_half|none,123,-0.0063426344665997786,0.9444915972220497,0.99994351530698,1,0.2851195363330947,raw_rfu,frac_auc_first_half,none
pooled_adj,dry_tissue_weight,raw_delta_mm|value_2h|none,123,-0.006142714112289059,0.9462385667558819,0.99994351530698,1,0.2851195363330947,raw_delta_mm,value_2h,none
pooled_adj,dry_tissue_weight,raw_delta_mm|initial_slope|none,123,0.005043152163580099,0.955851241218742,0.99994351530698,1,0.2851195363330947,raw_delta_mm,initial_slope,none
pooled_adj,dry_tissue_weight,raw_delta_mm|auc_0_1h|none,123,0.005043152163580099,0.955851241218742,0.99994351530698,1,0.2851195363330947,raw_delta_mm,auc_0_1h,none
pooled_adj,dry_tissue_weight,raw_delta_mm|value_4h|none,123,0.004891599636925198,0.9571766839504696,0.99994351530698,1,0.2851195363330947,raw_delta_mm,value_4h,none
pooled_adj,dry_tissue_weight,raw_delta|late_early_auc_ratio|none,123,-0.004810986590832166,0.957881754552694,0.99994351530698,1,0.2851195363330947,raw_delta,late_early_auc_ratio,none
pooled_adj,dry_tissue_weight,fc_corr|late_early_auc_ratio|none,123,-0.004430493013273053,0.9612101179769782,0.99994351530698,1,0.2851195363330947,fc_corr,late_early_auc_ratio,none
pooled_adj,dry_tissue_weight,raw_delta_mm|auc_0_3h|none,123,0.004027427782807892,0.9647366538228801,0.99994351530698,1,0.2851195363330947,raw_delta_mm,auc_0_3h,none
pooled_adj,dry_tissue_weight,raw_rfu|rate_h3|none,123,0.003027826011254292,0.9734852577929433,0.99994351530698,1,0.2851195363330947,raw_rfu,rate_h3,none
pooled_adj,dry_tissue_weight,raw_rfu|t_half|none,123,0.0026892512176635566,0.9764492610730804,0.99994351530698,1,0.2851195363330947,raw_rfu,t_half,none
pooled_adj,dry_tissue_weight,raw_delta_mm|mean_rate|none,123,0.002489330863352837,0.9781995878408503,0.99994351530698,1,0.2851195363330947,raw_delta_mm,mean_rate,none
pooled_adj,dry_tissue_weight,raw_delta_mm|auc_0_2h|none,123,-0.002395819729884919,0.979018325160971,0.99994351530698,1,0.2851195363330947,raw_delta_mm,auc_0_2h,none
pooled_adj,dry_tissue_weight,raw_rfu|quad_coef|none,123,-0.002331329293010493,0.9795829843579142,0.99994351530698,1,0.2851195363330947,raw_rfu,quad_coef,none
pooled_adj,dry_tissue_weight,raw_delta_mm|auc_early|none,123,0.0023023085964170016,0.9798370843092579,0.99994351530698,1,0.2851195363330947,raw_delta_mm,auc_early,none
pooled_adj,dry_tissue_weight,fc_corr|frac_auc_first_half|none,123,-0.0020346732833881344,0.9821805424700047,0.99994351530698,1,0.2851195363330947,fc_corr,frac_auc_first_half,none
pooled_adj,dry_tissue_weight,fc_corr|t_half|none,123,0.00167352683689135,0.9853430363056641,0.99994351530698,1,0.2851195363330947,fc_corr,t_half,none
pooled_adj,dry_tissue_weight,raw_delta|frac_auc_first_half|none,123,-9.96377249709879e-4,0.9912732867496384,0.99994351530698,1,0.2851195363330947,raw_delta,frac_auc_first_half,none
pooled_adj,dry_tissue_weight,raw_rfu|stability_cv|resid,123,7.771097643368311e-4,0.993193676007259,0.99994351530698,1,0.2851195363330947,raw_rfu,stability_cv,resid
pooled_adj,dry_tissue_weight,fc_corr_mm|rate_h2|none,123,2.1926748537304776e-4,0.9980795222670112,0.99994351530698,1,0.2851195363330947,fc_corr_mm,rate_h2,none
pooled_adj,dry_tissue_weight,raw_rfu|stability_cv|none,123,2.0314487615444133e-4,0.998220733624695,0.99994351530698,1,0.2851195363330947,raw_rfu,stability_cv,none
pooled_adj,dry_tissue_weight,raw_rfu|late_early_auc_ratio|none,123,6.449043687442582e-6,0.99994351530698,0.99994351530698,1,0.2851195363330947,raw_rfu,late_early_auc_ratio,none
triploid,dry_tissue_weight,fc_corr_mm|rate_h2|resid,52,0.41543584051908133,0.0021938840744198723,0.24485900073348751,0.083,0.44564444747420007,fc_corr_mm,rate_h2,resid
triploid,dry_tissue_weight,fc_corr|sat_asymptote|none,49,0.41326530612244894,0.0031638780882987296,0.24485900073348751,0.091,0.44564444747420007,fc_corr,sat_asymptote,none
triploid,dry_tissue_weight,raw_delta_mm|rate_h2|resid,52,0.4040809357124562,0.002969664871826946,0.24485900073348751,0.108,0.44564444747420007,raw_delta_mm,rate_h2,resid
triploid,dry_tissue_weight,fc_corr|delta_auc_late_minus_early|none,52,0.3954580380773499,0.003711816340053725,0.24485900073348751,0.126,0.44564444747420007,fc_corr,delta_auc_late_minus_early,none
triploid,dry_tissue_weight,fc_corr|rate_h2|resid,52,0.3783829932553573,0.005676832446431099,0.24485900073348751,0.167,0.44564444747420007,fc_corr,rate_h2,resid
triploid,dry_tissue_weight,raw_rfu|rate_h2|resid,52,0.3749679842909588,0.006164161609513644,0.24485900073348751,0.174,0.44564444747420007,raw_rfu,rate_h2,resid
triploid,dry_tissue_weight,fc_corr|lin_slope|none,52,0.3625032015709041,0.008266257960401641,0.24485900073348751,0.211,0.44564444747420007,fc_corr,lin_slope,none
triploid,dry_tissue_weight,raw_rfu|sat_asymptote|none,49,0.35173469387755096,0.013199490995961564,0.24485900073348751,0.258,0.44564444747420007,raw_rfu,sat_asymptote,none
triploid,dry_tissue_weight,fc_corr|rate_h2|none,52,0.34867241526509,0.011301331614000643,0.24485900073348751,0.267,0.44564444747420007,fc_corr,rate_h2,none
triploid,dry_tissue_weight,fc_corr|auc_late|none,52,0.34619653376590115,0.011935461944254473,0.24485900073348751,0.278,0.44564444747420007,fc_corr,auc_late,none
triploid,dry_tissue_weight,fc_corr|final_value|none,52,0.3444890292837019,0.012390404490185514,0.24485900073348751,0.286,0.44564444747420007,fc_corr,final_value,none
triploid,dry_tissue_weight,fc_corr|value_4h|none,52,0.3423546486809527,0.012979954701691112,0.24485900073348751,0.297,0.44564444747420007,fc_corr,value_4h,none
triploid,dry_tissue_weight,fc_corr|mean_rate|none,52,0.3411593955434133,0.013320491029902187,0.24485900073348751,0.308,0.44564444747420007,fc_corr,mean_rate,none
triploid,dry_tissue_weight,raw_rfu|delta_auc_late_minus_early|none,52,0.3407325194228634,0.013443952597914212,0.24485900073348751,0.313,0.44564444747420007,raw_rfu,delta_auc_late_minus_early,none
triploid,dry_tissue_weight,raw_rfu|rate_h2|none,52,0.33962264150943394,0.013769550061287652,0.24485900073348751,0.321,0.44564444747420007,raw_rfu,rate_h2,none
triploid,dry_tissue_weight,fc_corr|peak_value|none,52,0.339537266285324,0.01379487328075986,0.24485900073348751,0.322,0.44564444747420007,fc_corr,peak_value,none
triploid,dry_tissue_weight,fc_corr|value_2h|none,52,0.334841628959276,0.015250435201332634,0.25081790276749405,0.357,0.44564444747420007,fc_corr,value_2h,none
triploid,dry_tissue_weight,fc_corr_mm|rate_h2|none,52,0.33287799880474683,0.01589690933033413,0.25081790276749405,0.363,0.44564444747420007,fc_corr_mm,rate_h2,none
triploid,dry_tissue_weight,fc_corr|value_3h|none,52,0.3281823614786989,0.01753820066766814,0.2535352757288906,0.383,0.44564444747420007,fc_corr,value_3h,none
triploid,dry_tissue_weight,raw_delta_mm|rate_h2|none,52,0.3211815931016819,0.020251445502083572,0.2535352757288906,0.418,0.44564444747420007,raw_delta_mm,rate_h2,none
triploid,dry_tissue_weight,fc_corr|auc_total|none,52,0.3180227098096133,0.021587336115322455,0.2535352757288906,0.434,0.44564444747420007,fc_corr,auc_total,none
triploid,dry_tissue_weight,fc_corr_mm|sat_asymptote|none,49,0.3053061224489796,0.03290875974255771,0.2535352757288906,0.489,0.44564444747420007,fc_corr_mm,sat_asymptote,none
triploid,dry_tissue_weight,raw_rfu|lin_slope|none,52,0.3037650473832494,0.028578593446548124,0.2535352757288906,0.499,0.44564444747420007,raw_rfu,lin_slope,none
triploid,dry_tissue_weight,raw_delta|auc_late|none,52,0.3011184154358405,0.030064880378865164,0.2535352757288906,0.515,0.44564444747420007,raw_delta,auc_late,none
triploid,dry_tissue_weight,fc_corr_mm|delta_auc_late_minus_early|resid,52,0.30103304021173055,0.030113877477726866,0.2535352757288906,0.516,0.44564444747420007,fc_corr_mm,delta_auc_late_minus_early,resid
triploid,dry_tissue_weight,fc_corr|auc_0_3h|none,52,0.29795953214377185,0.031922598426676906,0.2535352757288906,0.533,0.44564444747420007,fc_corr,auc_0_3h,none
triploid,dry_tissue_weight,raw_rfu|final_delta|none,52,0.297703406471442,0.03207731575513863,0.2535352757288906,0.535,0.44564444747420007,raw_rfu,final_delta,none
triploid,dry_tissue_weight,fc_corr|peak_value|resid,52,0.2970204046785623,0.03249294406680872,0.2535352757288906,0.54,0.44564444747420007,fc_corr,peak_value,resid
triploid,dry_tissue_weight,raw_rfu|final_value|none,52,0.2957397763169128,0.03328430306158381,0.2535352757288906,0.547,0.44564444747420007,raw_rfu,final_value,none
triploid,dry_tissue_weight,raw_rfu|metabolic_scope|none,52,0.29488602407581316,0.033820707342707465,0.2535352757288906,0.553,0.44564444747420007,raw_rfu,metabolic_scope,none
triploid,dry_tissue_weight,fc_corr_mm|value_2h|resid,52,0.29471527362759325,0.03392884356152332,0.2535352757288906,0.553,0.44564444747420007,fc_corr_mm,value_2h,resid
triploid,dry_tissue_weight,fc_corr|delta_auc_late_minus_early|resid,52,0.2946298984034833,0.033983019045717947,0.2535352757288906,0.553,0.44564444747420007,fc_corr,delta_auc_late_minus_early,resid
triploid,dry_tissue_weight,raw_rfu|peak_value|none,52,0.29445914795526335,0.034091585113853067,0.2535352757288906,0.553,0.44564444747420007,raw_rfu,peak_value,none
triploid,dry_tissue_weight,raw_rfu|auc_late|none,52,0.28976351062921535,0.037191677937878996,0.2535352757288906,0.574,0.44564444747420007,raw_rfu,auc_late,none
triploid,dry_tissue_weight,fc_corr|auc_late|resid,52,0.2895927601809955,0.03730865269687234,0.2535352757288906,0.575,0.44564444747420007,fc_corr,auc_late,resid
triploid,dry_tissue_weight,fc_corr_mm|auc_late|resid,52,0.2895927601809955,0.03730865269687234,0.2535352757288906,0.575,0.44564444747420007,fc_corr_mm,auc_late,resid
triploid,dry_tissue_weight,raw_rfu|mean_rate|none,52,0.2889097583881158,0.037779591971752846,0.2535352757288906,0.578,0.44564444747420007,raw_rfu,mean_rate,none
triploid,dry_tissue_weight,fc_corr_mm|peak_value|resid,52,0.28472637240672755,0.04077222174655886,0.2535352757288906,0.606,0.44564444747420007,fc_corr_mm,peak_value,resid
triploid,dry_tissue_weight,fc_corr_mm|auc_total|resid,52,0.2842141210620678,0.041151693546507134,0.2535352757288906,0.613,0.44564444747420007,fc_corr_mm,auc_total,resid
triploid,dry_tissue_weight,fc_corr_mm|value_3h|resid,52,0.283616494493298,0.041598071830434444,0.2535352757288906,0.615,0.44564444747420007,fc_corr_mm,value_3h,resid
triploid,dry_tissue_weight,raw_delta|value_4h|none,52,0.2799453598565696,0.044428091894317,0.2535352757288906,0.634,0.44564444747420007,raw_delta,value_4h,none
triploid,dry_tissue_weight,raw_delta|value_3h|none,52,0.2788354819431401,0.04531403803380459,0.2535352757288906,0.64,0.44564444747420007,raw_delta,value_3h,none
triploid,dry_tissue_weight,raw_rfu|value_4h|none,52,0.27857935627081015,0.04552052404144736,0.2535352757288906,0.641,0.44564444747420007,raw_rfu,value_4h,none
triploid,dry_tissue_weight,fc_corr|value_4h|resid,52,0.2778963544779305,0.04607491411357324,0.2535352757288906,0.649,0.44564444747420007,fc_corr,value_4h,resid
triploid,dry_tissue_weight,raw_rfu|depression_abs|none,52,0.2765940018273499,0.04714730550771344,0.2535352757288906,0.658,0.44564444747420007,raw_rfu,depression_abs,none
triploid,dry_tissue_weight,fc_corr|final_value|resid,52,0.27524972253052166,0.048275480113287306,0.2535352757288906,0.663,0.44564444747420007,fc_corr,final_value,resid
triploid,dry_tissue_weight,fc_corr|depression_abs|none,52,0.2747419186433077,0.04870733012718089,0.2535352757288906,0.664,0.44564444747420007,fc_corr,depression_abs,none
triploid,dry_tissue_weight,raw_rfu|value_3h|none,52,0.2742252198412021,0.04914996713063934,0.2535352757288906,0.665,0.44564444747420007,raw_rfu,value_3h,none
triploid,dry_tissue_weight,fc_corr|mean_rate|resid,52,0.27294459147955263,0.05026115465690247,0.2535352757288906,0.671,0.44564444747420007,fc_corr,mean_rate,resid
triploid,dry_tissue_weight,fc_corr|value_3h|resid,52,0.2728592162554426,0.05033595373681672,0.2535352757288906,0.672,0.44564444747420007,fc_corr,value_3h,resid
triploid,dry_tissue_weight,fc_corr_mm|depression_abs|none,52,0.2724999232099935,0.05065173001359222,0.2535352757288906,0.676,0.44564444747420007,fc_corr_mm,depression_abs,none
triploid,dry_tissue_weight,fc_corr|value_2h|resid,52,0.27174933834201315,0.051316597956608596,0.2535352757288906,0.681,0.44564444747420007,fc_corr,value_2h,resid
triploid,dry_tissue_weight,raw_rfu|metabolic_depression_index|none,52,0.2717200987114494,0.05134264106616278,0.2535352757288906,0.681,0.44564444747420007,raw_rfu,metabolic_depression_index,none
triploid,dry_tissue_weight,raw_rfu|resilience_ratio|none,52,-0.2717200987114494,0.05134264106616278,0.2535352757288906,0.681,0.44564444747420007,raw_rfu,resilience_ratio,none
triploid,dry_tissue_weight,raw_delta|resilience_ratio|none,52,-0.2717200987114494,0.05134264106616278,0.2535352757288906,0.681,0.44564444747420007,raw_delta,resilience_ratio,none
triploid,dry_tissue_weight,fc_corr|metabolic_depression_index|none,52,0.2717200987114494,0.05134264106616278,0.2535352757288906,0.681,0.44564444747420007,fc_corr,metabolic_depression_index,none
triploid,dry_tissue_weight,fc_corr|resilience_ratio|none,52,-0.2717200987114494,0.05134264106616278,0.2535352757288906,0.681,0.44564444747420007,fc_corr,resilience_ratio,none
triploid,dry_tissue_weight,raw_delta_mm|depression_abs|none,52,0.2712327083998594,0.0517783309587171,0.2535352757288906,0.683,0.44564444747420007,raw_delta_mm,depression_abs,none
triploid,dry_tissue_weight,fc_corr_mm|lin_slope|resid,52,0.2700418338598139,0.05285550781626571,0.25442312236982134,0.689,0.44564444747420007,fc_corr_mm,lin_slope,resid
triploid,dry_tissue_weight,fc_corr_mm|final_value|resid,52,0.26440706906855627,0.05820106768839337,0.2646801979914657,0.711,0.44564444747420007,fc_corr_mm,final_value,resid
triploid,dry_tissue_weight,fc_corr_mm|mean_rate|resid,52,0.26440706906855627,0.05820106768839337,0.2646801979914657,0.711,0.44564444747420007,fc_corr_mm,mean_rate,resid
triploid,dry_tissue_weight,fc_corr|lin_slope|resid,52,0.26398019294800645,0.05862315995088861,0.2646801979914657,0.712,0.44564444747420007,fc_corr,lin_slope,resid
triploid,dry_tissue_weight,fc_corr_mm|value_4h|resid,52,0.26329719115512673,0.059303631010815594,0.2646801979914657,0.713,0.44564444747420007,fc_corr_mm,value_4h,resid
triploid,dry_tissue_weight,raw_delta|value_2h|none,52,0.2629556902586869,0.05964624180089367,0.2646801979914657,0.715,0.44564444747420007,raw_delta,value_2h,none
triploid,dry_tissue_weight,fc_corr|auc_total|resid,52,0.2610774353282677,0.0615591591649317,0.26896617235139386,0.725,0.44564444747420007,fc_corr,auc_total,resid
triploid,dry_tissue_weight,raw_delta_mm|delta_auc_late_minus_early|resid,52,0.2578331768120891,0.06497902263593422,0.2796067034637169,0.746,0.44564444747420007,raw_delta_mm,delta_auc_late_minus_early,resid
triploid,dry_tissue_weight,fc_corr_mm|delta_auc_late_minus_early|none,52,0.25646717322632967,0.0664636790050124,0.2817266393645302,0.757,0.44564444747420007,fc_corr_mm,delta_auc_late_minus_early,none
triploid,dry_tissue_weight,raw_delta|auc_total|none,52,0.2541620421753607,0.06903035042373767,0.2883032282403162,0.769,0.44564444747420007,raw_delta,auc_total,none
triploid,dry_tissue_weight,raw_rfu|auc_total|none,52,0.2506616579868522,0.07307819200001298,0.29978041112957554,0.785,0.44564444747420007,raw_rfu,auc_total,none
triploid,dry_tissue_weight,raw_rfu|value_2h|none,52,0.2499786561939725,0.07388953795447285,0.29978041112957554,0.789,0.44564444747420007,raw_rfu,value_2h,none
triploid,dry_tissue_weight,raw_delta|auc_0_3h|none,52,0.24801502603944334,0.0762619777682862,0.3050479110731448,0.797,0.44564444747420007,raw_delta,auc_0_3h,none
triploid,dry_tissue_weight,raw_delta_mm|value_2h|resid,52,0.24570989498847431,0.0791234358756812,0.312097997065187,0.807,0.44564444747420007,raw_delta_mm,value_2h,resid
triploid,dry_tissue_weight,fc_corr|rate_cv|resid,52,-0.24314863826517544,0.0824014192778828,0.31795590615520436,0.823,0.44564444747420007,fc_corr,rate_cv,resid
triploid,dry_tissue_weight,raw_rfu|rate_cv|resid,52,-0.2420387603517459,0.08385461642358168,0.31795590615520436,0.829,0.44564444747420007,raw_rfu,rate_cv,resid
triploid,dry_tissue_weight,raw_rfu|auc_0_3h|none,52,0.24195338512763595,0.08396722873817017,0.31795590615520436,0.829,0.44564444747420007,raw_rfu,auc_0_3h,none
triploid,dry_tissue_weight,fc_corr_mm|auc_0_3h|resid,52,0.2397336293007769,0.08693702752791999,0.3233414972653198,0.84,0.44564444747420007,fc_corr_mm,auc_0_3h,resid
triploid,dry_tissue_weight,raw_rfu|sat_k|resid,49,-0.23948979591836733,0.097445086285372,0.32376244768926143,0.843,0.44564444747420007,raw_rfu,sat_k,resid
triploid,dry_tissue_weight,raw_delta_mm|sat_k|resid,49,-0.23948979591836733,0.097445086285372,0.32376244768926143,0.843,0.44564444747420007,raw_delta_mm,sat_k,resid
triploid,dry_tissue_weight,raw_rfu|delta_auc_late_minus_early|resid,52,0.23905062750789718,0.08786716155488931,0.3233414972653198,0.847,0.44564444747420007,raw_rfu,delta_auc_late_minus_early,resid
triploid,dry_tissue_weight,fc_corr_mm|peak_value|none,52,0.23836762571501746,0.08880505910808079,0.3233414972653198,0.848,0.44564444747420007,fc_corr_mm,peak_value,none
triploid,dry_tissue_weight,fc_corr|sat_k|resid,49,-0.23724489795918366,0.10072053778291674,0.32376244768926143,0.852,0.44564444747420007,fc_corr,sat_k,resid
triploid,dry_tissue_weight,fc_corr_mm|sat_k|resid,49,-0.23724489795918366,0.10072053778291674,0.32376244768926143,0.852,0.44564444747420007,fc_corr_mm,sat_k,resid
triploid,dry_tissue_weight,fc_corr_mm|lin_slope|none,52,0.23478186630239903,0.09385796019564543,0.32376244768926143,0.86,0.44564444747420007,fc_corr_mm,lin_slope,none
triploid,dry_tissue_weight,raw_rfu|metabolic_scope|resid,52,0.23426961495773924,0.09459769325743532,0.32376244768926143,0.864,0.44564444747420007,raw_rfu,metabolic_scope,resid
triploid,dry_tissue_weight,fc_corr|auc_early|none,52,0.23375736361307947,0.09534194855363527,0.32376244768926143,0.866,0.44564444747420007,fc_corr,auc_early,none
triploid,dry_tissue_weight,raw_rfu|time_to_peak|none,52,-0.23356907570776114,0.09561665389263754,0.32376244768926143,0.866,0.44564444747420007,raw_rfu,time_to_peak,none
triploid,dry_tissue_weight,raw_delta_mm|peak_value|resid,52,0.23153760778622043,0.09861971403593778,0.32376244768926143,0.868,0.44564444747420007,raw_delta_mm,peak_value,resid
triploid,dry_tissue_weight,raw_rfu|peak_value|resid,52,0.23111073166567062,0.09925993661093539,0.32376244768926143,0.868,0.44564444747420007,raw_rfu,peak_value,resid
triploid,dry_tissue_weight,raw_delta_mm|lin_slope|resid,52,0.22965935285580122,0.10146076705755025,0.32376244768926143,0.871,0.44564444747420007,raw_delta_mm,lin_slope,resid
triploid,dry_tissue_weight,fc_corr|sat_asymptote|resid,49,0.2280612244897959,0.11501064783158939,0.3403957787430971,0.877,0.44564444747420007,fc_corr,sat_asymptote,resid
triploid,dry_tissue_weight,fc_corr_mm|sat_asymptote|resid,49,0.22795918367346935,0.11517766363705881,0.3403957787430971,0.877,0.44564444747420007,fc_corr_mm,sat_asymptote,resid
triploid,dry_tissue_weight,fc_corr_mm|auc_late|none,52,0.22778109792538204,0.10436460282394709,0.32932830224445525,0.878,0.44564444747420007,fc_corr_mm,auc_late,none
triploid,dry_tissue_weight,fc_corr|auc_0_3h|resid,52,0.22590284299496285,0.1073320199180891,0.3349702599641462,0.884,0.44564444747420007,fc_corr,auc_0_3h,resid
triploid,dry_tissue_weight,fc_corr|auc_0_2h|none,52,0.22428071373687353,0.10994656510942637,0.33940026620735964,0.885,0.44564444747420007,fc_corr,auc_0_2h,none
triploid,dry_tissue_weight,fc_corr_mm|value_2h|none,52,0.2218048322376846,0.11403090273339507,0.3403957787430971,0.898,0.44564444747420007,fc_corr_mm,value_2h,none
triploid,dry_tissue_weight,raw_delta_mm|sat_asymptote|none,49,0.22030612244897957,0.12823748670416535,0.3435796813583298,0.902,0.44564444747420007,raw_delta_mm,sat_asymptote,none
triploid,dry_tissue_weight,raw_rfu|lin_slope|resid,52,0.2197558268590455,0.11749779510783591,0.3403957787430971,0.902,0.44564444747420007,raw_rfu,lin_slope,resid
triploid,dry_tissue_weight,raw_delta_mm|mean_rate|resid,52,0.218560573721506,0.11955686069317879,0.3403957787430971,0.905,0.44564444747420007,raw_delta_mm,mean_rate,resid
triploid,dry_tissue_weight,raw_delta_mm|final_value|resid,52,0.2176214462562964,0.12119383546668266,0.3403957787430971,0.907,0.44564444747420007,raw_delta_mm,final_value,resid
triploid,dry_tissue_weight,fc_corr|vmax|none,52,0.2171091949116366,0.12209386649223908,0.3403957787430971,0.908,0.44564444747420007,fc_corr,vmax,none
triploid,dry_tissue_weight,raw_rfu|time_to_peak|resid,52,-0.21685306923930675,0.12254577722410537,0.3403957787430971,0.909,0.44564444747420007,raw_rfu,time_to_peak,resid
triploid,dry_tissue_weight,raw_delta_mm|auc_late|resid,52,0.21676769401519677,0.122696695377533,0.3403957787430971,0.909,0.44564444747420007,raw_delta_mm,auc_late,resid
triploid,dry_tissue_weight,fc_corr_mm|auc_total|none,52,0.2164261931187569,0.1233017760798842,0.3403957787430971,0.909,0.44564444747420007,fc_corr_mm,auc_total,none
triploid,dry_tissue_weight,fc_corr_mm|value_3h|none,52,0.21634081789464696,0.12345339862865845,0.3403957787430971,0.909,0.44564444747420007,fc_corr_mm,value_3h,none
triploid,dry_tissue_weight,raw_delta_mm|value_4h|resid,52,0.21523093998121742,0.12543735637066628,0.34254047316605024,0.914,0.44564444747420007,raw_delta_mm,value_4h,resid
triploid,dry_tissue_weight,fc_corr_mm|mean_rate|none,52,0.21429181251600785,0.12713482726500594,0.3435796813583298,0.917,0.44564444747420007,fc_corr_mm,mean_rate,none
triploid,dry_tissue_weight,raw_rfu|value_4h|resid,52,0.21104755399982922,0.13313230103261967,0.3462281669145159,0.923,0.44564444747420007,raw_rfu,value_4h,resid
triploid,dry_tissue_weight,raw_delta|value_2h|resid,52,0.21053530265516945,0.1340983613993806,0.3462281669145159,0.923,0.44564444747420007,raw_delta,value_2h,resid
triploid,dry_tissue_weight,raw_delta|value_4h|resid,52,0.2104499274310595,0.13425988120487306,0.3462281669145159,0.923,0.44564444747420007,raw_delta,value_4h,resid
triploid,dry_tissue_weight,fc_corr_mm|value_4h|none,52,0.2101938017587296,0.1347453158090164,0.3462281669145159,0.923,0.44564444747420007,fc_corr_mm,value_4h,none
triploid,dry_tissue_weight,raw_delta|auc_late|resid,52,0.2095107999658499,0.13604623788417566,0.3462281669145159,0.926,0.44564444747420007,raw_delta,auc_late,resid
triploid,dry_tissue_weight,raw_rfu|baseline_value|none,52,-0.20908392384530008,0.13686407500313255,0.3462281669145159,0.929,0.44564444747420007,raw_rfu,baseline_value,none
triploid,dry_tissue_weight,raw_delta_mm|value_3h|resid,52,0.20763254503543072,0.13967223796160902,0.3462281669145159,0.931,0.44564444747420007,raw_delta_mm,value_3h,resid
triploid,dry_tissue_weight,fc_corr_mm|final_value|none,52,0.20618116622556132,0.1425231730915144,0.3462281669145159,0.932,0.44564444747420007,fc_corr_mm,final_value,none
triploid,dry_tissue_weight,raw_rfu|inflection_time|none,52,0.20608052321486195,0.1427224595641889,0.3462281669145159,0.932,0.44564444747420007,raw_rfu,inflection_time,none
triploid,dry_tissue_weight,raw_rfu|auc_late|resid,52,0.20541278920857167,0.14404991662599792,0.3462281669145159,0.932,0.44564444747420007,raw_rfu,auc_late,resid
triploid,dry_tissue_weight,raw_delta_mm|delta_auc_late_minus_early|none,52,0.20524203876035174,0.14439083781142406,0.3462281669145159,0.933,0.44564444747420007,raw_delta_mm,delta_auc_late_minus_early,none
triploid,dry_tissue_weight,raw_rfu|value_2h|resid,52,0.2050712883121318,0.14473235822966576,0.3462281669145159,0.933,0.44564444747420007,raw_rfu,value_2h,resid
triploid,dry_tissue_weight,raw_delta|value_3h|resid,52,0.20490053786391188,0.1450744783902373,0.3462281669145159,0.933,0.44564444747420007,raw_delta,value_3h,resid
triploid,dry_tissue_weight,raw_rfu|mean_rate|resid,52,0.20379065995048234,0.14731291319381962,0.3486405612253731,0.938,0.44564444747420007,raw_rfu,mean_rate,resid
triploid,dry_tissue_weight,raw_rfu|final_value|resid,52,0.20259540681294289,0.14975205610403597,0.3498288571702133,0.94,0.44564444747420007,raw_rfu,final_value,resid
triploid,dry_tissue_weight,raw_rfu|final_delta|resid,52,0.20233928114061298,0.1502785935731198,0.3498288571702133,0.94,0.44564444747420007,raw_rfu,final_delta,resid
triploid,dry_tissue_weight,raw_rfu|value_3h|resid,52,0.20157090412362333,0.15186641753433788,0.3506509152825363,0.94,0.44564444747420007,raw_rfu,value_3h,resid
triploid,dry_tissue_weight,raw_rfu|t_half|none,52,0.19747289336634508,0.16054450218443217,0.36769869855144144,0.946,0.44564444747420007,raw_rfu,t_half,none
triploid,dry_tissue_weight,fc_corr|t_half|none,52,0.19678989157346535,0.16202547491520974,0.3681218790073565,0.95,0.44564444747420007,fc_corr,t_half,none
triploid,dry_tissue_weight,raw_delta_mm|auc_total|resid,52,0.19397250917783657,0.16824022655371615,0.37920812969250306,0.958,0.44564444747420007,raw_delta_mm,auc_total,resid
triploid,dry_tissue_weight,raw_delta_mm|sat_asymptote|resid,49,0.19173469387755102,0.18690908956018662,0.41417633160488254,0.965,0.44564444747420007,raw_delta_mm,sat_asymptote,resid
triploid,dry_tissue_weight,raw_rfu|n_negative_intervals|none,52,0.18633272683206104,0.18596223802658254,0.41417633160488254,0.972,0.44564444747420007,raw_rfu,n_negative_intervals,none
triploid,dry_tissue_weight,raw_rfu|sat_asymptote|resid,49,0.18581632653061222,0.20114281984848614,0.43276182452250045,0.973,0.44564444747420007,raw_rfu,sat_asymptote,resid
triploid,dry_tissue_weight,raw_delta|auc_early|none,52,0.18543498676684023,0.18812939005996426,0.41417633160488254,0.975,0.44564444747420007,raw_delta,auc_early,none
triploid,dry_tissue_weight,raw_rfu|frac_auc_first_half|resid,52,-0.18312985571587126,0.19377661140786842,0.42332736646026636,0.978,0.44564444747420007,raw_rfu,frac_auc_first_half,resid
triploid,dry_tissue_weight,raw_delta_mm|peak_value|none,52,0.18031247332024247,0.20084134152758648,0.43276182452250045,0.981,0.44564444747420007,raw_delta_mm,peak_value,none
triploid,dry_tissue_weight,raw_delta_mm|final_value|none,52,0.17877571928626312,0.20477073429699644,0.43375021501756555,0.981,0.44564444747420007,raw_delta_mm,final_value,none
triploid,dry_tissue_weight,fc_corr_mm|auc_0_3h|none,52,0.17783659182105352,0.20719854601033424,0.43375021501756555,0.982,0.44564444747420007,fc_corr_mm,auc_0_3h,none
triploid,dry_tissue_weight,raw_delta_mm|lin_slope|none,52,0.17732434047639373,0.20853130984178764,0.43375021501756555,0.983,0.44564444747420007,raw_delta_mm,lin_slope,none
triploid,dry_tissue_weight,raw_delta|frac_auc_first_half|resid,52,-0.1764705882352941,0.21076594955078892,0.43375021501756555,0.984,0.44564444747420007,raw_delta,frac_auc_first_half,resid
triploid,dry_tissue_weight,fc_corr|frac_auc_first_half|resid,52,-0.1764705882352941,0.21076594955078892,0.43375021501756555,0.984,0.44564444747420007,fc_corr,frac_auc_first_half,resid
triploid,dry_tissue_weight,raw_delta_mm|depression_abs|resid,52,0.1764705882352941,0.21076594955078892,0.43375021501756555,0.984,0.44564444747420007,raw_delta_mm,depression_abs,resid
triploid,dry_tissue_weight,raw_delta_mm|auc_late|none,52,0.17527533509775464,0.21392258070480735,0.4340036500411189,0.986,0.44564444747420007,raw_delta_mm,auc_late,none
triploid,dry_tissue_weight,raw_rfu|auc_early|none,52,0.17518995987364466,0.21414931280581256,0.4340036500411189,0.986,0.44564444747420007,raw_rfu,auc_early,none
triploid,dry_tissue_weight,raw_delta_mm|auc_0_3h|resid,52,0.17408008196021513,0.21711213107920255,0.4340036500411189,0.986,0.44564444747420007,raw_delta_mm,auc_0_3h,resid
triploid,dry_tissue_weight,raw_rfu|auc_0_2h|none,52,0.17365320583966531,0.21825925342894076,0.4340036500411189,0.99,0.44564444747420007,raw_rfu,auc_0_2h,none
triploid,dry_tissue_weight,fc_corr_mm|depression_abs|resid,52,0.172116451805686,0.22242383635739893,0.4340036500411189,0.99,0.44564444747420007,fc_corr_mm,depression_abs,resid
triploid,dry_tissue_weight,raw_delta|auc_0_2h|none,52,0.17194570135746606,0.22288994969252707,0.4340036500411189,0.99,0.44564444747420007,raw_delta,auc_0_2h,none
triploid,dry_tissue_weight,raw_delta_mm|mean_rate|none,52,0.17057969777170665,0.22664326462070322,0.4340036500411189,0.99,0.44564444747420007,raw_delta_mm,mean_rate,none
triploid,dry_tissue_weight,raw_delta|auc_0_3h|resid,52,0.17032357209937674,0.22735184854209511,0.4340036500411189,0.99,0.44564444747420007,raw_delta,auc_0_3h,resid
triploid,dry_tissue_weight,fc_corr|quad_coef|none,52,-0.16955519508238706,0.2294867820890306,0.4340036500411189,0.99,0.44564444747420007,fc_corr,quad_coef,none
triploid,dry_tissue_weight,raw_delta_mm|value_2h|none,52,0.16835994194484757,0.2328352086391856,0.4340036500411189,0.99,0.44564444747420007,raw_delta_mm,value_2h,none
triploid,dry_tissue_weight,raw_delta_mm|rate_h3|resid,52,-0.1679330658242978,0.23403917814081163,0.4340036500411189,0.99,0.44564444747420007,raw_delta_mm,rate_h3,resid
triploid,dry_tissue_weight,raw_rfu|resilience_ratio|resid,52,-0.16733543925552802,0.23573191083554287,0.4340036500411189,0.991,0.44564444747420007,raw_rfu,resilience_ratio,resid
triploid,dry_tissue_weight,fc_corr|metabolic_depression_index|resid,52,0.16707931358319816,0.23645993250339944,0.4340036500411189,0.991,0.44564444747420007,fc_corr,metabolic_depression_index,resid
triploid,dry_tissue_weight,fc_corr|resilience_ratio|resid,52,-0.16707931358319816,0.23645993250339944,0.4340036500411189,0.991,0.44564444747420007,fc_corr,resilience_ratio,resid
triploid,dry_tissue_weight,raw_delta_mm|value_4h|none,52,0.16656706223853837,0.23792059654394337,0.4340036500411189,0.991,0.44564444747420007,raw_delta_mm,value_4h,none
triploid,dry_tissue_weight,raw_rfu|metabolic_depression_index|resid,52,0.16537180910099886,0.24135280133753942,0.4340036500411189,0.991,0.44564444747420007,raw_rfu,metabolic_depression_index,resid
triploid,dry_tissue_weight,raw_delta|resilience_ratio|resid,52,-0.16537180910099886,0.24135280133753942,0.4340036500411189,0.991,0.44564444747420007,raw_delta,resilience_ratio,resid
triploid,dry_tissue_weight,raw_rfu|late_early_auc_ratio|none,52,0.16451805685989923,0.24382496987670255,0.4340036500411189,0.992,0.44564444747420007,raw_rfu,late_early_auc_ratio,none
triploid,dry_tissue_weight,raw_rfu|frac_auc_first_half|none,52,-0.16451805685989923,0.24382496987670255,0.4340036500411189,0.992,0.44564444747420007,raw_rfu,frac_auc_first_half,none
triploid,dry_tissue_weight,raw_delta|auc_total|resid,52,0.16417655596345937,0.24481864921142815,0.4340036500411189,0.992,0.44564444747420007,raw_delta,auc_total,resid
triploid,dry_tissue_weight,raw_rfu|vmax|none,52,0.16400580551523947,0.24531652080269037,0.4340036500411189,0.992,0.44564444747420007,raw_rfu,vmax,none
triploid,dry_tissue_weight,raw_rfu|rate_cv|none,52,-0.16357892939468965,0.24656421112430812,0.4340036500411189,0.992,0.44564444747420007,raw_rfu,rate_cv,none
triploid,dry_tissue_weight,raw_delta_mm|value_3h|none,52,0.1632374284982498,0.24756546234739882,0.4340036500411189,0.992,0.44564444747420007,raw_delta_mm,value_3h,none
triploid,dry_tissue_weight,raw_rfu|auc_total|resid,52,0.1632374284982498,0.24756546234739882,0.4340036500411189,0.992,0.44564444747420007,raw_rfu,auc_total,resid
triploid,dry_tissue_weight,fc_corr|rate_cv|none,52,-0.1625544267053701,0.24957623509287585,0.43481708639075145,0.992,0.44564444747420007,fc_corr,rate_cv,none
triploid,dry_tissue_weight,raw_rfu|t_half|resid,52,0.16204217536071033,0.25109155692987056,0.43481708639075145,0.992,0.44564444747420007,raw_rfu,t_half,resid
triploid,dry_tissue_weight,raw_delta|late_early_auc_ratio|none,52,0.15982241953385126,0.25772980494551556,0.4356860988364668,0.996,0.44564444747420007,raw_delta,late_early_auc_ratio,none
triploid,dry_tissue_weight,raw_delta|frac_auc_first_half|none,52,-0.15982241953385126,0.25772980494551556,0.4356860988364668,0.996,0.44564444747420007,raw_delta,frac_auc_first_half,none
triploid,dry_tissue_weight,fc_corr|late_early_auc_ratio|none,52,0.15982241953385126,0.25772980494551556,0.4356860988364668,0.996,0.44564444747420007,fc_corr,late_early_auc_ratio,none
triploid,dry_tissue_weight,fc_corr|frac_auc_first_half|none,52,-0.15982241953385126,0.25772980494551556,0.4356860988364668,0.996,0.44564444747420007,fc_corr,frac_auc_first_half,none
triploid,dry_tissue_weight,raw_rfu|auc_0_3h|resid,52,0.15922479296508152,0.2595370059100086,0.4361450276830914,0.996,0.44564444747420007,raw_rfu,auc_0_3h,resid
triploid,dry_tissue_weight,raw_rfu|rate_h3|resid,52,-0.1583710407239819,0.2621334489732704,0.43791705593181646,0.996,0.44564444747420007,raw_rfu,rate_h3,resid
triploid,dry_tissue_weight,fc_corr|t_half|resid,52,0.1574319132587723,0.265009567244764,0.4401328485234677,0.996,0.44564444747420007,fc_corr,t_half,resid
triploid,dry_tissue_weight,raw_delta_mm|rate_h3|none,52,-0.15384615384615385,0.27618450016071916,0.45602557003281535,0.996,0.44564444747420007,raw_delta_mm,rate_h3,none
triploid,dry_tissue_weight,raw_rfu|depression_abs|resid,52,0.1506872705540852,0.28628358903137874,0.4699684351728992,0.997,0.44564444747420007,raw_rfu,depression_abs,resid
triploid,dry_tissue_weight,fc_corr|depression_abs|resid,52,0.1493212669683258,0.2907247284096506,0.47451622338126875,0.997,0.44564444747420007,fc_corr,depression_abs,resid
triploid,dry_tissue_weight,raw_rfu|sat_k|none,49,-0.14795918367346936,0.31030850941793253,0.4813284104728725,0.997,0.44564444747420007,raw_rfu,sat_k,none
triploid,dry_tissue_weight,fc_corr|sat_k|none,49,-0.14795918367346936,0.31030850941793253,0.4813284104728725,0.997,0.44564444747420007,fc_corr,sat_k,none
triploid,dry_tissue_weight,fc_corr_mm|sat_k|none,49,-0.14795918367346936,0.31030850941793253,0.4813284104728725,0.997,0.44564444747420007,fc_corr_mm,sat_k,none
triploid,dry_tissue_weight,raw_delta_mm|sat_k|none,49,-0.14795918367346936,0.31030850941793253,0.4813284104728725,0.997,0.44564444747420007,raw_delta_mm,sat_k,none
triploid,dry_tissue_weight,raw_delta_mm|auc_total|none,52,0.14676001024502688,0.2991723491668687,0.4813284104728725,0.997,0.44564444747420007,raw_delta_mm,auc_total,none
triploid,dry_tissue_weight,raw_rfu|baseline_value|resid,52,-0.14667463502091693,0.2994566439201687,0.4813284104728725,0.997,0.44564444747420007,raw_rfu,baseline_value,resid
triploid,dry_tissue_weight,fc_corr_mm|rate_h3|resid,52,-0.14385725262528812,0.3089363744412815,0.4813284104728725,0.998,0.44564444747420007,fc_corr_mm,rate_h3,resid
triploid,dry_tissue_weight,fc_corr|auc_early|resid,52,0.14368650217706821,0.3095170174994685,0.4813284104728725,0.998,0.44564444747420007,fc_corr,auc_early,resid
triploid,dry_tissue_weight,raw_rfu|time_to_vmax|none,52,0.14306682904529122,0.3116301065207744,0.4813284104728725,0.998,0.44564444747420007,raw_rfu,time_to_vmax,none
triploid,dry_tissue_weight,fc_corr|rate_h3|resid,52,-0.1430035003841885,0.31184657579932584,0.4813284104728725,0.998,0.44564444747420007,fc_corr,rate_h3,resid
triploid,dry_tissue_weight,raw_rfu|late_early_auc_ratio|resid,52,0.14095449500554938,0.3189022981307186,0.48955812253580583,0.998,0.44564444747420007,raw_rfu,late_early_auc_ratio,resid
triploid,dry_tissue_weight,fc_corr|auc_0_2h|resid,52,0.13967386664389994,0.32336316905068985,0.493737311883849,0.998,0.44564444747420007,fc_corr,auc_0_2h,resid
triploid,dry_tissue_weight,raw_delta|late_early_auc_ratio|resid,52,0.13779561171348073,0.3299767393071299,0.5011411441883684,0.998,0.44564444747420007,raw_delta,late_early_auc_ratio,resid
triploid,dry_tissue_weight,fc_corr|late_early_auc_ratio|resid,52,0.13660035857594124,0.334229266032538,0.5048995295385149,0.998,0.44564444747420007,fc_corr,late_early_auc_ratio,resid
triploid,dry_tissue_weight,raw_rfu|max_drop|none,52,0.13401930277730947,0.34352852560391545,0.5162015940291639,1,0.44564444747420007,raw_rfu,max_drop,none
triploid,dry_tissue_weight,fc_corr|max_drop|none,52,0.13201152296042093,0.3508720049926235,0.5218327357767197,1,0.44564444747420007,fc_corr,max_drop,none
triploid,dry_tissue_weight,fc_corr_mm|rate_h3|none,52,-0.13199009647400323,0.35095088920194883,0.5218327357767197,1,0.44564444747420007,fc_corr_mm,rate_h3,none
triploid,dry_tissue_weight,fc_corr_mm|auc_early|resid,52,0.1304533424400239,0.35663703842594363,0.5275256193383749,1,0.44564444747420007,fc_corr_mm,auc_early,resid
triploid,dry_tissue_weight,fc_corr_mm|max_drop|none,52,0.1287260650782397,0.36309490590400384,0.5319020882328903,1,0.44564444747420007,fc_corr_mm,max_drop,none
triploid,dry_tissue_weight,raw_rfu|stability_cv|resid,52,0.12866046273371468,0.3633415673140167,0.5319020882328903,1,0.44564444747420007,raw_rfu,stability_cv,resid
triploid,dry_tissue_weight,fc_corr|initial_slope|none,52,0.12703833347562535,0.36947298600126566,0.5353588164508135,1,0.44564444747420007,fc_corr,initial_slope,none
triploid,dry_tissue_weight,fc_corr|auc_0_1h|none,52,0.12703833347562535,0.36947298600126566,0.5353588164508135,1,0.44564444747420007,fc_corr,auc_0_1h,none
triploid,dry_tissue_weight,raw_rfu|stability_cv|none,52,0.12592845556219584,0.3737038756517014,0.5374241747787033,1,0.44564444747420007,raw_rfu,stability_cv,none
triploid,dry_tissue_weight,raw_delta_mm|max_drop|none,52,0.12544060719605846,0.37557272883531345,0.5374241747787033,1,0.44564444747420007,raw_delta_mm,max_drop,none
triploid,dry_tissue_weight,fc_corr|vmax|resid,52,0.12456245197643644,0.37895084517011346,0.5374241747787033,1,0.44564444747420007,fc_corr,vmax,resid
triploid,dry_tissue_weight,fc_corr|quad_coef|resid,52,-0.12447707675232647,0.3792802334393758,0.5374241747787033,1,0.44564444747420007,fc_corr,quad_coef,resid
triploid,dry_tissue_weight,fc_corr_mm|auc_0_2h|resid,52,0.12387945018355671,0.38159072944738603,0.5374241747787033,1,0.44564444747420007,fc_corr_mm,auc_0_2h,resid
triploid,dry_tissue_weight,fc_corr_mm|vmax|resid,52,0.12370869973533678,0.38225240600457067,0.5374241747787033,1,0.44564444747420007,fc_corr_mm,vmax,resid
triploid,dry_tissue_weight,fc_corr|lin_r2|resid,52,0.12165969435669768,0.3902456159283355,0.5459593838603315,1,0.44564444747420007,fc_corr,lin_r2,resid
triploid,dry_tissue_weight,raw_rfu|quad_coef|none,52,-0.12063519166737813,0.39427887928783933,0.5488980476360116,1,0.44564444747420007,raw_rfu,quad_coef,none
triploid,dry_tissue_weight,raw_rfu|time_to_vmax|resid,52,0.11961068897805854,0.3983364959465897,0.5518417797503974,1,0.44564444747420007,raw_rfu,time_to_vmax,resid
triploid,dry_tissue_weight,raw_rfu|lin_r2|resid,52,0.11909843763339878,0.40037441570776244,0.5519724954417696,1,0.44564444747420007,raw_rfu,lin_r2,resid
triploid,dry_tissue_weight,fc_corr_mm|quad_coef|none,52,-0.11645180568598992,0.4110000499933142,0.5635337358501238,1,0.44564444747420007,fc_corr_mm,quad_coef,none
triploid,dry_tissue_weight,raw_rfu|n_negative_intervals|resid,52,0.11602492956544011,0.4127289332986822,0.5635337358501238,1,0.44564444747420007,raw_rfu,n_negative_intervals,resid
triploid,dry_tissue_weight,raw_delta|stability_cv|resid,52,0.11243917015282165,0.42741566133967734,0.5722446921635596,1,0.44564444747420007,raw_delta,stability_cv,resid
triploid,dry_tissue_weight,fc_corr|stability_cv|resid,52,0.11243917015282165,0.42741566133967734,0.5722446921635596,1,0.44564444747420007,fc_corr,stability_cv,resid
triploid,dry_tissue_weight,raw_delta|stability_cv|none,52,0.11226841970460172,0.4281223103797257,0.5722446921635596,1,0.44564444747420007,raw_delta,stability_cv,none
triploid,dry_tissue_weight,fc_corr|stability_cv|none,52,0.11226841970460172,0.4281223103797257,0.5722446921635596,1,0.44564444747420007,fc_corr,stability_cv,none
triploid,dry_tissue_weight,raw_delta_mm|auc_0_3h|none,52,0.11201229403227184,0.4291835191226697,0.5722446921635596,1,0.44564444747420007,raw_delta_mm,auc_0_3h,none
triploid,dry_tissue_weight,fc_corr_mm|vmax|none,52,0.11081704089473234,0.43415538539346465,0.5761688292137568,1,0.44564444747420007,fc_corr_mm,vmax,none
triploid,dry_tissue_weight,fc_corr_mm|auc_early|none,52,0.10569452744813454,0.4558251275947448,0.6021131917995699,1,0.44564444747420007,fc_corr_mm,auc_early,none
triploid,dry_tissue_weight,fc_corr_mm|quad_coef|resid,52,-0.10304789550072568,0.4672481012597359,0.6143447257303936,1,0.44564444747420007,fc_corr_mm,quad_coef,resid
triploid,dry_tissue_weight,fc_corr|min_slope|none,52,-0.1002305131050969,0.47957517764536106,0.6276467762731914,1,0.44564444747420007,fc_corr,min_slope,none
triploid,dry_tissue_weight,raw_delta_mm|quad_coef|resid,52,-0.09954751131221719,0.4825892495018742,0.6286942516446434,1,0.44564444747420007,raw_delta_mm,quad_coef,resid
triploid,dry_tissue_weight,raw_rfu|rate_last_first_ratio|none,52,-0.09784000683001791,0.49016788550629953,0.6352892822531194,1,0.44564444747420007,raw_rfu,rate_last_first_ratio,none
triploid,dry_tissue_weight,raw_rfu|time_to_min_slope|none,52,0.09694548751669242,0.49416277502276784,0.6352892822531194,1,0.44564444747420007,raw_rfu,time_to_min_slope,none
triploid,dry_tissue_weight,raw_rfu|rate_h3|none,52,-0.09690087936480832,0.494362434429364,0.6352892822531194,1,0.44564444747420007,raw_rfu,rate_h3,none
triploid,dry_tissue_weight,fc_corr|rate_last_first_ratio|none,52,-0.09613250234781866,0.49780813030781845,0.6368356261595516,1,0.44564444747420007,fc_corr,rate_last_first_ratio,none
triploid,dry_tissue_weight,raw_rfu|inflection_time|resid,52,0.09553487577904891,0.5004966592112179,0.6374038171120443,1,0.44564444747420007,raw_rfu,inflection_time,resid
triploid,dry_tissue_weight,raw_rfu|min_slope|none,52,-0.09493724921027917,0.5031926342325653,0.6379763755448595,1,0.44564444747420007,raw_rfu,min_slope,none
triploid,dry_tissue_weight,fc_corr|sat_r2|resid,49,0.0926530612244898,0.5266078237176511,0.6569268159989623,1,0.44564444747420007,fc_corr,sat_r2,resid
triploid,dry_tissue_weight,raw_rfu|sat_r2|resid,49,0.09051020408163266,0.5362542787680824,0.6621574572614582,1,0.44564444747420007,raw_rfu,sat_r2,resid
triploid,dry_tissue_weight,raw_rfu|quad_coef|resid,52,-0.09032698710834115,0.5242374391834004,0.6569268159989623,1,0.44564444747420007,raw_rfu,quad_coef,resid
triploid,dry_tissue_weight,raw_delta_mm|min_slope|none,52,-0.08972936053957141,0.5269971241339895,0.6569268159989623,1,0.44564444747420007,raw_delta_mm,min_slope,none
triploid,dry_tissue_weight,raw_delta_mm|auc_early|resid,52,0.08964398531546146,0.5273919508724063,0.6569268159989623,1,0.44564444747420007,raw_delta_mm,auc_early,resid
triploid,dry_tissue_weight,fc_corr_mm|min_slope|none,52,-0.08827798172970203,0.5337290084314957,0.6619171982294533,1,0.44564444747420007,fc_corr_mm,min_slope,none
triploid,dry_tissue_weight,fc_corr_mm|auc_0_2h|none,52,0.08247246649022454,0.5610705970070509,0.6898010803030409,1,0.44564444747420007,fc_corr_mm,auc_0_2h,none
triploid,dry_tissue_weight,raw_delta|auc_early|resid,52,0.08110646290446512,0.5675980673416303,0.6933328334368861,1,0.44564444747420007,raw_delta,auc_early,resid
triploid,dry_tissue_weight,fc_corr|rate_h3|none,52,-0.08085033723213524,0.5688258809535016,0.6933328334368861,1,0.44564444747420007,fc_corr,rate_h3,none
triploid,dry_tissue_weight,raw_delta_mm|auc_0_2h|resid,52,0.07897208230171604,0.577867225797909,0.6949386324858223,1,0.44564444747420007,raw_delta_mm,auc_0_2h,resid
triploid,dry_tissue_weight,raw_rfu|initial_slope|none,52,0.07888670707760607,0.5782797489604199,0.6949386324858223,1,0.44564444747420007,raw_rfu,initial_slope,none
triploid,dry_tissue_weight,raw_delta|auc_0_1h|none,52,0.07888670707760607,0.5782797489604199,0.6949386324858223,1,0.44564444747420007,raw_delta,auc_0_1h,none
triploid,dry_tissue_weight,raw_rfu|auc_early|resid,52,0.07854520618116621,0.5799311827434503,0.6949386324858223,1,0.44564444747420007,raw_rfu,auc_early,resid
triploid,dry_tissue_weight,raw_rfu|value_1h|none,52,0.07760607871595662,0.5844836442477412,0.6974510712872206,1,0.44564444747420007,raw_rfu,value_1h,none
triploid,dry_tissue_weight,raw_delta_mm|vmax|resid,52,0.07538632288909758,0.595307557673135,0.7073947547245621,1,0.44564444747420007,raw_delta_mm,vmax,resid
triploid,dry_tissue_weight,raw_rfu|auc_0_1h|none,52,0.07478869632032784,0.5982367673279452,0.7079135080047352,1,0.44564444747420007,raw_rfu,auc_0_1h,none
triploid,dry_tissue_weight,fc_corr|rate_h4|none,52,-0.07248356526935883,0.6095940728985529,0.7129410865375057,1,0.44564444747420007,fc_corr,rate_h4,none
triploid,dry_tissue_weight,raw_rfu|lin_r2|none,52,0.07239819004524888,0.6100164930584996,0.7129410865375057,1,0.44564444747420007,raw_rfu,lin_r2,none
triploid,dry_tissue_weight,fc_corr|lin_r2|none,52,0.07239819004524888,0.6100164930584996,0.7129410865375057,1,0.44564444747420007,fc_corr,lin_r2,none
triploid,dry_tissue_weight,raw_delta_mm|rate_h4|none,52,-0.07162981302825919,0.6138239312442132,0.7144508052186743,1,0.44564444747420007,raw_delta_mm,rate_h4,none
triploid,dry_tissue_weight,raw_rfu|rate_h4|none,52,-0.07094681123537948,0.617216822484407,0.7154676636145779,1,0.44564444747420007,raw_rfu,rate_h4,none
triploid,dry_tissue_weight,raw_delta_mm|initial_slope|none,52,-0.06941005720140014,0.6248797715701672,0.716565968506076,1,0.44564444747420007,raw_delta_mm,initial_slope,none
triploid,dry_tissue_weight,raw_delta_mm|auc_0_1h|none,52,-0.06941005720140014,0.6248797715701672,0.716565968506076,1,0.44564444747420007,raw_delta_mm,auc_0_1h,none
triploid,dry_tissue_weight,fc_corr_mm|rate_h4|none,52,-0.06923930675318023,0.6257336626391086,0.716565968506076,1,0.44564444747420007,fc_corr_mm,rate_h4,none
triploid,dry_tissue_weight,raw_rfu|auc_0_2h|resid,52,0.0671903013745411,0.6360180760189502,0.7225165343575274,1,0.44564444747420007,raw_rfu,auc_0_2h,resid
triploid,dry_tissue_weight,raw_delta|auc_0_2h|resid,52,0.0671903013745411,0.6360180760189502,0.7225165343575274,1,0.44564444747420007,raw_delta,auc_0_2h,resid
triploid,dry_tissue_weight,raw_delta_mm|quad_coef|none,52,-0.0639460428583625,0.6524411531247456,0.7382202688742142,1,0.44564444747420007,raw_delta_mm,quad_coef,none
triploid,dry_tissue_weight,raw_rfu|vmax|resid,52,0.05950653120464441,0.6751809005452416,0.7609181577573357,1,0.44564444747420007,raw_rfu,vmax,resid
triploid,dry_tissue_weight,fc_corr|rate_last_first_ratio|resid,52,-0.056347647912575766,0.6915394975941291,0.7742106310769133,1,0.44564444747420007,fc_corr,rate_last_first_ratio,resid
triploid,dry_tissue_weight,raw_rfu|rate_last_first_ratio|resid,52,-0.05617689746435584,0.6924278179349859,0.7742106310769133,1,0.44564444747420007,raw_rfu,rate_last_first_ratio,resid
triploid,dry_tissue_weight,raw_rfu|auc_0_1h|resid,52,-0.04652949713992999,0.7432518754998726,0.8218181554601061,1,0.44564444747420007,raw_rfu,auc_0_1h,resid
triploid,dry_tissue_weight,raw_rfu|value_1h|resid,52,-0.04635874669171006,0.7441620153633997,0.8218181554601061,1,0.44564444747420007,raw_rfu,value_1h,resid
triploid,dry_tissue_weight,fc_corr_mm|max_drop|resid,52,0.04499274310595065,0.7514555159281097,0.8218181554601061,1,0.44564444747420007,fc_corr_mm,max_drop,resid
triploid,dry_tissue_weight,raw_rfu|rate_h4|resid,52,-0.04490736788184069,0.7519120828000436,0.8218181554601061,1,0.44564444747420007,raw_rfu,rate_h4,resid
triploid,dry_tissue_weight,raw_rfu|initial_slope|resid,52,-0.04482199265773073,0.7523687338719282,0.8218181554601061,1,0.44564444747420007,raw_rfu,initial_slope,resid
triploid,dry_tissue_weight,raw_delta|auc_0_1h|resid,52,-0.04482199265773073,0.7523687338719282,0.8218181554601061,1,0.44564444747420007,raw_delta,auc_0_1h,resid
triploid,dry_tissue_weight,raw_delta_mm|vmax|none,52,0.04285836250320157,0.7628946126328064,0.8301228735161572,1,0.44564444747420007,raw_delta_mm,vmax,none
triploid,dry_tissue_weight,raw_delta_mm|max_drop|resid,52,0.04217536071032186,0.766565884528339,0.8309340122368255,1,0.44564444747420007,raw_delta_mm,max_drop,resid
triploid,dry_tissue_weight,raw_delta_mm|initial_slope|resid,52,-0.04012635533168274,0.7776099291906903,0.836519772311197,1,0.44564444747420007,raw_delta_mm,initial_slope,resid
triploid,dry_tissue_weight,raw_delta_mm|auc_0_1h|resid,52,-0.04012635533168274,0.7776099291906903,0.836519772311197,1,0.44564444747420007,raw_delta_mm,auc_0_1h,resid
triploid,dry_tissue_weight,fc_corr|rate_h4|resid,52,-0.03901647741825322,0.7836105157966327,0.8397939112688441,1,0.44564444747420007,fc_corr,rate_h4,resid
triploid,dry_tissue_weight,raw_delta_mm|auc_early|none,52,0.03457696576453513,0.8077345802457404,0.8584848003855529,1,0.44564444747420007,raw_delta_mm,auc_early,none
triploid,dry_tissue_weight,raw_rfu|time_to_min_slope|resid,52,-0.03432084009220524,0.8091320104094577,0.8584848003855529,1,0.44564444747420007,raw_rfu,time_to_min_slope,resid
triploid,dry_tissue_weight,raw_rfu|sat_r2|none,49,0.03408163265306122,0.8161651271271101,0.8584848003855529,1,0.44564444747420007,raw_rfu,sat_r2,none
triploid,dry_tissue_weight,fc_corr|sat_r2|none,49,0.03408163265306122,0.8161651271271101,0.8584848003855529,1,0.44564444747420007,fc_corr,sat_r2,none
triploid,dry_tissue_weight,fc_corr|max_drop|resid,52,0.03389396397165542,0.8114623707427027,0.8584848003855529,1,0.44564444747420007,fc_corr,max_drop,resid
triploid,dry_tissue_weight,raw_delta_mm|min_slope|resid,52,-0.028942200973277554,0.8386079796704035,0.8788364067394634,1,0.44564444747420007,raw_delta_mm,min_slope,resid
triploid,dry_tissue_weight,raw_rfu|min_slope|resid,52,-0.02834457440450781,0.8418974675026132,0.8790400028336108,1,0.44564444747420007,raw_rfu,min_slope,resid
triploid,dry_tissue_weight,raw_rfu|max_drop|resid,52,0.02655169469819858,0.8517817805268169,0.8861026581304615,1,0.44564444747420007,raw_rfu,max_drop,resid
triploid,dry_tissue_weight,fc_corr|min_slope|resid,52,-0.02467343976777939,0.8621610189006338,0.8936267495174453,1,0.44564444747420007,fc_corr,min_slope,resid
triploid,dry_tissue_weight,raw_delta_mm|auc_0_2h|none,52,0.02083155468283104,0.8834614510535391,0.9123747349062004,1,0.44564444747420007,raw_delta_mm,auc_0_2h,none
triploid,dry_tissue_weight,fc_corr_mm|min_slope|resid,52,-0.018355673183642104,0.8972327870063908,0.9232395344558513,1,0.44564444747420007,fc_corr_mm,min_slope,resid
triploid,dry_tissue_weight,raw_delta_mm|rate_h4|resid,52,-0.015026039443353538,0.9157995664934138,0.9389425158271822,1,0.44564444747420007,raw_delta_mm,rate_h4,resid
triploid,dry_tissue_weight,fc_corr|initial_slope|resid,52,0.009818150772645777,0.944925747378317,0.96185990055714,1,0.44564444747420007,fc_corr,initial_slope,resid
triploid,dry_tissue_weight,fc_corr|auc_0_1h|resid,52,0.009818150772645777,0.944925747378317,0.96185990055714,1,0.44564444747420007,fc_corr,auc_0_1h,resid
triploid,dry_tissue_weight,fc_corr_mm|initial_slope|none,52,0.007427644497566805,0.9583213929325958,0.9685525821809865,1,0.44564444747420007,fc_corr_mm,initial_slope,none
triploid,dry_tissue_weight,fc_corr_mm|auc_0_1h|none,52,0.007427644497566805,0.9583213929325958,0.9685525821809865,1,0.44564444747420007,fc_corr_mm,auc_0_1h,none
triploid,dry_tissue_weight,fc_corr_mm|rate_h4|resid,52,0.0025612567232988987,0.985622477500318,0.9926127078371996,1,0.44564444747420007,fc_corr_mm,rate_h4,resid
triploid,dry_tissue_weight,fc_corr_mm|initial_slope|resid,52,6.830017928797063e-4,0.9961658070978467,0.9961658070978467,1,0.44564444747420007,fc_corr_mm,initial_slope,resid
triploid,dry_tissue_weight,fc_corr_mm|auc_0_1h|resid,52,6.830017928797063e-4,0.9961658070978467,0.9961658070978467,1,0.44564444747420007,fc_corr_mm,auc_0_1h,resid
diploid,growth_abs,fc_corr_mm|sat_asymptote|resid,70,-0.15062549208293236,0.21326139669457603,0.9903484347694932,0.987,0.36581254312330225,fc_corr_mm,sat_asymptote,resid
diploid,growth_abs,raw_rfu|auc_0_1h|resid,71,0.1494299128101945,0.21358553869355193,0.9903484347694932,0.988,0.36581254312330225,raw_rfu,auc_0_1h,resid
diploid,growth_abs,fc_corr|sat_asymptote|resid,70,-0.1492607820838072,0.21748557939108917,0.9903484347694932,0.988,0.36581254312330225,fc_corr,sat_asymptote,resid
diploid,growth_abs,raw_rfu|value_1h|resid,71,0.1471830985915493,0.22062906082919487,0.9903484347694932,0.989,0.36581254312330225,raw_rfu,value_1h,resid
diploid,growth_abs,raw_rfu|quad_coef|resid,71,-0.1464788732394366,0.22286988899574645,0.9903484347694932,0.99,0.36581254312330225,raw_rfu,quad_coef,resid
diploid,growth_abs,fc_corr|sat_k|resid,70,0.1459714810602747,0.22790776336741211,0.9903484347694932,0.99,0.36581254312330225,fc_corr,sat_k,resid
diploid,growth_abs,fc_corr_mm|sat_k|resid,70,0.1459714810602747,0.22790776336741211,0.9903484347694932,0.99,0.36581254312330225,fc_corr_mm,sat_k,resid
diploid,growth_abs,fc_corr|sat_asymptote|none,70,-0.14593648849619456,0.2280204759797068,0.9903484347694932,0.99,0.36581254312330225,fc_corr,sat_asymptote,none
diploid,growth_abs,raw_rfu|sat_k|resid,70,0.14537660747091244,0.22982916006777823,0.9903484347694932,0.99,0.36581254312330225,raw_rfu,sat_k,resid
diploid,growth_abs,raw_delta_mm|sat_k|resid,70,0.14537660747091244,0.22982916006777823,0.9903484347694932,0.99,0.36581254312330225,raw_delta_mm,sat_k,resid
diploid,growth_abs,fc_corr|initial_slope|resid,71,0.1430918846411804,0.23386965215564604,0.9903484347694932,0.99,0.36581254312330225,fc_corr,initial_slope,resid
diploid,growth_abs,fc_corr|auc_0_1h|resid,71,0.1430918846411804,0.23386965215564604,0.9903484347694932,0.99,0.36581254312330225,fc_corr,auc_0_1h,resid
diploid,growth_abs,fc_corr_mm|sat_asymptote|none,70,-0.1396028343976905,0.24906427846418372,0.9903484347694932,0.99,0.36581254312330225,fc_corr_mm,sat_asymptote,none
diploid,growth_abs,raw_delta_mm|quad_coef|resid,71,-0.13896713615023473,0.2477663575075208,0.9903484347694932,0.99,0.36581254312330225,raw_delta_mm,quad_coef,resid
diploid,growth_abs,fc_corr_mm|lin_slope|none,71,-0.13890006706908115,0.24799689289335977,0.9903484347694932,0.99,0.36581254312330225,fc_corr_mm,lin_slope,none
diploid,growth_abs,raw_rfu|initial_slope|resid,71,0.13886653252850434,0.2481122156236611,0.9903484347694932,0.99,0.36581254312330225,raw_rfu,initial_slope,resid
diploid,growth_abs,raw_delta|auc_0_1h|resid,71,0.13886653252850434,0.2481122156236611,0.9903484347694932,0.99,0.36581254312330225,raw_delta,auc_0_1h,resid
diploid,growth_abs,raw_rfu|sat_asymptote|none,70,-0.13785320619368385,0.255104256701323,0.9903484347694932,0.99,0.36581254312330225,raw_rfu,sat_asymptote,none
diploid,growth_abs,raw_delta_mm|initial_slope|resid,71,0.13360160965794765,0.2666744767915801,0.9903484347694932,0.991,0.36581254312330225,raw_delta_mm,initial_slope,resid
diploid,growth_abs,raw_delta_mm|auc_0_1h|resid,71,0.13360160965794765,0.2666744767915801,0.9903484347694932,0.991,0.36581254312330225,raw_delta_mm,auc_0_1h,resid
diploid,growth_abs,fc_corr|quad_coef|resid,71,-0.1327967806841046,0.26959224805896503,0.9903484347694932,0.991,0.36581254312330225,fc_corr,quad_coef,resid
diploid,growth_abs,raw_delta_mm|sat_asymptote|resid,70,-0.12914005773773074,0.28665968158115984,0.9903484347694932,0.992,0.36581254312330225,raw_delta_mm,sat_asymptote,resid
diploid,growth_abs,fc_corr_mm|quad_coef|resid,71,-0.1288397048960429,0.2842488142276754,0.9903484347694932,0.992,0.36581254312330225,fc_corr_mm,quad_coef,resid
diploid,growth_abs,fc_corr_mm|delta_auc_late_minus_early|none,71,-0.12786720321931588,0.2879300903717486,0.9903484347694932,0.994,0.36581254312330225,fc_corr_mm,delta_auc_late_minus_early,none
diploid,growth_abs,raw_rfu|sat_asymptote|resid,70,-0.12574577902195783,0.29962143481640957,0.9903484347694932,0.998,0.36581254312330225,raw_rfu,sat_asymptote,resid
diploid,growth_abs,fc_corr_mm|peak_value|none,71,-0.12538564721663312,0.29746562451346387,0.9903484347694932,0.998,0.36581254312330225,fc_corr_mm,peak_value,none
diploid,growth_abs,fc_corr|lin_slope|none,71,-0.12521797451374914,0.29811727723109804,0.9903484347694932,0.998,0.36581254312330225,fc_corr,lin_slope,none
diploid,growth_abs,fc_corr_mm|final_value|none,71,-0.12364185110663982,0.3042883715549057,0.9903484347694932,0.999,0.36581254312330225,fc_corr_mm,final_value,none
diploid,growth_abs,raw_rfu|auc_0_2h|resid,71,0.12344064386317906,0.30508209937234876,0.9903484347694932,0.999,0.36581254312330225,raw_rfu,auc_0_2h,resid
diploid,growth_abs,fc_corr_mm|mean_rate|none,71,-0.12136150234741783,0.3133625576394112,0.9903484347694932,0.999,0.36581254312330225,fc_corr_mm,mean_rate,none
diploid,growth_abs,raw_rfu|auc_early|resid,71,0.12109322602280348,0.31444144380261774,0.9903484347694932,0.999,0.36581254312330225,raw_rfu,auc_early,resid
diploid,growth_abs,fc_corr_mm|value_4h|none,71,-0.1198524480214621,0.3194623241808423,0.9903484347694932,0.999,0.36581254312330225,fc_corr_mm,value_4h,none
diploid,growth_abs,raw_rfu|time_to_vmax|resid,71,-0.11720321931589536,0.3303532754457613,0.9903484347694932,0.999,0.36581254312330225,raw_rfu,time_to_vmax,resid
diploid,growth_abs,raw_rfu|sat_r2|resid,70,0.11619280902808153,0.33812110262630635,0.9903484347694932,0.999,0.36581254312330225,raw_rfu,sat_r2,resid
diploid,growth_abs,fc_corr|sat_r2|resid,70,0.11591286851544046,0.3392941854845568,0.9903484347694932,0.999,0.36581254312330225,fc_corr,sat_r2,resid
diploid,growth_abs,raw_delta|auc_0_2h|resid,71,0.11572769953051641,0.3365198145206144,0.9903484347694932,0.999,0.36581254312330225,raw_delta,auc_0_2h,resid
diploid,growth_abs,raw_delta_mm|rate_h4|resid,71,-0.11441985244802144,0.34204574215554984,0.9903484347694932,0.999,0.36581254312330225,raw_delta_mm,rate_h4,resid
diploid,growth_abs,raw_delta|auc_early|resid,71,0.11401743796109991,0.34375738337397843,0.9903484347694932,0.999,0.36581254312330225,raw_delta,auc_early,resid
diploid,growth_abs,raw_rfu|rate_h4|none,71,-0.11395036887994633,0.34404317609080204,0.9903484347694932,0.999,0.36581254312330225,raw_rfu,rate_h4,none
diploid,growth_abs,fc_corr|peak_value|none,71,-0.11281019450033533,0.3489243321343206,0.9903484347694932,0.999,0.36581254312330225,fc_corr,peak_value,none
diploid,growth_abs,raw_rfu|lin_slope|none,71,-0.11270959087860494,0.34935707791025905,0.9903484347694932,0.999,0.36581254312330225,raw_rfu,lin_slope,none
diploid,growth_abs,raw_delta_mm|rate_h4|none,71,-0.11230717639168342,0.3510913917293169,0.9903484347694932,0.999,0.36581254312330225,raw_delta_mm,rate_h4,none
diploid,growth_abs,raw_rfu|rate_h4|resid,71,-0.11093226022803487,0.35705713463867705,0.9903484347694932,0.999,0.36581254312330225,raw_rfu,rate_h4,resid
diploid,growth_abs,fc_corr|mean_rate|none,71,-0.11059691482226693,0.358521611207394,0.9903484347694932,0.999,0.36581254312330225,fc_corr,mean_rate,none
diploid,growth_abs,fc_corr|delta_auc_late_minus_early|none,71,-0.11049631120053653,0.35896167359106645,0.9903484347694932,0.999,0.36581254312330225,fc_corr,delta_auc_late_minus_early,none
diploid,growth_abs,raw_delta_mm|sat_asymptote|none,70,-0.11048902108301985,0.3625247278423146,0.9903484347694932,0.999,0.36581254312330225,raw_delta_mm,sat_asymptote,none
diploid,growth_abs,fc_corr|rate_h4|resid,71,-0.10580147551978536,0.3798659972523396,0.9903484347694932,0.999,0.36581254312330225,fc_corr,rate_h4,resid
diploid,growth_abs,raw_delta_mm|delta_auc_late_minus_early|none,71,-0.10549966465459422,0.3812344121147172,0.9903484347694932,0.999,0.36581254312330225,raw_delta_mm,delta_auc_late_minus_early,none
diploid,growth_abs,fc_corr|value_4h|none,71,-0.1049966465459423,0.38352166984984026,0.9903484347694932,0.999,0.36581254312330225,fc_corr,value_4h,none
diploid,growth_abs,fc_corr_mm|rate_h4|resid,71,-0.10489604292421192,0.3839801055761354,0.9903484347694932,0.999,0.36581254312330225,fc_corr_mm,rate_h4,resid
diploid,growth_abs,raw_delta_mm|auc_0_2h|resid,71,0.10456069751844399,0.38551059203865834,0.9903484347694932,0.999,0.36581254312330225,raw_delta_mm,auc_0_2h,resid
diploid,growth_abs,fc_corr|final_value|none,71,-0.10321931589537221,0.391668900522683,0.9903484347694932,1,0.36581254312330225,fc_corr,final_value,none
diploid,growth_abs,fc_corr_mm|initial_slope|resid,71,0.1027833668678739,0.3936828530036349,0.9903484347694932,1,0.36581254312330225,fc_corr_mm,initial_slope,resid
diploid,growth_abs,fc_corr_mm|auc_0_1h|resid,71,0.1027833668678739,0.3936828530036349,0.9903484347694932,1,0.36581254312330225,fc_corr_mm,auc_0_1h,resid
diploid,growth_abs,raw_delta_mm|auc_early|resid,71,0.1016431924882629,0.3989790271723803,0.9903484347694932,1,0.36581254312330225,raw_delta_mm,auc_early,resid
diploid,growth_abs,raw_rfu|delta_auc_late_minus_early|none,71,-0.10140845070422534,0.40007459929437483,0.9903484347694932,1,0.36581254312330225,raw_rfu,delta_auc_late_minus_early,none
diploid,growth_abs,fc_corr_mm|rate_h4|none,71,-0.10073775989268945,0.40321453693880693,0.9903484347694932,1,0.36581254312330225,fc_corr_mm,rate_h4,none
diploid,growth_abs,fc_corr|rate_h4|none,71,-0.1004359490274983,0.4046322063119847,0.9903484347694932,1,0.36581254312330225,fc_corr,rate_h4,none
diploid,growth_abs,raw_rfu|stability_cv|none,71,-0.09949698189134808,0.40906133927270416,0.9903484347694932,1,0.36581254312330225,raw_rfu,stability_cv,none
diploid,growth_abs,raw_rfu|delta_auc_late_minus_early|resid,71,-0.09691482226693493,0.42138600499009493,0.9903484347694932,1,0.36581254312330225,raw_rfu,delta_auc_late_minus_early,resid
diploid,growth_abs,fc_corr_mm|quad_coef|none,71,-0.09564050972501675,0.4275459707726005,0.9903484347694932,1,0.36581254312330225,fc_corr_mm,quad_coef,none
diploid,growth_abs,fc_corr_mm|delta_auc_late_minus_early|resid,71,-0.09564050972501675,0.4275459707726005,0.9903484347694932,1,0.36581254312330225,fc_corr_mm,delta_auc_late_minus_early,resid
diploid,growth_abs,raw_delta_mm|quad_coef|none,71,-0.09533869885982561,0.42901238625595683,0.9903484347694932,1,0.36581254312330225,raw_delta_mm,quad_coef,none
diploid,growth_abs,fc_corr|sat_r2|none,70,0.09498731519552095,0.43410744051483263,0.9903484347694932,1,0.36581254312330225,fc_corr,sat_r2,none
diploid,growth_abs,raw_delta_mm|lin_slope|none,71,-0.09463447350771294,0.4324451218205032,0.9903484347694932,1,0.36581254312330225,raw_delta_mm,lin_slope,none
diploid,growth_abs,raw_rfu|final_delta|none,71,-0.09409792085848423,0.43507094626425546,0.9903484347694932,1,0.36581254312330225,raw_rfu,final_delta,none
diploid,growth_abs,fc_corr|t_half|none,71,-0.0937290409121395,0.43688140929014696,0.9903484347694932,1,0.36581254312330225,fc_corr,t_half,none
diploid,growth_abs,raw_rfu|t_half|none,71,-0.0931254191817572,0.43985311920824444,0.9903484347694932,1,0.36581254312330225,raw_rfu,t_half,none
diploid,growth_abs,raw_rfu|sat_r2|none,70,0.09215291750503017,0.44800768695684845,0.9903484347694932,1,0.36581254312330225,raw_rfu,sat_r2,none
diploid,growth_abs,raw_delta_mm|initial_slope|none,71,0.09101274312541917,0.45034297089805597,0.9903484347694932,1,0.36581254312330225,raw_delta_mm,initial_slope,none
diploid,growth_abs,raw_delta_mm|auc_0_1h|none,71,0.09101274312541917,0.45034297089805597,0.9903484347694932,1,0.36581254312330225,raw_delta_mm,auc_0_1h,none
diploid,growth_abs,fc_corr|auc_0_2h|resid,71,0.09064386317907443,0.45218863780366103,0.9903484347694932,1,0.36581254312330225,fc_corr,auc_0_2h,resid
diploid,growth_abs,fc_corr_mm|lin_slope|resid,71,-0.0902414486921529,0.45420685246580594,0.9903484347694932,1,0.36581254312330225,fc_corr_mm,lin_slope,resid
diploid,growth_abs,raw_rfu|final_value|none,71,-0.08983903420523137,0.4562300239736933,0.9903484347694932,1,0.36581254312330225,raw_rfu,final_value,none
diploid,growth_abs,raw_delta_mm|delta_auc_late_minus_early|resid,71,-0.08943661971830985,0.45825814195430514,0.9903484347694932,1,0.36581254312330225,raw_delta_mm,delta_auc_late_minus_early,resid
diploid,growth_abs,fc_corr|delta_auc_late_minus_early|resid,71,-0.08940308517773306,0.4584273747359936,0.9903484347694932,1,0.36581254312330225,fc_corr,delta_auc_late_minus_early,resid
diploid,growth_abs,raw_rfu|mean_rate|none,71,-0.08896713615023473,0.4606305173701366,0.9903484347694932,1,0.36581254312330225,raw_rfu,mean_rate,none
diploid,growth_abs,fc_corr|lin_slope|resid,71,-0.0879275653923541,0.46590745807340794,0.9903484347694932,1,0.36581254312330225,fc_corr,lin_slope,resid
diploid,growth_abs,raw_delta|stability_cv|none,71,-0.08735747820254862,0.4688151466790528,0.9903484347694932,1,0.36581254312330225,raw_delta,stability_cv,none
diploid,growth_abs,raw_rfu|lin_slope|resid,71,-0.08732394366197183,0.468986492473365,0.9903484347694932,1,0.36581254312330225,raw_rfu,lin_slope,resid
diploid,growth_abs,fc_corr|stability_cv|none,71,-0.08729040912139502,0.46915787214751137,0.9903484347694932,1,0.36581254312330225,fc_corr,stability_cv,none
diploid,growth_abs,fc_corr|rate_last_first_ratio|none,71,-0.08668678739101274,0.4722484922757414,0.9903484347694932,1,0.36581254312330225,fc_corr,rate_last_first_ratio,none
diploid,growth_abs,raw_rfu|rate_last_first_ratio|none,71,-0.08651911468812876,0.473108940422135,0.9903484347694932,1,0.36581254312330225,raw_rfu,rate_last_first_ratio,none
diploid,growth_abs,raw_rfu|frac_auc_first_half|resid,71,0.08641851106639839,0.47362561402393377,0.9903484347694932,1,0.36581254312330225,raw_rfu,frac_auc_first_half,resid
diploid,growth_abs,raw_delta|stability_cv|resid,71,-0.08588195841716968,0.47638632480923127,0.9903484347694932,1,0.36581254312330225,raw_delta,stability_cv,resid
diploid,growth_abs,fc_corr|stability_cv|resid,71,-0.08588195841716968,0.47638632480923127,0.9903484347694932,1,0.36581254312330225,fc_corr,stability_cv,resid
diploid,growth_abs,fc_corr|rate_last_first_ratio|resid,71,-0.08547954393024813,0.4784625031919546,0.9903484347694932,1,0.36581254312330225,fc_corr,rate_last_first_ratio,resid
diploid,growth_abs,raw_delta|value_4h|none,71,-0.08497652582159623,0.48106451097631764,0.9903484347694932,1,0.36581254312330225,raw_delta,value_4h,none
diploid,growth_abs,fc_corr|frac_auc_first_half|resid,71,0.08464118041582828,0.48280336034548854,0.9903484347694932,1,0.36581254312330225,fc_corr,frac_auc_first_half,resid
diploid,growth_abs,raw_delta|frac_auc_first_half|resid,71,0.08457411133467471,0.4831515305086803,0.9903484347694932,1,0.36581254312330225,raw_delta,frac_auc_first_half,resid
diploid,growth_abs,raw_rfu|metabolic_scope|none,71,-0.08420523138832997,0.48506884761484204,0.9903484347694932,1,0.36581254312330225,raw_rfu,metabolic_scope,none
diploid,growth_abs,raw_rfu|value_4h|none,71,-0.08420523138832997,0.48506884761484204,0.9903484347694932,1,0.36581254312330225,raw_rfu,value_4h,none
diploid,growth_abs,raw_rfu|rate_last_first_ratio|resid,71,-0.08397048960429242,0.4862910536598436,0.9903484347694932,1,0.36581254312330225,raw_rfu,rate_last_first_ratio,resid
diploid,growth_abs,raw_rfu|stability_cv|resid,71,-0.08329979879275654,0.4897920257989422,0.9903484347694932,1,0.36581254312330225,raw_rfu,stability_cv,resid
diploid,growth_abs,fc_corr|auc_early|resid,71,0.08259557344064385,0.49348227483568186,0.9903484347694932,1,0.36581254312330225,fc_corr,auc_early,resid
diploid,growth_abs,raw_rfu|peak_value|none,71,-0.08088531187122736,0.5025045738187802,0.9903484347694932,1,0.36581254312330225,raw_rfu,peak_value,none
diploid,growth_abs,fc_corr|vmax|none,71,-0.08051643192488261,0.5044616818954369,0.9903484347694932,1,0.36581254312330225,fc_corr,vmax,none
diploid,growth_abs,fc_corr_mm|auc_late|none,71,-0.08011401743796108,0.5066011837274329,0.9903484347694932,1,0.36581254312330225,fc_corr_mm,auc_late,none
diploid,growth_abs,raw_delta_mm|lin_slope|resid,71,-0.0795103957075788,0.5098191627189312,0.9903484347694932,1,0.36581254312330225,raw_delta_mm,lin_slope,resid
diploid,growth_abs,fc_corr|auc_late|none,71,-0.07927565392354124,0.5110734184175872,0.9903484347694932,1,0.36581254312330225,fc_corr,auc_late,none
diploid,growth_abs,raw_delta_mm|peak_value|none,71,-0.0789403085177733,0.5128679432363797,0.9903484347694932,1,0.36581254312330225,raw_delta_mm,peak_value,none
diploid,growth_abs,fc_corr_mm|value_3h|none,71,-0.07759892689470153,0.5200780178359715,0.9903484347694932,1,0.36581254312330225,fc_corr_mm,value_3h,none
diploid,growth_abs,fc_corr|value_3h|none,71,-0.07689470154258886,0.5238836627925959,0.9903484347694932,1,0.36581254312330225,fc_corr,value_3h,none
diploid,growth_abs,raw_rfu|auc_0_3h|resid,71,0.07622401073105296,0.5275210244205217,0.9903484347694932,1,0.36581254312330225,raw_rfu,auc_0_3h,resid
diploid,growth_abs,fc_corr_mm|peak_value|resid,71,-0.07582159624413144,0.5297094713121131,0.9903484347694932,1,0.36581254312330225,fc_corr_mm,peak_value,resid
diploid,growth_abs,raw_delta_mm|value_4h|none,71,-0.07340710932260228,0.5429342141685604,0.9903484347694932,1,0.36581254312330225,raw_delta_mm,value_4h,none
diploid,growth_abs,raw_rfu|late_early_auc_ratio|resid,71,-0.07253521126760562,0.5477490290135894,0.9903484347694932,1,0.36581254312330225,raw_rfu,late_early_auc_ratio,resid
diploid,growth_abs,raw_rfu|vmax|none,71,-0.07250167672702883,0.5479346256976481,0.9903484347694932,1,0.36581254312330225,raw_rfu,vmax,none
diploid,growth_abs,fc_corr_mm|final_value|resid,71,-0.07246814218645203,0.5481202527772475,0.9903484347694932,1,0.36581254312330225,fc_corr_mm,final_value,resid
diploid,growth_abs,raw_delta|value_2h|resid,71,0.07236753856472165,0.5486773162969286,0.9903484347694932,1,0.36581254312330225,raw_delta,value_2h,resid
diploid,growth_abs,raw_delta|auc_0_3h|resid,71,0.07233400402414486,0.5488630648663004,0.9903484347694932,1,0.36581254312330225,raw_delta,auc_0_3h,resid
diploid,growth_abs,raw_delta_mm|mean_rate|none,71,-0.07203219315895372,0.550536166597078,0.9903484347694932,1,0.36581254312330225,raw_delta_mm,mean_rate,none
diploid,growth_abs,raw_delta|late_early_auc_ratio|resid,71,-0.07193158953722333,0.5510944122919916,0.9903484347694932,1,0.36581254312330225,raw_delta,late_early_auc_ratio,resid
diploid,growth_abs,fc_corr|late_early_auc_ratio|resid,71,-0.07193158953722333,0.5510944122919916,0.9903484347694932,1,0.36581254312330225,fc_corr,late_early_auc_ratio,resid
diploid,growth_abs,fc_corr_mm|mean_rate|resid,71,-0.07179745137491615,0.5518391631703605,0.9903484347694932,1,0.36581254312330225,fc_corr_mm,mean_rate,resid
diploid,growth_abs,fc_corr|quad_coef|none,71,-0.07173038229376257,0.552211719849319,0.9903484347694932,1,0.36581254312330225,fc_corr,quad_coef,none
diploid,growth_abs,raw_rfu|value_2h|resid,71,0.07169684775318577,0.5523980434659946,0.9903484347694932,1,0.36581254312330225,raw_rfu,value_2h,resid
diploid,growth_abs,fc_corr|value_4h|resid,71,-0.0715627095908786,0.5531436395619764,0.9903484347694932,1,0.36581254312330225,fc_corr,value_4h,resid
diploid,growth_abs,fc_corr_mm|auc_early|resid,71,0.07075788061703554,0.5576273202901114,0.9903484347694932,1,0.36581254312330225,fc_corr_mm,auc_early,resid
diploid,growth_abs,raw_delta_mm|auc_0_3h|resid,71,0.07055667337357477,0.5587509372817716,0.9903484347694932,1,0.36581254312330225,raw_delta_mm,auc_0_3h,resid
diploid,growth_abs,fc_corr|t_half|resid,71,-0.07008718980549966,0.5613768857083778,0.9903484347694932,1,0.36581254312330225,fc_corr,t_half,resid
diploid,growth_abs,fc_corr_mm|auc_0_2h|resid,71,0.06965124077800133,0.5638204820290327,0.9903484347694932,1,0.36581254312330225,fc_corr_mm,auc_0_2h,resid
diploid,growth_abs,raw_rfu|mean_rate|resid,71,-0.06857813547954392,0.569856748210002,0.9903484347694932,1,0.36581254312330225,raw_rfu,mean_rate,resid
diploid,growth_abs,fc_corr|final_value|resid,71,-0.06804158283031521,0.5728861431375265,0.9903484347694932,1,0.36581254312330225,fc_corr,final_value,resid
diploid,growth_abs,raw_delta_mm|final_value|resid,71,-0.06797451374916162,0.5732653424256211,0.9903484347694932,1,0.36581254312330225,raw_delta_mm,final_value,resid
diploid,growth_abs,raw_delta_mm|final_value|none,71,-0.06780684104627765,0.5742138496449978,0.9903484347694932,1,0.36581254312330225,raw_delta_mm,final_value,none
diploid,growth_abs,fc_corr_mm|value_4h|resid,71,-0.06780684104627765,0.5742138496449978,0.9903484347694932,1,0.36581254312330225,fc_corr_mm,value_4h,resid
diploid,growth_abs,raw_delta_mm|mean_rate|resid,71,-0.06740442655935613,0.5764932272157968,0.9903484347694932,1,0.36581254312330225,raw_delta_mm,mean_rate,resid
diploid,growth_abs,raw_rfu|t_half|resid,71,-0.06737089201877933,0.5766833635965642,0.9903484347694932,1,0.36581254312330225,raw_rfu,t_half,resid
diploid,growth_abs,fc_corr|mean_rate|resid,71,-0.06706908115358819,0.5783958909522738,0.9903484347694932,1,0.36581254312330225,fc_corr,mean_rate,resid
diploid,growth_abs,raw_rfu|final_delta|resid,71,-0.0669684775318578,0.578967252583553,0.9903484347694932,1,0.36581254312330225,raw_rfu,final_delta,resid
diploid,growth_abs,fc_corr_mm|vmax|none,71,-0.06676727028839705,0.58011075296552606,0.9903484347694932,1,0.36581254312330225,fc_corr_mm,vmax,none
diploid,growth_abs,raw_delta_mm|value_2h|resid,71,0.06613011401743796,0.5837386505910707,0.9903484347694932,1,0.36581254312330225,raw_delta_mm,value_2h,resid
diploid,growth_abs,raw_rfu|auc_0_1h|none,71,0.06572769953051642,0.5860352664611381,0.9903484347694932,1,0.36581254312330225,raw_rfu,auc_0_1h,none
diploid,growth_abs,raw_rfu|value_1h|none,71,0.06556002682763246,0.5869933982479527,0.9903484347694932,1,0.36581254312330225,raw_rfu,value_1h,none
diploid,growth_abs,fc_corr_mm|initial_slope|none,71,0.06535881958417168,0.5881440921282438,0.9903484347694932,1,0.36581254312330225,fc_corr_mm,initial_slope,none
diploid,growth_abs,fc_corr_mm|auc_0_1h|none,71,0.06535881958417168,0.5881440921282438,0.9903484347694932,1,0.36581254312330225,fc_corr_mm,auc_0_1h,none
diploid,growth_abs,raw_delta|value_3h|none,71,-0.06435278336686787,0.5939127961719188,0.9903484347694932,1,0.36581254312330225,raw_delta,value_3h,none
diploid,growth_abs,raw_rfu|time_to_vmax|none,71,-0.06351701559329721,0.598724326949329,0.9903484347694932,1,0.36581254312330225,raw_rfu,time_to_vmax,none
diploid,growth_abs,raw_rfu|quad_coef|none,71,-0.06287726358148893,0.602419031191971,0.9903484347694932,1,0.36581254312330225,raw_rfu,quad_coef,none
diploid,growth_abs,raw_rfu|time_to_peak|resid,71,-0.06274312541918174,0.6031949797363719,0.9903484347694932,1,0.36581254312330225,raw_rfu,time_to_peak,resid
diploid,growth_abs,raw_rfu|initial_slope|none,71,0.06264252179745138,0.6037772295405277,0.9903484347694932,1,0.36581254312330225,raw_rfu,initial_slope,none
diploid,growth_abs,raw_delta|auc_0_1h|none,71,0.06264252179745138,0.6037772295405277,0.9903484347694932,1,0.36581254312330225,raw_delta,auc_0_1h,none
diploid,growth_abs,raw_rfu|final_value|resid,71,-0.06220657276995304,0.6063031609406793,0.9903484347694932,1,0.36581254312330225,raw_rfu,final_value,resid
diploid,growth_abs,raw_rfu|value_4h|resid,71,-0.06210596914822266,0.6068867239629974,0.9903484347694932,1,0.36581254312330225,raw_rfu,value_4h,resid
diploid,growth_abs,raw_rfu|sat_k|none,70,0.06181436444755489,0.6112075333878013,0.9903484347694932,1,0.36581254312330225,raw_rfu,sat_k,none
diploid,growth_abs,raw_delta_mm|sat_k|none,70,0.06181436444755489,0.6112075333878013,0.9903484347694932,1,0.36581254312330225,raw_delta_mm,sat_k,none
diploid,growth_abs,raw_rfu|value_3h|none,71,-0.061737089201877926,0.6090285513693431,0.9903484347694932,1,0.36581254312330225,raw_rfu,value_3h,none
diploid,growth_abs,raw_delta_mm|peak_value|resid,71,-0.06163648558014754,0.6096132565273232,0.9903484347694932,1,0.36581254312330225,raw_delta_mm,peak_value,resid
diploid,growth_abs,raw_delta_mm|auc_early|none,71,0.06156941649899395,0.6100031954829038,0.9903484347694932,1,0.36581254312330225,raw_delta_mm,auc_early,none
diploid,growth_abs,fc_corr|sat_k|none,70,0.061394453678593294,0.6136356019069146,0.9903484347694932,1,0.36581254312330225,fc_corr,sat_k,none
diploid,growth_abs,fc_corr_mm|sat_k|none,70,0.061394453678593294,0.6136356019069146,0.9903484347694932,1,0.36581254312330225,fc_corr_mm,sat_k,none
diploid,growth_abs,raw_delta|value_4h|resid,71,-0.061167002012072424,0.6123451006137617,0.9903484347694932,1,0.36581254312330225,raw_delta,value_4h,resid
diploid,growth_abs,raw_delta_mm|auc_0_2h|none,71,0.059993293091884635,0.6191977478413699,0.9903484347694932,1,0.36581254312330225,raw_delta_mm,auc_0_2h,none
diploid,growth_abs,fc_corr|peak_value|resid,71,-0.059993293091884635,0.6191977478413699,0.9903484347694932,1,0.36581254312330225,fc_corr,peak_value,resid
diploid,growth_abs,raw_delta_mm|value_4h|resid,71,-0.059993293091884635,0.6191977478413699,0.9903484347694932,1,0.36581254312330225,raw_delta_mm,value_4h,resid
diploid,growth_abs,fc_corr_mm|auc_total|none,71,-0.059859154929577454,0.6199829875201885,0.9903484347694932,1,0.36581254312330225,fc_corr_mm,auc_total,none
diploid,growth_abs,fc_corr|auc_total|none,71,-0.059221998658618366,0.6237186547231048,0.9903484347694932,1,0.36581254312330225,fc_corr,auc_total,none
diploid,growth_abs,raw_rfu|metabolic_scope|resid,71,-0.057344064386317894,0.6347839456763249,0.9903484347694932,1,0.36581254312330225,raw_rfu,metabolic_scope,resid
diploid,growth_abs,raw_rfu|time_to_min_slope|resid,71,0.05690811535881958,0.6373642468486005,0.9903484347694932,1,0.36581254312330225,raw_rfu,time_to_min_slope,resid
diploid,growth_abs,raw_delta|auc_late|none,71,-0.05647216633132125,0.6399488545324699,0.9903484347694932,1,0.36581254312330225,raw_delta,auc_late,none
diploid,growth_abs,fc_corr|auc_0_3h|resid,71,0.05580147551978537,0.643933523058134,0.9903484347694932,1,0.36581254312330225,fc_corr,auc_0_3h,resid
diploid,growth_abs,fc_corr_mm|auc_0_3h|resid,71,0.05472837022132796,0.6503298262084718,0.9903484347694932,1,0.36581254312330225,fc_corr_mm,auc_0_3h,resid
diploid,growth_abs,raw_rfu|auc_late|none,71,-0.0539235412474849,0.6551436745884893,0.9903484347694932,1,0.36581254312330225,raw_rfu,auc_late,none
diploid,growth_abs,raw_rfu|n_negative_intervals|resid,71,0.053454057679409785,0.6579582561290627,0.9903484347694932,1,0.36581254312330225,raw_rfu,n_negative_intervals,resid
diploid,growth_abs,fc_corr|late_early_auc_ratio|none,71,-0.05298457411133467,0.6607775877191391,0.9903484347694932,1,0.36581254312330225,fc_corr,late_early_auc_ratio,none
diploid,growth_abs,fc_corr|frac_auc_first_half|none,71,0.05298457411133467,0.6607775877191391,0.9903484347694932,1,0.36581254312330225,fc_corr,frac_auc_first_half,none
diploid,growth_abs,raw_rfu|late_early_auc_ratio|none,71,-0.05288397048960428,0.6613823449282328,0.9903484347694932,1,0.36581254312330225,raw_rfu,late_early_auc_ratio,none
diploid,growth_abs,raw_rfu|frac_auc_first_half|none,71,0.05288397048960428,0.6613823449282328,0.9903484347694932,1,0.36581254312330225,raw_rfu,frac_auc_first_half,none
diploid,growth_abs,raw_rfu|peak_value|resid,71,-0.052816901408450696,0.6617856365416165,0.9903484347694932,1,0.36581254312330225,raw_rfu,peak_value,resid
diploid,growth_abs,fc_corr_mm|value_2h|resid,71,0.05268276324614352,0.6625925076572836,0.9903484347694932,1,0.36581254312330225,fc_corr_mm,value_2h,resid
diploid,growth_abs,fc_corr|value_2h|resid,71,0.05197853789403084,0.6668348490523235,0.9903484347694932,1,0.36581254312330225,fc_corr,value_2h,resid
diploid,growth_abs,raw_delta|late_early_auc_ratio|none,71,-0.05187793427230047,0.6674417532271056,0.9903484347694932,1,0.36581254312330225,raw_delta,late_early_auc_ratio,none
diploid,growth_abs,raw_delta|frac_auc_first_half|none,71,0.05187793427230047,0.6674417532271056,0.9903484347694932,1,0.36581254312330225,raw_delta,frac_auc_first_half,none
diploid,growth_abs,raw_rfu|min_slope|none,71,-0.050402414486921523,0.6763672876494644,0.9903484347694932,1,0.36581254312330225,raw_rfu,min_slope,none
diploid,growth_abs,raw_delta_mm|min_slope|resid,71,-0.047887323943661964,0.6916837014747536,0.9903484347694932,1,0.36581254312330225,raw_delta_mm,min_slope,resid
diploid,growth_abs,raw_delta_mm|min_slope|none,71,-0.046378269617706226,0.7009336086494995,0.9903484347694932,1,0.36581254312330225,raw_delta_mm,min_slope,none
diploid,growth_abs,raw_rfu|min_slope|resid,71,-0.04547283702213279,0.7065045445070629,0.9903484347694932,1,0.36581254312330225,raw_rfu,min_slope,resid
diploid,growth_abs,fc_corr|min_slope|resid,71,-0.04547283702213279,0.7065045445070629,0.9903484347694932,1,0.36581254312330225,fc_corr,min_slope,resid
diploid,growth_abs,raw_delta_mm|auc_0_3h|none,71,0.04450033534540576,0.7125053115536103,0.9903484347694932,1,0.36581254312330225,raw_delta_mm,auc_0_3h,none
diploid,growth_abs,fc_corr|lin_r2|resid,71,-0.04439973172367538,0.7131270827123486,0.9903484347694932,1,0.36581254312330225,fc_corr,lin_r2,resid
diploid,growth_abs,raw_delta_mm|value_3h|none,71,-0.044332662642521795,0.7135417004383242,0.9903484347694932,1,0.36581254312330225,raw_delta_mm,value_3h,none
diploid,growth_abs,raw_rfu|lin_r2|resid,71,-0.04366197183098591,0.7176924119362011,0.9903484347694932,1,0.36581254312330225,raw_rfu,lin_r2,resid
diploid,growth_abs,raw_delta_mm|auc_late|none,71,-0.042287055667337356,0.726226782864501,0.9903484347694932,1,0.36581254312330225,raw_delta_mm,auc_late,none
diploid,growth_abs,raw_rfu|inflection_time|none,71,-0.042036853956890455,0.7277834502219329,0.9903484347694932,1,0.36581254312330225,raw_rfu,inflection_time,none
diploid,growth_abs,fc_corr|min_slope|none,71,-0.04195171026156941,0.7283134354410166,0.9903484347694932,1,0.36581254312330225,fc_corr,min_slope,none
diploid,growth_abs,fc_corr_mm|min_slope|none,71,-0.03983903420523138,0.741504105636024,0.9903484347694932,1,0.36581254312330225,fc_corr_mm,min_slope,none
diploid,growth_abs,fc_corr_mm|min_slope|resid,71,-0.03863179074446679,0.749075404068795,0.9903484347694932,1,0.36581254312330225,fc_corr_mm,min_slope,resid
diploid,growth_abs,raw_delta_mm|vmax|none,71,-0.038229376257545265,0.7516044767858597,0.9903484347694932,1,0.36581254312330225,raw_delta_mm,vmax,none
diploid,growth_abs,raw_delta_mm|value_2h|none,71,0.03772635814889336,0.7547694878275104,0.9903484347694932,1,0.36581254312330225,raw_delta_mm,value_2h,none
diploid,growth_abs,fc_corr_mm|auc_early|none,71,0.03708920187793427,0.7587842844407041,0.9903484347694932,1,0.36581254312330225,fc_corr_mm,auc_early,none
diploid,growth_abs,fc_corr_mm|auc_0_2h|none,71,0.03601609657947686,0.7655603954699333,0.9903484347694932,1,0.36581254312330225,fc_corr_mm,auc_0_2h,none
diploid,growth_abs,raw_rfu|depression_abs|resid,71,0.03588195841716968,0.7664086561401615,0.9903484347694932,1,0.36581254312330225,raw_rfu,depression_abs,resid
diploid,growth_abs,fc_corr|depression_abs|resid,71,0.035613682092555325,0.7681059983746898,0.9903484347694932,1,0.36581254312330225,fc_corr,depression_abs,resid
diploid,growth_abs,raw_rfu|rate_cv|none,71,-0.03360160965794768,0.7808702321630985,0.9903484347694932,1,0.36581254312330225,raw_rfu,rate_cv,none
diploid,growth_abs,raw_rfu|auc_0_2h|none,71,0.033433936955063706,0.7819365814509193,0.9903484347694932,1,0.36581254312330225,raw_rfu,auc_0_2h,none
diploid,growth_abs,fc_corr_mm|value_3h|resid,71,-0.033333333333333326,0.7825765836438776,0.9903484347694932,1,0.36581254312330225,fc_corr_mm,value_3h,resid
diploid,growth_abs,fc_corr|rate_cv|none,71,-0.03276324614352783,0.7862059703664264,0.9903484347694932,1,0.36581254312330225,fc_corr,rate_cv,none
diploid,growth_abs,raw_delta|auc_total|resid,71,0.032562038900067064,0.787488020418056,0.9903484347694932,1,0.36581254312330225,raw_delta,auc_total,resid
diploid,growth_abs,raw_rfu|inflection_time|resid,71,-0.032360831656606304,0.7887706339659498,0.9903484347694932,1,0.36581254312330225,raw_rfu,inflection_time,resid
diploid,growth_abs,fc_corr|value_3h|resid,71,-0.03222669349429912,0.7896260211162778,0.9903484347694932,1,0.36581254312330225,fc_corr,value_3h,resid
diploid,growth_abs,raw_rfu|auc_early|none,71,0.03199195171026156,0.7911235448936669,0.9903484347694932,1,0.36581254312330225,raw_rfu,auc_early,none
diploid,growth_abs,raw_rfu|auc_total|resid,71,0.031153588195841714,0.7964779667146341,0.9903484347694932,1,0.36581254312330225,raw_rfu,auc_total,resid
diploid,growth_abs,fc_corr|initial_slope|none,71,0.030952380952380946,0.7977644336663416,0.9903484347694932,1,0.36581254312330225,fc_corr,initial_slope,none
diploid,growth_abs,fc_corr|auc_0_1h|none,71,0.030952380952380946,0.7977644336663416,0.9903484347694932,1,0.36581254312330225,fc_corr,auc_0_1h,none
diploid,growth_abs,raw_delta|auc_total|none,71,-0.03054996646545942,0.8003389765673657,0.9903484347694932,1,0.36581254312330225,raw_delta,auc_total,none
diploid,growth_abs,fc_corr|max_drop|resid,71,0.02957746478873239,0.8065695039147845,0.9903484347694932,1,0.36581254312330225,fc_corr,max_drop,resid
diploid,growth_abs,raw_rfu|value_2h|none,71,0.028638497652582154,0.8125966040088816,0.9903484347694932,1,0.36581254312330225,raw_rfu,value_2h,none
diploid,growth_abs,raw_rfu|auc_total|none,71,-0.028202548625083833,0.8153986185111913,0.9903484347694932,1,0.36581254312330225,raw_rfu,auc_total,none
diploid,growth_abs,raw_delta|auc_early|none,71,0.02746478873239436,0.8201457360057033,0.9903484347694932,1,0.36581254312330225,raw_delta,auc_early,none
diploid,growth_abs,fc_corr_mm|auc_late|resid,71,-0.02632461435278336,0.8274948255797998,0.9903484347694932,1,0.36581254312330225,fc_corr_mm,auc_late,resid
diploid,growth_abs,fc_corr_mm|depression_abs|none,71,-0.02605582286566124,0.8292295227336723,0.9903484347694932,1,0.36581254312330225,fc_corr_mm,depression_abs,none
diploid,growth_abs,raw_delta|auc_0_2h|none,71,0.025855130784708247,0.8305252590749576,0.9903484347694932,1,0.36581254312330225,raw_delta,auc_0_2h,none
diploid,growth_abs,raw_delta_mm|auc_total|resid,71,0.025419181757209926,0.8333414431456667,0.9903484347694932,1,0.36581254312330225,raw_delta_mm,auc_total,resid
diploid,growth_abs,fc_corr|depression_abs|none,71,-0.024719626821268357,0.8378648527318011,0.9903484347694932,1,0.36581254312330225,fc_corr,depression_abs,none
diploid,growth_abs,fc_corr_mm|max_drop|none,71,-0.024293994437692163,0.8406196214707803,0.9903484347694932,1,0.36581254312330225,fc_corr_mm,max_drop,none
diploid,growth_abs,fc_corr|auc_late|resid,71,-0.024044265593561362,0.8422368023900954,0.9903484347694932,1,0.36581254312330225,fc_corr,auc_late,resid
diploid,growth_abs,raw_delta|value_2h|none,71,0.02350771294433266,0.8457135756862245,0.9903484347694932,1,0.36581254312330225,raw_delta,value_2h,none
diploid,growth_abs,raw_rfu|max_drop|resid,71,0.02290409121395037,0.849628457848603,0.9903484347694932,1,0.36581254312330225,raw_rfu,max_drop,resid
diploid,growth_abs,raw_rfu|value_3h|resid,71,-0.022501676727028835,0.8522404016314428,0.9903484347694932,1,0.36581254312330225,raw_rfu,value_3h,resid
diploid,growth_abs,raw_delta_mm|value_3h|resid,71,-0.022233400402414484,0.8539825802413522,0.9903484347694932,1,0.36581254312330225,raw_delta_mm,value_3h,resid
diploid,growth_abs,fc_corr|max_drop|none,71,-0.022054916609333435,0.85514203523329,0.9903484347694932,1,0.36581254312330225,fc_corr,max_drop,none
diploid,growth_abs,raw_delta_mm|depression_abs|none,71,-0.021968634965165358,0.8557026423872032,0.9903484347694932,1,0.36581254312330225,raw_delta_mm,depression_abs,none
diploid,growth_abs,raw_delta_mm|max_drop|none,71,-0.021308557333213858,0.8599937740621746,0.9903484347694932,1,0.36581254312330225,raw_delta_mm,max_drop,none
diploid,growth_abs,fc_corr|auc_0_3h|none,71,-0.021193829644533868,0.860740029340601,0.9903484347694932,1,0.36581254312330225,fc_corr,auc_0_3h,none
diploid,growth_abs,raw_rfu|metabolic_depression_index|none,71,-0.020986137873700003,0.8620912857842243,0.9903484347694932,1,0.36581254312330225,raw_rfu,metabolic_depression_index,none
diploid,growth_abs,raw_rfu|resilience_ratio|none,71,0.020986137873700003,0.8620912857842243,0.9903484347694932,1,0.36581254312330225,raw_rfu,resilience_ratio,none
diploid,growth_abs,raw_delta|resilience_ratio|none,71,0.020986137873700003,0.8620912857842243,0.9903484347694932,1,0.36581254312330225,raw_delta,resilience_ratio,none
diploid,growth_abs,fc_corr|metabolic_depression_index|none,71,-0.020986137873700003,0.8620912857842243,0.9903484347694932,1,0.36581254312330225,fc_corr,metabolic_depression_index,none
diploid,growth_abs,fc_corr|resilience_ratio|none,71,0.020986137873700003,0.8620912857842243,0.9903484347694932,1,0.36581254312330225,fc_corr,resilience_ratio,none
diploid,growth_abs,raw_rfu|depression_abs|none,71,-0.02086823822272416,0.8628585246663127,0.9903484347694932,1,0.36581254312330225,raw_rfu,depression_abs,none
diploid,growth_abs,raw_rfu|rate_h2|none,71,-0.019953051643192485,0.8688184050959098,0.9903484347694932,1,0.36581254312330225,raw_rfu,rate_h2,none
diploid,growth_abs,raw_delta|value_3h|resid,71,-0.019617706237424547,0.8710040868539815,0.9903484347694932,1,0.36581254312330225,raw_delta,value_3h,resid
diploid,growth_abs,raw_rfu|max_drop|none,71,-0.019069479504855137,0.8745793346695361,0.9903484347694932,1,0.36581254312330225,raw_rfu,max_drop,none
diploid,growth_abs,fc_corr_mm|vmax|resid,71,-0.018779342723004692,0.8764724734598293,0.9903484347694932,1,0.36581254312330225,fc_corr_mm,vmax,resid
diploid,growth_abs,raw_rfu|time_to_peak|none,71,-0.018542510738857168,0.8780183121817904,0.9903484347694932,1,0.36581254312330225,raw_rfu,time_to_peak,none
diploid,growth_abs,raw_rfu|metabolic_depression_index|resid,71,0.017639168343393692,0.8839186957617416,0.9903484347694932,1,0.36581254312330225,raw_rfu,metabolic_depression_index,resid
diploid,growth_abs,raw_rfu|resilience_ratio|resid,71,-0.017639168343393692,0.8839186957617416,0.9903484347694932,1,0.36581254312330225,raw_rfu,resilience_ratio,resid
diploid,growth_abs,raw_delta|resilience_ratio|resid,71,-0.017639168343393692,0.8839186957617416,0.9903484347694932,1,0.36581254312330225,raw_delta,resilience_ratio,resid
diploid,growth_abs,fc_corr|metabolic_depression_index|resid,71,0.016767270288397047,0.8896196762017099,0.9903484347694932,1,0.36581254312330225,fc_corr,metabolic_depression_index,resid
diploid,growth_abs,fc_corr|resilience_ratio|resid,71,-0.016767270288397047,0.8896196762017099,0.9903484347694932,1,0.36581254312330225,fc_corr,resilience_ratio,resid
diploid,growth_abs,raw_rfu|vmax|resid,71,0.016398390342052312,0.8920333282850028,0.9903484347694932,1,0.36581254312330225,raw_rfu,vmax,resid
diploid,growth_abs,fc_corr_mm|auc_total|resid,71,0.015090543259557342,0.9005985600443964,0.9903484347694932,1,0.36581254312330225,fc_corr_mm,auc_total,resid
diploid,growth_abs,raw_rfu|n_negative_intervals|none,71,0.014920196693101802,0.9017150331682298,0.9903484347694932,1,0.36581254312330225,raw_rfu,n_negative_intervals,none
diploid,growth_abs,raw_delta_mm|vmax|resid,71,0.014118041582830313,0.9069749808199968,0.9903484347694932,1,0.36581254312330225,raw_delta_mm,vmax,resid
diploid,growth_abs,raw_delta_mm|rate_h3|resid,71,-0.013279678068410461,0.9124766209685498,0.9903484347694932,1,0.36581254312330225,raw_delta_mm,rate_h3,resid
diploid,growth_abs,fc_corr_mm|value_2h|none,71,0.013011401743796109,0.9142380252826035,0.9903484347694932,1,0.36581254312330225,fc_corr_mm,value_2h,none
diploid,growth_abs,raw_delta|auc_late|resid,71,-0.012977867203219313,0.9144582299674195,0.9903484347694932,1,0.36581254312330225,raw_delta,auc_late,resid
diploid,growth_abs,raw_delta_mm|depression_abs|resid,71,0.012575452716297784,0.9171011824131207,0.9903484347694932,1,0.36581254312330225,raw_delta_mm,depression_abs,resid
diploid,growth_abs,fc_corr_mm|rate_h2|none,71,-0.01237424547283702,0.9184229965617333,0.9903484347694932,1,0.36581254312330225,fc_corr_mm,rate_h2,none
diploid,growth_abs,fc_corr_mm|rate_h3|resid,71,-0.012139503688799463,0.9199653915718073,0.9903484347694932,1,0.36581254312330225,fc_corr_mm,rate_h3,resid
diploid,growth_abs,raw_delta_mm|rate_h2|none,71,-0.011971830985915491,0.9210672829623434,0.9903484347694932,1,0.36581254312330225,raw_delta_mm,rate_h2,none
diploid,growth_abs,fc_corr|auc_early|none,71,0.011770623742454727,0.9223897481098944,0.9903484347694932,1,0.36581254312330225,fc_corr,auc_early,none
diploid,growth_abs,fc_corr|rate_h2|none,71,-0.01163648558014755,0.923271508367971,0.9903484347694932,1,0.36581254312330225,fc_corr,rate_h2,none
diploid,growth_abs,raw_rfu|baseline_value|none,71,-0.011032863849765257,0.9272405556787593,0.9903484347694932,1,0.36581254312330225,raw_rfu,baseline_value,none
diploid,growth_abs,raw_rfu|rate_cv|resid,71,-0.01096579476861167,0.927681672051713,0.9903484347694932,1,0.36581254312330225,raw_rfu,rate_cv,resid
diploid,growth_abs,fc_corr|auc_total|resid,71,0.010831656606304491,0.9285639698847592,0.9903484347694932,1,0.36581254312330225,fc_corr,auc_total,resid
diploid,growth_abs,fc_corr_mm|depression_abs|resid,71,0.010798122065727698,0.9287845578066338,0.9903484347694932,1,0.36581254312330225,fc_corr_mm,depression_abs,resid
diploid,growth_abs,raw_rfu|lin_r2|none,71,-0.010295103957075788,0.9320940096888697,0.9903484347694932,1,0.36581254312330225,raw_rfu,lin_r2,none
diploid,growth_abs,fc_corr|rate_h3|none,71,-0.010093896713615021,0.9334181151691207,0.9903484347694932,1,0.36581254312330225,fc_corr,rate_h3,none
diploid,growth_abs,fc_corr|rate_cv|resid,71,-0.009792085848423875,0.9354046101638206,0.9903484347694932,1,0.36581254312330225,fc_corr,rate_cv,resid
diploid,growth_abs,raw_delta_mm|rate_h3|none,71,0.009691482226693493,0.9360668631839051,0.9903484347694932,1,0.36581254312330225,raw_delta_mm,rate_h3,none
diploid,growth_abs,raw_rfu|auc_0_3h|none,71,0.009624413145539905,0.9365083892621144,0.9903484347694932,1,0.36581254312330225,raw_rfu,auc_0_3h,none
diploid,growth_abs,raw_delta_mm|auc_late|resid,71,-0.009356136820925553,0.9382746832273428,0.9903484347694932,1,0.36581254312330225,raw_delta_mm,auc_late,resid
diploid,growth_abs,fc_corr|auc_0_2h|none,71,0.009221998658618375,0.9391579421489148,0.9903484347694932,1,0.36581254312330225,fc_corr,auc_0_2h,none
diploid,growth_abs,raw_rfu|rate_h2|resid,71,-0.009154929577464787,0.9395995991312066,0.9903484347694932,1,0.36581254312330225,raw_rfu,rate_h2,resid
diploid,growth_abs,raw_delta_mm|rate_h2|resid,71,0.00875251509054326,0.9422499179845506,0.9903484347694932,1,0.36581254312330225,raw_delta_mm,rate_h2,resid
diploid,growth_abs,fc_corr|lin_r2|none,71,-0.008484238765928905,0.9440171465158551,0.9903484347694932,1,0.36581254312330225,fc_corr,lin_r2,none
diploid,growth_abs,raw_delta|auc_0_3h|none,71,0.008249496981891346,0.9455636928796656,0.9903484347694932,1,0.36581254312330225,raw_delta,auc_0_3h,none
diploid,growth_abs,fc_corr|rate_h2|resid,71,-0.007746478873239435,0.9488783892809984,0.9903484347694932,1,0.36581254312330225,fc_corr,rate_h2,resid
diploid,growth_abs,raw_rfu|auc_late|resid,71,-0.007578806170355465,0.9499834831892269,0.9903484347694932,1,0.36581254312330225,raw_rfu,auc_late,resid
diploid,growth_abs,fc_corr|vmax|resid,71,0.007545271629778671,0.9502045133290062,0.9903484347694932,1,0.36581254312330225,fc_corr,vmax,resid
diploid,growth_abs,raw_rfu|time_to_min_slope|none,71,0.00727441937523508,0.951989868634055,0.9903484347694932,1,0.36581254312330225,raw_rfu,time_to_min_slope,none
diploid,growth_abs,fc_corr_mm|rate_h3|none,71,-0.005600268276324614,0.9630301333236331,0.9951280420267696,1,0.36581254312330225,fc_corr_mm,rate_h3,none
diploid,growth_abs,fc_corr_mm|max_drop|resid,71,0.004862508383635144,0.9678976488303036,0.9951280420267696,1,0.36581254312330225,fc_corr_mm,max_drop,resid
diploid,growth_abs,fc_corr_mm|rate_h2|resid,71,-0.004024144869215291,0.9734303269734983,0.9951280420267696,1,0.36581254312330225,fc_corr_mm,rate_h2,resid
diploid,growth_abs,raw_rfu|rate_h3|none,71,-0.0037894030851777327,0.9749797121836078,0.9951280420267696,1,0.36581254312330225,raw_rfu,rate_h3,none
diploid,growth_abs,raw_delta_mm|max_drop|resid,71,0.003185781354795439,0.9789642558673848,0.9951280420267696,1,0.36581254312330225,raw_delta_mm,max_drop,resid
diploid,growth_abs,fc_corr|value_2h|none,71,-0.0023809523809523803,0.9842777626151693,0.9951280420267696,1,0.36581254312330225,fc_corr,value_2h,none
diploid,growth_abs,raw_delta_mm|auc_total|none,71,-0.0022468142186452046,0.9851634196282624,0.9951280420267696,1,0.36581254312330225,raw_delta_mm,auc_total,none
diploid,growth_abs,fc_corr|rate_h3|resid,71,-0.0020791415157612337,0.9862705159190226,0.9951280420267696,1,0.36581254312330225,fc_corr,rate_h3,resid
diploid,growth_abs,raw_rfu|baseline_value|resid,71,0.0015090543259557343,0.9900348242574369,0.9951280420267696,1,0.36581254312330225,raw_rfu,baseline_value,resid
diploid,growth_abs,raw_rfu|rate_h3|resid,71,-0.0011066398390342052,0.9926921185606827,0.9951280420267696,1,0.36581254312330225,raw_rfu,rate_h3,resid
diploid,growth_abs,fc_corr_mm|auc_0_3h|none,71,-7.3775989268947e-4,0.9951280420267696,0.9951280420267696,1,0.36581254312330225,fc_corr_mm,auc_0_3h,none
pooled_adj,growth_abs,fc_corr|rate_last_first_ratio|resid,123,-0.11556667655518438,0.20306086619063513,0.9524025942739978,0.969,0.28430111826237237,fc_corr,rate_last_first_ratio,resid
pooled_adj,growth_abs,raw_rfu|rate_last_first_ratio|resid,123,-0.11428976796378222,0.20813087448883286,0.9524025942739978,0.975,0.28430111826237237,raw_rfu,rate_last_first_ratio,resid
pooled_adj,growth_abs,raw_rfu|rate_last_first_ratio|none,123,-0.11213579084495234,0.21688755571002616,0.9524025942739978,0.98,0.28430111826237237,raw_rfu,rate_last_first_ratio,none
pooled_adj,growth_abs,fc_corr|rate_last_first_ratio|none,123,-0.11208419857863307,0.21710045846207407,0.9524025942739978,0.98,0.28430111826237237,fc_corr,rate_last_first_ratio,none
pooled_adj,growth_abs,raw_rfu|time_to_peak|none,123,-0.10861275884092152,0.2317684531188829,0.9524025942739978,0.982,0.28430111826237237,raw_rfu,time_to_peak,none
pooled_adj,growth_abs,fc_corr_mm|auc_0_3h|resid,123,0.10639615121693258,0.24149021044082453,0.9524025942739978,0.986,0.28430111826237237,fc_corr_mm,auc_0_3h,resid
pooled_adj,growth_abs,fc_corr|auc_0_3h|resid,123,0.10551908268950484,0.24541409956756455,0.9524025942739978,0.987,0.28430111826237237,fc_corr,auc_0_3h,resid
pooled_adj,growth_abs,raw_delta_mm|rate_h4|none,123,-0.10458397286246791,0.24964606387901261,0.9524025942739978,0.989,0.28430111826237237,raw_delta_mm,rate_h4,none
pooled_adj,growth_abs,raw_rfu|rate_h4|none,123,-0.10354567850279242,0.25440369428614595,0.9524025942739978,0.989,0.28430111826237237,raw_rfu,rate_h4,none
pooled_adj,growth_abs,fc_corr|auc_0_2h|resid,123,0.10255252737614631,0.25901241557370797,0.9524025942739978,0.991,0.28430111826237237,fc_corr,auc_0_2h,resid
pooled_adj,growth_abs,fc_corr_mm|value_2h|resid,123,0.10210754407914253,0.26109577980850157,0.9524025942739978,0.991,0.28430111826237237,fc_corr_mm,value_2h,resid
pooled_adj,growth_abs,raw_delta_mm|rate_h4|resid,123,-0.10200435954650397,0.26158050861962673,0.9524025942739978,0.991,0.28430111826237237,raw_delta_mm,rate_h4,resid
pooled_adj,growth_abs,raw_rfu|rate_h4|resid,123,-0.10035340702428706,0.2694197531764213,0.9524025942739978,0.993,0.28430111826237237,raw_rfu,rate_h4,resid
pooled_adj,growth_abs,fc_corr|auc_early|resid,123,0.09977299402819517,0.2722131765502817,0.9524025942739978,0.995,0.28430111826237237,fc_corr,auc_early,resid
pooled_adj,growth_abs,fc_corr_mm|auc_total|resid,123,0.09943119526382996,0.2738673194969403,0.9524025942739978,0.995,0.28430111826237237,fc_corr_mm,auc_total,resid
pooled_adj,growth_abs,fc_corr|rate_h4|none,123,-0.09938605203080059,0.27408629727612427,0.9524025942739978,0.995,0.28430111826237237,fc_corr,rate_h4,none
pooled_adj,growth_abs,fc_corr|initial_slope|resid,123,0.09928286749816202,0.2745872614505251,0.9524025942739978,0.995,0.28430111826237237,fc_corr,initial_slope,resid
pooled_adj,growth_abs,fc_corr|auc_0_1h|resid,123,0.09928286749816202,0.2745872614505251,0.9524025942739978,0.995,0.28430111826237237,fc_corr,auc_0_1h,resid
pooled_adj,growth_abs,raw_rfu|quad_coef|resid,123,-0.09848318737021321,0.2784906679181223,0.9524025942739978,0.995,0.28430111826237237,raw_rfu,quad_coef,resid
pooled_adj,growth_abs,fc_corr|value_2h|resid,123,0.09766416014239465,0.2825269853349706,0.9524025942739978,0.996,0.28430111826237237,fc_corr,value_2h,resid
pooled_adj,growth_abs,fc_corr_mm|rate_h4|none,123,-0.09701925681340368,0.28573261453086835,0.9524025942739978,0.996,0.28430111826237237,fc_corr_mm,rate_h4,none
pooled_adj,growth_abs,fc_corr|sat_k|none,119,-0.09633955277026067,0.29728462688468205,0.9524025942739978,0.996,0.28430111826237237,fc_corr,sat_k,none
pooled_adj,growth_abs,fc_corr_mm|sat_k|none,119,-0.09633955277026067,0.29728462688468205,0.9524025942739978,0.996,0.28430111826237237,fc_corr_mm,sat_k,none
pooled_adj,growth_abs,fc_corr|quad_coef|resid,123,-0.09631631218480351,0.2892542992137098,0.9524025942739978,0.996,0.28430111826237237,fc_corr,quad_coef,resid
pooled_adj,growth_abs,fc_corr|auc_total|resid,123,0.09603900375333738,0.29065149627352727,0.9524025942739978,0.996,0.28430111826237237,fc_corr,auc_total,resid
pooled_adj,growth_abs,raw_rfu|depression_abs|none,123,0.09569955802764078,0.29236786080366245,0.9524025942739978,0.996,0.28430111826237237,raw_rfu,depression_abs,none
pooled_adj,growth_abs,fc_corr|depression_abs|none,123,0.09527159647827356,0.29454135646969043,0.9524025942739978,0.996,0.28430111826237237,fc_corr,depression_abs,none
pooled_adj,growth_abs,raw_rfu|sat_k|none,119,-0.09494374020794762,0.3043715018447759,0.9524025942739978,0.996,0.28430111826237237,raw_rfu,sat_k,none
pooled_adj,growth_abs,raw_delta_mm|sat_k|none,119,-0.09494374020794762,0.3043715018447759,0.9524025942739978,0.996,0.28430111826237237,raw_delta_mm,sat_k,none
pooled_adj,growth_abs,raw_rfu|time_to_peak|resid,123,-0.094349357031381,0.299261419935248,0.9524025942739978,0.996,0.28430111826237237,raw_rfu,time_to_peak,resid
pooled_adj,growth_abs,fc_corr_mm|depression_abs|none,123,0.09398771183017189,0.3011258658899142,0.9524025942739978,0.996,0.28430111826237237,fc_corr_mm,depression_abs,none
pooled_adj,growth_abs,raw_delta_mm|depression_abs|none,123,0.09390078214045666,0.3015751646149487,0.9524025942739978,0.996,0.28430111826237237,raw_delta_mm,depression_abs,none
pooled_adj,growth_abs,raw_delta_mm|quad_coef|resid,123,-0.09387212856792766,0.30172335800386507,0.9524025942739978,0.996,0.28430111826237237,raw_delta_mm,quad_coef,resid
pooled_adj,growth_abs,fc_corr|rate_h4|resid,123,-0.09289187550786138,0.306821958909546,0.9524025942739978,0.996,0.28430111826237237,fc_corr,rate_h4,resid
pooled_adj,growth_abs,fc_corr_mm|rate_h4|resid,123,-0.09285963034141181,0.30699062790848436,0.9524025942739978,0.996,0.28430111826237237,fc_corr_mm,rate_h4,resid
pooled_adj,growth_abs,raw_delta|auc_0_3h|resid,123,0.09180198888186661,0.3125565829267143,0.9524025942739978,0.996,0.28430111826237237,raw_delta,auc_0_3h,resid
pooled_adj,growth_abs,raw_rfu|metabolic_depression_index|none,123,0.09150687222368377,0.31412130810613553,0.9524025942739978,0.996,0.28430111826237237,raw_rfu,metabolic_depression_index,none
pooled_adj,growth_abs,raw_rfu|resilience_ratio|none,123,-0.09150687222368377,0.31412130810613553,0.9524025942739978,0.996,0.28430111826237237,raw_rfu,resilience_ratio,none
pooled_adj,growth_abs,raw_delta|resilience_ratio|none,123,-0.09150687222368377,0.31412130810613553,0.9524025942739978,0.996,0.28430111826237237,raw_delta,resilience_ratio,none
pooled_adj,growth_abs,fc_corr|metabolic_depression_index|none,123,0.09141994253396855,0.31458318263656204,0.9524025942739978,0.996,0.28430111826237237,fc_corr,metabolic_depression_index,none
pooled_adj,growth_abs,fc_corr|resilience_ratio|none,123,-0.09141994253396855,0.31458318263656204,0.9524025942739978,0.996,0.28430111826237237,fc_corr,resilience_ratio,none
pooled_adj,growth_abs,raw_delta_mm|value_2h|resid,123,0.091273168152094,0.31536402396728436,0.9524025942739978,0.996,0.28430111826237237,raw_delta_mm,value_2h,resid
pooled_adj,growth_abs,raw_delta_mm|auc_0_3h|resid,123,0.09118288168603526,0.3158449730407543,0.9524025942739978,0.996,0.28430111826237237,raw_delta_mm,auc_0_3h,resid
pooled_adj,growth_abs,raw_rfu|auc_0_3h|resid,123,0.09040254865795617,0.32002155468975196,0.9524025942739978,0.996,0.28430111826237237,raw_rfu,auc_0_3h,resid
pooled_adj,growth_abs,raw_delta_mm|rate_h2|resid,123,0.0902929150920277,0.32061119158553225,0.9524025942739978,0.996,0.28430111826237237,raw_delta_mm,rate_h2,resid
pooled_adj,growth_abs,raw_rfu|auc_early|resid,123,0.09018328152609924,0.3212015291971553,0.9524025942739978,0.996,0.28430111826237237,raw_rfu,auc_early,resid
pooled_adj,growth_abs,raw_delta|value_2h|resid,123,0.08953837819710825,0.32468828550428264,0.9524025942739978,0.996,0.28430111826237237,raw_delta,value_2h,resid
pooled_adj,growth_abs,raw_delta|auc_early|resid,123,0.08859037030349151,0.3298578146343334,0.9524025942739978,0.998,0.28430111826237237,raw_delta,auc_early,resid
pooled_adj,growth_abs,raw_rfu|auc_0_2h|resid,123,0.08857747223691169,0.32992850933246565,0.9524025942739978,0.998,0.28430111826237237,raw_rfu,auc_0_2h,resid
pooled_adj,growth_abs,fc_corr_mm|auc_early|resid,123,0.08842269543795385,0.3307776013404613,0.9524025942739978,0.998,0.28430111826237237,fc_corr_mm,auc_early,resid
pooled_adj,growth_abs,fc_corr_mm|auc_0_2h|resid,123,0.08768105660961421,0.3348655188582429,0.9524025942739978,0.998,0.28430111826237237,fc_corr_mm,auc_0_2h,resid
pooled_adj,growth_abs,raw_rfu|value_2h|resid,123,0.08721027717945079,0.3374770647295833,0.9524025942739978,0.999,0.28430111826237237,raw_rfu,value_2h,resid
pooled_adj,growth_abs,raw_delta|auc_0_2h|resid,123,0.08647508738440107,0.34158114655572347,0.9524025942739978,0.999,0.28430111826237237,raw_delta,auc_0_2h,resid
pooled_adj,growth_abs,fc_corr_mm|quad_coef|resid,123,-0.08619777895293496,0.3431373354942483,0.9524025942739978,0.999,0.28430111826237237,fc_corr_mm,quad_coef,resid
pooled_adj,growth_abs,raw_rfu|baseline_value|none,123,-0.08361171660368111,0.35786446208844247,0.9524025942739978,1,0.28430111826237237,raw_rfu,baseline_value,none
pooled_adj,growth_abs,raw_delta_mm|auc_early|resid,123,0.08271530097638363,0.3630597096387519,0.9524025942739978,1,0.28430111826237237,raw_delta_mm,auc_early,resid
pooled_adj,growth_abs,fc_corr_mm|quad_coef|none,123,-0.08208329571397248,0.3667504177428478,0.9524025942739978,1,0.28430111826237237,fc_corr_mm,quad_coef,none
pooled_adj,growth_abs,fc_corr_mm|rate_h2|resid,123,0.08187047761540546,0.3679983877256163,0.9524025942739978,1,0.28430111826237237,fc_corr_mm,rate_h2,resid
pooled_adj,growth_abs,raw_delta_mm|auc_0_2h|resid,123,0.0807225496898015,0.37477479328686314,0.9524025942739978,1,0.28430111826237237,raw_delta_mm,auc_0_2h,resid
pooled_adj,growth_abs,raw_rfu|rate_h2|resid,123,0.08023242315976836,0.3776911445928165,0.9524025942739978,1,0.28430111826237237,raw_rfu,rate_h2,resid
pooled_adj,growth_abs,fc_corr|value_2h|none,123,0.0802001779933188,0.3778834927240865,0.9524025942739978,1,0.28430111826237237,fc_corr,value_2h,none
pooled_adj,growth_abs,fc_corr_mm|initial_slope|resid,123,0.0796068669306471,0.381433327162894,0.9524025942739978,1,0.28430111826237237,fc_corr_mm,initial_slope,resid
pooled_adj,growth_abs,fc_corr_mm|auc_0_1h|resid,123,0.0796068669306471,0.381433327162894,0.9524025942739978,1,0.28430111826237237,fc_corr_mm,auc_0_1h,resid
pooled_adj,growth_abs,fc_corr|rate_h2|resid,123,0.07879428873611846,0.38632772285513395,0.9524025942739978,1,0.28430111826237237,fc_corr,rate_h2,resid
pooled_adj,growth_abs,fc_corr|auc_late|resid,123,0.07713043814732172,0.39646699441094546,0.9524025942739978,1,0.28430111826237237,fc_corr,auc_late,resid
pooled_adj,growth_abs,raw_rfu|value_1h|resid,123,0.07667255678373812,0.39928484465494896,0.9524025942739978,1,0.28430111826237237,raw_rfu,value_1h,resid
pooled_adj,growth_abs,fc_corr|rate_h2|none,123,0.07651777998478028,0.40024004211067077,0.9524025942739978,1,0.28430111826237237,fc_corr,rate_h2,none
pooled_adj,growth_abs,raw_rfu|auc_0_1h|resid,123,0.07604055152132695,0.4031937609550216,0.9524025942739978,1,0.28430111826237237,raw_rfu,auc_0_1h,resid
pooled_adj,growth_abs,raw_delta|auc_total|resid,123,0.07500870619494138,0.4096240986187326,0.9524025942739978,1,0.28430111826237237,raw_delta,auc_total,resid
pooled_adj,growth_abs,fc_corr_mm|value_2h|none,123,0.07490552166230281,0.410270427987668,0.9524025942739978,1,0.28430111826237237,fc_corr_mm,value_2h,none
pooled_adj,growth_abs,raw_rfu|sat_k|resid,119,-0.07471157954707308,0.4193589460933401,0.9524025942739978,1,0.28430111826237237,raw_rfu,sat_k,resid
pooled_adj,growth_abs,raw_delta_mm|sat_k|resid,119,-0.07471157954707308,0.4193589460933401,0.9524025942739978,1,0.28430111826237237,raw_delta_mm,sat_k,resid
pooled_adj,growth_abs,raw_rfu|initial_slope|resid,123,0.07427996543318156,0.414201593819565,0.9524025942739978,1,0.28430111826237237,raw_rfu,initial_slope,resid
pooled_adj,growth_abs,raw_delta|auc_0_1h|resid,123,0.07427996543318156,0.414201593819565,0.9524025942739978,1,0.28430111826237237,raw_delta,auc_0_1h,resid
pooled_adj,growth_abs,fc_corr|sat_k|resid,119,-0.07409200968523004,0.4232366592170318,0.9524025942739978,1,0.28430111826237237,fc_corr,sat_k,resid
pooled_adj,growth_abs,fc_corr_mm|sat_k|resid,119,-0.07409200968523004,0.4232366592170318,0.9524025942739978,1,0.28430111826237237,fc_corr_mm,sat_k,resid
pooled_adj,growth_abs,raw_rfu|rate_cv|resid,123,-0.07334485560614463,0.42011893058813987,0.9524025942739978,1,0.28430111826237237,raw_rfu,rate_cv,resid
pooled_adj,growth_abs,fc_corr|rate_cv|resid,123,-0.0730546491080987,0.421965269674902,0.9524025942739978,1,0.28430111826237237,fc_corr,rate_cv,resid
pooled_adj,growth_abs,fc_corr|auc_early|none,123,0.07293211747559042,0.42274624335163546,0.9524025942739978,1,0.28430111826237237,fc_corr,auc_early,none
pooled_adj,growth_abs,raw_rfu|rate_h2|none,123,0.07277734067663258,0.423733930452443,0.9524025942739978,1,0.28430111826237237,raw_rfu,rate_h2,none
pooled_adj,growth_abs,raw_rfu|auc_total|resid,123,0.07264191097754447,0.4245992492656081,0.9524025942739978,1,0.28430111826237237,raw_rfu,auc_total,resid
pooled_adj,growth_abs,fc_corr_mm|auc_late|resid,123,0.07264191097754447,0.4245992492656081,0.9524025942739978,1,0.28430111826237237,fc_corr_mm,auc_late,resid
pooled_adj,growth_abs,fc_corr_mm|rate_h2|none,123,0.07216468251409114,0.4276565851020335,0.9524025942739978,1,0.28430111826237237,fc_corr_mm,rate_h2,none
pooled_adj,growth_abs,fc_corr|auc_0_3h|none,123,0.07191961924907457,0.42923147509640414,0.9524025942739978,1,0.28430111826237237,fc_corr,auc_0_3h,none
pooled_adj,growth_abs,fc_corr|quad_coef|none,123,-0.07130696108653313,0.4331832318500294,0.9524025942739978,1,0.28430111826237237,fc_corr,quad_coef,none
pooled_adj,growth_abs,fc_corr|auc_0_2h|none,123,0.0707652422901807,0.43669466514442457,0.9524025942739978,1,0.28430111826237237,fc_corr,auc_0_2h,none
pooled_adj,growth_abs,raw_rfu|rate_cv|none,123,-0.07020417639395854,0.440348517021813,0.9524025942739978,1,0.28430111826237237,raw_rfu,rate_cv,none
pooled_adj,growth_abs,raw_delta_mm|auc_total|resid,123,0.07013323702776954,0.440811728046555,0.9524025942739978,1,0.28430111826237237,raw_delta_mm,auc_total,resid
pooled_adj,growth_abs,fc_corr|rate_cv|none,123,-0.06898530910216559,0.44834556506610834,0.9524025942739978,1,0.28430111826237237,fc_corr,rate_cv,none
pooled_adj,growth_abs,fc_corr_mm|auc_early|none,123,0.06808244444157821,0.4543214365009901,0.9524025942739978,1,0.28430111826237237,fc_corr_mm,auc_early,none
pooled_adj,growth_abs,fc_corr_mm|auc_0_3h|none,123,0.06803730120854884,0.45462138932018525,0.9524025942739978,1,0.28430111826237237,fc_corr_mm,auc_0_3h,none
pooled_adj,growth_abs,raw_delta_mm|quad_coef|none,123,-0.06795346377578002,0.4551787367988416,0.9524025942739978,1,0.28430111826237237,raw_delta_mm,quad_coef,none
pooled_adj,growth_abs,fc_corr_mm|value_3h|resid,123,0.06754717467851569,0.457885103722255,0.9524025942739978,1,0.28430111826237237,fc_corr_mm,value_3h,resid
pooled_adj,growth_abs,raw_delta|value_2h|none,123,0.06716668171441101,0.46042770275242706,0.9524025942739978,1,0.28430111826237237,raw_delta,value_2h,none
pooled_adj,growth_abs,raw_delta_mm|rate_h2|none,123,0.0666378609846384,0.4639743996190786,0.9524025942739978,1,0.28430111826237237,raw_delta_mm,rate_h2,none
pooled_adj,growth_abs,fc_corr_mm|sat_asymptote|resid,119,-0.06645776954849737,0.47268894682174833,0.9524025942739978,1,0.28430111826237237,fc_corr_mm,sat_asymptote,resid
pooled_adj,growth_abs,fc_corr|lin_r2|none,123,0.06600585572222724,0.4682327676065524,0.9524025942739978,1,0.28430111826237237,fc_corr,lin_r2,none
pooled_adj,growth_abs,fc_corr|value_3h|resid,123,0.06555442339193356,0.47128749640582,0.9524025942739978,1,0.28430111826237237,fc_corr,value_3h,resid
pooled_adj,growth_abs,raw_rfu|value_2h|none,123,0.06522552269414815,0.4735199018851053,0.9524025942739978,1,0.28430111826237237,raw_rfu,value_2h,none
pooled_adj,growth_abs,raw_rfu|lin_r2|none,123,0.06517393042782887,0.47387060347995713,0.9524025942739978,1,0.28430111826237237,raw_rfu,lin_r2,none
pooled_adj,growth_abs,raw_delta_mm|value_2h|none,123,0.06497401039584166,0.47523090301298043,0.9524025942739978,1,0.28430111826237237,raw_delta_mm,value_2h,none
pooled_adj,growth_abs,fc_corr|auc_late|none,123,0.0630973417084779,0.4881027378504681,0.9524025942739978,1,0.28430111826237237,fc_corr,auc_late,none
pooled_adj,growth_abs,fc_corr_mm|auc_0_2h|none,123,0.06254917387883556,0.49189728959420553,0.9524025942739978,1,0.28430111826237237,fc_corr_mm,auc_0_2h,none
pooled_adj,growth_abs,fc_corr|peak_value|resid,123,0.06196231184945376,0.495976953255304,0.9524025942739978,1,0.28430111826237237,fc_corr,peak_value,resid
pooled_adj,growth_abs,fc_corr|value_3h|none,123,0.06151087951916008,0.4991272462644929,0.9524025942739978,1,0.28430111826237237,fc_corr,value_3h,none
pooled_adj,growth_abs,raw_delta_mm|auc_late|resid,123,0.06102075298912693,0.5025594138334046,0.9524025942739978,1,0.28430111826237237,raw_delta_mm,auc_late,resid
pooled_adj,growth_abs,raw_rfu|auc_late|resid,123,0.0604080948265855,0.5068668894008823,0.9524025942739978,1,0.28430111826237237,raw_rfu,auc_late,resid
pooled_adj,growth_abs,fc_corr|final_value|none,123,0.060246868994337746,0.5080036116881357,0.9524025942739978,1,0.28430111826237237,fc_corr,final_value,none
pooled_adj,growth_abs,fc_corr_mm|initial_slope|none,123,0.059647108898376135,0.512243786336642,0.9524025942739978,1,0.28430111826237237,fc_corr_mm,initial_slope,none
pooled_adj,growth_abs,fc_corr_mm|auc_0_1h|none,123,0.059647108898376135,0.512243786336642,0.9524025942739978,1,0.28430111826237237,fc_corr_mm,auc_0_1h,none
pooled_adj,growth_abs,raw_delta_mm|sat_asymptote|resid,119,-0.059421734795613176,0.5209120851383839,0.9524025942739978,1,0.28430111826237237,raw_delta_mm,sat_asymptote,resid
pooled_adj,growth_abs,fc_corr|auc_total|none,123,0.059021552669254886,0.5166856744645443,0.9524025942739978,1,0.28430111826237237,fc_corr,auc_total,none
pooled_adj,growth_abs,raw_delta|auc_late|resid,123,0.05891836813661633,0.5174202461005319,0.9524025942739978,1,0.28430111826237237,raw_delta,auc_late,resid
pooled_adj,growth_abs,raw_rfu|time_to_min_slope|none,123,0.05877624181248254,0.5184329180605701,0.9524025942739978,1,0.28430111826237237,raw_rfu,time_to_min_slope,none
pooled_adj,growth_abs,fc_corr|mean_rate|resid,123,0.058447588706452905,0.5207784903282944,0.9524025942739978,1,0.28430111826237237,fc_corr,mean_rate,resid
pooled_adj,growth_abs,fc_corr|value_4h|none,123,0.058183178341566597,0.5226694777217255,0.9524025942739978,1,0.28430111826237237,fc_corr,value_4h,none
pooled_adj,growth_abs,fc_corr|final_value|resid,123,0.05796391120970966,0.5242402511129908,0.9524025942739978,1,0.28430111826237237,fc_corr,final_value,resid
pooled_adj,growth_abs,raw_rfu|n_negative_intervals|none,123,0.05779250028921299,0.5254698565377176,0.9524025942739978,1,0.28430111826237237,raw_rfu,n_negative_intervals,none
pooled_adj,growth_abs,raw_delta_mm|initial_slope|resid,123,0.05749313177954624,0.5276208462765252,0.9524025942739978,1,0.28430111826237237,raw_delta_mm,initial_slope,resid
pooled_adj,growth_abs,raw_delta_mm|auc_0_1h|resid,123,0.05749313177954624,0.5276208462765252,0.9524025942739978,1,0.28430111826237237,raw_delta_mm,auc_0_1h,resid
pooled_adj,growth_abs,fc_corr|initial_slope|none,123,0.056680553585017605,0.5334815578189464,0.9524025942739978,1,0.28430111826237237,fc_corr,initial_slope,none
pooled_adj,growth_abs,fc_corr|auc_0_1h|none,123,0.056680553585017605,0.5334815578189464,0.9524025942739978,1,0.28430111826237237,fc_corr,auc_0_1h,none
pooled_adj,growth_abs,fc_corr|mean_rate|none,123,0.05639034708697166,0.5355825152113276,0.9524025942739978,1,0.28430111826237237,fc_corr,mean_rate,none
pooled_adj,growth_abs,fc_corr|delta_auc_late_minus_early|none,123,0.055358501760586085,0.543085767632395,0.9524025942739978,1,0.28430111826237237,fc_corr,delta_auc_late_minus_early,none
pooled_adj,growth_abs,raw_delta_mm|value_3h|resid,123,0.055358501760586085,0.543085767632395,0.9524025942739978,1,0.28430111826237237,raw_delta_mm,value_3h,resid
pooled_adj,growth_abs,raw_rfu|time_to_vmax|resid,123,-0.055274664327817254,0.5436976700263532,0.9524025942739978,1,0.28430111826237237,raw_rfu,time_to_vmax,resid
pooled_adj,growth_abs,raw_delta_mm|auc_0_3h|none,123,0.05433955450078034,0.5505456074561248,0.9524025942739978,1,0.28430111826237237,raw_delta_mm,auc_0_3h,none
pooled_adj,growth_abs,raw_delta|auc_0_3h|none,123,0.05404289896944448,0.5527267826913246,0.9524025942739978,1,0.28430111826237237,raw_delta,auc_0_3h,none
pooled_adj,growth_abs,raw_delta|auc_late|none,123,0.05388812217048664,0.5538664464724146,0.9524025942739978,1,0.28430111826237237,raw_delta,auc_late,none
pooled_adj,growth_abs,raw_rfu|min_slope|none,123,-0.053746243438108625,0.554912135403584,0.9524025942739978,1,0.28430111826237237,raw_rfu,min_slope,none
pooled_adj,growth_abs,raw_rfu|auc_0_3h|none,123,0.053662406005339794,0.5555304901179581,0.9524025942739978,1,0.28430111826237237,raw_rfu,auc_0_3h,none
pooled_adj,growth_abs,fc_corr|sat_asymptote|resid,119,-0.05356786782509615,0.5628563679643497,0.9524025942739978,1,0.28430111826237237,fc_corr,sat_asymptote,resid
pooled_adj,growth_abs,fc_corr_mm|auc_total|none,123,0.052875623943970794,0.5613496465064365,0.9524025942739978,1,0.28430111826237237,fc_corr_mm,auc_total,none
pooled_adj,growth_abs,raw_delta|value_3h|resid,123,0.05279178651120197,0.5619714330385619,0.9524025942739978,1,0.28430111826237237,raw_delta,value_3h,resid
pooled_adj,growth_abs,raw_delta|auc_total|none,123,0.05260476454579458,0.5633596785054192,0.9524025942739978,1,0.28430111826237237,raw_delta,auc_total,none
pooled_adj,growth_abs,fc_corr|value_4h|resid,123,0.05260476454579458,0.5633596785054192,0.9524025942739978,1,0.28430111826237237,fc_corr,value_4h,resid
pooled_adj,growth_abs,fc_corr_mm|value_4h|resid,123,0.052404844513807385,0.5648454682732533,0.9524025942739978,1,0.28430111826237237,fc_corr_mm,value_4h,resid
pooled_adj,growth_abs,fc_corr_mm|peak_value|resid,123,0.052333905147618376,0.5653731310182645,0.9524025942739978,1,0.28430111826237237,fc_corr_mm,peak_value,resid
pooled_adj,growth_abs,fc_corr_mm|final_value|resid,123,0.05179218635126595,0.5694102497730684,0.9524025942739978,1,0.28430111826237237,fc_corr_mm,final_value,resid
pooled_adj,growth_abs,fc_corr|peak_value|none,123,0.05175349215152649,0.5696991345772874,0.9524025942739978,1,0.28430111826237237,fc_corr,peak_value,none
pooled_adj,growth_abs,raw_rfu|auc_late|none,123,0.05166320568546774,0.5703734675314944,0.9524025942739978,1,0.28430111826237237,raw_rfu,auc_late,none
pooled_adj,growth_abs,raw_rfu|peak_value|none,123,0.051534225019669554,0.5713374514344765,0.9524025942739978,1,0.28430111826237237,raw_rfu,peak_value,none
pooled_adj,growth_abs,raw_rfu|auc_total|none,123,0.05122467142175388,0.5736541307890678,0.9524025942739978,1,0.28430111826237237,raw_rfu,auc_total,none
pooled_adj,growth_abs,raw_delta_mm|auc_total|none,123,0.05120532432188415,0.5737990691052487,0.9524025942739978,1,0.28430111826237237,raw_delta_mm,auc_total,none
pooled_adj,growth_abs,fc_corr_mm|mean_rate|resid,123,0.05117952818872451,0.573992346843657,0.9524025942739978,1,0.28430111826237237,fc_corr_mm,mean_rate,resid
pooled_adj,growth_abs,raw_rfu|value_3h|resid,123,0.05047013452683443,0.5793193793474001,0.9524025942739978,1,0.28430111826237237,raw_rfu,value_3h,resid
pooled_adj,growth_abs,raw_rfu|value_3h|none,123,0.04996066089693155,0.583159239229905,0.9524025942739978,1,0.28430111826237237,raw_rfu,value_3h,none
pooled_adj,growth_abs,raw_rfu|baseline_value|resid,123,-0.04957371889953696,0.5860833956039009,0.9524025942739978,1,0.28430111826237237,raw_rfu,baseline_value,resid
pooled_adj,growth_abs,raw_rfu|metabolic_scope|none,123,0.0490126530033148,0.5903353114964667,0.9524025942739978,1,0.28430111826237237,raw_rfu,metabolic_scope,none
pooled_adj,growth_abs,raw_delta_mm|min_slope|none,123,-0.0488772233042267,0.59136373344853,0.9524025942739978,1,0.28430111826237237,raw_delta_mm,min_slope,none
pooled_adj,growth_abs,fc_corr|lin_slope|none,123,0.04884497813777715,0.5916087156144318,0.9524025942739978,1,0.28430111826237237,fc_corr,lin_slope,none
pooled_adj,growth_abs,raw_rfu|final_value|none,123,0.04862571100592022,0.59327581394372,0.9524025942739978,1,0.28430111826237237,raw_rfu,final_value,none
pooled_adj,growth_abs,fc_corr|sat_asymptote|none,119,0.0484047856430708,0.601136473393441,0.9524025942739978,1,0.28430111826237237,fc_corr,sat_asymptote,none
pooled_adj,growth_abs,raw_delta|value_3h|none,123,0.04825811610839535,0.5960754114624897,0.9524025942739978,1,0.28430111826237237,raw_delta,value_3h,none
pooled_adj,growth_abs,fc_corr_mm|max_drop|resid,123,-0.04825166707510544,0.596124580234457,0.9524025942739978,1,0.28430111826237237,fc_corr_mm,max_drop,resid
pooled_adj,growth_abs,raw_rfu|final_delta|none,123,0.047780887644942024,0.5997188183984631,0.9524025942739978,1,0.28430111826237237,raw_rfu,final_delta,none
pooled_adj,growth_abs,raw_delta_mm|max_drop|resid,123,-0.047671254079013556,0.6005572214916385,0.9524025942739978,1,0.28430111826237237,raw_delta_mm,max_drop,resid
pooled_adj,growth_abs,raw_rfu|sat_asymptote|resid,119,-0.04764990742059537,0.6068291118017262,0.9524025942739978,1,0.28430111826237237,raw_rfu,sat_asymptote,resid
pooled_adj,growth_abs,raw_rfu|mean_rate|none,123,0.0475035792134759,0.6018404959452026,0.9524025942739978,1,0.28430111826237237,raw_rfu,mean_rate,none
pooled_adj,growth_abs,raw_delta_mm|auc_early|none,123,0.047252066915169415,0.6037676935466423,0.9524025942739978,1,0.28430111826237237,raw_delta_mm,auc_early,none
pooled_adj,growth_abs,raw_delta|value_4h|none,123,0.046916717184094105,0.6063415407223192,0.9524025942739978,1,0.28430111826237237,raw_delta,value_4h,none
pooled_adj,growth_abs,raw_delta|auc_early|none,123,0.046807083618165636,0.6071840405383161,0.9524025942739978,1,0.28430111826237237,raw_delta,auc_early,none
pooled_adj,growth_abs,fc_corr|min_slope|none,123,-0.04652977518669951,0.6093173696713479,0.9524025942739978,1,0.28430111826237237,fc_corr,min_slope,none
pooled_adj,growth_abs,raw_rfu|metabolic_depression_index|resid,123,0.04633630418800222,0.6108076852961445,0.9524025942739978,1,0.28430111826237237,raw_rfu,metabolic_depression_index,resid
pooled_adj,growth_abs,raw_delta|resilience_ratio|resid,123,-0.04633630418800222,0.6108076852961445,0.9524025942739978,1,0.28430111826237237,raw_delta,resilience_ratio,resid
pooled_adj,growth_abs,fc_corr|lin_r2|resid,123,0.04610413898956547,0.6125981678791566,0.9524025942739978,1,0.28430111826237237,fc_corr,lin_r2,resid
pooled_adj,growth_abs,raw_rfu|lin_r2|resid,123,0.045994505423637,0.6134444690318677,0.9524025942739978,1,0.28430111826237237,raw_rfu,lin_r2,resid
pooled_adj,growth_abs,raw_rfu|value_4h|none,123,0.04587842282441862,0.6143411074470115,0.9524025942739978,1,0.28430111826237237,raw_rfu,value_4h,none
pooled_adj,growth_abs,raw_rfu|resilience_ratio|resid,123,-0.045639808592691955,0.6161859852059285,0.9524025942739978,1,0.28430111826237237,raw_rfu,resilience_ratio,resid
pooled_adj,growth_abs,fc_corr_mm|min_slope|none,123,-0.045381847261095565,0.6181831442255579,0.9524025942739978,1,0.28430111826237237,fc_corr_mm,min_slope,none
pooled_adj,growth_abs,raw_delta_mm|auc_0_2h|none,123,0.044898169764352326,0.6219353276647492,0.9524025942739978,1,0.28430111826237237,raw_delta_mm,auc_0_2h,none
pooled_adj,growth_abs,raw_rfu|n_negative_intervals|resid,123,0.044846577498033044,0.6223361361795141,0.9524025942739978,1,0.28430111826237237,raw_rfu,n_negative_intervals,resid
pooled_adj,growth_abs,fc_corr|metabolic_depression_index|resid,123,0.044769189098554124,0.6229375562852466,0.9524025942739978,1,0.28430111826237237,fc_corr,metabolic_depression_index,resid
pooled_adj,growth_abs,fc_corr|resilience_ratio|resid,123,-0.044769189098554124,0.6229375562852466,0.9524025942739978,1,0.28430111826237237,fc_corr,resilience_ratio,resid
pooled_adj,growth_abs,fc_corr|lin_slope|resid,123,0.04466600456591557,0.6237398362712878,0.9524025942739978,1,0.28430111826237237,fc_corr,lin_slope,resid
pooled_adj,growth_abs,raw_rfu|quad_coef|none,123,-0.04449832970037791,0.6250444814992021,0.9524025942739978,1,0.28430111826237237,raw_rfu,quad_coef,none
pooled_adj,growth_abs,raw_rfu|auc_early|none,123,0.04334395274148405,0.6340577985600042,0.9524025942739978,1,0.28430111826237237,raw_rfu,auc_early,none
pooled_adj,growth_abs,fc_corr_mm|auc_late|none,123,0.04148018212070011,0.6487233583149576,0.9524025942739978,1,0.28430111826237237,fc_corr_mm,auc_late,none
pooled_adj,growth_abs,raw_rfu|delta_auc_late_minus_early|none,123,0.041435038887670736,0.6490802832829273,0.9524025942739978,1,0.28430111826237237,raw_rfu,delta_auc_late_minus_early,none
pooled_adj,growth_abs,raw_rfu|auc_0_2h|none,123,0.04141569178780101,0.6492332754958162,0.9524025942739978,1,0.28430111826237237,raw_rfu,auc_0_2h,none
pooled_adj,growth_abs,fc_corr_mm|value_3h|none,123,0.04122222078910372,0.6507640004834169,0.9524025942739978,1,0.28430111826237237,fc_corr_mm,value_3h,none
pooled_adj,growth_abs,raw_rfu|depression_abs|resid,123,0.041177077556074346,0.6511213793385824,0.9524025942739978,1,0.28430111826237237,raw_rfu,depression_abs,resid
pooled_adj,growth_abs,raw_rfu|initial_slope|none,123,0.04103519882369633,0.6522450852915983,0.9524025942739978,1,0.28430111826237237,raw_rfu,initial_slope,none
pooled_adj,growth_abs,raw_delta|auc_0_1h|none,123,0.04103519882369633,0.6522450852915983,0.9524025942739978,1,0.28430111826237237,raw_delta,auc_0_1h,none
pooled_adj,growth_abs,fc_corr_mm|lin_slope|resid,123,0.040803033625259576,0.6540855585768663,0.9524025942739978,1,0.28430111826237237,fc_corr_mm,lin_slope,resid
pooled_adj,growth_abs,raw_rfu|time_to_vmax|none,123,-0.0407755020643148,0.6543039511897228,0.9524025942739978,1,0.28430111826237237,raw_rfu,time_to_vmax,none
pooled_adj,growth_abs,raw_rfu|metabolic_scope|resid,123,0.04009363996336949,0.6597220702381288,0.9524025942739978,1,0.28430111826237237,raw_rfu,metabolic_scope,resid
pooled_adj,growth_abs,raw_rfu|peak_value|resid,123,0.03976473926558409,0.6623418730266446,0.9524025942739978,1,0.28430111826237237,raw_rfu,peak_value,resid
pooled_adj,growth_abs,raw_delta_mm|initial_slope|none,123,0.0396422076330758,0.66331892438555,0.9524025942739978,1,0.28430111826237237,raw_delta_mm,initial_slope,none
pooled_adj,growth_abs,raw_delta_mm|auc_0_1h|none,123,0.0396422076330758,0.66331892438555,0.9524025942739978,1,0.28430111826237237,raw_delta_mm,auc_0_1h,none
pooled_adj,growth_abs,raw_delta_mm|min_slope|resid,123,-0.03946808373424824,0.6647083387831723,0.9524025942739978,1,0.28430111826237237,raw_delta_mm,min_slope,resid
pooled_adj,growth_abs,raw_rfu|time_to_min_slope|resid,123,0.03930685790200049,0.6659958488212324,0.9524025942739978,1,0.28430111826237237,raw_rfu,time_to_min_slope,resid
pooled_adj,growth_abs,raw_delta|auc_0_2h|none,123,0.03908114173685364,0.6677999964925714,0.9524025942739978,1,0.28430111826237237,raw_delta,auc_0_2h,none
pooled_adj,growth_abs,raw_rfu|auc_0_1h|none,123,0.03871354683932878,0.6707422377785757,0.9524025942739978,1,0.28430111826237237,raw_rfu,auc_0_1h,none
pooled_adj,growth_abs,raw_rfu|value_1h|none,123,0.038655505539719595,0.6712072597405261,0.9524025942739978,1,0.28430111826237237,raw_rfu,value_1h,none
pooled_adj,growth_abs,raw_rfu|lin_slope|none,123,0.038429789374572754,0.673016859246079,0.9524025942739978,1,0.28430111826237237,raw_rfu,lin_slope,none
pooled_adj,growth_abs,fc_corr_mm|peak_value|none,123,0.038326604841934196,0.6738447286587852,0.9524025942739978,1,0.28430111826237237,fc_corr_mm,peak_value,none
pooled_adj,growth_abs,raw_delta_mm|auc_late|none,123,0.03782358024532123,0.6778861647042682,0.9524025942739978,1,0.28430111826237237,raw_delta_mm,auc_late,none
pooled_adj,growth_abs,raw_delta_mm|peak_value|resid,123,0.03608879029033548,0.6918936713932698,0.9524025942739978,1,0.28430111826237237,raw_delta_mm,peak_value,resid
pooled_adj,growth_abs,raw_rfu|frac_auc_first_half|none,123,-0.03566315409320143,0.6953466453053686,0.9524025942739978,1,0.28430111826237237,raw_rfu,frac_auc_first_half,none
pooled_adj,growth_abs,raw_rfu|sat_asymptote|none,119,0.03546503347101553,0.7017829936895947,0.9524025942739978,1,0.28430111826237237,raw_rfu,sat_asymptote,none
pooled_adj,growth_abs,fc_corr|delta_auc_late_minus_early|resid,123,0.03435400033534973,0.7060060602163245,0.9524025942739978,1,0.28430111826237237,fc_corr,delta_auc_late_minus_early,resid
pooled_adj,growth_abs,raw_delta_mm|value_3h|none,123,0.0338767718718964,0.7099061007008141,0.9524025942739978,1,0.28430111826237237,raw_delta_mm,value_3h,none
pooled_adj,growth_abs,fc_corr|depression_abs|resid,123,0.03382517960557712,0.7103281787035671,0.9524025942739978,1,0.28430111826237237,fc_corr,depression_abs,resid
pooled_adj,growth_abs,fc_corr_mm|sat_asymptote|none,119,0.033649052841475575,0.7163836124027381,0.9524025942739978,1,0.28430111826237237,fc_corr_mm,sat_asymptote,none
pooled_adj,growth_abs,fc_corr|frac_auc_first_half|none,123,-0.03285782461209064,0.7182582635525332,0.9524025942739978,1,0.28430111826237237,fc_corr,frac_auc_first_half,none
pooled_adj,growth_abs,fc_corr_mm|delta_auc_late_minus_early|resid,123,0.03248378068127587,0.7213326707011578,0.9524025942739978,1,0.28430111826237237,fc_corr_mm,delta_auc_late_minus_early,resid
pooled_adj,growth_abs,raw_delta|frac_auc_first_half|none,123,-0.03217422708336021,0.7238803772876148,0.9524025942739978,1,0.28430111826237237,raw_delta,frac_auc_first_half,none
pooled_adj,growth_abs,fc_corr_mm|delta_auc_late_minus_early|none,123,0.0313229546890921,0.7309020881432273,0.9524025942739978,1,0.28430111826237237,fc_corr_mm,delta_auc_late_minus_early,none
pooled_adj,growth_abs,raw_rfu|value_4h|resid,123,0.03128426048935264,0.7312217916273251,0.9524025942739978,1,0.28430111826237237,raw_rfu,value_4h,resid
pooled_adj,growth_abs,fc_corr_mm|min_slope|resid,123,-0.030819930092479134,0.7350618149573893,0.9524025942739978,1,0.28430111826237237,fc_corr_mm,min_slope,resid
pooled_adj,growth_abs,raw_delta_mm|value_4h|resid,123,0.03070384749326076,0.7360228478444635,0.9524025942739978,1,0.28430111826237237,raw_delta_mm,value_4h,resid
pooled_adj,growth_abs,raw_rfu|final_value|resid,123,0.030465233261534094,0.7379995843691051,0.9524025942739978,1,0.28430111826237237,raw_rfu,final_value,resid
pooled_adj,growth_abs,raw_rfu|min_slope|resid,123,-0.030187924830067974,0.7402990233080424,0.9524025942739978,1,0.28430111826237237,raw_rfu,min_slope,resid
pooled_adj,growth_abs,raw_delta|value_4h|resid,123,0.030039597064400046,0.7415298985964073,0.9524025942739978,1,0.28430111826237237,raw_delta,value_4h,resid
pooled_adj,growth_abs,raw_delta_mm|delta_auc_late_minus_early|resid,123,0.029846126065702753,0.7431363696283793,0.9524025942739978,1,0.28430111826237237,raw_delta_mm,delta_auc_late_minus_early,resid
pooled_adj,growth_abs,raw_rfu|final_delta|resid,123,0.029452735035018253,0.7464062623662904,0.9524025942739978,1,0.28430111826237237,raw_rfu,final_delta,resid
pooled_adj,growth_abs,fc_corr_mm|value_4h|none,123,0.029149630470392488,0.748928770661335,0.9524025942739978,1,0.28430111826237237,fc_corr_mm,value_4h,none
pooled_adj,growth_abs,raw_delta_mm|rate_h3|resid,123,-0.02868530007351898,0.7527981807061661,0.9524025942739978,1,0.28430111826237237,raw_delta_mm,rate_h3,resid
pooled_adj,growth_abs,raw_rfu|max_drop|resid,123,-0.02865950394035934,0.7530133288787173,0.9524025942739978,1,0.28430111826237237,raw_rfu,max_drop,resid
pooled_adj,growth_abs,fc_corr|max_drop|resid,123,-0.028582115540880425,0.7536588870019025,0.9524025942739978,1,0.28430111826237237,fc_corr,max_drop,resid
pooled_adj,growth_abs,raw_rfu|mean_rate|resid,123,0.028407991642052856,0.7551120140156631,0.9524025942739978,1,0.28430111826237237,raw_rfu,mean_rate,resid
pooled_adj,growth_abs,fc_corr|min_slope|resid,123,-0.027995253511498622,0.7585598750687557,0.9524025942739978,1,0.28430111826237237,fc_corr,min_slope,resid
pooled_adj,growth_abs,fc_corr_mm|rate_h3|resid,123,-0.027266512749738812,0.76465905699237,0.9524025942739978,1,0.28430111826237237,fc_corr_mm,rate_h3,resid
pooled_adj,growth_abs,raw_delta_mm|mean_rate|resid,123,0.027266512749738812,0.76465905699237,0.9524025942739978,1,0.28430111826237237,raw_delta_mm,mean_rate,resid
pooled_adj,growth_abs,fc_corr_mm|lin_slope|none,123,0.026815080419445123,0.7684445817402652,0.9524025942739978,1,0.28430111826237237,fc_corr_mm,lin_slope,none
pooled_adj,growth_abs,fc_corr_mm|mean_rate|none,123,0.0266667526537772,0.76968959306836,0.9524025942739978,1,0.28430111826237237,fc_corr_mm,mean_rate,none
pooled_adj,growth_abs,raw_rfu|late_early_auc_ratio|none,123,0.026299157756252335,0.7727775777187602,0.9524025942739978,1,0.28430111826237237,raw_rfu,late_early_auc_ratio,none
pooled_adj,growth_abs,raw_delta_mm|final_value|resid,123,0.025609111194231985,0.778583890444067,0.9524025942739978,1,0.28430111826237237,raw_delta_mm,final_value,resid
pooled_adj,growth_abs,fc_corr|vmax|resid,123,0.025570416994492525,0.7789098430617043,0.9524025942739978,1,0.28430111826237237,fc_corr,vmax,resid
pooled_adj,growth_abs,fc_corr_mm|final_value|none,123,0.025551069894622795,0.7790728337759837,0.9524025942739978,1,0.28430111826237237,fc_corr_mm,final_value,none
pooled_adj,growth_abs,raw_delta_mm|lin_slope|resid,123,0.025151229830648388,0.7824434468261631,0.9524025942739978,1,0.28430111826237237,raw_delta_mm,lin_slope,resid
pooled_adj,growth_abs,raw_rfu|lin_slope|resid,123,0.024893268499051994,0.7846201829218988,0.9524025942739978,1,0.28430111826237237,raw_rfu,lin_slope,resid
pooled_adj,growth_abs,raw_delta_mm|sat_asymptote|none,119,0.024740065517732522,0.7894118465892341,0.9524025942739978,1,0.28430111826237237,raw_delta_mm,sat_asymptote,none
pooled_adj,growth_abs,raw_delta|late_early_auc_ratio|none,123,0.02452567360152713,0.7877249048121819,0.9524025942739978,1,0.28430111826237237,raw_delta,late_early_auc_ratio,none
pooled_adj,growth_abs,fc_corr|late_early_auc_ratio|none,123,0.02408713933781326,0.791433141720646,0.9524025942739978,1,0.28430111826237237,fc_corr,late_early_auc_ratio,none
pooled_adj,growth_abs,raw_rfu|delta_auc_late_minus_early|resid,123,0.021513975055139235,0.8132831942434359,0.954409117407651,1,0.28430111826237237,raw_rfu,delta_auc_late_minus_early,resid
pooled_adj,growth_abs,fc_corr_mm|max_drop|none,123,0.02115997743191624,0.8163008419760777,0.954409117407651,1,0.28430111826237237,fc_corr_mm,max_drop,none
pooled_adj,growth_abs,raw_rfu|max_drop|none,123,0.020895807925899807,0.8185545077372705,0.954409117407651,1,0.28430111826237237,raw_rfu,max_drop,none
pooled_adj,growth_abs,raw_delta_mm|vmax|none,123,-0.020772336226799602,0.8196083706300714,0.954409117407651,1,0.28430111826237237,raw_delta_mm,vmax,none
pooled_adj,growth_abs,fc_corr|sat_r2|none,119,-0.020730665147414902,0.8229270366747956,0.954409117407651,1,0.28430111826237237,fc_corr,sat_r2,none
pooled_adj,growth_abs,raw_rfu|sat_r2|none,119,-0.020680814698760864,0.8233458935382906,0.954409117407651,1,0.28430111826237237,raw_rfu,sat_r2,none
pooled_adj,growth_abs,fc_corr|max_drop|none,123,0.020658055370485016,0.8205840741371363,0.954409117407651,1,0.28430111826237237,fc_corr,max_drop,none
pooled_adj,growth_abs,raw_rfu|rate_h3|resid,123,-0.020488578762043567,0.822031530733147,0.954409117407651,1,0.28430111826237237,raw_rfu,rate_h3,resid
pooled_adj,growth_abs,raw_delta_mm|depression_abs|resid,123,0.0204434355290142,0.822417188734713,0.954409117407651,1,0.28430111826237237,raw_delta_mm,depression_abs,resid
pooled_adj,growth_abs,raw_delta_mm|delta_auc_late_minus_early|none,123,0.019792083166733306,0.8279863548700207,0.9558866861101053,1,0.28430111826237237,raw_delta_mm,delta_auc_late_minus_early,none
pooled_adj,growth_abs,raw_delta_mm|max_drop|none,123,0.018934349343727792,0.8353331201391948,0.9582306274002035,1,0.28430111826237237,raw_delta_mm,max_drop,none
pooled_adj,growth_abs,fc_corr|rate_h3|resid,123,-0.01758651378158414,0.8469062497601785,0.9582306274002035,1,0.28430111826237237,fc_corr,rate_h3,resid
pooled_adj,growth_abs,raw_delta_mm|final_value|none,123,0.01679973172021514,0.8536771893540835,0.9582306274002035,1,0.28430111826237237,raw_delta_mm,final_value,none
pooled_adj,growth_abs,raw_rfu|t_half|none,123,0.016219318724123254,0.8586790053721234,0.9582306274002035,1,0.28430111826237237,raw_rfu,t_half,none
pooled_adj,growth_abs,raw_rfu|stability_cv|resid,123,0.016199971624253524,0.8588458302327111,0.9582306274002035,1,0.28430111826237237,raw_rfu,stability_cv,resid
pooled_adj,growth_abs,raw_delta_mm|value_4h|none,123,0.016000051592266317,0.8605700502542692,0.9582306274002035,1,0.28430111826237237,raw_delta_mm,value_4h,none
pooled_adj,growth_abs,raw_delta_mm|peak_value|none,123,0.015226167597477138,0.8672505688143146,0.9582306274002035,1,0.28430111826237237,raw_delta_mm,peak_value,none
pooled_adj,growth_abs,fc_corr|t_half|none,123,0.014768286233893538,0.8712076536436169,0.9582306274002035,1,0.28430111826237237,fc_corr,t_half,none
pooled_adj,growth_abs,raw_delta_mm|lin_slope|none,123,0.014716693967574261,0.8716537238722658,0.9582306274002035,1,0.28430111826237237,raw_delta_mm,lin_slope,none
pooled_adj,growth_abs,raw_delta_mm|mean_rate|none,123,0.014497426835717324,0.8735499704347585,0.9582306274002035,1,0.28430111826237237,raw_delta_mm,mean_rate,none
pooled_adj,growth_abs,raw_rfu|vmax|none,123,-0.014149179038062194,0.8765631268020153,0.9582306274002035,1,0.28430111826237237,raw_rfu,vmax,none
pooled_adj,growth_abs,fc_corr_mm|depression_abs|resid,123,0.013433336342882204,0.8827623413817174,0.9582306274002035,1,0.28430111826237237,fc_corr_mm,depression_abs,resid
pooled_adj,growth_abs,fc_corr|sat_r2|resid,119,0.013046574562028204,0.8880081419028971,0.9582306274002035,1,0.28430111826237237,fc_corr,sat_r2,resid
pooled_adj,growth_abs,raw_delta|stability_cv|resid,123,0.012646554281513202,0.8895840677729998,0.9582306274002035,1,0.28430111826237237,raw_delta,stability_cv,resid
pooled_adj,growth_abs,fc_corr|stability_cv|resid,123,0.012601411048483833,0.8899757282129057,0.9582306274002035,1,0.28430111826237237,fc_corr,stability_cv,resid
pooled_adj,growth_abs,raw_rfu|sat_r2|resid,119,0.012597920524141862,0.8918355980173148,0.9582306274002035,1,0.28430111826237237,raw_rfu,sat_r2,resid
pooled_adj,growth_abs,fc_corr_mm|vmax|resid,123,0.011775934787375373,0.8971421002525506,0.9582306274002035,1,0.28430111826237237,fc_corr_mm,vmax,resid
pooled_adj,growth_abs,raw_rfu|vmax|resid,123,0.011756587687505643,0.8973101638249261,0.9582306274002035,1,0.28430111826237237,raw_rfu,vmax,resid
pooled_adj,growth_abs,fc_corr|vmax|none,123,0.011614708955127626,0.8985427685660059,0.9582306274002035,1,0.28430111826237237,fc_corr,vmax,none
pooled_adj,growth_abs,fc_corr|stability_cv|none,123,0.01068604816138061,0.9066165643188319,0.9582306274002035,1,0.28430111826237237,fc_corr,stability_cv,none
pooled_adj,growth_abs,raw_delta|stability_cv|none,123,0.01064735396164115,0.9069531852033421,0.9582306274002035,1,0.28430111826237237,raw_delta,stability_cv,none
pooled_adj,growth_abs,raw_rfu|t_half|resid,123,-0.010370045530175027,0.90936611433697,0.9582306274002035,1,0.28430111826237237,raw_rfu,t_half,resid
pooled_adj,growth_abs,raw_rfu|stability_cv|none,123,0.01019592163134746,0.9108816328916081,0.9582306274002035,1,0.28430111826237237,raw_rfu,stability_cv,none
pooled_adj,growth_abs,raw_rfu|inflection_time|resid,123,-0.010183023564767642,0.9109939063311794,0.9582306274002035,1,0.28430111826237237,raw_rfu,inflection_time,resid
pooled_adj,growth_abs,fc_corr|t_half|resid,123,-0.009628406701835394,0.9158232953526112,0.9597557781555041,1,0.28430111826237237,fc_corr,t_half,resid
pooled_adj,growth_abs,raw_rfu|inflection_time|none,123,-0.00890227695357152,0.9221507660764852,0.9628338881092713,1,0.28430111826237237,raw_rfu,inflection_time,none
pooled_adj,growth_abs,raw_delta|frac_auc_first_half|resid,123,-0.006513523622808941,0.9429985204490623,0.975407106250213,1,0.28430111826237237,raw_delta,frac_auc_first_half,resid
pooled_adj,growth_abs,fc_corr|frac_auc_first_half|resid,123,-0.006294256490952006,0.9449143159561759,0.975407106250213,1,0.28430111826237237,fc_corr,frac_auc_first_half,resid
pooled_adj,growth_abs,raw_delta_mm|rate_h3|none,123,-0.0057718847944693095,0.9494796645868977,0.975407106250213,1,0.28430111826237237,raw_delta_mm,rate_h3,none
pooled_adj,growth_abs,raw_rfu|frac_auc_first_half|resid,123,-0.005675149295120661,0.9503252837136471,0.975407106250213,1,0.28430111826237237,raw_rfu,frac_auc_first_half,resid
pooled_adj,growth_abs,raw_rfu|late_early_auc_ratio|resid,123,0.004643303968735087,0.9593484705003927,0.975407106250213,1,0.28430111826237237,raw_rfu,late_early_auc_ratio,resid
pooled_adj,growth_abs,fc_corr|late_early_auc_ratio|resid,123,0.004546568469386439,0.9601946757668764,0.975407106250213,1,0.28430111826237237,fc_corr,late_early_auc_ratio,resid
pooled_adj,growth_abs,raw_delta|late_early_auc_ratio|resid,123,0.004127381305542299,0.963862064986586,0.975407106250213,1,0.28430111826237237,raw_delta,late_early_auc_ratio,resid
pooled_adj,growth_abs,raw_rfu|rate_h3|none,123,-0.00406934000593311,0.9643699185916091,0.975407106250213,1,0.28430111826237237,raw_rfu,rate_h3,none
pooled_adj,growth_abs,fc_corr_mm|vmax|none,123,0.003985502573164283,0.965103510057429,0.975407106250213,1,0.28430111826237237,fc_corr_mm,vmax,none
pooled_adj,growth_abs,raw_delta_mm|vmax|resid,123,-0.00246353071674556,0.978425478958237,0.9853646667522669,1,0.28430111826237237,raw_delta_mm,vmax,resid
pooled_adj,growth_abs,fc_corr_mm|rate_h3|none,123,-0.0015348699229985425,0.9865572928230988,0.9900433609956186,1,0.28430111826237237,fc_corr_mm,rate_h3,none
pooled_adj,growth_abs,fc_corr|rate_h3|none,123,9.86702093356206e-4,0.9913580227656106,0.9913580227656106,1,0.28430111826237237,fc_corr,rate_h3,none
triploid,growth_abs,fc_corr|sat_asymptote|none,49,0.3973469387755102,0.004698012634845482,0.5478550890185221,0.114,0.44278152480150257,fc_corr,sat_asymptote,none
triploid,growth_abs,fc_corr_mm|sat_asymptote|none,49,0.3497959183673469,0.0137494249852975,0.5478550890185221,0.268,0.44278152480150257,fc_corr_mm,sat_asymptote,none
triploid,growth_abs,raw_rfu|sat_k|resid,49,-0.33795918367346933,0.01754940005633446,0.5478550890185221,0.324,0.44278152480150257,raw_rfu,sat_k,resid
triploid,growth_abs,raw_delta_mm|sat_k|resid,49,-0.33795918367346933,0.01754940005633446,0.5478550890185221,0.324,0.44278152480150257,raw_delta_mm,sat_k,resid
triploid,growth_abs,raw_rfu|sat_asymptote|none,49,0.336734693877551,0.01798901470944906,0.5478550890185221,0.326,0.44278152480150257,raw_rfu,sat_asymptote,none
triploid,growth_abs,fc_corr|sat_k|resid,49,-0.336734693877551,0.01798901470944906,0.5478550890185221,0.326,0.44278152480150257,fc_corr,sat_k,resid
triploid,growth_abs,fc_corr_mm|sat_k|resid,49,-0.336734693877551,0.01798901470944906,0.5478550890185221,0.326,0.44278152480150257,fc_corr_mm,sat_k,resid
triploid,growth_abs,fc_corr|delta_auc_late_minus_early|none,52,0.3035089217109195,0.028719692455733217,0.5478550890185221,0.495,0.44278152480150257,fc_corr,delta_auc_late_minus_early,none
triploid,growth_abs,raw_rfu|sat_k|none,49,-0.2947959183673469,0.03975913485637604,0.5478550890185221,0.545,0.44278152480150257,raw_rfu,sat_k,none
triploid,growth_abs,fc_corr|sat_k|none,49,-0.2947959183673469,0.03975913485637604,0.5478550890185221,0.545,0.44278152480150257,fc_corr,sat_k,none
triploid,growth_abs,fc_corr_mm|sat_k|none,49,-0.2947959183673469,0.03975913485637604,0.5478550890185221,0.545,0.44278152480150257,fc_corr_mm,sat_k,none
triploid,growth_abs,raw_delta_mm|sat_k|none,49,-0.2947959183673469,0.03975913485637604,0.5478550890185221,0.545,0.44278152480150257,raw_delta_mm,sat_k,none
triploid,growth_abs,fc_corr|lin_slope|none,52,0.2825066165798685,0.042437603571650696,0.5478550890185221,0.613,0.44278152480150257,fc_corr,lin_slope,none
triploid,growth_abs,fc_corr|value_4h|none,52,0.2667122001195253,0.05596388536239071,0.5478550890185221,0.703,0.44278152480150257,fc_corr,value_4h,none
triploid,growth_abs,fc_corr|mean_rate|none,52,0.262870315034577,0.05973214276583998,0.5478550890185221,0.717,0.44278152480150257,fc_corr,mean_rate,none
triploid,growth_abs,fc_corr|peak_value|none,52,0.262699564586357,0.05990424316257745,0.5478550890185221,0.72,0.44278152480150257,fc_corr,peak_value,none
triploid,growth_abs,raw_delta_mm|sat_asymptote|none,49,0.2608163265306122,0.07028740092367927,0.5478550890185221,0.731,0.44278152480150257,raw_delta_mm,sat_asymptote,none
triploid,growth_abs,fc_corr|final_value|none,52,0.25843080338085883,0.06433788277625511,0.5478550890185221,0.741,0.44278152480150257,fc_corr,final_value,none
triploid,growth_abs,fc_corr|auc_late|none,52,0.2533082899342611,0.07000076628512072,0.5478550890185221,0.763,0.44278152480150257,fc_corr,auc_late,none
triploid,growth_abs,fc_corr|value_3h|none,52,0.2525399129172714,0.07088339290249078,0.5478550890185221,0.769,0.44278152480150257,fc_corr,value_3h,none
triploid,growth_abs,raw_rfu|delta_auc_late_minus_early|none,52,0.24733202424656364,0.07710115127344301,0.5478550890185221,0.789,0.44278152480150257,raw_rfu,delta_auc_late_minus_early,none
triploid,growth_abs,raw_rfu|lin_slope|none,52,0.23418423973362926,0.09472142131649534,0.5478550890185221,0.847,0.44278152480150257,raw_rfu,lin_slope,none
triploid,growth_abs,fc_corr_mm|peak_value|none,52,0.23375736361307947,0.09534194855363527,0.5478550890185221,0.85,0.44278152480150257,fc_corr_mm,peak_value,none
triploid,growth_abs,raw_rfu|rate_h2|resid,52,0.2317937334585503,0.0982371177588912,0.5478550890185221,0.86,0.44278152480150257,raw_rfu,rate_h2,resid
triploid,growth_abs,fc_corr|peak_value|resid,52,0.23119610688978057,0.09913163553094771,0.5478550890185221,0.861,0.44278152480150257,fc_corr,peak_value,resid
triploid,growth_abs,fc_corr_mm|lin_slope|none,52,0.22889097583881157,0.10264106598494625,0.5478550890185221,0.869,0.44278152480150257,fc_corr_mm,lin_slope,none
triploid,growth_abs,fc_corr|t_half|none,52,0.22795184837360197,0.10409800238179372,0.5478550890185221,0.871,0.44278152480150257,fc_corr,t_half,none
triploid,growth_abs,raw_rfu|t_half|none,52,0.22752497225305215,0.10476548892999651,0.5478550890185221,0.871,0.44278152480150257,raw_rfu,t_half,none
triploid,growth_abs,raw_delta_mm|rate_h2|resid,52,0.22521984120208313,0.10842699959421044,0.5478550890185221,0.878,0.44278152480150257,raw_delta_mm,rate_h2,resid
triploid,growth_abs,fc_corr_mm|delta_auc_late_minus_early|none,52,0.22496371552975325,0.1088398192724054,0.5478550890185221,0.878,0.44278152480150257,fc_corr_mm,delta_auc_late_minus_early,none
triploid,growth_abs,fc_corr_mm|rate_h2|resid,52,0.22419533851276358,0.1100855123946693,0.5478550890185221,0.879,0.44278152480150257,fc_corr_mm,rate_h2,resid
triploid,growth_abs,fc_corr|rate_h2|resid,52,0.22308546059933404,0.11190409145655807,0.5478550890185221,0.887,0.44278152480150257,fc_corr,rate_h2,resid
triploid,growth_abs,raw_rfu|peak_value|none,52,0.22189020746179458,0.11388816236135581,0.5478550890185221,0.894,0.44278152480150257,raw_rfu,peak_value,none
triploid,growth_abs,raw_rfu|metabolic_scope|none,52,0.22120720566891486,0.11503391206026137,0.5478550890185221,0.896,0.44278152480150257,raw_rfu,metabolic_scope,none
triploid,growth_abs,fc_corr|auc_late|resid,52,0.22035345342781523,0.1164784362495124,0.5478550890185221,0.898,0.44278152480150257,fc_corr,auc_late,resid
triploid,growth_abs,fc_corr_mm|depression_abs|none,52,0.21981303052710977,0.11739993123820387,0.5478550890185221,0.899,0.44278152480150257,fc_corr_mm,depression_abs,none
triploid,growth_abs,raw_rfu|metabolic_depression_index|none,52,0.2189357279662477,0.1189076518266711,0.5478550890185221,0.902,0.44278152480150257,raw_rfu,metabolic_depression_index,none
triploid,growth_abs,raw_rfu|resilience_ratio|none,52,-0.2189357279662477,0.1189076518266711,0.5478550890185221,0.902,0.44278152480150257,raw_rfu,resilience_ratio,none
triploid,growth_abs,raw_delta|resilience_ratio|none,52,-0.2189357279662477,0.1189076518266711,0.5478550890185221,0.902,0.44278152480150257,raw_delta,resilience_ratio,none
triploid,growth_abs,fc_corr|metabolic_depression_index|none,52,0.2189357279662477,0.1189076518266711,0.5478550890185221,0.902,0.44278152480150257,fc_corr,metabolic_depression_index,none
triploid,growth_abs,fc_corr|resilience_ratio|none,52,-0.2189357279662477,0.1189076518266711,0.5478550890185221,0.902,0.44278152480150257,fc_corr,resilience_ratio,none
triploid,growth_abs,raw_rfu|depression_abs|none,52,0.2182533815300216,0.1200904624439262,0.5478550890185221,0.904,0.44278152480150257,raw_rfu,depression_abs,none
triploid,growth_abs,fc_corr|depression_abs|none,52,0.21786346928074957,0.1207703529653755,0.5478550890185221,0.905,0.44278152480150257,fc_corr,depression_abs,none
triploid,growth_abs,fc_corr|value_4h|resid,52,0.21719457013574658,0.12194351058978851,0.5478550890185221,0.905,0.44278152480150257,fc_corr,value_4h,resid
triploid,growth_abs,raw_rfu|final_delta|none,52,0.21591394177409712,0.12421362911620312,0.5478550890185221,0.912,0.44278152480150257,raw_rfu,final_delta,none
triploid,growth_abs,raw_rfu|final_value|none,52,0.2150601895329975,0.12574470676216173,0.5478550890185221,0.914,0.44278152480150257,raw_rfu,final_value,none
triploid,growth_abs,raw_delta_mm|depression_abs|none,52,0.2147441712865733,0.12631503909326044,0.5478550890185221,0.914,0.44278152480150257,raw_delta_mm,depression_abs,none
triploid,growth_abs,fc_corr|delta_auc_late_minus_early|resid,52,0.21395031161956798,0.12775636734172482,0.5478550890185221,0.918,0.44278152480150257,fc_corr,delta_auc_late_minus_early,resid
triploid,growth_abs,fc_corr|final_value|resid,52,0.213864936395458,0.12791210977630035,0.5478550890185221,0.919,0.44278152480150257,fc_corr,final_value,resid
triploid,growth_abs,fc_corr|mean_rate|resid,52,0.21343806027490822,0.12869296988345802,0.5478550890185221,0.92,0.44278152480150257,fc_corr,mean_rate,resid
triploid,growth_abs,fc_corr|auc_total|none,52,0.21130367967215913,0.13265123398352696,0.5478550890185221,0.923,0.44278152480150257,fc_corr,auc_total,none
triploid,growth_abs,fc_corr_mm|value_4h|none,52,0.20908392384530008,0.13686407500313255,0.5478550890185221,0.928,0.44278152480150257,fc_corr_mm,value_4h,none
triploid,growth_abs,fc_corr_mm|mean_rate|none,52,0.2085716725006403,0.13785032746777112,0.5478550890185221,0.928,0.44278152480150257,fc_corr_mm,mean_rate,none
triploid,growth_abs,raw_rfu|mean_rate|none,52,0.2080594211559805,0.13884188203455727,0.5478550890185221,0.931,0.44278152480150257,raw_rfu,mean_rate,none
triploid,growth_abs,raw_delta|auc_late|none,52,0.20712029369077092,0.14067354984901134,0.5478550890185221,0.934,0.44278152480150257,raw_delta,auc_late,none
triploid,growth_abs,fc_corr_mm|auc_total|resid,52,0.20652266712200118,0.14184849988632559,0.5478550890185221,0.935,0.44278152480150257,fc_corr_mm,auc_total,resid
triploid,growth_abs,fc_corr_mm|final_value|none,52,0.20583966532912146,0.14320023195425768,0.5478550890185221,0.935,0.44278152480150257,fc_corr_mm,final_value,none
triploid,growth_abs,raw_delta|value_4h|none,52,0.2041321608469222,0.14662145454027958,0.5478550890185221,0.939,0.44278152480150257,raw_delta,value_4h,none
triploid,growth_abs,raw_rfu|value_4h|none,52,0.20310765815760265,0.14870307692685544,0.5478550890185221,0.94,0.44278152480150257,raw_rfu,value_4h,none
triploid,growth_abs,fc_corr_mm|auc_late|resid,52,0.20302228293349267,0.14887752796645276,0.5478550890185221,0.94,0.44278152480150257,fc_corr_mm,auc_late,resid
triploid,growth_abs,fc_corr|auc_total|resid,52,0.20191240502006316,0.15115919569471847,0.5478550890185221,0.942,0.44278152480150257,fc_corr,auc_total,resid
triploid,growth_abs,fc_corr|lin_slope|resid,52,0.20054640143430377,0.15400273831019382,0.5478550890185221,0.943,0.44278152480150257,fc_corr,lin_slope,resid
triploid,growth_abs,fc_corr|value_2h|none,52,0.1983266456074447,0.1587072654976409,0.5478550890185221,0.947,0.44278152480150257,fc_corr,value_2h,none
triploid,growth_abs,raw_delta|value_3h|none,52,0.1978997694868949,0.15962394544093222,0.5478550890185221,0.947,0.44278152480150257,raw_delta,value_3h,none
triploid,growth_abs,raw_rfu|auc_late|none,52,0.19764364381456498,0.16017581380311127,0.5478550890185221,0.948,0.44278152480150257,raw_rfu,auc_late,none
triploid,growth_abs,fc_corr_mm|peak_value|resid,52,0.1962776402288056,0.1631427475935838,0.5478550890185221,0.951,0.44278152480150257,fc_corr_mm,peak_value,resid
triploid,growth_abs,raw_rfu|value_3h|none,52,0.19516776231537605,0.1655828087740581,0.5478550890185221,0.952,0.44278152480150257,raw_rfu,value_3h,none
triploid,growth_abs,fc_corr_mm|delta_auc_late_minus_early|resid,52,0.192948006488517,0.1705426075588835,0.5478550890185221,0.956,0.44278152480150257,fc_corr_mm,delta_auc_late_minus_early,resid
triploid,growth_abs,fc_corr_mm|value_3h|resid,52,0.19286263126440706,0.17073550063717968,0.5478550890185221,0.956,0.44278152480150257,fc_corr_mm,value_3h,resid
triploid,growth_abs,raw_rfu|baseline_value|none,52,-0.1923503799197473,0.17189618758674352,0.5478550890185221,0.957,0.44278152480150257,raw_rfu,baseline_value,none
triploid,growth_abs,raw_rfu|rate_h2|none,52,0.19217962947152736,0.17228435253114138,0.5478550890185221,0.957,0.44278152480150257,raw_rfu,rate_h2,none
triploid,growth_abs,fc_corr|value_3h|resid,52,0.19200887902330743,0.17267315284363166,0.5478550890185221,0.957,0.44278152480150257,fc_corr,value_3h,resid
triploid,growth_abs,raw_rfu|late_early_auc_ratio|none,52,0.190642875437548,0.17580648003966276,0.5478550890185221,0.96,0.44278152480150257,raw_rfu,late_early_auc_ratio,none
triploid,growth_abs,raw_rfu|frac_auc_first_half|none,52,-0.190642875437548,0.17580648003966276,0.5478550890185221,0.96,0.44278152480150257,raw_rfu,frac_auc_first_half,none
triploid,growth_abs,fc_corr_mm|value_2h|resid,52,0.19038674976521813,0.17639852667498945,0.5478550890185221,0.961,0.44278152480150257,fc_corr_mm,value_2h,resid
triploid,growth_abs,fc_corr|auc_0_3h|none,52,0.19030137454110815,0.176596195399772,0.5478550890185221,0.961,0.44278152480150257,fc_corr,auc_0_3h,none
triploid,growth_abs,fc_corr|rate_h2|none,52,0.18953299752411848,0.17838242064804752,0.5478550890185221,0.962,0.44278152480150257,fc_corr,rate_h2,none
triploid,growth_abs,fc_corr_mm|rate_h2|none,52,0.18953299752411848,0.17838242064804752,0.5478550890185221,0.962,0.44278152480150257,fc_corr_mm,rate_h2,none
triploid,growth_abs,fc_corr_mm|final_value|resid,52,0.18936224707589858,0.17878112352124,0.5478550890185221,0.962,0.44278152480150257,fc_corr_mm,final_value,resid
triploid,growth_abs,fc_corr_mm|mean_rate|resid,52,0.18936224707589858,0.17878112352124,0.5478550890185221,0.962,0.44278152480150257,fc_corr_mm,mean_rate,resid
triploid,growth_abs,fc_corr_mm|value_4h|resid,52,0.1880816187142491,0.18179189743534632,0.5478550890185221,0.963,0.44278152480150257,fc_corr_mm,value_4h,resid
triploid,growth_abs,raw_delta|late_early_auc_ratio|none,52,0.1867156151284897,0.1850434068025565,0.5478550890185221,0.967,0.44278152480150257,raw_delta,late_early_auc_ratio,none
triploid,growth_abs,raw_delta|frac_auc_first_half|none,52,-0.1867156151284897,0.1850434068025565,0.5478550890185221,0.967,0.44278152480150257,raw_delta,frac_auc_first_half,none
triploid,growth_abs,fc_corr|late_early_auc_ratio|none,52,0.1867156151284897,0.1850434068025565,0.5478550890185221,0.967,0.44278152480150257,fc_corr,late_early_auc_ratio,none
triploid,growth_abs,fc_corr|frac_auc_first_half|none,52,-0.1867156151284897,0.1850434068025565,0.5478550890185221,0.967,0.44278152480150257,fc_corr,frac_auc_first_half,none
triploid,growth_abs,fc_corr_mm|auc_late|none,52,0.1866302399043797,0.18524800222429091,0.5478550890185221,0.967,0.44278152480150257,fc_corr_mm,auc_late,none
triploid,growth_abs,raw_rfu|metabolic_scope|resid,52,0.18628873900793988,0.1860680062836419,0.5478550890185221,0.967,0.44278152480150257,raw_rfu,metabolic_scope,resid
triploid,growth_abs,raw_rfu|stability_cv|none,52,0.18526423631862032,0.1885436196706085,0.5478550890185221,0.969,0.44278152480150257,raw_rfu,stability_cv,none
triploid,growth_abs,raw_delta_mm|delta_auc_late_minus_early|none,52,0.18500811064629044,0.18916618641770724,0.5478550890185221,0.969,0.44278152480150257,raw_delta_mm,delta_auc_late_minus_early,none
triploid,growth_abs,raw_delta_mm|rate_h2|none,52,0.18449585930163065,0.1904157250045809,0.5478550890185221,0.969,0.44278152480150257,raw_delta_mm,rate_h2,none
triploid,growth_abs,fc_corr_mm|auc_0_3h|resid,52,0.18449585930163065,0.1904157250045809,0.5478550890185221,0.969,0.44278152480150257,fc_corr_mm,auc_0_3h,resid
triploid,growth_abs,raw_rfu|peak_value|resid,52,0.18423973362930077,0.19104269939287433,0.5478550890185221,0.97,0.44278152480150257,raw_rfu,peak_value,resid
triploid,growth_abs,raw_delta_mm|delta_auc_late_minus_early|resid,52,0.1838982327328609,0.19188095485219614,0.5478550890185221,0.971,0.44278152480150257,raw_delta_mm,delta_auc_late_minus_early,resid
triploid,growth_abs,raw_rfu|frac_auc_first_half|resid,52,-0.1825322291471015,0.19526020039436917,0.5478550890185221,0.975,0.44278152480150257,raw_rfu,frac_auc_first_half,resid
triploid,growth_abs,fc_corr_mm|auc_total|none,52,0.18125160078545205,0.19846647275188672,0.5478550890185221,0.977,0.44278152480150257,fc_corr_mm,auc_total,none
triploid,growth_abs,raw_rfu|sat_r2|none,49,-0.18122448979591835,0.21270124855749298,0.5478550890185221,0.977,0.44278152480150257,raw_rfu,sat_r2,none
triploid,growth_abs,fc_corr|sat_r2|none,49,-0.18122448979591835,0.21270124855749298,0.5478550890185221,0.977,0.44278152480150257,fc_corr,sat_r2,none
triploid,growth_abs,fc_corr|value_2h|resid,52,0.18099547511312217,0.19911218046540288,0.5478550890185221,0.978,0.44278152480150257,fc_corr,value_2h,resid
triploid,growth_abs,fc_corr_mm|value_3h|none,52,0.18082472466490224,0.19954347841217734,0.5478550890185221,0.978,0.44278152480150257,fc_corr_mm,value_3h,none
triploid,growth_abs,raw_rfu|rate_cv|resid,52,-0.18056859899257233,0.20019166540706299,0.5478550890185221,0.978,0.44278152480150257,raw_rfu,rate_cv,resid
triploid,growth_abs,raw_delta|stability_cv|none,52,0.1803978485443524,0.20062461729065229,0.5478550890185221,0.978,0.44278152480150257,raw_delta,stability_cv,none
triploid,growth_abs,fc_corr|stability_cv|none,52,0.1803978485443524,0.20062461729065229,0.5478550890185221,0.978,0.44278152480150257,fc_corr,stability_cv,none
triploid,growth_abs,fc_corr|rate_cv|resid,52,-0.17988559719969263,0.20192744737459198,0.5478550890185221,0.979,0.44278152480150257,fc_corr,rate_cv,resid
triploid,growth_abs,fc_corr_mm|lin_slope|resid,52,0.17851959361393321,0.20543086635136756,0.5478550890185221,0.981,0.44278152480150257,fc_corr_mm,lin_slope,resid
triploid,growth_abs,raw_delta|frac_auc_first_half|resid,52,-0.17843421838982323,0.2056512432478855,0.5478550890185221,0.981,0.44278152480150257,raw_delta,frac_auc_first_half,resid
triploid,growth_abs,fc_corr|frac_auc_first_half|resid,52,-0.17843421838982323,0.2056512432478855,0.5478550890185221,0.981,0.44278152480150257,fc_corr,frac_auc_first_half,resid
triploid,growth_abs,raw_rfu|time_to_min_slope|none,52,0.1782880677692181,0.20602888464507546,0.5478550890185221,0.981,0.44278152480150257,raw_rfu,time_to_min_slope,none
triploid,growth_abs,fc_corr|lin_r2|resid,52,0.17749509092461366,0.2080863875325752,0.5478550890185221,0.982,0.44278152480150257,fc_corr,lin_r2,resid
triploid,growth_abs,raw_rfu|lin_r2|resid,52,0.17740971570050368,0.2083087651916061,0.5478550890185221,0.982,0.44278152480150257,raw_rfu,lin_r2,resid
triploid,growth_abs,raw_rfu|stability_cv|resid,52,0.17587296166652436,0.21234015667868153,0.5478550890185221,0.983,0.44278152480150257,raw_rfu,stability_cv,resid
triploid,growth_abs,fc_corr|auc_0_3h|resid,52,0.17425083240843509,0.21665446169592056,0.5478550890185221,0.984,0.44278152480150257,fc_corr,auc_0_3h,resid
triploid,growth_abs,raw_rfu|delta_auc_late_minus_early|resid,52,0.1727994535985657,0.22056615141786326,0.5478550890185221,0.986,0.44278152480150257,raw_rfu,delta_auc_late_minus_early,resid
triploid,growth_abs,raw_rfu|lin_slope|resid,52,0.1727994535985657,0.22056615141786326,0.5478550890185221,0.986,0.44278152480150257,raw_rfu,lin_slope,resid
triploid,growth_abs,raw_rfu|time_to_peak|none,52,-0.17221026808602896,0.22216802559108742,0.5478550890185221,0.987,0.44278152480150257,raw_rfu,time_to_peak,none
triploid,growth_abs,raw_delta_mm|peak_value|resid,52,0.17100657389225646,0.22546568845861276,0.5478550890185221,0.987,0.44278152480150257,raw_delta_mm,peak_value,resid
triploid,growth_abs,raw_delta|stability_cv|resid,52,0.1709211986681465,0.2257008641379123,0.5478550890185221,0.987,0.44278152480150257,raw_delta,stability_cv,resid
triploid,growth_abs,fc_corr|stability_cv|resid,52,0.1709211986681465,0.2257008641379123,0.5478550890185221,0.987,0.44278152480150257,fc_corr,stability_cv,resid
triploid,growth_abs,raw_rfu|rate_last_first_ratio|resid,52,-0.169725945530607,0.2290111614441943,0.5481888561105749,0.987,0.44278152480150257,raw_rfu,rate_last_first_ratio,resid
triploid,growth_abs,fc_corr|rate_last_first_ratio|resid,52,-0.16938444463416713,0.2299630837447912,0.5481888561105749,0.988,0.44278152480150257,fc_corr,rate_last_first_ratio,resid
triploid,growth_abs,raw_rfu|value_4h|resid,52,0.1685306923930675,0.2323548157830084,0.5481888561105749,0.989,0.44278152480150257,raw_rfu,value_4h,resid
triploid,growth_abs,raw_rfu|rate_last_first_ratio|none,52,-0.16750618970374795,0.23524741822758097,0.5481888561105749,0.99,0.44278152480150257,raw_rfu,rate_last_first_ratio,none
triploid,growth_abs,raw_delta|value_4h|resid,52,0.167420814479638,0.23548957903341597,0.5481888561105749,0.99,0.44278152480150257,raw_delta,value_4h,resid
triploid,growth_abs,fc_corr|rate_last_first_ratio|none,52,-0.16631093656620846,0.2386532404155328,0.5510367502277342,0.99,0.44278152480150257,fc_corr,rate_last_first_ratio,none
triploid,growth_abs,raw_rfu|mean_rate|resid,52,0.16340817894646972,0.24706449229543798,0.55800469291001,0.994,0.44278152480150257,raw_rfu,mean_rate,resid
triploid,growth_abs,raw_rfu|final_delta|resid,52,0.16332280372235974,0.2473148911995405,0.55800469291001,0.994,0.44278152480150257,raw_rfu,final_delta,resid
triploid,growth_abs,raw_rfu|final_value|resid,52,0.1632374284982498,0.24756546234739882,0.55800469291001,0.994,0.44278152480150257,raw_rfu,final_value,resid
triploid,growth_abs,raw_delta_mm|mean_rate|resid,52,0.16204217536071033,0.25109155692987056,0.5587956208619971,0.994,0.44278152480150257,raw_delta_mm,mean_rate,resid
triploid,growth_abs,raw_delta|auc_total|none,52,0.16178604968838042,0.25185154743075927,0.5587956208619971,0.994,0.44278152480150257,raw_delta,auc_total,none
triploid,growth_abs,raw_delta_mm|lin_slope|none,52,0.1583710407239819,0.2621334489732704,0.5726607654492983,0.997,0.44278152480150257,raw_delta_mm,lin_slope,none
triploid,growth_abs,raw_delta_mm|final_value|resid,52,0.1583710407239819,0.2621334489732704,0.5726607654492983,0.997,0.44278152480150257,raw_delta_mm,final_value,resid
triploid,growth_abs,fc_corr_mm|value_2h|none,52,0.15683428669000257,0.26685076004408864,0.5764053061123806,0.998,0.44278152480150257,fc_corr_mm,value_2h,none
triploid,growth_abs,raw_delta_mm|lin_slope|resid,52,0.15649278579356268,0.26790669157336,0.5764053061123806,0.998,0.44278152480150257,raw_delta_mm,lin_slope,resid
triploid,growth_abs,raw_rfu|auc_total|none,52,0.1541876547425937,0.27510699804551136,0.5768295161773502,0.999,0.44278152480150257,raw_rfu,auc_total,none
triploid,growth_abs,fc_corr_mm|auc_0_3h|none,52,0.15341927772560401,0.27753529678525074,0.5768295161773502,0.999,0.44278152480150257,fc_corr_mm,auc_0_3h,none
triploid,growth_abs,raw_delta_mm|value_4h|resid,52,0.15341927772560401,0.27753529678525074,0.5768295161773502,0.999,0.44278152480150257,raw_delta_mm,value_4h,resid
triploid,growth_abs,raw_rfu|lin_r2|none,52,0.15307777682916415,0.2786190701148537,0.5768295161773502,0.999,0.44278152480150257,raw_rfu,lin_r2,none
triploid,growth_abs,fc_corr|lin_r2|none,52,0.15307777682916415,0.2786190701148537,0.5768295161773502,0.999,0.44278152480150257,fc_corr,lin_r2,none
triploid,growth_abs,fc_corr|auc_early|none,52,0.15213864936395455,0.28161382582114475,0.5768295161773502,0.999,0.44278152480150257,fc_corr,auc_early,none
triploid,growth_abs,raw_delta|auc_late|resid,52,0.15171177324340476,0.282982052586275,0.5768295161773502,0.999,0.44278152480150257,raw_delta,auc_late,resid
triploid,growth_abs,raw_delta|value_3h|resid,52,0.15051652010586528,0.2868362878470201,0.5768295161773502,1,0.44278152480150257,raw_delta,value_3h,resid
triploid,growth_abs,raw_delta_mm|auc_late|resid,52,0.15026039443353537,0.2876666449772403,0.5768295161773502,1,0.44278152480150257,raw_delta_mm,auc_late,resid
triploid,growth_abs,raw_rfu|auc_late|resid,52,0.14957739264065567,0.2898886107608681,0.5768295161773502,1,0.44278152480150257,raw_rfu,auc_late,resid
triploid,growth_abs,raw_rfu|value_3h|resid,52,0.14940664219243574,0.29044584793437,0.5768295161773502,1,0.44278152480150257,raw_rfu,value_3h,resid
triploid,growth_abs,raw_delta_mm|peak_value|none,52,0.14658925979680695,0.2997411133664597,0.5909889009362183,1,0.44278152480150257,raw_delta_mm,peak_value,none
triploid,growth_abs,fc_corr|auc_0_2h|none,52,0.1459916332280372,0.30173729097095653,0.5909889009362183,1,0.44278152480150257,fc_corr,auc_0_2h,none
triploid,growth_abs,raw_rfu|late_early_auc_ratio|resid,52,0.14325962605651837,0.31097168161024336,0.6041451095182881,1,0.44278152480150257,raw_rfu,late_early_auc_ratio,resid
triploid,growth_abs,raw_delta|auc_0_3h|none,52,0.14172287202253903,0.3162446192152933,0.6041451095182881,1,0.44278152480150257,raw_delta,auc_0_3h,none
triploid,growth_abs,raw_delta_mm|value_3h|resid,52,0.14035686843677964,0.3209791536332538,0.6041451095182881,1,0.44278152480150257,raw_delta_mm,value_3h,resid
triploid,growth_abs,raw_rfu|time_to_peak|resid,52,-0.1401861179885597,0.321574111006518,0.6041451095182881,1,0.44278152480150257,raw_rfu,time_to_peak,resid
triploid,growth_abs,fc_corr|vmax|none,52,0.1388201144028003,0.32635888126420465,0.6041451095182881,1,0.44278152480150257,fc_corr,vmax,none
triploid,growth_abs,raw_rfu|baseline_value|resid,52,-0.13873473917869034,0.32665941116968245,0.6041451095182881,1,0.44278152480150257,raw_rfu,baseline_value,resid
triploid,growth_abs,fc_corr|late_early_auc_ratio|resid,52,0.13873473917869034,0.32665941116968245,0.6041451095182881,1,0.44278152480150257,fc_corr,late_early_auc_ratio,resid
triploid,growth_abs,raw_delta_mm|value_2h|resid,52,0.13779561171348073,0.3299767393071299,0.6041451095182881,1,0.44278152480150257,raw_delta_mm,value_2h,resid
triploid,growth_abs,raw_rfu|auc_0_3h|none,52,0.13617348245539143,0.33575629079244507,0.6041451095182881,1,0.44278152480150257,raw_rfu,auc_0_3h,none
triploid,growth_abs,raw_delta|late_early_auc_ratio|resid,52,0.13617348245539143,0.33575629079244507,0.6041451095182881,1,0.44278152480150257,raw_delta,late_early_auc_ratio,resid
triploid,growth_abs,raw_delta_mm|auc_late|none,52,0.1360027320071715,0.33636831806349865,0.6041451095182881,1,0.44278152480150257,raw_delta_mm,auc_late,none
triploid,growth_abs,raw_delta_mm|auc_total|resid,52,0.13566123111073164,0.3375944588884393,0.6041451095182881,1,0.44278152480150257,raw_delta_mm,auc_total,resid
triploid,growth_abs,raw_delta|value_2h|none,52,0.13549048066251174,0.33820857220573797,0.6041451095182881,1,0.44278152480150257,raw_delta,value_2h,none
triploid,growth_abs,raw_delta_mm|mean_rate|none,52,0.13497822931785194,0.3400550823140296,0.6041451095182881,1,0.44278152480150257,raw_delta_mm,mean_rate,none
triploid,growth_abs,fc_corr|auc_0_2h|resid,52,0.134892854093742,0.3403634419821342,0.6041451095182881,1,0.44278152480150257,fc_corr,auc_0_2h,resid
triploid,growth_abs,raw_delta_mm|final_value|none,52,0.13420985230086227,0.3428365699527637,0.6047551917179186,1,0.44278152480150257,raw_delta_mm,final_value,none
triploid,growth_abs,raw_delta_mm|value_3h|none,52,0.13164859557756337,0.35220963714483544,0.6153139020824436,1,0.44278152480150257,raw_delta_mm,value_3h,none
triploid,growth_abs,raw_delta|auc_total|resid,52,0.13139246990523348,0.3531555142233743,0.6153139020824436,1,0.44278152480150257,raw_delta,auc_total,resid
triploid,growth_abs,fc_corr|auc_early|resid,52,0.1304533424400239,0.35663703842594363,0.6175909689815121,1,0.44278152480150257,fc_corr,auc_early,resid
triploid,growth_abs,raw_rfu|auc_total|resid,52,0.1290873388542645,0.36173835680297695,0.6210713551689758,1,0.44278152480150257,raw_rfu,auc_total,resid
triploid,growth_abs,raw_delta_mm|value_4h|none,52,0.12874583795782463,0.3630205808382042,0.6210713551689758,1,0.44278152480150257,raw_delta_mm,value_4h,none
triploid,growth_abs,raw_rfu|sat_r2|resid,49,-0.12785714285714286,0.38130389634457984,0.6365024589526155,1,0.44278152480150257,raw_rfu,sat_r2,resid
triploid,growth_abs,fc_corr|sat_r2|resid,49,-0.1273469387755102,0.38322260516942896,0.6365024589526155,1,0.44278152480150257,fc_corr,sat_r2,resid
triploid,growth_abs,raw_rfu|rate_cv|none,52,-0.12498932809698625,0.37730646563343717,0.6365024589526155,1,0.44278152480150257,raw_rfu,rate_cv,none
triploid,growth_abs,raw_rfu|value_2h|none,52,0.12413557585588662,0.3805994933155412,0.6365024589526155,1,0.44278152480150257,raw_rfu,value_2h,none
triploid,growth_abs,raw_delta_mm|auc_total|none,52,0.1234525740630069,0.38324619887639877,0.6365024589526155,1,0.44278152480150257,raw_delta_mm,auc_total,none
triploid,growth_abs,fc_corr|rate_cv|none,52,-0.12251344659779731,0.3869032132671625,0.6388401893481055,1,0.44278152480150257,fc_corr,rate_cv,none
triploid,growth_abs,raw_delta|value_2h|resid,52,0.1218304448049176,0.3895757776499771,0.6395348026161474,1,0.44278152480150257,raw_delta,value_2h,resid
triploid,growth_abs,raw_delta|auc_0_3h|resid,52,0.12080594211559804,0.39360497573855113,0.6424357075272904,1,0.44278152480150257,raw_delta,auc_0_3h,resid
triploid,growth_abs,raw_delta_mm|value_2h|none,52,0.11824468539229914,0.4037844169357798,0.6515612182372811,1,0.44278152480150257,raw_delta_mm,value_2h,none
triploid,growth_abs,raw_rfu|value_2h|resid,52,0.11824468539229914,0.4037844169357798,0.6515612182372811,1,0.44278152480150257,raw_rfu,value_2h,resid
triploid,growth_abs,raw_delta_mm|auc_0_3h|resid,52,0.11542730299667037,0.4151563763889602,0.6661266152229645,1,0.44278152480150257,raw_delta_mm,auc_0_3h,resid
triploid,growth_abs,raw_delta_mm|rate_h4|none,52,-0.11295142149748143,0.4252996713337911,0.6785680149370599,1,0.44278152480150257,raw_delta_mm,rate_h4,none
triploid,growth_abs,fc_corr_mm|rate_h4|none,52,-0.1118415435840519,0.42989181446759694,0.6820629905519415,1,0.44278152480150257,fc_corr_mm,rate_h4,none
triploid,growth_abs,raw_rfu|auc_0_3h|resid,52,0.11098779134295225,0.4334431496409352,0.6836042016562379,1,0.44278152480150257,raw_rfu,auc_0_3h,resid
triploid,growth_abs,fc_corr|sat_asymptote|resid,49,0.11071428571428571,0.44885465500379773,0.6890525514652895,1,0.44278152480150257,fc_corr,sat_asymptote,resid
triploid,growth_abs,fc_corr_mm|auc_early|resid,52,0.11013403910185263,0.4370108764446028,0.6836042016562379,1,0.44278152480150257,fc_corr_mm,auc_early,resid
triploid,growth_abs,fc_corr_mm|auc_0_2h|resid,52,0.10987791342952274,0.4380843827515327,0.6836042016562379,1,0.44278152480150257,fc_corr_mm,auc_0_2h,resid
triploid,growth_abs,fc_corr_mm|auc_early|none,52,0.1090241611884231,0.44167333709302947,0.685424551621724,1,0.44278152480150257,fc_corr_mm,auc_early,none
triploid,growth_abs,raw_rfu|inflection_time|none,52,0.10845431486549272,0.4440778785154832,0.685424551621724,1,0.44278152480150257,raw_rfu,inflection_time,none
triploid,growth_abs,raw_rfu|rate_h4|none,52,-0.10620677879279432,0.4536319667410724,0.692642357819702,1,0.44278152480150257,raw_rfu,rate_h4,none
triploid,growth_abs,fc_corr_mm|auc_0_2h|none,52,0.10441389908648509,0.4613332508753011,0.7006344558747889,1,0.44278152480150257,fc_corr_mm,auc_0_2h,none
triploid,growth_abs,raw_rfu|n_negative_intervals|none,52,0.10315949437097291,0.466763349596072,0.7051105919430024,1,0.44278152480150257,raw_rfu,n_negative_intervals,none
triploid,growth_abs,fc_corr|t_half|resid,52,0.1015965166908563,0.473577034072843,0.705834611440777,1,0.44278152480150257,fc_corr,t_half,resid
triploid,growth_abs,fc_corr|metabolic_depression_index|resid,52,0.1013403910185264,0.4746986295253113,0.705834611440777,1,0.44278152480150257,fc_corr,metabolic_depression_index,resid
triploid,growth_abs,fc_corr|resilience_ratio|resid,52,-0.1013403910185264,0.4746986295253113,0.705834611440777,1,0.44278152480150257,fc_corr,resilience_ratio,resid
triploid,growth_abs,fc_corr|rate_h4|none,52,-0.1002305131050969,0.47957517764536106,0.7093716169337633,1,0.44278152480150257,fc_corr,rate_h4,none
triploid,growth_abs,raw_rfu|metabolic_depression_index|resid,52,0.09707162981302825,0.4935984074415799,0.7205512229898341,1,0.44278152480150257,raw_rfu,metabolic_depression_index,resid
triploid,growth_abs,raw_delta|resilience_ratio|resid,52,-0.09707162981302825,0.4935984074415799,0.7205512229898341,1,0.44278152480150257,raw_delta,resilience_ratio,resid
triploid,growth_abs,raw_rfu|t_half|resid,52,0.09681550414069835,0.4947446777571044,0.7205512229898341,1,0.44278152480150257,raw_rfu,t_half,resid
triploid,growth_abs,raw_rfu|sat_asymptote|resid,49,0.09408163265306121,0.520224854233986,0.7425494389232999,1,0.44278152480150257,raw_rfu,sat_asymptote,resid
triploid,growth_abs,raw_rfu|resilience_ratio|resid,52,-0.09399812174506958,0.5074441455456241,0.7352762108926391,1,0.44278152480150257,raw_rfu,resilience_ratio,resid
triploid,growth_abs,raw_rfu|rate_h4|resid,52,-0.09340049517629982,0.5101591429612351,0.7354578507664506,1,0.44278152480150257,raw_rfu,rate_h4,resid
triploid,growth_abs,fc_corr_mm|quad_coef|none,52,-0.09118073934944079,0.5203075293863968,0.7425494389232999,1,0.44278152480150257,fc_corr_mm,quad_coef,none
triploid,growth_abs,fc_corr|initial_slope|none,52,0.08947323486724153,0.528182043001137,0.7453732235751485,1,0.44278152480150257,fc_corr,initial_slope,none
triploid,growth_abs,fc_corr|auc_0_1h|none,52,0.08947323486724153,0.528182043001137,0.7453732235751485,1,0.44278152480150257,fc_corr,auc_0_1h,none
triploid,growth_abs,raw_delta|auc_early|none,52,0.0890463587466917,0.530159828035845,0.7453732235751485,1,0.44278152480150257,raw_delta,auc_early,none
triploid,growth_abs,raw_delta_mm|auc_0_3h|none,52,0.08785110560915221,0.5357169596907065,0.7470526348282095,1,0.44278152480150257,raw_delta_mm,auc_0_3h,none
triploid,growth_abs,fc_corr_mm|vmax|none,52,0.0871681038162725,0.5389051848961279,0.7470526348282095,1,0.44278152480150257,fc_corr_mm,vmax,none
triploid,growth_abs,raw_delta_mm|rate_h4|resid,52,-0.08665585247161273,0.5413023899533751,0.7470526348282095,1,0.44278152480150257,raw_delta_mm,rate_h4,resid
triploid,growth_abs,fc_corr|quad_coef|resid,52,-0.08631435157517288,0.5429033900481453,0.7470526348282095,1,0.44278152480150257,fc_corr,quad_coef,resid
triploid,growth_abs,fc_corr|quad_coef|none,52,-0.08597285067873303,0.5445066739768991,0.7470526348282095,1,0.44278152480150257,fc_corr,quad_coef,none
triploid,growth_abs,fc_corr|rate_h4|resid,52,-0.08153333902501494,0.5655544499280764,0.7721993450941043,1,0.44278152480150257,fc_corr,rate_h4,resid
triploid,growth_abs,raw_rfu|time_to_vmax|none,52,0.08061148055114487,0.5699720181940162,0.774507431421534,1,0.44278152480150257,raw_rfu,time_to_vmax,none
triploid,growth_abs,raw_rfu|auc_early|none,52,0.07905745752582599,0.577454836955587,0.7809389223589843,1,0.44278152480150257,raw_rfu,auc_early,none
triploid,growth_abs,raw_delta|auc_0_2h|none,52,0.07683770169896696,0.5882203303605756,0.7917278380208695,1,0.44278152480150257,raw_delta,auc_0_2h,none
triploid,growth_abs,fc_corr_mm|rate_h4|resid,52,-0.0755570733373175,0.5944718078650335,0.7941066706092597,1,0.44278152480150257,fc_corr_mm,rate_h4,resid
triploid,growth_abs,raw_rfu|time_to_vmax|resid,52,0.07530094766498761,0.5957256274423186,0.7941066706092597,1,0.44278152480150257,raw_rfu,time_to_vmax,resid
triploid,growth_abs,fc_corr|vmax|resid,52,0.07427644497566806,0.6007525552380768,0.7941066706092597,1,0.44278152480150257,fc_corr,vmax,resid
triploid,growth_abs,raw_rfu|depression_abs|resid,52,0.07419106975155809,0.601172303454193,0.7941066706092597,1,0.44278152480150257,raw_rfu,depression_abs,resid
triploid,growth_abs,fc_corr_mm|sat_asymptote|resid,49,0.0736734693877551,0.6149041140571655,0.7974099013344064,1,0.44278152480150257,fc_corr_mm,sat_asymptote,resid
triploid,growth_abs,raw_rfu|auc_0_2h|none,52,0.07308119183812857,0.6066406693942337,0.7967045600809305,1,0.44278152480150257,raw_rfu,auc_0_2h,none
triploid,growth_abs,raw_delta_mm|depression_abs|resid,52,0.07265431571757876,0.6087496110477532,0.7967045600809305,1,0.44278152480150257,raw_delta_mm,depression_abs,resid
triploid,growth_abs,fc_corr_mm|quad_coef|resid,52,-0.07162981302825919,0.6138239312442132,0.7974099013344064,1,0.44278152480150257,fc_corr_mm,quad_coef,resid
triploid,growth_abs,raw_delta_mm|sat_asymptote|resid,49,0.06979591836734693,0.6336892238353056,0.814333663209171,1,0.44278152480150257,raw_delta_mm,sat_asymptote,resid
triploid,growth_abs,raw_delta_mm|max_drop|resid,52,-0.06915393152907026,0.6261607908739093,0.8083166573099557,1,0.44278152480150257,raw_delta_mm,max_drop,resid
triploid,growth_abs,raw_delta_mm|auc_early|resid,52,0.06505592077179202,0.6468038195477449,0.8274427241061242,1,0.44278152480150257,raw_delta_mm,auc_early,resid
triploid,growth_abs,fc_corr|depression_abs|resid,52,0.06206778792794331,0.662025117091374,0.8431171894795974,1,0.44278152480150257,fc_corr,depression_abs,resid
triploid,growth_abs,fc_corr_mm|initial_slope|none,52,0.058908904635874663,0.6782646604176052,0.8459556214211416,1,0.44278152480150257,fc_corr_mm,initial_slope,none
triploid,growth_abs,fc_corr_mm|auc_0_1h|none,52,0.058908904635874663,0.6782646604176052,0.8459556214211416,1,0.44278152480150257,fc_corr_mm,auc_0_1h,none
triploid,growth_abs,fc_corr_mm|rate_h3|resid,52,-0.058908904635874663,0.6782646604176052,0.8459556214211416,1,0.44278152480150257,fc_corr_mm,rate_h3,resid
triploid,growth_abs,fc_corr|initial_slope|resid,52,0.056859899257235544,0.6888770095910065,0.8459556214211416,1,0.44278152480150257,fc_corr,initial_slope,resid
triploid,growth_abs,fc_corr|auc_0_1h|resid,52,0.056859899257235544,0.6888770095910065,0.8459556214211416,1,0.44278152480150257,fc_corr,auc_0_1h,resid
triploid,growth_abs,fc_corr_mm|max_drop|resid,52,-0.05677452403312558,0.689320499210681,0.8459556214211416,1,0.44278152480150257,fc_corr_mm,max_drop,resid
triploid,growth_abs,raw_rfu|vmax|none,52,0.05668914880901562,0.6897640923595589,0.8459556214211416,1,0.44278152480150257,raw_rfu,vmax,none
triploid,growth_abs,raw_delta_mm|rate_h3|resid,52,-0.05540852044736617,0.6964303227107072,0.8459556214211416,1,0.44278152480150257,raw_delta_mm,rate_h3,resid
triploid,growth_abs,raw_delta|auc_early|resid,52,0.05498164432681635,0.6986574915811927,0.8459556214211416,1,0.44278152480150257,raw_delta,auc_early,resid
triploid,growth_abs,fc_corr_mm|vmax|resid,52,0.05438401775804661,0.7017797546440544,0.8459556214211416,1,0.44278152480150257,fc_corr_mm,vmax,resid
triploid,growth_abs,raw_delta_mm|auc_0_2h|resid,52,0.05438401775804661,0.7017797546440544,0.8459556214211416,1,0.44278152480150257,raw_delta_mm,auc_0_2h,resid
triploid,growth_abs,raw_rfu|quad_coef|resid,52,-0.0539571416374968,0.7040129386399053,0.8459556214211416,1,0.44278152480150257,raw_rfu,quad_coef,resid
triploid,growth_abs,fc_corr_mm|depression_abs|resid,52,0.05378639118927687,0.7049069069041888,0.8459556214211416,1,0.44278152480150257,fc_corr_mm,depression_abs,resid
triploid,growth_abs,fc_corr|max_drop|resid,52,-0.053359515068727055,0.7071435547208487,0.8459556214211416,1,0.44278152480150257,fc_corr,max_drop,resid
triploid,growth_abs,raw_rfu|max_drop|resid,52,-0.053018014172287194,0.7089346404867313,0.8459556214211416,1,0.44278152480150257,raw_rfu,max_drop,resid
triploid,growth_abs,raw_delta_mm|quad_coef|resid,52,-0.05028600700076837,0.7233188066985506,0.8555807326157884,1,0.44278152480150257,raw_delta_mm,quad_coef,resid
triploid,growth_abs,fc_corr_mm|min_slope|none,52,-0.04960300520788867,0.7269299346683811,0.8555807326157884,1,0.44278152480150257,fc_corr_mm,min_slope,none
triploid,growth_abs,raw_delta_mm|rate_h3|none,52,-0.04909075386322889,0.7296421509798766,0.8555807326157884,1,0.44278152480150257,raw_delta_mm,rate_h3,none
triploid,growth_abs,fc_corr|rate_h3|resid,52,-0.048663877742679065,0.7319048408868285,0.8555807326157884,1,0.44278152480150257,fc_corr,rate_h3,resid
triploid,growth_abs,raw_rfu|auc_early|resid,52,0.04815162639801929,0.7346230539429863,0.8555807326157884,1,0.44278152480150257,raw_rfu,auc_early,resid
triploid,growth_abs,raw_delta_mm|quad_coef|none,52,-0.04806625117390933,0.7350764040783534,0.8555807326157884,1,0.44278152480150257,raw_delta_mm,quad_coef,none
triploid,growth_abs,fc_corr|min_slope|none,52,-0.04729787415691966,0.7391605663888272,0.8568228606303139,1,0.44278152480150257,fc_corr,min_slope,none
triploid,growth_abs,raw_rfu|min_slope|none,52,-0.045590369674720396,0.7482619176058009,0.8615958581920544,1,0.44278152480150257,raw_rfu,min_slope,none
triploid,growth_abs,raw_rfu|n_negative_intervals|resid,52,0.04499274310595065,0.7514555159281097,0.8615958581920544,1,0.44278152480150257,raw_rfu,n_negative_intervals,resid
triploid,growth_abs,fc_corr_mm|initial_slope|resid,52,0.04345598907197131,0.759686483451253,0.8615958581920544,1,0.44278152480150257,fc_corr_mm,initial_slope,resid
triploid,growth_abs,fc_corr_mm|auc_0_1h|resid,52,0.04345598907197131,0.759686483451253,0.8615958581920544,1,0.44278152480150257,fc_corr_mm,auc_0_1h,resid
triploid,growth_abs,raw_rfu|rate_h3|resid,52,-0.04319986339964142,0.7610609085733339,0.8615958581920544,1,0.44278152480150257,raw_rfu,rate_h3,resid
triploid,growth_abs,fc_corr_mm|max_drop|none,52,0.04312163470362869,0.7614808465007241,0.8615958581920544,1,0.44278152480150257,fc_corr_mm,max_drop,none
triploid,growth_abs,raw_delta_mm|min_slope|none,52,-0.042089985486211894,0.7670251528702301,0.8644251722823229,1,0.44278152480150257,raw_delta_mm,min_slope,none
triploid,growth_abs,raw_delta|auc_0_2h|resid,52,0.040211730555792705,0.777148873016672,0.8688886075335709,1,0.44278152480150257,raw_delta,auc_0_2h,resid
triploid,growth_abs,raw_rfu|max_drop|none,52,0.039744914102497975,0.7796707712126488,0.8688886075335709,1,0.44278152480150257,raw_rfu,max_drop,none
triploid,growth_abs,fc_corr|max_drop|none,52,0.0396536513835485,0.7801640666234527,0.8688886075335709,1,0.44278152480150257,fc_corr,max_drop,none
triploid,growth_abs,raw_rfu|auc_0_2h|resid,52,0.0369674720396141,0.7947211283743061,0.8816437517902458,1,0.44278152480150257,raw_rfu,auc_0_2h,resid
triploid,growth_abs,raw_delta_mm|auc_early|none,52,0.035686843677964646,0.8016859740472927,0.8859097923324168,1,0.44278152480150257,raw_delta_mm,auc_early,none
triploid,growth_abs,raw_delta_mm|max_drop|none,52,0.033812837370781855,0.8119054330195808,0.8933692535165426,1,0.44278152480150257,raw_delta_mm,max_drop,none
triploid,growth_abs,raw_rfu|quad_coef|none,52,-0.03329633740288568,0.8147275938760019,0.8933692535165426,1,0.44278152480150257,raw_rfu,quad_coef,none
triploid,growth_abs,fc_corr_mm|rate_h3|none,52,-0.028942200973277554,0.8386079796704035,0.9160179470245945,1,0.44278152480150257,fc_corr_mm,rate_h3,none
triploid,growth_abs,raw_rfu|vmax|resid,52,0.026807820370528472,0.850368316004331,0.9199984837155663,1,0.44278152480150257,raw_rfu,vmax,resid
triploid,growth_abs,raw_delta_mm|initial_slope|resid,52,-0.025783317681208912,0.8560249276078951,0.9199984837155663,1,0.44278152480150257,raw_delta_mm,initial_slope,resid
triploid,growth_abs,raw_delta_mm|auc_0_1h|resid,52,-0.025783317681208912,0.8560249276078951,0.9199984837155663,1,0.44278152480150257,raw_delta_mm,auc_0_1h,resid
triploid,growth_abs,raw_rfu|time_to_min_slope|resid,52,0.02552719200887902,0.8574402134187964,0.9199984837155663,1,0.44278152480150257,raw_rfu,time_to_min_slope,resid
triploid,growth_abs,raw_delta_mm|vmax|none,52,0.02527106633654913,0.8588559437511611,0.9199984837155663,1,0.44278152480150257,raw_delta_mm,vmax,none
triploid,growth_abs,raw_delta_mm|auc_0_2h|none,52,0.024758814991889352,0.8616887206631711,0.9199984837155663,1,0.44278152480150257,raw_delta_mm,auc_0_2h,none
triploid,growth_abs,raw_delta_mm|initial_slope|none,52,-0.01878254930419192,0.8948561611169011,0.9472643550550743,1,0.44278152480150257,raw_delta_mm,initial_slope,none
triploid,growth_abs,raw_delta_mm|auc_0_1h|none,52,-0.01878254930419192,0.8948561611169011,0.9472643550550743,1,0.44278152480150257,raw_delta_mm,auc_0_1h,none
triploid,growth_abs,raw_rfu|rate_h3|none,52,-0.018355673183642104,0.8972327870063908,0.9472643550550743,1,0.44278152480150257,raw_rfu,rate_h3,none
triploid,growth_abs,raw_rfu|initial_slope|none,52,0.01536754033979339,0.9138930609285698,0.9577329494601986,1,0.44278152480150257,raw_rfu,initial_slope,none
triploid,growth_abs,raw_delta|auc_0_1h|none,52,0.01536754033979339,0.9138930609285698,0.9577329494601986,1,0.44278152480150257,raw_delta,auc_0_1h,none
triploid,growth_abs,raw_rfu|value_1h|none,52,0.014257662426363867,0.9200909054370021,0.9601416445888844,1,0.44278152480150257,raw_rfu,value_1h,none
triploid,growth_abs,raw_rfu|value_1h|resid,52,-0.013745411081704087,0.9229530597632585,0.9601416445888844,1,0.44278152480150257,raw_rfu,value_1h,resid
triploid,growth_abs,raw_delta_mm|min_slope|resid,52,-0.011867156151284896,0.9334556325299008,0.9634131967701098,1,0.44278152480150257,raw_delta_mm,min_slope,resid
triploid,growth_abs,raw_rfu|auc_0_1h|none,52,0.011611030478955005,0.9348887121742384,0.9634131967701098,1,0.44278152480150257,raw_rfu,auc_0_1h,none
triploid,growth_abs,raw_rfu|auc_0_1h|resid,52,-0.010842653461965336,0.9391891608144691,0.9634131967701098,1,0.44278152480150257,raw_rfu,auc_0_1h,resid
triploid,growth_abs,fc_corr|min_slope|resid,52,0.010757278237855375,0.9396670968497198,0.9634131967701098,1,0.44278152480150257,fc_corr,min_slope,resid
triploid,growth_abs,raw_rfu|initial_slope|resid,52,-0.009476649876205924,0.9468385728166144,0.9638070060212133,1,0.44278152480150257,raw_rfu,initial_slope,resid
triploid,growth_abs,raw_delta|auc_0_1h|resid,52,-0.009476649876205924,0.9468385728166144,0.9638070060212133,1,0.44278152480150257,raw_delta,auc_0_1h,resid
triploid,growth_abs,fc_corr|rate_h3|none,52,0.006403141808247246,0.9640660943129963,0.9778384670888962,1,0.44278152480150257,fc_corr,rate_h3,none
triploid,growth_abs,raw_rfu|min_slope|resid,52,0.0028173823956287886,0.984184899539998,0.9881434652832362,1,0.44278152480150257,raw_rfu,min_slope,resid
triploid,growth_abs,raw_delta_mm|vmax|resid,52,-0.0028173823956287886,0.984184899539998,0.9881434652832362,1,0.44278152480150257,raw_delta_mm,vmax,resid
triploid,growth_abs,raw_rfu|inflection_time|resid,52,-0.002732007171518825,0.9846640868843515,0.9881434652832362,1,0.44278152480150257,raw_rfu,inflection_time,resid
triploid,growth_abs,fc_corr_mm|min_slope|resid,52,9.391274652095961e-4,0.9947280022823106,0.9947280022823106,1,0.44278152480150257,fc_corr_mm,min_slope,resid
diploid,perf_composite,fc_corr_mm|sat_asymptote|resid,70,-0.3094194412746562,0.009147878161415188,0.3239861172489003,0.229,0.3764392082147261,fc_corr_mm,sat_asymptote,resid
diploid,perf_composite,fc_corr|sat_asymptote|resid,70,-0.30133439054964684,0.0112457099191586,0.3239861172489003,0.26,0.3764392082147261,fc_corr,sat_asymptote,resid
diploid,perf_composite,raw_delta_mm|sat_asymptote|resid,70,-0.2961368579407122,0.01280477890760129,0.3239861172489003,0.279,0.3764392082147261,raw_delta_mm,sat_asymptote,resid
diploid,perf_composite,fc_corr|delta_auc_late_minus_early|none,71,-0.2960571623518777,0.012182454721683616,0.3239861172489003,0.279,0.3764392082147261,fc_corr,delta_auc_late_minus_early,none
diploid,perf_composite,raw_rfu|delta_auc_late_minus_early|none,71,-0.2942962150881295,0.012731072335188633,0.3239861172489003,0.288,0.3764392082147261,raw_rfu,delta_auc_late_minus_early,none
diploid,perf_composite,raw_rfu|sat_asymptote|resid,70,-0.2881918080940579,0.01554863011567795,0.3239861172489003,0.316,0.3764392082147261,raw_rfu,sat_asymptote,resid
diploid,perf_composite,raw_rfu|lin_slope|none,71,-0.2875710736332434,0.0150276670436929,0.3239861172489003,0.319,0.3764392082147261,raw_rfu,lin_slope,none
diploid,perf_composite,fc_corr_mm|delta_auc_late_minus_early|none,71,-0.2852231439482458,0.01590947031809775,0.3239861172489003,0.324,0.3764392082147261,fc_corr_mm,delta_auc_late_minus_early,none
diploid,perf_composite,raw_delta_mm|delta_auc_late_minus_early|none,71,-0.2829590688948553,0.016801561451608705,0.3239861172489003,0.333,0.3764392082147261,raw_delta_mm,delta_auc_late_minus_early,none
diploid,perf_composite,fc_corr|lin_slope|none,71,-0.27846446064071695,0.018700343537424797,0.3239861172489003,0.362,0.3764392082147261,fc_corr,lin_slope,none
diploid,perf_composite,raw_rfu|delta_auc_late_minus_early|resid,71,-0.2769215354191471,0.019393161672054435,0.3239861172489003,0.366,0.3764392082147261,raw_rfu,delta_auc_late_minus_early,resid
diploid,perf_composite,fc_corr_mm|delta_auc_late_minus_early|resid,71,-0.2759655926188267,0.01983331932258123,0.3239861172489003,0.37,0.3764392082147261,fc_corr_mm,delta_auc_late_minus_early,resid
diploid,perf_composite,fc_corr|sat_asymptote|none,70,-0.27433172113689896,0.021551614867173368,0.3239861172489003,0.381,0.3764392082147261,fc_corr,sat_asymptote,none
diploid,perf_composite,raw_delta_mm|delta_auc_late_minus_early|resid,71,-0.2726449492071872,0.021429179665059313,0.3239861172489003,0.395,0.3764392082147261,raw_delta_mm,delta_auc_late_minus_early,resid
diploid,perf_composite,raw_rfu|sat_asymptote|none,70,-0.2720917070832167,0.022686776161227384,0.3239861172489003,0.402,0.3764392082147261,raw_rfu,sat_asymptote,none
diploid,perf_composite,fc_corr|delta_auc_late_minus_early|resid,71,-0.2673621074159425,0.024193060547538163,0.3239861172489003,0.424,0.3764392082147261,fc_corr,delta_auc_late_minus_early,resid
diploid,perf_composite,fc_corr|mean_rate|none,71,-0.25731632254941705,0.030286637716102828,0.3239861172489003,0.488,0.3764392082147261,fc_corr,mean_rate,none
diploid,perf_composite,fc_corr|value_4h|none,71,-0.2549348510117766,0.03190661013927776,0.3239861172489003,0.508,0.3764392082147261,fc_corr,value_4h,none
diploid,perf_composite,fc_corr_mm|lin_slope|none,71,-0.2546832871169554,0.03208189897443014,0.3239861172489003,0.509,0.3764392082147261,fc_corr_mm,lin_slope,none
diploid,perf_composite,raw_rfu|final_delta|none,71,-0.25401245006409895,0.03255328631598948,0.3239861172489003,0.513,0.3764392082147261,raw_rfu,final_delta,none
diploid,perf_composite,fc_corr|peak_value|none,71,-0.2527378596636717,0.03346491283718733,0.3239861172489003,0.518,0.3764392082147261,fc_corr,peak_value,none
diploid,perf_composite,raw_rfu|final_value|none,71,-0.25238567021092206,0.03372054321749497,0.3239861172489003,0.521,0.3764392082147261,raw_rfu,final_value,none
diploid,perf_composite,raw_rfu|value_4h|none,71,-0.2518657714949583,0.034100885808749634,0.3239861172489003,0.522,0.3764392082147261,raw_rfu,value_4h,none
diploid,perf_composite,fc_corr|final_value|none,71,-0.2509769123999235,0.0347594543220603,0.3239861172489003,0.531,0.3764392082147261,fc_corr,final_value,none
diploid,perf_composite,raw_delta_mm|lin_slope|none,71,-0.2503396171997098,0.035238146071637604,0.3239861172489003,0.539,0.3764392082147261,raw_delta_mm,lin_slope,none
diploid,perf_composite,raw_rfu|mean_rate|none,71,-0.2472034539776059,0.03767469398224495,0.3239861172489003,0.566,0.3764392082147261,raw_rfu,mean_rate,none
diploid,perf_composite,raw_delta|value_4h|none,71,-0.24711959934599884,0.03774171936621326,0.3239861172489003,0.567,0.3764392082147261,raw_delta,value_4h,none
diploid,perf_composite,fc_corr|lin_slope|resid,71,-0.2456102159770718,0.038965241986316235,0.3239861172489003,0.577,0.3764392082147261,fc_corr,lin_slope,resid
diploid,perf_composite,raw_rfu|lin_slope|resid,71,-0.24423500001871606,0.04010852227643428,0.3239861172489003,0.585,0.3764392082147261,raw_rfu,lin_slope,resid
diploid,perf_composite,fc_corr_mm|lin_slope|resid,71,-0.24312811888150287,0.041048812988727826,0.3239861172489003,0.592,0.3764392082147261,fc_corr_mm,lin_slope,resid
diploid,perf_composite,raw_delta|frac_auc_first_half|resid,71,0.24213863422853962,0.0419047690585836,0.3239861172489003,0.596,0.3764392082147261,raw_delta,frac_auc_first_half,resid
diploid,perf_composite,fc_corr|frac_auc_first_half|resid,71,0.24158519365993303,0.04238993206619049,0.3239861172489003,0.603,0.3764392082147261,fc_corr,frac_auc_first_half,resid
diploid,perf_composite,raw_rfu|metabolic_scope|none,71,-0.24114914957557632,0.04277544639389109,0.3239861172489003,0.607,0.3764392082147261,raw_rfu,metabolic_scope,none
diploid,perf_composite,raw_rfu|peak_value|none,71,-0.23953914064872084,0.04422408114318338,0.3239861172489003,0.613,0.3764392082147261,raw_rfu,peak_value,none
diploid,perf_composite,raw_delta_mm|lin_slope|resid,71,-0.2377781933849726,0.045854651161825716,0.3239861172489003,0.624,0.3764392082147261,raw_delta_mm,lin_slope,resid
diploid,perf_composite,raw_rfu|frac_auc_first_half|resid,71,0.23564828574215335,0.04789272226554775,0.3239861172489003,0.638,0.3764392082147261,raw_rfu,frac_auc_first_half,resid
diploid,perf_composite,raw_delta|late_early_auc_ratio|resid,71,-0.23462525923654726,0.04889778392287692,0.3239861172489003,0.647,0.3764392082147261,raw_delta,late_early_auc_ratio,resid
diploid,perf_composite,fc_corr|late_early_auc_ratio|resid,71,-0.23462525923654726,0.04889778392287692,0.3239861172489003,0.647,0.3764392082147261,fc_corr,late_early_auc_ratio,resid
diploid,perf_composite,fc_corr_mm|peak_value|none,71,-0.23085180081422965,0.052755776992172265,0.3239861172489003,0.663,0.3764392082147261,fc_corr_mm,peak_value,none
diploid,perf_composite,raw_rfu|late_early_auc_ratio|resid,71,-0.2304828404351586,0.053145996311771804,0.3239861172489003,0.666,0.3764392082147261,raw_rfu,late_early_auc_ratio,resid
diploid,perf_composite,fc_corr_mm|sat_asymptote|none,70,-0.22926893841633794,0.05623910123984149,0.3239861172489003,0.671,0.3764392082147261,fc_corr_mm,sat_asymptote,none
diploid,perf_composite,fc_corr_mm|final_value|none,71,-0.2287218931714104,0.055041023672666466,0.3239861172489003,0.675,0.3764392082147261,fc_corr_mm,final_value,none
diploid,perf_composite,fc_corr_mm|mean_rate|none,71,-0.22694417498134078,0.057009622407679046,0.3239861172489003,0.692,0.3764392082147261,fc_corr_mm,mean_rate,none
diploid,perf_composite,raw_delta|value_3h|none,71,-0.22474718363323587,0.05952125918316794,0.3239861172489003,0.711,0.3764392082147261,raw_delta,value_3h,none
diploid,perf_composite,fc_corr_mm|value_4h|none,71,-0.22471364178059303,0.05956028949819131,0.3239861172489003,0.711,0.3764392082147261,fc_corr_mm,value_4h,none
diploid,perf_composite,raw_rfu|value_3h|none,71,-0.2239254082434867,0.06048349580035042,0.3239861172489003,0.717,0.3764392082147261,raw_rfu,value_3h,none
diploid,perf_composite,fc_corr|value_3h|none,71,-0.22275144340098788,0.0618799544298677,0.3239861172489003,0.727,0.3764392082147261,fc_corr,value_3h,none
diploid,perf_composite,fc_corr|auc_late|none,71,-0.2210072670635611,0.06400276908752031,0.3239861172489003,0.738,0.3764392082147261,fc_corr,auc_late,none
diploid,perf_composite,raw_delta_mm|sat_asymptote|none,70,-0.22022138165263694,0.06696796911982675,0.3239861172489003,0.745,0.3764392082147261,raw_delta_mm,sat_asymptote,none
diploid,perf_composite,raw_rfu|auc_late|none,71,-0.21708287030435078,0.06899438026926348,0.3239861172489003,0.76,0.3764392082147261,raw_rfu,auc_late,none
diploid,perf_composite,raw_delta|auc_late|none,71,-0.21674745177792257,0.06943513190774069,0.3239861172489003,0.761,0.3764392082147261,raw_delta,auc_late,none
diploid,perf_composite,raw_rfu|mean_rate|resid,71,-0.21450014765085343,0.07244680324859976,0.3239861172489003,0.771,0.3764392082147261,raw_rfu,mean_rate,resid
diploid,perf_composite,raw_rfu|value_4h|resid,71,-0.2127224294607838,0.07490251802670436,0.3239861172489003,0.773,0.3764392082147261,raw_rfu,value_4h,resid
diploid,perf_composite,raw_rfu|final_delta|resid,71,-0.21253794927124828,0.0751611188988465,0.3239861172489003,0.774,0.3764392082147261,raw_rfu,final_delta,resid
diploid,perf_composite,fc_corr_mm|final_value|resid,71,-0.21253794927124828,0.0751611188988465,0.3239861172489003,0.774,0.3764392082147261,fc_corr_mm,final_value,resid
diploid,perf_composite,fc_corr_mm|mean_rate|resid,71,-0.2121857598184986,0.07565679096790912,0.3239861172489003,0.774,0.3764392082147261,fc_corr_mm,mean_rate,resid
diploid,perf_composite,raw_delta|value_4h|resid,71,-0.21211867611321297,0.07575149984152536,0.3239861172489003,0.775,0.3764392082147261,raw_delta,value_4h,resid
diploid,perf_composite,raw_delta_mm|final_value|resid,71,-0.2115652355446064,0.07653646316250383,0.3239861172489003,0.78,0.3764392082147261,raw_delta_mm,final_value,resid
diploid,perf_composite,raw_delta_mm|value_4h|none,71,-0.21136398442874946,0.07682350744308991,0.3239861172489003,0.78,0.3764392082147261,raw_delta_mm,value_4h,none
diploid,perf_composite,fc_corr_mm|peak_value|resid,71,-0.21114596238657113,0.07713543992110869,0.3239861172489003,0.78,0.3764392082147261,fc_corr_mm,peak_value,resid
diploid,perf_composite,raw_delta_mm|mean_rate|resid,71,-0.21091116941807134,0.07747249524640051,0.3239861172489003,0.78,0.3764392082147261,raw_delta_mm,mean_rate,resid
diploid,perf_composite,raw_rfu|final_value|resid,71,-0.21070991830221442,0.07776233284703818,0.3239861172489003,0.78,0.3764392082147261,raw_rfu,final_value,resid
diploid,perf_composite,raw_delta|stability_cv|resid,71,-0.20941855697546571,0.07964273136267402,0.3239861172489003,0.783,0.3764392082147261,raw_delta,stability_cv,resid
diploid,perf_composite,fc_corr|stability_cv|resid,71,-0.20941855697546571,0.07964273136267402,0.3239861172489003,0.783,0.3764392082147261,fc_corr,stability_cv,resid
diploid,perf_composite,raw_delta_mm|peak_value|none,71,-0.20789240268021728,0.08191143379325344,0.3239861172489003,0.792,0.3764392082147261,raw_delta_mm,peak_value,none
diploid,perf_composite,fc_corr_mm|value_4h|resid,71,-0.2072215656273608,0.08292474868564645,0.3239861172489003,0.801,0.3764392082147261,fc_corr_mm,value_4h,resid
diploid,perf_composite,raw_delta_mm|peak_value|resid,71,-0.20631593560600459,0.08430845390741655,0.3239861172489003,0.806,0.3764392082147261,raw_delta_mm,peak_value,resid
diploid,perf_composite,fc_corr|value_4h|resid,71,-0.20535999280568412,0.08578879134912124,0.3239861172489003,0.81,0.3764392082147261,fc_corr,value_4h,resid
diploid,perf_composite,fc_corr|mean_rate|resid,71,-0.20524259632143424,0.0859719947628193,0.3239861172489003,0.81,0.3764392082147261,fc_corr,mean_rate,resid
diploid,perf_composite,raw_delta_mm|value_4h|resid,71,-0.20497426150029166,0.08639190635640691,0.3239861172489003,0.81,0.3764392082147261,raw_delta_mm,value_4h,resid
diploid,perf_composite,fc_corr_mm|value_3h|none,71,-0.20349841998400747,0.08873045405551129,0.3239861172489003,0.819,0.3764392082147261,fc_corr_mm,value_3h,none
diploid,perf_composite,raw_delta_mm|mean_rate|none,71,-0.20331393979447193,0.08902624723084886,0.3239861172489003,0.819,0.3764392082147261,raw_delta_mm,mean_rate,none
diploid,perf_composite,fc_corr|final_value|resid,71,-0.2032300851628649,0.08916095525748176,0.3239861172489003,0.82,0.3764392082147261,fc_corr,final_value,resid
diploid,perf_composite,raw_rfu|metabolic_scope|resid,71,-0.20222382958358018,0.09079000712217238,0.3239861172489003,0.825,0.3764392082147261,raw_rfu,metabolic_scope,resid
diploid,perf_composite,raw_rfu|t_half|resid,71,-0.20074798806729596,0.09322152847589961,0.3239861172489003,0.83,0.3764392082147261,raw_rfu,t_half,resid
diploid,perf_composite,fc_corr|t_half|resid,71,-0.20058027880408186,0.09350104102568192,0.3239861172489003,0.83,0.3764392082147261,fc_corr,t_half,resid
diploid,perf_composite,raw_delta_mm|final_value|none,71,-0.20034548583558207,0.09389346282159651,0.3239861172489003,0.83,0.3764392082147261,raw_delta_mm,final_value,none
diploid,perf_composite,fc_corr|stability_cv|none,71,-0.20011069286708233,0.09428717523327322,0.3239861172489003,0.832,0.3764392082147261,fc_corr,stability_cv,none
diploid,perf_composite,raw_delta|stability_cv|none,71,-0.19997652545651104,0.09451273421416594,0.3239861172489003,0.832,0.3764392082147261,raw_delta,stability_cv,none
diploid,perf_composite,raw_rfu|inflection_time|resid,71,-0.1995069395195115,0.09530552304628451,0.3239861172489003,0.835,0.3764392082147261,raw_rfu,inflection_time,resid
diploid,perf_composite,raw_rfu|peak_value|resid,71,-0.19826589097172703,0.09742583469828747,0.3239861172489003,0.839,0.3764392082147261,raw_rfu,peak_value,resid
diploid,perf_composite,raw_rfu|stability_cv|resid,71,-0.1974608865082993,0.09882077102623853,0.3239861172489003,0.842,0.3764392082147261,raw_rfu,stability_cv,resid
diploid,perf_composite,fc_corr_mm|auc_late|none,71,-0.19638754722372895,0.10070488500970064,0.3239861172489003,0.85,0.3764392082147261,fc_corr_mm,auc_late,none
diploid,perf_composite,fc_corr|peak_value|resid,71,-0.19600181591833651,0.10138878593987441,0.3239861172489003,0.854,0.3764392082147261,fc_corr,peak_value,resid
diploid,perf_composite,fc_corr_mm|rate_h2|resid,71,-0.19600181591833651,0.10138878593987441,0.3239861172489003,0.854,0.3764392082147261,fc_corr_mm,rate_h2,resid
diploid,perf_composite,raw_rfu|stability_cv|none,71,-0.19566639739190828,0.10198641818125857,0.3239861172489003,0.855,0.3764392082147261,raw_rfu,stability_cv,none
diploid,perf_composite,raw_delta_mm|value_3h|none,71,-0.19561608461294405,0.10207629905601731,0.3239861172489003,0.855,0.3764392082147261,raw_delta_mm,value_3h,none
diploid,perf_composite,raw_rfu|rate_h2|none,71,-0.19449243254940948,0.10409974785784663,0.3239861172489003,0.857,0.3764392082147261,raw_rfu,rate_h2,none
diploid,perf_composite,raw_rfu|t_half|none,71,-0.19434149421251676,0.10437391219295701,0.3239861172489003,0.858,0.3764392082147261,raw_rfu,t_half,none
diploid,perf_composite,fc_corr|t_half|none,71,-0.19387190827551723,0.10523045569615452,0.3239861172489003,0.859,0.3764392082147261,fc_corr,t_half,none
diploid,perf_composite,raw_delta_mm|auc_late|none,71,-0.19291596547519677,0.10699098254914526,0.3239861172489003,0.865,0.3764392082147261,raw_delta_mm,auc_late,none
diploid,perf_composite,fc_corr|sat_k|resid,70,0.1915912020290106,0.11209154797524408,0.3239861172489003,0.87,0.3764392082147261,fc_corr,sat_k,resid
diploid,perf_composite,fc_corr_mm|sat_k|resid,70,0.1915912020290106,0.11209154797524408,0.3239861172489003,0.87,0.3764392082147261,fc_corr_mm,sat_k,resid
diploid,perf_composite,raw_rfu|sat_k|resid,70,0.19092619785682366,0.11336605254278938,0.3239861172489003,0.873,0.3764392082147261,raw_rfu,sat_k,resid
diploid,perf_composite,raw_delta_mm|sat_k|resid,70,0.19092619785682366,0.11336605254278938,0.3239861172489003,0.873,0.3764392082147261,raw_delta_mm,sat_k,resid
diploid,perf_composite,fc_corr|rate_h2|resid,71,-0.19086991246398458,0.11083576535702416,0.3239861172489003,0.873,0.3764392082147261,fc_corr,rate_h2,resid
diploid,perf_composite,fc_corr|rate_h2|none,71,-0.19038355560066364,0.11176519573987173,0.3239861172489003,0.875,0.3764392082147261,fc_corr,rate_h2,none
diploid,perf_composite,raw_rfu|rate_h2|resid,71,-0.18994751151630695,0.11260358041334434,0.3239861172489003,0.879,0.3764392082147261,raw_rfu,rate_h2,resid
diploid,perf_composite,raw_rfu|inflection_time|none,71,-0.18800770536887093,0.1163921438310324,0.3239861172489003,0.884,0.3764392082147261,raw_rfu,inflection_time,none
diploid,perf_composite,fc_corr|late_early_auc_ratio|none,71,-0.1879853131367018,0.11643644202870468,0.3239861172489003,0.885,0.3764392082147261,fc_corr,late_early_auc_ratio,none
diploid,perf_composite,fc_corr|frac_auc_first_half|none,71,0.1879853131367018,0.11643644202870468,0.3239861172489003,0.885,0.3764392082147261,fc_corr,frac_auc_first_half,none
diploid,perf_composite,raw_delta|late_early_auc_ratio|none,71,-0.18744864349441664,0.11750200731210116,0.3239861172489003,0.889,0.3764392082147261,raw_delta,late_early_auc_ratio,none
diploid,perf_composite,raw_delta|frac_auc_first_half|none,71,0.18744864349441664,0.11750200731210116,0.3239861172489003,0.889,0.3764392082147261,raw_delta,frac_auc_first_half,none
diploid,perf_composite,fc_corr|auc_total|none,71,-0.18546967418849009,0.1214960612450207,0.3269899038957294,0.894,0.3764392082147261,fc_corr,auc_total,none
diploid,perf_composite,raw_rfu|late_early_auc_ratio|none,71,-0.1852013393673475,0.1220455275103779,0.3269899038957294,0.894,0.3764392082147261,raw_rfu,late_early_auc_ratio,none
diploid,perf_composite,raw_rfu|frac_auc_first_half|none,71,0.1852013393673475,0.1220455275103779,0.3269899038957294,0.894,0.3764392082147261,raw_rfu,frac_auc_first_half,none
diploid,perf_composite,raw_rfu|auc_total|none,71,-0.1821993435558148,0.12832288790565546,0.34059532864678643,0.904,0.3764392082147261,raw_rfu,auc_total,none
diploid,perf_composite,raw_delta|auc_total|none,71,-0.17891224199681816,0.13547473507287575,0.35624837741385845,0.918,0.3764392082147261,raw_delta,auc_total,none
diploid,perf_composite,raw_delta_mm|value_3h|resid,71,-0.17658108323814195,0.14072640914564002,0.36481649358858226,0.928,0.3764392082147261,raw_delta_mm,value_3h,resid
diploid,perf_composite,raw_delta_mm|rate_h2|resid,71,-0.17632951934332078,0.14130216300966214,0.36481649358858226,0.928,0.3764392082147261,raw_delta_mm,rate_h2,resid
diploid,perf_composite,fc_corr_mm|value_3h|resid,71,-0.17528972191139328,0.14370074048815648,0.36766675944717514,0.931,0.3764392082147261,fc_corr_mm,value_3h,resid
diploid,perf_composite,raw_rfu|time_to_vmax|resid,71,-0.17436732096371566,0.14585395897312597,0.36984396739614084,0.931,0.3764392082147261,raw_rfu,time_to_vmax,resid
diploid,perf_composite,fc_corr_mm|auc_late|resid,71,-0.17247220628939613,0.15035349890283245,0.3778795901628709,0.937,0.3764392082147261,fc_corr_mm,auc_late,resid
diploid,perf_composite,raw_rfu|value_3h|resid,71,-0.17131501237321872,0.1531514408681532,0.3783360664320434,0.937,0.3764392082147261,raw_rfu,value_3h,resid
diploid,perf_composite,fc_corr|value_3h|resid,71,-0.17061063346771946,0.15487339411813195,0.3783360664320434,0.938,0.3764392082147261,fc_corr,value_3h,resid
diploid,perf_composite,raw_delta|value_3h|resid,71,-0.17059386254139805,0.1549145675569257,0.3783360664320434,0.938,0.3764392082147261,raw_delta,value_3h,resid
diploid,perf_composite,fc_corr_mm|rate_h2|none,71,-0.1702081312360056,0.1558638020160179,0.3783360664320434,0.938,0.3764392082147261,fc_corr_mm,rate_h2,none
diploid,perf_composite,raw_delta_mm|auc_late|resid,71,-0.1691851047303995,0.15840223443760496,0.37866418884888137,0.943,0.3764392082147261,raw_delta_mm,auc_late,resid
diploid,perf_composite,raw_delta|auc_late|resid,71,-0.16906770824614958,0.1586954766744109,0.37866418884888137,0.944,0.3764392082147261,raw_delta,auc_late,resid
diploid,perf_composite,raw_delta_mm|rate_h2|none,71,-0.16854780953018586,0.1599989530347386,0.37866418884888137,0.944,0.3764392082147261,raw_delta_mm,rate_h2,none
diploid,perf_composite,raw_rfu|auc_late|resid,71,-0.16581414853979576,0.16698320544488934,0.39192752352354193,0.956,0.3764392082147261,raw_rfu,auc_late,resid
diploid,perf_composite,fc_corr|auc_late|resid,71,-0.1628121527282631,0.17490836760658188,0.40716374098581354,0.96,0.3764392082147261,fc_corr,auc_late,resid
diploid,perf_composite,fc_corr_mm|auc_total|none,71,-0.15761316556862554,0.1892770110648765,0.4354743881781121,0.967,0.3764392082147261,fc_corr_mm,auc_total,none
diploid,perf_composite,fc_corr|vmax|none,71,-0.1573112888948401,0.19013670469748556,0.4354743881781121,0.968,0.3764392082147261,fc_corr,vmax,none
diploid,perf_composite,raw_rfu|vmax|none,71,-0.15605346942073423,0.193749040044921,0.44019781898206045,0.971,0.3764392082147261,raw_rfu,vmax,none
diploid,perf_composite,fc_corr|auc_0_3h|none,71,-0.1481208212707066,0.21766984787284618,0.49062092695149456,0.982,0.3764392082147261,fc_corr,auc_0_3h,none
diploid,perf_composite,raw_rfu|time_to_vmax|none,71,-0.14553658143599846,0.22589308856506005,0.5051467492321028,0.983,0.3764392082147261,raw_rfu,time_to_vmax,none
diploid,perf_composite,fc_corr|value_2h|none,71,-0.14340819097438995,0.23282675320998594,0.5165843586846564,0.986,0.3764392082147261,fc_corr,value_2h,none
diploid,perf_composite,raw_delta|value_2h|none,71,-0.1383601421516451,0.2498581157164321,0.5499060385418645,0.989,0.3764392082147261,raw_delta,value_2h,none
diploid,perf_composite,raw_rfu|value_2h|none,71,-0.13782347250935992,0.25171755285367037,0.5499060385418645,0.99,0.3764392082147261,raw_rfu,value_2h,none
diploid,perf_composite,fc_corr|sat_r2|resid,70,0.13562585090654294,0.26293641937328555,0.5647110282307946,0.99,0.3764392082147261,fc_corr,sat_r2,resid
diploid,perf_composite,raw_delta_mm|auc_total|none,71,-0.13510658244529125,0.26127565230286304,0.5647110282307946,0.99,0.3764392082147261,raw_delta_mm,auc_total,none
diploid,perf_composite,raw_rfu|sat_r2|resid,70,0.13469834508744014,0.2662452187401228,0.5647110282307946,0.991,0.3764392082147261,raw_rfu,sat_r2,resid
diploid,perf_composite,raw_delta|auc_0_3h|none,71,-0.13366428278164988,0.2664481612074876,0.5647110282307946,0.992,0.3764392082147261,raw_delta,auc_0_3h,none
diploid,perf_composite,raw_rfu|auc_0_3h|none,71,-0.1330102166551148,0.26881639309530114,0.5655100417708557,0.994,0.3764392082147261,raw_rfu,auc_0_3h,none
diploid,perf_composite,raw_delta_mm|auc_total|resid,71,-0.12405454199948107,0.30266457756781534,0.6320348531563204,0.997,0.3764392082147261,raw_delta_mm,auc_total,resid
diploid,perf_composite,fc_corr|sat_r2|none,70,0.12404077822265501,0.3062743165808773,0.6349044226932055,0.997,0.3764392082147261,fc_corr,sat_r2,none
diploid,perf_composite,raw_rfu|sat_r2|none,70,0.12307827218396342,0.31007194294444296,0.6381190709871144,0.997,0.3764392082147261,raw_rfu,sat_r2,none
diploid,perf_composite,fc_corr_mm|vmax|none,71,-0.1206332730299131,0.31629671862972897,0.6462465330276478,0.999,0.3764392082147261,fc_corr_mm,vmax,none
diploid,perf_composite,fc_corr_mm|auc_total|resid,71,-0.1193083698505216,0.3216800585021037,0.6525509758185531,0.999,0.3764392082147261,fc_corr_mm,auc_total,resid
diploid,perf_composite,raw_delta_mm|rate_h4|resid,71,-0.11694366923920257,0.33143277773012003,0.6589052867139029,0.999,0.3764392082147261,raw_delta_mm,rate_h4,resid
diploid,perf_composite,raw_rfu|rate_h4|resid,71,-0.11672564719702422,0.3323412814106911,0.6589052867139029,0.999,0.3764392082147261,raw_rfu,rate_h4,resid
diploid,perf_composite,fc_corr|initial_slope|resid,71,0.11630637403898893,0.3340928214324015,0.6589052867139029,0.999,0.3764392082147261,fc_corr,initial_slope,resid
diploid,perf_composite,fc_corr|auc_0_1h|resid,71,0.11630637403898893,0.3340928214324015,0.6589052867139029,0.999,0.3764392082147261,fc_corr,auc_0_1h,resid
diploid,perf_composite,fc_corr|auc_total|resid,71,-0.11476344881741907,0.34058850737827995,0.6670836972098724,0.999,0.3764392082147261,fc_corr,auc_total,resid
diploid,perf_composite,raw_rfu|sat_k|none,70,0.11343571168725308,0.349785630619726,0.6745824299143418,0.999,0.3764392082147261,raw_rfu,sat_k,none
diploid,perf_composite,raw_delta_mm|sat_k|none,70,0.11343571168725308,0.349785630619726,0.6745824299143418,0.999,0.3764392082147261,raw_delta_mm,sat_k,none
diploid,perf_composite,raw_rfu|auc_total|resid,71,-0.11114092873199419,0.35614772762093083,0.6745824299143418,1,0.3764392082147261,raw_rfu,auc_total,resid
diploid,perf_composite,raw_delta|auc_total|resid,71,-0.11083905205820876,0.3574638108787974,0.6745824299143418,1,0.3764392082147261,raw_delta,auc_total,resid
diploid,perf_composite,fc_corr|sat_k|none,70,0.11082819532788857,0.3610441174189435,0.6745824299143418,1,0.3764392082147261,fc_corr,sat_k,none
diploid,perf_composite,fc_corr_mm|sat_k|none,70,0.11082819532788857,0.3610441174189435,0.6745824299143418,1,0.3764392082147261,fc_corr_mm,sat_k,none
diploid,perf_composite,raw_rfu|rate_h4|none,71,-0.11003404759478103,0.360987982077141,0.6745824299143418,1,0.3764392082147261,raw_rfu,rate_h4,none
diploid,perf_composite,fc_corr_mm|rate_h4|resid,71,-0.10926258498399609,0.3643852394215046,0.6763752156582177,1,0.3764392082147261,fc_corr_mm,rate_h4,resid
diploid,perf_composite,raw_delta_mm|vmax|none,71,-0.10850789329953257,0.3677274867346756,0.6781467937184926,1,0.3764392082147261,raw_delta_mm,vmax,none
diploid,perf_composite,fc_corr|rate_h4|resid,71,-0.10678048788842719,0.3754475092980898,0.6869571465208962,1,0.3764392082147261,fc_corr,rate_h4,resid
diploid,perf_composite,raw_rfu|value_1h|resid,71,0.10590839971971377,0.37938191076263894,0.6869571465208962,1,0.3764392082147261,raw_rfu,value_1h,resid
diploid,perf_composite,fc_corr_mm|auc_0_3h|none,71,-0.10582454508810672,0.3797615211400729,0.6869571465208962,1,0.3764392082147261,fc_corr_mm,auc_0_3h,none
diploid,perf_composite,raw_delta_mm|value_2h|none,71,-0.1037281792979303,0.38932585722403124,0.6998009079216764,1,0.3764392082147261,raw_delta_mm,value_2h,none
diploid,perf_composite,raw_rfu|auc_0_1h|resid,71,0.10181629369728937,0.398172272729328,0.7112007890259695,1,0.3764392082147261,raw_rfu,auc_0_1h,resid
diploid,perf_composite,raw_delta_mm|rate_h4|none,71,-0.09920002919114917,0.4104679239355409,0.7189089613070199,1,0.3764392082147261,raw_delta_mm,rate_h4,none
diploid,perf_composite,raw_rfu|n_negative_intervals|resid,71,0.09839502472772142,0.4142951203088445,0.7189089613070199,1,0.3764392082147261,raw_rfu,n_negative_intervals,resid
diploid,perf_composite,fc_corr_mm|value_2h|none,71,-0.09827762824347154,0.4148549727320531,0.7189089613070199,1,0.3764392082147261,fc_corr_mm,value_2h,none
diploid,perf_composite,fc_corr|auc_early|none,71,-0.09760679119061508,0.4180625100097096,0.7189089613070199,1,0.3764392082147261,fc_corr,auc_early,none
diploid,perf_composite,raw_rfu|initial_slope|resid,71,0.0974893947063652,0.41862529396012615,0.7189089613070199,1,0.3764392082147261,raw_rfu,initial_slope,resid
diploid,perf_composite,raw_delta|auc_0_1h|resid,71,0.0974893947063652,0.41862529396012615,0.7189089613070199,1,0.3764392082147261,raw_delta,auc_0_1h,resid
diploid,perf_composite,fc_corr_mm|value_2h|resid,71,-0.09688564135879438,0.42152649185241364,0.7189089613070199,1,0.3764392082147261,fc_corr_mm,value_2h,resid
diploid,perf_composite,fc_corr|auc_0_2h|none,71,-0.09663407746397322,0.4227387202051842,0.7189089613070199,1,0.3764392082147261,fc_corr,auc_0_2h,none
diploid,perf_composite,fc_corr|rate_h4|none,71,-0.09608063689536663,0.42541264094472253,0.71914994064465,1,0.3764392082147261,fc_corr,rate_h4,none
diploid,perf_composite,fc_corr|value_2h|resid,71,-0.0953091742845817,0.42915599140374594,0.7211852163234547,1,0.3764392082147261,fc_corr,value_2h,resid
diploid,perf_composite,raw_delta_mm|value_2h|resid,71,-0.09190467624133516,0.4458975353497878,0.7449111767019985,1,0.3764392082147261,raw_delta_mm,value_2h,resid
diploid,perf_composite,fc_corr_mm|rate_h4|none,71,-0.09086487880940765,0.4510822987195767,0.7491659230196479,1,0.3764392082147261,fc_corr_mm,rate_h4,none
diploid,perf_composite,raw_rfu|auc_early|none,71,-0.08709142038709006,0.4701755090353976,0.7763363056165868,1,0.3764392082147261,raw_rfu,auc_early,none
diploid,perf_composite,raw_delta|auc_early|none,71,-0.08476026162841385,0.4821855125308684,0.7915646564090556,1,0.3764392082147261,raw_delta,auc_early,none
diploid,perf_composite,raw_delta_mm|auc_0_3h|none,71,-0.08345212937534376,0.4889957053517243,0.7981309213786765,1,0.3764392082147261,raw_delta_mm,auc_0_3h,none
diploid,perf_composite,raw_delta|auc_0_2h|none,71,-0.08120482524827462,0.5008125614635017,0.8127472426036256,1,0.3764392082147261,raw_delta,auc_0_2h,none
diploid,perf_composite,raw_rfu|value_2h|resid,71,-0.07941033613188357,0.5103536012340774,0.81914004612451,1,0.3764392082147261,raw_rfu,value_2h,resid
diploid,perf_composite,raw_rfu|auc_0_2h|none,71,-0.07920908501602664,0.5114293914159187,0.81914004612451,1,0.3764392082147261,raw_rfu,auc_0_2h,none
diploid,perf_composite,raw_delta|value_2h|resid,71,-0.07884012463695558,0.5134046767963478,0.81914004612451,1,0.3764392082147261,raw_delta,value_2h,resid
diploid,perf_composite,fc_corr_mm|vmax|resid,71,-0.07793449461559936,0.5182695221231858,0.8222823702960043,1,0.3764392082147261,fc_corr_mm,vmax,resid
diploid,perf_composite,raw_rfu|rate_h3|none,71,-0.07545239752003045,0.5317212435573591,0.8333433973610417,1,0.3764392082147261,raw_rfu,rate_h3,none
diploid,perf_composite,raw_rfu|rate_last_first_ratio|resid,71,-0.07506666621463799,0.5338271395510934,0.8333433973610417,1,0.3764392082147261,raw_rfu,rate_last_first_ratio,resid
diploid,perf_composite,fc_corr|lin_r2|resid,71,-0.07474801861453118,0.5355698953245844,0.8333433973610417,1,0.3764392082147261,fc_corr,lin_r2,resid
diploid,perf_composite,raw_rfu|lin_r2|resid,71,-0.07360759562467518,0.5418300076148765,0.8333433973610417,1,0.3764392082147261,raw_rfu,lin_r2,resid
diploid,perf_composite,fc_corr|rate_last_first_ratio|resid,71,-0.07354051191938954,0.5421993585282945,0.8333433973610417,1,0.3764392082147261,fc_corr,rate_last_first_ratio,resid
diploid,perf_composite,raw_delta_mm|initial_slope|resid,71,0.07246717263481921,0.5481256200848937,0.8333433973610417,1,0.3764392082147261,raw_delta_mm,initial_slope,resid
diploid,perf_composite,raw_delta_mm|auc_0_1h|resid,71,0.07246717263481921,0.5481256200848937,0.8333433973610417,1,0.3764392082147261,raw_delta_mm,auc_0_1h,resid
diploid,perf_composite,raw_rfu|quad_coef|none,71,0.07063914166578535,0.5582902732146087,0.8333433973610417,1,0.3764392082147261,raw_rfu,quad_coef,none
diploid,perf_composite,raw_rfu|time_to_peak|resid,71,-0.07045466147624982,0.5593210207738715,0.8333433973610417,1,0.3764392082147261,raw_rfu,time_to_peak,resid
diploid,perf_composite,fc_corr_mm|rate_h3|resid,71,-0.07038757777096417,0.5596960619075911,0.8333433973610417,1,0.3764392082147261,fc_corr_mm,rate_h3,resid
diploid,perf_composite,raw_delta_mm|rate_h3|resid,71,-0.07021986850775007,0.5606341863337108,0.8333433973610417,1,0.3764392082147261,raw_delta_mm,rate_h3,resid
diploid,perf_composite,raw_delta_mm|auc_0_3h|resid,71,-0.06975028257075053,0.5632648898481069,0.8333433973610417,1,0.3764392082147261,raw_delta_mm,auc_0_3h,resid
diploid,perf_composite,fc_corr_mm|auc_0_3h|resid,71,-0.0681067317912522,0.5725179114515713,0.8333433973610417,1,0.3764392082147261,fc_corr_mm,auc_0_3h,resid
diploid,perf_composite,fc_corr|rate_h3|none,71,-0.06790548067539527,0.573655767399652,0.8333433973610417,1,0.3764392082147261,fc_corr,rate_h3,none
diploid,perf_composite,raw_rfu|time_to_peak|none,71,0.06722701948302434,0.5774994297262475,0.8333433973610417,1,0.3764392082147261,raw_rfu,time_to_peak,none
diploid,perf_composite,fc_corr|auc_0_3h|resid,71,-0.06535629987454071,0.5881585086810508,0.8333433973610417,1,0.3764392082147261,fc_corr,auc_0_3h,resid
diploid,perf_composite,raw_rfu|metabolic_depression_index|resid,71,0.06513827783236237,0.5894065291877408,0.8333433973610417,1,0.3764392082147261,raw_rfu,metabolic_depression_index,resid
diploid,perf_composite,raw_rfu|resilience_ratio|resid,71,-0.06513827783236237,0.5894065291877408,0.8333433973610417,1,0.3764392082147261,raw_rfu,resilience_ratio,resid
diploid,perf_composite,raw_delta|resilience_ratio|resid,71,-0.06513827783236237,0.5894065291877408,0.8333433973610417,1,0.3764392082147261,raw_delta,resilience_ratio,resid
diploid,perf_composite,fc_corr_mm|initial_slope|resid,71,0.0650376522744339,0.5899829412433701,0.8333433973610417,1,0.3764392082147261,fc_corr_mm,initial_slope,resid
diploid,perf_composite,fc_corr_mm|auc_0_1h|resid,71,0.0650376522744339,0.5899829412433701,0.8333433973610417,1,0.3764392082147261,fc_corr_mm,auc_0_1h,resid
diploid,perf_composite,raw_delta_mm|vmax|resid,71,-0.06461837911639862,0.5923873875729637,0.8333433973610417,1,0.3764392082147261,raw_delta_mm,vmax,resid
diploid,perf_composite,fc_corr|metabolic_depression_index|resid,71,0.06404816762147061,0.5956644706489136,0.8333433973610417,1,0.3764392082147261,fc_corr,metabolic_depression_index,resid
diploid,perf_composite,fc_corr|resilience_ratio|resid,71,-0.06404816762147061,0.5956644706489136,0.8333433973610417,1,0.3764392082147261,fc_corr,resilience_ratio,resid
diploid,perf_composite,raw_rfu|rate_h3|resid,71,-0.06282389000000757,0.6027277284768819,0.8390915435658552,1,0.3764392082147261,raw_rfu,rate_h3,resid
diploid,perf_composite,fc_corr|rate_h3|resid,71,-0.06143190311533042,0.6108030354932164,0.846185668683285,1,0.3764392082147261,fc_corr,rate_h3,resid
diploid,perf_composite,raw_delta|auc_0_3h|resid,71,-0.06045918938868855,0.6164737133409302,0.8498957989748747,1,0.3764392082147261,raw_delta,auc_0_3h,resid
diploid,perf_composite,raw_rfu|auc_0_3h|resid,71,-0.057524277282441534,0.6337185632518321,0.8676041136742176,1,0.3764392082147261,raw_rfu,auc_0_3h,resid
diploid,perf_composite,raw_rfu|depression_abs|resid,71,0.057222400608656125,0.6355036162159365,0.8676041136742176,1,0.3764392082147261,raw_rfu,depression_abs,resid
diploid,perf_composite,fc_corr|depression_abs|resid,71,0.05671927281901378,0.6384833090067306,0.8676041136742176,1,0.3764392082147261,fc_corr,depression_abs,resid
diploid,perf_composite,raw_delta_mm|rate_h3|none,71,-0.04955808727977106,0.6814948657587268,0.9216406755975163,1,0.3764392082147261,raw_delta_mm,rate_h3,none
diploid,perf_composite,raw_rfu|min_slope|resid,71,-0.04878662466898613,0.686192560648443,0.9233519055444743,1,0.3764392082147261,raw_rfu,min_slope,resid
diploid,perf_composite,raw_rfu|vmax|resid,71,-0.04828349687934378,0.6892626900543259,0.9233519055444743,1,0.3764392082147261,raw_rfu,vmax,resid
diploid,perf_composite,fc_corr|rate_last_first_ratio|none,71,-0.047059219257880744,0.6967541889393435,0.9240210690414307,1,0.3764392082147261,fc_corr,rate_last_first_ratio,none
diploid,perf_composite,raw_rfu|rate_last_first_ratio|none,71,-0.04650577868927416,0.7001503261574256,0.9240210690414307,1,0.3764392082147261,raw_rfu,rate_last_first_ratio,none
diploid,perf_composite,raw_rfu|min_slope|none,71,-0.046153589236524524,0.702314566677842,0.9240210690414307,1,0.3764392082147261,raw_rfu,min_slope,none
diploid,perf_composite,raw_delta_mm|min_slope|resid,71,-0.04595233812066758,0.7035523376318299,0.9240210690414307,1,0.3764392082147261,raw_delta_mm,min_slope,resid
diploid,perf_composite,fc_corr|vmax|resid,71,-0.0455498358889537,0.7060301830351776,0.9240210690414307,1,0.3764392082147261,fc_corr,vmax,resid
diploid,perf_composite,fc_corr|min_slope|resid,71,-0.043721804919919845,0.717321788823181,0.9308421952906657,1,0.3764392082147261,fc_corr,min_slope,resid
diploid,perf_composite,raw_rfu|baseline_value|none,71,-0.04331930268820597,0.7198162514986008,0.9308421952906657,1,0.3764392082147261,raw_rfu,baseline_value,none
diploid,perf_composite,raw_rfu|quad_coef|resid,71,-0.04231304710892128,0.7260651364862072,0.9308421952906657,1,0.3764392082147261,raw_rfu,quad_coef,resid
diploid,perf_composite,fc_corr_mm|auc_early|none,71,-0.042262734329957044,0.7263780533054234,0.9308421952906657,1,0.3764392082147261,fc_corr_mm,auc_early,none
diploid,perf_composite,fc_corr_mm|rate_h3|none,71,-0.04206148321410011,0.727630166741295,0.9308421952906657,1,0.3764392082147261,fc_corr_mm,rate_h3,none
diploid,perf_composite,raw_rfu|lin_r2|none,71,-0.040233452245066255,0.7390357448681436,0.9394916465362727,1,0.3764392082147261,raw_rfu,lin_r2,none
diploid,perf_composite,fc_corr|min_slope|none,71,-0.03822094108649687,0.7516575177266822,0.9394916465362727,1,0.3764392082147261,fc_corr,min_slope,none
diploid,perf_composite,fc_corr|quad_coef|none,71,0.03785198070742581,0.7539786857346821,0.9394916465362727,1,0.3764392082147261,fc_corr,quad_coef,none
diploid,perf_composite,fc_corr|lin_r2|none,71,-0.036896037907105356,0.7600026963288229,0.9394916465362727,1,0.3764392082147261,fc_corr,lin_r2,none
diploid,perf_composite,raw_rfu|time_to_min_slope|none,71,0.03580337454038545,0.7669057308623188,0.9394916465362727,1,0.3764392082147261,raw_rfu,time_to_min_slope,none
diploid,perf_composite,fc_corr_mm|auc_0_2h|none,71,-0.03536988361185691,0.7696494171787182,0.9394916465362727,1,0.3764392082147261,fc_corr_mm,auc_0_2h,none
diploid,perf_composite,raw_delta_mm|auc_early|none,71,-0.03443071173785786,0.7756033435094654,0.9394916465362727,1,0.3764392082147261,raw_delta_mm,auc_early,none
diploid,perf_composite,raw_delta_mm|min_slope|none,71,-0.033457998011215996,0.7817835354906282,0.9394916465362727,1,0.3764392082147261,raw_delta_mm,min_slope,none
diploid,perf_composite,fc_corr_mm|min_slope|resid,71,-0.033457998011215996,0.7817835354906282,0.9394916465362727,1,0.3764392082147261,fc_corr_mm,min_slope,resid
diploid,perf_composite,raw_rfu|time_to_min_slope|resid,71,0.03287101558996659,0.7855195190824094,0.9394916465362727,1,0.3764392082147261,raw_rfu,time_to_min_slope,resid
diploid,perf_composite,raw_delta_mm|auc_0_2h|none,71,-0.03265299354778824,0.7869084066329578,0.9394916465362727,1,0.3764392082147261,raw_delta_mm,auc_0_2h,none
diploid,perf_composite,raw_delta_mm|initial_slope|none,71,0.03251882613721695,0.7877634366311873,0.9394916465362727,1,0.3764392082147261,raw_delta_mm,initial_slope,none
diploid,perf_composite,raw_delta_mm|auc_0_1h|none,71,0.03251882613721695,0.7877634366311873,0.9394916465362727,1,0.3764392082147261,raw_delta_mm,auc_0_1h,none
diploid,perf_composite,raw_delta_mm|max_drop|resid,71,-0.03203246927389601,0.7908650110529941,0.9394916465362727,1,0.3764392082147261,raw_delta_mm,max_drop,resid
diploid,perf_composite,fc_corr_mm|auc_early|resid,71,-0.03146225777896802,0.7945054655413041,0.9394916465362727,1,0.3764392082147261,fc_corr_mm,auc_early,resid
diploid,perf_composite,fc_corr_mm|min_slope|none,71,-0.028510574746399592,0.8134185728768617,0.9394916465362727,1,0.3764392082147261,fc_corr_mm,min_slope,none
diploid,perf_composite,fc_corr_mm|max_drop|resid,71,-0.0282254689989356,0.8152512424727334,0.9394916465362727,1,0.3764392082147261,fc_corr_mm,max_drop,resid
diploid,perf_composite,fc_corr_mm|auc_0_2h|resid,71,-0.027940363251471603,0.8170849012347511,0.9394916465362727,1,0.3764392082147261,fc_corr_mm,auc_0_2h,resid
diploid,perf_composite,raw_delta_mm|quad_coef|resid,71,-0.027705570282971843,0.8185957091866709,0.9394916465362727,1,0.3764392082147261,raw_delta_mm,quad_coef,resid
diploid,perf_composite,fc_corr_mm|max_drop|none,71,-0.027583988514542374,0.8193783033136901,0.9394916465362727,1,0.3764392082147261,fc_corr_mm,max_drop,none
diploid,perf_composite,fc_corr|initial_slope|none,71,-0.027537861019757724,0.8196752615759778,0.9394916465362727,1,0.3764392082147261,fc_corr,initial_slope,none
diploid,perf_composite,fc_corr|auc_0_1h|none,71,-0.027537861019757724,0.8196752615759778,0.9394916465362727,1,0.3764392082147261,fc_corr,auc_0_1h,none
diploid,perf_composite,fc_corr_mm|depression_abs|none,71,-0.027289893379684824,0.8212720529789996,0.9394916465362727,1,0.3764392082147261,fc_corr_mm,depression_abs,none
diploid,perf_composite,fc_corr|max_drop|none,71,-0.025437737716726156,0.8332215307408706,0.9394916465362727,1,0.3764392082147261,fc_corr,max_drop,none
diploid,perf_composite,fc_corr|depression_abs|none,71,-0.024734843945504754,0.8377664005615189,0.9394916465362727,1,0.3764392082147261,fc_corr,depression_abs,none
diploid,perf_composite,raw_delta_mm|max_drop|none,71,-0.024691215700094422,0.8380486744315824,0.9394916465362727,1,0.3764392082147261,raw_delta_mm,max_drop,none
diploid,perf_composite,fc_corr|max_drop|resid,71,0.02425075946076107,0.8408995533732886,0.9394916465362727,1,0.3764392082147261,fc_corr,max_drop,resid
diploid,perf_composite,raw_rfu|max_drop|none,71,-0.02401934588512587,0.8423982119626812,0.9394916465362727,1,0.3764392082147261,raw_rfu,max_drop,none
diploid,perf_composite,raw_delta_mm|depression_abs|none,71,-0.023909366436000425,0.8431106465310393,0.9394916465362727,1,0.3764392082147261,raw_delta_mm,depression_abs,none
diploid,perf_composite,fc_corr|rate_cv|resid,71,0.023814715376404366,0.8437238860882739,0.9394916465362727,1,0.3764392082147261,fc_corr,rate_cv,resid
diploid,perf_composite,fc_corr_mm|initial_slope|none,71,0.0234289840710119,0.8462239748694051,0.9394916465362727,1,0.3764392082147261,fc_corr_mm,initial_slope,none
diploid,perf_composite,fc_corr_mm|auc_0_1h|none,71,0.0234289840710119,0.8462239748694051,0.9394916465362727,1,0.3764392082147261,fc_corr_mm,auc_0_1h,none
diploid,perf_composite,raw_delta_mm|depression_abs|resid,71,-0.023160649249869318,0.8479640620923721,0.9394916465362727,1,0.3764392082147261,raw_delta_mm,depression_abs,resid
diploid,perf_composite,raw_rfu|auc_0_2h|resid,71,0.02242272849172721,0.8527530163365272,0.9394916465362727,1,0.3764392082147261,raw_rfu,auc_0_2h,resid
diploid,perf_composite,raw_rfu|max_drop|resid,71,0.021768662365192162,0.8570022196246724,0.9394916465362727,1,0.3764392082147261,raw_rfu,max_drop,resid
diploid,perf_composite,raw_rfu|depression_abs|none,71,-0.0216491303980719,0.8577792124906145,0.9394916465362727,1,0.3764392082147261,raw_rfu,depression_abs,none
diploid,perf_composite,raw_rfu|rate_cv|resid,71,0.021617724028299458,0.8579833855007957,0.9394916465362727,1,0.3764392082147261,raw_rfu,rate_cv,resid
diploid,perf_composite,raw_delta_mm|quad_coef|none,71,0.021282305501871226,0.8601645203992987,0.9394916465362727,1,0.3764392082147261,raw_delta_mm,quad_coef,none
diploid,perf_composite,fc_corr|quad_coef|resid,71,-0.020376675480515003,0.8660587537203541,0.9394916465362727,1,0.3764392082147261,fc_corr,quad_coef,resid
diploid,perf_composite,raw_delta|auc_0_2h|resid,71,0.020276049922586536,0.866714124621491,0.9394916465362727,1,0.3764392082147261,raw_delta,auc_0_2h,resid
diploid,perf_composite,raw_rfu|auc_early|resid,71,0.018380935248267033,0.8790732016892994,0.9409390643247474,1,0.3764392082147261,raw_rfu,auc_early,resid
diploid,perf_composite,fc_corr_mm|depression_abs|resid,71,-0.0170224902162327,0.8879503075328348,0.9409390643247474,1,0.3764392082147261,fc_corr_mm,depression_abs,resid
diploid,perf_composite,raw_rfu|metabolic_depression_index|none,71,-0.01651937730329499,0.8912415785329473,0.9409390643247474,1,0.3764392082147261,raw_rfu,metabolic_depression_index,none
diploid,perf_composite,raw_rfu|resilience_ratio|none,71,0.01651937730329499,0.8912415785329473,0.9409390643247474,1,0.3764392082147261,raw_rfu,resilience_ratio,none
diploid,perf_composite,raw_delta|resilience_ratio|none,71,0.01651937730329499,0.8912415785329473,0.9409390643247474,1,0.3764392082147261,raw_delta,resilience_ratio,none
diploid,perf_composite,fc_corr|metabolic_depression_index|none,71,-0.01651937730329499,0.8912415785329473,0.9409390643247474,1,0.3764392082147261,fc_corr,metabolic_depression_index,none
diploid,perf_composite,fc_corr|resilience_ratio|none,71,0.01651937730329499,0.8912415785329473,0.9409390643247474,1,0.3764392082147261,fc_corr,resilience_ratio,none
diploid,perf_composite,raw_rfu|n_negative_intervals|none,71,0.01401465014096719,0.907653241680697,0.9459591715139996,1,0.3764392082147261,raw_rfu,n_negative_intervals,none
diploid,perf_composite,fc_corr|auc_0_2h|resid,71,0.013349657351843576,0.9120172313681078,0.9459591715139996,1,0.3764392082147261,fc_corr,auc_0_2h,resid
diploid,perf_composite,fc_corr|rate_cv|none,71,0.013148406235986636,0.9133384518379009,0.9459591715139996,1,0.3764392082147261,fc_corr,rate_cv,none
diploid,perf_composite,raw_delta|auc_early|resid,71,0.012880071414844051,0.91510044298692494,0.9459591715139996,1,0.3764392082147261,raw_delta,auc_early,resid
diploid,perf_composite,fc_corr_mm|quad_coef|resid,71,-0.012880071414844051,0.91510044298692494,0.9459591715139996,1,0.3764392082147261,fc_corr_mm,quad_coef,resid
diploid,perf_composite,raw_rfu|rate_cv|none,71,0.01274590400427276,0.9159815921350348,0.9459591715139996,1,0.3764392082147261,raw_rfu,rate_cv,none
diploid,perf_composite,raw_rfu|auc_0_1h|none,71,-0.011488084530166896,0.924247133462507,0.9495256004963508,1,0.3764392082147261,raw_rfu,auc_0_1h,none
diploid,perf_composite,raw_rfu|value_1h|none,71,-0.0112029787827029,0.9261218004841169,0.9495256004963508,1,0.3764392082147261,raw_rfu,value_1h,none
diploid,perf_composite,raw_rfu|initial_slope|none,71,-0.007597229623599422,0.9498620536216662,0.9668846710700832,1,0.3764392082147261,raw_rfu,initial_slope,none
diploid,perf_composite,raw_delta|auc_0_1h|none,71,-0.007597229623599422,0.9498620536216662,0.9668846710700832,1,0.3764392082147261,raw_delta,auc_0_1h,none
diploid,perf_composite,raw_rfu|baseline_value|resid,71,-0.006188471812600853,0.9591503019095227,0.9725207581602893,1,0.3764392082147261,raw_rfu,baseline_value,resid
diploid,perf_composite,fc_corr_mm|quad_coef|none,71,0.00571888587560133,0.9622476515600045,0.9725207581602893,1,0.3764392082147261,fc_corr_mm,quad_coef,none
diploid,perf_composite,raw_delta_mm|auc_early|resid,71,-0.0033038724853180707,0.9781846857017831,0.9851221657422211,1,0.3764392082147261,raw_delta_mm,auc_early,resid
diploid,perf_composite,fc_corr|auc_early|resid,71,0.001308132253070099,0.991361576606938,0.9948646210472453,1,0.3764392082147261,fc_corr,auc_early,resid
diploid,perf_composite,raw_delta_mm|auc_0_2h|resid,71,1.6770926321411526e-4,0.998892489006707,0.998892489006707,1,0.3764392082147261,raw_delta_mm,auc_0_2h,resid
pooled_adj,perf_composite,raw_rfu|time_to_peak|resid,123,-0.13261035035190252,0.14369487037712897,0.9942349807543718,0.934,0.28486361892267487,raw_rfu,time_to_peak,resid
pooled_adj,perf_composite,fc_corr_mm|sat_asymptote|resid,119,-0.12286430575552376,0.18312527118084365,0.9942349807543718,0.965,0.28486361892267487,fc_corr_mm,sat_asymptote,resid
pooled_adj,perf_composite,raw_delta_mm|sat_asymptote|resid,119,-0.12144347690016472,0.18828018365805954,0.9942349807543718,0.972,0.28486361892267487,raw_delta_mm,sat_asymptote,resid
pooled_adj,perf_composite,raw_rfu|sat_asymptote|resid,119,-0.10888748054929734,0.23848061649436492,0.9942349807543718,0.992,0.28486361892267487,raw_rfu,sat_asymptote,resid
pooled_adj,perf_composite,raw_rfu|rate_h4|resid,123,-0.10695121658855625,0.23902957313249013,0.9942349807543718,0.992,0.28486361892267487,raw_rfu,rate_h4,resid
pooled_adj,perf_composite,raw_rfu|time_to_vmax|resid,123,-0.10536142735325028,0.24612408498915908,0.9942349807543718,0.994,0.28486361892267487,raw_rfu,time_to_vmax,resid
pooled_adj,perf_composite,raw_rfu|metabolic_depression_index|resid,123,0.10474872967635751,0.24889680351554783,0.9942349807543718,0.995,0.28486361892267487,raw_rfu,metabolic_depression_index,resid
pooled_adj,perf_composite,raw_delta|resilience_ratio|resid,123,-0.10474872967635751,0.24889680351554783,0.9942349807543718,0.995,0.28486361892267487,raw_delta,resilience_ratio,resid
pooled_adj,perf_composite,raw_rfu|resilience_ratio|resid,123,-0.10462296541636372,0.24946859800735097,0.9942349807543718,0.995,0.28486361892267487,raw_rfu,resilience_ratio,resid
pooled_adj,perf_composite,fc_corr|sat_r2|resid,119,0.10406592097497107,0.26003700170926464,0.9942349807543718,0.995,0.28486361892267487,fc_corr,sat_r2,resid
pooled_adj,perf_composite,raw_delta_mm|rate_h4|resid,123,-0.10385870568255537,0.2529628408597568,0.9942349807543718,0.995,0.28486361892267487,raw_delta_mm,rate_h4,resid
pooled_adj,perf_composite,fc_corr|sat_asymptote|resid,119,-0.1035673845344942,0.26233948353197395,0.9942349807543718,0.995,0.28486361892267487,fc_corr,sat_asymptote,resid
pooled_adj,perf_composite,fc_corr|metabolic_depression_index|resid,123,0.10331050249796708,0.2554899041255973,0.9942349807543718,0.995,0.28486361892267487,fc_corr,metabolic_depression_index,resid
pooled_adj,perf_composite,fc_corr|resilience_ratio|resid,123,-0.10331050249796708,0.2554899041255973,0.9942349807543718,0.995,0.28486361892267487,fc_corr,resilience_ratio,resid
pooled_adj,perf_composite,raw_rfu|sat_r2|resid,119,0.1031471895346637,0.2642909112279966,0.9942349807543718,0.995,0.28486361892267487,raw_rfu,sat_r2,resid
pooled_adj,perf_composite,raw_rfu|n_negative_intervals|resid,123,0.10063398106733025,0.2680763903368054,0.9942349807543718,0.998,0.28486361892267487,raw_rfu,n_negative_intervals,resid
pooled_adj,perf_composite,fc_corr|rate_last_first_ratio|resid,123,-0.09850243809666645,0.2783962652727449,0.9942349807543718,0.998,0.28486361892267487,fc_corr,rate_last_first_ratio,resid
pooled_adj,perf_composite,fc_corr|rate_h4|resid,123,-0.09814449366437646,0.2801550892800736,0.9942349807543718,0.998,0.28486361892267487,fc_corr,rate_h4,resid
pooled_adj,perf_composite,raw_rfu|rate_h4|none,123,-0.09748664984287053,0.2834069267593261,0.9942349807543718,0.998,0.28486361892267487,raw_rfu,rate_h4,none
pooled_adj,perf_composite,fc_corr|depression_abs|none,123,0.09730233047579444,0.28432255966875974,0.9942349807543718,0.998,0.28486361892267487,fc_corr,depression_abs,none
pooled_adj,perf_composite,raw_rfu|rate_last_first_ratio|resid,123,-0.09729639109057225,0.2843520972604025,0.9942349807543718,0.998,0.28486361892267487,raw_rfu,rate_last_first_ratio,resid
pooled_adj,perf_composite,raw_rfu|depression_abs|none,123,0.09596820804285197,0.2910089122222849,0.9942349807543718,0.999,0.28486361892267487,raw_rfu,depression_abs,none
pooled_adj,perf_composite,raw_rfu|depression_abs|resid,123,0.09563565791373133,0.2926917140093678,0.9942349807543718,0.999,0.28486361892267487,raw_rfu,depression_abs,resid
pooled_adj,perf_composite,raw_rfu|baseline_value|none,123,-0.09554536562450501,0.29314973119615945,0.9942349807543718,0.999,0.28486361892267487,raw_rfu,baseline_value,none
pooled_adj,perf_composite,fc_corr_mm|rate_h4|resid,123,-0.09486494873069252,0.2966164899083927,0.9942349807543718,0.999,0.28486361892267487,fc_corr_mm,rate_h4,resid
pooled_adj,perf_composite,fc_corr|rate_h4|none,123,-0.09455859989224613,0.29818615876408266,0.9942349807543718,0.999,0.28486361892267487,fc_corr,rate_h4,none
pooled_adj,perf_composite,raw_rfu|metabolic_depression_index|none,123,0.09452708832205449,0.29834792781694414,0.9942349807543718,0.999,0.28486361892267487,raw_rfu,metabolic_depression_index,none
pooled_adj,perf_composite,raw_rfu|resilience_ratio|none,123,-0.09452708832205449,0.29834792781694414,0.9942349807543718,0.999,0.28486361892267487,raw_rfu,resilience_ratio,none
pooled_adj,perf_composite,raw_delta|resilience_ratio|none,123,-0.09452708832205449,0.29834792781694414,0.9942349807543718,0.999,0.28486361892267487,raw_delta,resilience_ratio,none
pooled_adj,perf_composite,fc_corr|metabolic_depression_index|none,123,0.09438331071649929,0.29908676465958284,0.9942349807543718,0.999,0.28486361892267487,fc_corr,metabolic_depression_index,none
pooled_adj,perf_composite,fc_corr|resilience_ratio|none,123,-0.09438331071649929,0.29908676465958284,0.9942349807543718,0.999,0.28486361892267487,fc_corr,resilience_ratio,none
pooled_adj,perf_composite,raw_delta_mm|depression_abs|none,123,0.09424622044143502,0.2997923590617568,0.9942349807543718,0.999,0.28486361892267487,raw_delta_mm,depression_abs,none
pooled_adj,perf_composite,fc_corr_mm|depression_abs|none,123,0.09420944012373486,0.2999818512466118,0.9942349807543718,0.999,0.28486361892267487,fc_corr_mm,depression_abs,none
pooled_adj,perf_composite,raw_rfu|rate_cv|none,123,-0.09381691323074434,0.3020090611455424,0.9942349807543718,0.999,0.28486361892267487,raw_rfu,rate_cv,none
pooled_adj,perf_composite,fc_corr|rate_cv|none,123,-0.09339769903076509,0.3041840172780628,0.9942349807543718,0.999,0.28486361892267487,fc_corr,rate_cv,none
pooled_adj,perf_composite,raw_delta_mm|rate_h4|none,123,-0.08735134037721799,0.3366931947898152,0.9942349807543718,0.999,0.28486361892267487,raw_delta_mm,rate_h4,none
pooled_adj,perf_composite,fc_corr|depression_abs|resid,123,0.08680636191724495,0.3397279695035299,0.9942349807543718,0.999,0.28486361892267487,fc_corr,depression_abs,resid
pooled_adj,perf_composite,fc_corr|sat_k|none,119,-0.08583729212639192,0.35330114856383843,0.9942349807543718,0.999,0.28486361892267487,fc_corr,sat_k,none
pooled_adj,perf_composite,fc_corr_mm|sat_k|none,119,-0.08583729212639192,0.35330114856383843,0.9942349807543718,0.999,0.28486361892267487,fc_corr_mm,sat_k,none
pooled_adj,perf_composite,raw_rfu|sat_k|none,119,-0.08360812204254536,0.3659879737191377,0.9942349807543718,1,0.28486361892267487,raw_rfu,sat_k,none
pooled_adj,perf_composite,raw_delta_mm|sat_k|none,119,-0.08360812204254536,0.3659879737191377,0.9942349807543718,1,0.28486361892267487,raw_delta_mm,sat_k,none
pooled_adj,perf_composite,fc_corr_mm|rate_h4|none,123,-0.08067938514831723,0.3750310775934692,0.9942349807543718,1,0.28486361892267487,fc_corr_mm,rate_h4,none
pooled_adj,perf_composite,fc_corr|lin_r2|none,123,0.08049880056986462,0.3761044362188982,0.9942349807543718,1,0.28486361892267487,fc_corr,lin_r2,none
pooled_adj,perf_composite,raw_rfu|rate_cv|resid,123,-0.07957652932991023,0.38161538126260397,0.9942349807543718,1,0.28486361892267487,raw_rfu,rate_cv,resid
pooled_adj,perf_composite,raw_rfu|lin_r2|none,123,0.07889933716071296,0.38569286325780916,0.9942349807543718,1,0.28486361892267487,raw_rfu,lin_r2,none
pooled_adj,perf_composite,fc_corr|rate_cv|resid,123,-0.07880904487148666,0.38623850621885114,0.9942349807543718,1,0.28486361892267487,fc_corr,rate_cv,resid
pooled_adj,perf_composite,fc_corr|rate_last_first_ratio|none,123,-0.07486520666706634,0.4105231163800547,0.9942349807543718,1,0.28486361892267487,fc_corr,rate_last_first_ratio,none
pooled_adj,perf_composite,raw_rfu|rate_last_first_ratio|none,123,-0.07424283481632789,0.41443562249182364,0.9942349807543718,1,0.28486361892267487,raw_rfu,rate_last_first_ratio,none
pooled_adj,perf_composite,fc_corr|initial_slope|resid,123,0.07341408059021502,0.41967920384735236,0.9942349807543718,1,0.28486361892267487,fc_corr,initial_slope,resid
pooled_adj,perf_composite,fc_corr|auc_0_1h|resid,123,0.07341408059021502,0.41967920384735236,0.9942349807543718,1,0.28486361892267487,fc_corr,auc_0_1h,resid
pooled_adj,perf_composite,raw_rfu|vmax|none,123,-0.07280783236255271,0.4235392465224036,0.9942349807543718,1,0.28486361892267487,raw_rfu,vmax,none
pooled_adj,perf_composite,raw_rfu|sat_r2|none,119,0.06894402874337581,0.45624805119140577,0.9942349807543718,1,0.28486361892267487,raw_rfu,sat_r2,none
pooled_adj,perf_composite,fc_corr|sat_r2|none,119,0.06878378488750825,0.45729803320727824,0.9942349807543718,1,0.28486361892267487,fc_corr,sat_r2,none
pooled_adj,perf_composite,raw_rfu|time_to_min_slope|none,123,0.06594154447424148,0.4686672831173093,0.9942349807543718,1,0.28486361892267487,raw_rfu,time_to_min_slope,none
pooled_adj,perf_composite,fc_corr|auc_0_2h|resid,123,0.0623822976815299,0.49305554329111423,0.9942349807543718,1,0.28486361892267487,fc_corr,auc_0_2h,resid
pooled_adj,perf_composite,fc_corr|auc_0_3h|resid,123,0.06059902496931042,0.5055224462493504,0.9942349807543718,1,0.28486361892267487,fc_corr,auc_0_3h,resid
pooled_adj,perf_composite,fc_corr|auc_total|resid,123,0.059047932429387134,0.5164979624035986,0.9942349807543718,1,0.28486361892267487,fc_corr,auc_total,resid
pooled_adj,perf_composite,fc_corr|auc_early|resid,123,0.05853842594018156,0.5201296524949421,0.9942349807543718,1,0.28486361892267487,fc_corr,auc_early,resid
pooled_adj,perf_composite,raw_rfu|time_to_peak|none,123,-0.05845584732275188,0.5207194831611104,0.9942349807543718,1,0.28486361892267487,raw_rfu,time_to_peak,none
pooled_adj,perf_composite,raw_delta_mm|rate_h3|resid,123,-0.057861233770984295,0.524976626324422,0.9942349807543718,1,0.28486361892267487,raw_delta_mm,rate_h3,resid
pooled_adj,perf_composite,raw_rfu|quad_coef|none,123,0.057274333891013315,0.5291957283705129,0.9942349807543718,1,0.28486361892267487,raw_rfu,quad_coef,none
pooled_adj,perf_composite,raw_delta|auc_0_2h|none,123,-0.05495253216805123,0.546051955562221,0.9942349807543718,1,0.28486361892267487,raw_delta,auc_0_2h,none
pooled_adj,perf_composite,fc_corr_mm|auc_total|resid,123,0.05476227341575295,0.5474447917075762,0.9942349807543718,1,0.28486361892267487,fc_corr_mm,auc_total,resid
pooled_adj,perf_composite,fc_corr|vmax|none,123,-0.05426889054962351,0.5510647880068511,0.9942349807543718,1,0.28486361892267487,fc_corr,vmax,none
pooled_adj,perf_composite,raw_rfu|inflection_time|none,123,-0.054194570660812166,0.5516110858190304,0.9942349807543718,1,0.28486361892267487,raw_rfu,inflection_time,none
pooled_adj,perf_composite,raw_rfu|auc_early|none,123,-0.053627170351193715,0.5557904747522746,0.9942349807543718,1,0.28486361892267487,raw_rfu,auc_early,none
pooled_adj,perf_composite,fc_corr_mm|auc_0_3h|resid,123,0.05327245064351894,0.5584110196833582,0.9942349807543718,1,0.28486361892267487,fc_corr_mm,auc_0_3h,resid
pooled_adj,perf_composite,raw_rfu|min_slope|none,123,-0.05312411331121859,0.559508639793488,0.9942349807543718,1,0.28486361892267487,raw_rfu,min_slope,none
pooled_adj,perf_composite,raw_rfu|auc_0_2h|none,123,-0.05297255125430301,0.5606311878112904,0.9942349807543718,1,0.28486361892267487,raw_rfu,auc_0_2h,none
pooled_adj,perf_composite,fc_corr_mm|rate_h3|resid,123,-0.05294997818199644,0.5607984679276201,0.9942349807543718,1,0.28486361892267487,fc_corr_mm,rate_h3,resid
pooled_adj,perf_composite,raw_rfu|value_1h|resid,123,0.052675876589702304,0.5628316285081378,0.9942349807543718,1,0.28486361892267487,raw_rfu,value_1h,resid
pooled_adj,perf_composite,raw_rfu|auc_0_1h|resid,123,0.05162139164052369,0.5706858961360156,0.9942349807543718,1,0.28486361892267487,raw_rfu,auc_0_1h,resid
pooled_adj,perf_composite,raw_rfu|time_to_vmax|none,123,-0.051104829797841915,0.574552196847979,0.9942349807543718,1,0.28486361892267487,raw_rfu,time_to_vmax,none
pooled_adj,perf_composite,raw_rfu|n_negative_intervals|none,123,0.050461166368576574,0.5793868701512288,0.9942349807543718,1,0.28486361892267487,raw_rfu,n_negative_intervals,none
pooled_adj,perf_composite,raw_rfu|initial_slope|resid,123,0.0500058046082959,0.5828185221149389,0.9942349807543718,1,0.28486361892267487,raw_rfu,initial_slope,resid
pooled_adj,perf_composite,raw_delta|auc_0_1h|resid,123,0.0500058046082959,0.5828185221149389,0.9942349807543718,1,0.28486361892267487,raw_delta,auc_0_1h,resid
pooled_adj,perf_composite,raw_rfu|baseline_value|resid,123,-0.049667208523697264,0.5853762707314524,0.9942349807543718,1,0.28486361892267487,raw_rfu,baseline_value,resid
pooled_adj,perf_composite,raw_rfu|rate_h3|resid,123,-0.04953821953908826,0.5863520035969763,0.9942349807543718,1,0.28486361892267487,raw_rfu,rate_h3,resid
pooled_adj,perf_composite,raw_rfu|auc_0_3h|none,123,-0.04770980068225562,0.600262383598891,0.9942349807543718,1,0.28486361892267487,raw_rfu,auc_0_3h,none
pooled_adj,perf_composite,raw_delta|auc_early|none,123,-0.047606609494568415,0.6010518244580314,0.9942349807543718,1,0.28486361892267487,raw_delta,auc_early,none
pooled_adj,perf_composite,raw_rfu|lin_slope|none,123,-0.0472454403376632,0.6038185062980636,0.9942349807543718,1,0.28486361892267487,raw_rfu,lin_slope,none
pooled_adj,perf_composite,raw_delta|auc_0_3h|none,123,-0.04654889982077458,0.6091701385409478,0.9942349807543718,1,0.28486361892267487,raw_delta,auc_0_3h,none
pooled_adj,perf_composite,raw_delta|auc_0_2h|resid,123,0.046545675096159346,0.6091949630107201,0.9942349807543718,1,0.28486361892267487,raw_delta,auc_0_2h,resid
pooled_adj,perf_composite,raw_rfu|auc_0_1h|none,123,-0.046436034459241694,0.6100392592327217,0.9942349807543718,1,0.28486361892267487,raw_rfu,auc_0_1h,none
pooled_adj,perf_composite,raw_rfu|inflection_time|resid,123,-0.046410236662319894,0.6102379917236351,0.9942349807543718,1,0.28486361892267487,raw_rfu,inflection_time,resid
pooled_adj,perf_composite,fc_corr|late_early_auc_ratio|resid,123,-0.046236101533097734,0.6115801777041691,0.9942349807543718,1,0.28486361892267487,fc_corr,late_early_auc_ratio,resid
pooled_adj,perf_composite,fc_corr|min_slope|none,123,-0.04611678672233441,0.6125005682474729,0.9942349807543718,1,0.28486361892267487,fc_corr,min_slope,none
pooled_adj,perf_composite,raw_rfu|auc_early|resid,123,0.045949101042342705,0.613795110997243,0.9942349807543718,1,0.28486361892267487,raw_rfu,auc_early,resid
pooled_adj,perf_composite,raw_delta|late_early_auc_ratio|resid,123,-0.04579108953619667,0.615016057662402,0.9942349807543718,1,0.28486361892267487,raw_delta,late_early_auc_ratio,resid
pooled_adj,perf_composite,fc_corr|quad_coef|resid,123,-0.04579108953619667,0.615016057662402,0.9942349807543718,1,0.28486361892267487,fc_corr,quad_coef,resid
pooled_adj,perf_composite,raw_delta|auc_early|resid,123,0.04543314510390668,0.617785769253175,0.9942349807543718,1,0.28486361892267487,raw_delta,auc_early,resid
pooled_adj,perf_composite,raw_rfu|value_1h|none,123,-0.04528480777160633,0.6189351551835107,0.9942349807543718,1,0.28486361892267487,raw_rfu,value_1h,none
pooled_adj,perf_composite,raw_rfu|auc_total|none,123,-0.045139695163921204,0.620060445708587,0.9942349807543718,1,0.28486361892267487,raw_rfu,auc_total,none
pooled_adj,perf_composite,raw_rfu|value_4h|none,123,-0.045062301773155795,0.6206609603229474,0.9942349807543718,1,0.28486361892267487,raw_rfu,value_4h,none
pooled_adj,perf_composite,raw_rfu|auc_0_2h|resid,123,0.04465276174702221,0.623842833734943,0.9942349807543718,1,0.28486361892267487,raw_rfu,auc_0_2h,resid
pooled_adj,perf_composite,raw_rfu|late_early_auc_ratio|resid,123,-0.04428836786550176,0.6266797903348417,0.9942349807543718,1,0.28486361892267487,raw_rfu,late_early_auc_ratio,resid
pooled_adj,perf_composite,fc_corr|rate_h3|resid,123,-0.04417227777935366,0.6275847488801705,0.9942349807543718,1,0.28486361892267487,fc_corr,rate_h3,resid
pooled_adj,perf_composite,raw_delta|value_3h|none,123,-0.04316938842401865,0.6354255096331729,0.9942349807543718,1,0.28486361892267487,raw_delta,value_3h,none
pooled_adj,perf_composite,raw_rfu|value_3h|none,123,-0.04291141045480064,0.6374490162218711,0.9942349807543718,1,0.28486361892267487,raw_rfu,value_3h,none
pooled_adj,perf_composite,raw_rfu|metabolic_scope|none,123,-0.042834017064035244,0.6380565898806794,0.9942349807543718,1,0.28486361892267487,raw_rfu,metabolic_scope,none
pooled_adj,perf_composite,raw_delta|value_4h|none,123,-0.042640533587121734,0.639576574033375,0.9942349807543718,1,0.28486361892267487,raw_delta,value_4h,none
pooled_adj,perf_composite,raw_rfu|peak_value|none,123,-0.041624745333325816,0.6475809056489779,0.9942349807543718,1,0.28486361892267487,raw_rfu,peak_value,none
pooled_adj,perf_composite,raw_rfu|final_delta|none,123,-0.041573149739482215,0.6479885608800828,0.9942349807543718,1,0.28486361892267487,raw_rfu,final_delta,none
pooled_adj,perf_composite,raw_delta_mm|min_slope|none,123,-0.041463509102564564,0.6488551742572302,0.9942349807543718,1,0.28486361892267487,raw_delta_mm,min_slope,none
pooled_adj,perf_composite,raw_delta|auc_total|none,123,-0.04145061020410366,0.6489571596751622,0.9942349807543718,1,0.28486361892267487,raw_delta,auc_total,none
pooled_adj,perf_composite,raw_rfu|min_slope|resid,123,-0.0411474860902725,0.6513556847602008,0.9942349807543718,1,0.28486361892267487,raw_rfu,min_slope,resid
pooled_adj,perf_composite,raw_rfu|quad_coef|resid,123,-0.040970126236435124,0.65276073336860585,0.9942349807543718,1,0.28486361892267487,raw_rfu,quad_coef,resid
pooled_adj,perf_composite,raw_rfu|initial_slope|none,123,-0.04059605818106901,0.6557280953531817,0.9942349807543718,1,0.28486361892267487,raw_rfu,initial_slope,none
pooled_adj,perf_composite,raw_delta|auc_0_1h|none,123,-0.04059605818106901,0.6557280953531817,0.9942349807543718,1,0.28486361892267487,raw_delta,auc_0_1h,none
pooled_adj,perf_composite,fc_corr_mm|initial_slope|resid,123,0.040570260384147204,0.6559329396293837,0.9942349807543718,1,0.28486361892267487,fc_corr_mm,initial_slope,resid
pooled_adj,perf_composite,fc_corr_mm|auc_0_1h|resid,123,0.040570260384147204,0.6559329396293837,0.9942349807543718,1,0.28486361892267487,fc_corr_mm,auc_0_1h,resid
pooled_adj,perf_composite,raw_delta_mm|vmax|none,123,-0.04053478841337973,0.6562146422356808,0.9942349807543718,1,0.28486361892267487,raw_delta_mm,vmax,none
pooled_adj,perf_composite,raw_delta|frac_auc_first_half|resid,123,0.0404799680949209,0.6566500957685024,0.9942349807543718,1,0.28486361892267487,raw_delta,frac_auc_first_half,resid
pooled_adj,perf_composite,raw_delta|auc_0_3h|resid,123,0.04046061974722955,0.6568038127608837,0.9942349807543718,1,0.28486361892267487,raw_delta,auc_0_3h,resid
pooled_adj,perf_composite,fc_corr|frac_auc_first_half|resid,123,0.04044449612415343,0.6569319212121637,0.9942349807543718,1,0.28486361892267487,fc_corr,frac_auc_first_half,resid
pooled_adj,perf_composite,raw_rfu|mean_rate|none,123,-0.04042514777646208,0.6570856644980543,0.9942349807543718,1,0.28486361892267487,raw_rfu,mean_rate,none
pooled_adj,perf_composite,raw_rfu|final_value|none,123,-0.04041224887800118,0.6571881679856892,0.9942349807543718,1,0.28486361892267487,raw_rfu,final_value,none
pooled_adj,perf_composite,fc_corr|auc_late|resid,123,0.04008655169186344,0.659778487381642,0.9942349807543718,1,0.28486361892267487,fc_corr,auc_late,resid
pooled_adj,perf_composite,fc_corr|value_2h|resid,123,0.03996723688110011,0.6607284272941699,0.9942349807543718,1,0.28486361892267487,fc_corr,value_2h,resid
pooled_adj,perf_composite,raw_delta_mm|min_slope|resid,123,-0.03989306821494993,0.6613192027768751,0.9942349807543718,1,0.28486361892267487,raw_delta_mm,min_slope,resid
pooled_adj,perf_composite,raw_rfu|auc_late|none,123,-0.03951900015958382,0.6643019353211885,0.9942349807543718,1,0.28486361892267487,raw_rfu,auc_late,none
pooled_adj,perf_composite,raw_rfu|t_half|resid,123,-0.038703144831931865,0.6708255686248381,0.9942349807543718,1,0.28486361892267487,raw_rfu,t_half,resid
pooled_adj,perf_composite,raw_rfu|auc_0_3h|resid,123,0.03864832451347304,0.6712648021607238,0.9942349807543718,1,0.28486361892267487,raw_rfu,auc_0_3h,resid
pooled_adj,perf_composite,fc_corr|t_half|resid,123,-0.03811946967657612,0.6755077912333227,0.9942349807543718,1,0.28486361892267487,fc_corr,t_half,resid
pooled_adj,perf_composite,raw_delta|stability_cv|resid,123,-0.03758094066583352,0.6798388829437794,0.9942349807543718,1,0.28486361892267487,raw_delta,stability_cv,resid
pooled_adj,perf_composite,fc_corr|stability_cv|resid,123,-0.037513221448913794,0.6803842540616388,0.9942349807543718,1,0.28486361892267487,fc_corr,stability_cv,resid
pooled_adj,perf_composite,raw_delta_mm|quad_coef|resid,123,-0.03717140063969993,0.6831395948797097,0.9942349807543718,1,0.28486361892267487,raw_delta_mm,quad_coef,resid
pooled_adj,perf_composite,raw_rfu|frac_auc_first_half|resid,123,0.03666834359972481,0.6872022090562662,0.9942349807543718,1,0.28486361892267487,raw_rfu,frac_auc_first_half,resid
pooled_adj,perf_composite,raw_delta|auc_late|none,123,-0.03594278056129916,0.6930774671002058,0.9942349807543718,1,0.28486361892267487,raw_delta,auc_late,none
pooled_adj,perf_composite,raw_rfu|sat_asymptote|none,119,-0.03576642862964034,0.6993700642529673,0.9942349807543718,1,0.28486361892267487,raw_rfu,sat_asymptote,none
pooled_adj,perf_composite,raw_rfu|value_2h|none,123,-0.03574929708438566,0.6946473036526782,0.9942349807543718,1,0.28486361892267487,raw_rfu,value_2h,none
pooled_adj,perf_composite,fc_corr_mm|value_2h|resid,123,0.035459071869015396,0.6970044834979395,0.9942349807543718,1,0.28486361892267487,fc_corr_mm,value_2h,resid
pooled_adj,perf_composite,fc_corr|value_3h|resid,123,0.03540425155055657,0.6974500539300413,0.9942349807543718,1,0.28486361892267487,fc_corr,value_3h,resid
pooled_adj,perf_composite,raw_rfu|sat_k|resid,119,-0.03516462392649327,0.7041909895096028,0.9942349807543718,1,0.28486361892267487,raw_rfu,sat_k,resid
pooled_adj,perf_composite,raw_delta_mm|sat_k|resid,119,-0.03516462392649327,0.7041909895096028,0.9942349807543718,1,0.28486361892267487,raw_delta_mm,sat_k,resid
pooled_adj,perf_composite,fc_corr_mm|min_slope|none,123,-0.035059206016727476,0.7002568866822899,0.9942349807543718,1,0.28486361892267487,fc_corr_mm,min_slope,none
pooled_adj,perf_composite,fc_corr|min_slope|resid,123,-0.03486572253981397,0.7018325853488763,0.9942349807543718,1,0.28486361892267487,fc_corr,min_slope,resid
pooled_adj,perf_composite,fc_corr|sat_k|resid,119,-0.03435272172343095,0.7107135647065788,0.9942349807543718,1,0.28486361892267487,fc_corr,sat_k,resid
pooled_adj,perf_composite,fc_corr_mm|sat_k|resid,119,-0.03435272172343095,0.7107135647065788,0.9942349807543718,1,0.28486361892267487,fc_corr_mm,sat_k,resid
pooled_adj,perf_composite,raw_rfu|delta_auc_late_minus_early|resid,123,-0.034198204544462374,0.7072784334191473,0.9942349807543718,1,0.28486361892267487,raw_rfu,delta_auc_late_minus_early,resid
pooled_adj,perf_composite,fc_corr_mm|auc_early|resid,123,0.03395312547370526,0.7092816107075641,0.9942349807543718,1,0.28486361892267487,fc_corr_mm,auc_early,resid
pooled_adj,perf_composite,fc_corr|lin_r2|resid,123,0.03386605790909419,0.7099937447517974,0.9942349807543718,1,0.28486361892267487,fc_corr,lin_r2,resid
pooled_adj,perf_composite,raw_delta|value_2h|none,123,-0.03357905741833915,0.7123429182623598,0.9942349807543718,1,0.28486361892267487,raw_delta,value_2h,none
pooled_adj,perf_composite,raw_rfu|lin_r2|resid,123,0.03355325962141735,0.7125542124153521,0.9942349807543718,1,0.28486361892267487,raw_rfu,lin_r2,resid
pooled_adj,perf_composite,fc_corr_mm|auc_0_2h|resid,123,0.03339524811527132,0.713848864031331,0.9942349807543718,1,0.28486361892267487,fc_corr_mm,auc_0_2h,resid
pooled_adj,perf_composite,fc_corr_mm|max_drop|resid,123,-0.03338879866604087,0.7139017242702548,0.9942349807543718,1,0.28486361892267487,fc_corr_mm,max_drop,resid
pooled_adj,perf_composite,fc_corr_mm|quad_coef|resid,123,-0.03324691078297096,0.7150649922146144,0.9942349807543718,1,0.28486361892267487,fc_corr_mm,quad_coef,resid
pooled_adj,perf_composite,fc_corr|vmax|resid,123,0.032450403803010355,0.7216072248396029,0.9942349807543718,1,0.28486361892267487,fc_corr,vmax,resid
pooled_adj,perf_composite,fc_corr_mm|rate_h2|none,123,0.03232141481840136,0.7226686052475935,0.9942349807543718,1,0.28486361892267487,fc_corr_mm,rate_h2,none
pooled_adj,perf_composite,raw_delta_mm|max_drop|resid,123,-0.03177643635842831,0.7271587352906148,0.9942349807543718,1,0.28486361892267487,raw_delta_mm,max_drop,resid
pooled_adj,perf_composite,raw_rfu|rate_h3|none,123,-0.03128627821691409,0.7312051193963903,0.9942349807543718,1,0.28486361892267487,raw_rfu,rate_h3,none
pooled_adj,perf_composite,raw_rfu|delta_auc_late_minus_early|none,123,-0.031028300247696084,0.7333377733251871,0.9942349807543718,1,0.28486361892267487,raw_rfu,delta_auc_late_minus_early,none
pooled_adj,perf_composite,fc_corr_mm|min_slope|resid,123,-0.030631659120023393,0.736620691969896,0.9942349807543718,1,0.28486361892267487,fc_corr_mm,min_slope,resid
pooled_adj,perf_composite,fc_corr_mm|auc_late|resid,123,0.030505894860029612,0.7376626127408005,0.9942349807543718,1,0.28486361892267487,fc_corr_mm,auc_late,resid
pooled_adj,perf_composite,raw_delta_mm|auc_0_3h|resid,123,0.03008990538466557,0.7411123493216145,0.9942349807543718,1,0.28486361892267487,raw_delta_mm,auc_0_3h,resid
pooled_adj,perf_composite,fc_corr_mm|value_3h|resid,123,0.029983489472363144,0.7419956693561869,0.9942349807543718,1,0.28486361892267487,fc_corr_mm,value_3h,resid
pooled_adj,perf_composite,fc_corr_mm|depression_abs|resid,123,0.029886747733906392,0.7427989789580697,0.9942349807543718,1,0.28486361892267487,fc_corr_mm,depression_abs,resid
pooled_adj,perf_composite,raw_delta_mm|auc_early|resid,123,0.029883523009291167,0.7428257607143766,0.9942349807543718,1,0.28486361892267487,raw_delta_mm,auc_early,resid
pooled_adj,perf_composite,fc_corr|peak_value|resid,123,0.02962876976468838,0.7449424883979904,0.9942349807543718,1,0.28486361892267487,fc_corr,peak_value,resid
pooled_adj,perf_composite,fc_corr|initial_slope|none,123,-0.029583623620075234,0.7453178037024941,0.9942349807543718,1,0.28486361892267487,fc_corr,initial_slope,none
pooled_adj,perf_composite,fc_corr|auc_0_1h|none,123,-0.029583623620075234,0.7453178037024941,0.9942349807543718,1,0.28486361892267487,fc_corr,auc_0_1h,none
pooled_adj,perf_composite,raw_delta|value_2h|resid,123,0.029490106606233704,0.7460954323919864,0.9942349807543718,1,0.28486361892267487,raw_delta,value_2h,resid
pooled_adj,perf_composite,fc_corr|auc_0_2h|none,123,-0.029151510521635067,0.7489131162163825,0.9942349807543718,1,0.28486361892267487,fc_corr,auc_0_2h,none
pooled_adj,perf_composite,raw_delta_mm|depression_abs|resid,123,0.02791321626938862,0.7592457513767072,0.9942349807543718,1,0.28486361892267487,raw_delta_mm,depression_abs,resid
pooled_adj,perf_composite,fc_corr|auc_early|none,123,-0.027748755314012136,0.7606212980237735,0.9942349807543718,1,0.28486361892267487,fc_corr,auc_early,none
pooled_adj,perf_composite,raw_delta_mm|auc_0_2h|resid,123,0.02762299105401836,0.7616736914155072,0.9942349807543718,1,0.28486361892267487,raw_delta_mm,auc_0_2h,resid
pooled_adj,perf_composite,raw_rfu|stability_cv|resid,123,-0.027306968041726297,0.764320085132931,0.9942349807543718,1,0.28486361892267487,raw_rfu,stability_cv,resid
pooled_adj,perf_composite,raw_delta_mm|rate_h2|none,123,0.0267813379294446,0.7687277526899092,0.9942349807543718,1,0.28486361892267487,raw_delta_mm,rate_h2,none
pooled_adj,perf_composite,raw_rfu|max_drop|none,123,0.02677200390706058,0.7688060902874668,0.9942349807543718,1,0.28486361892267487,raw_rfu,max_drop,none
pooled_adj,perf_composite,raw_rfu|value_2h|resid,123,0.02636212372946534,0.772248377699335,0.9942349807543718,1,0.28486361892267487,raw_rfu,value_2h,resid
pooled_adj,perf_composite,raw_delta_mm|delta_auc_late_minus_early|resid,123,-0.02547209973566321,0.7797382216909133,0.9942349807543718,1,0.28486361892267487,raw_delta_mm,delta_auc_late_minus_early,resid
pooled_adj,perf_composite,fc_corr|max_drop|none,123,0.02526283827420913,0.7815021895735451,0.9942349807543718,1,0.28486361892267487,fc_corr,max_drop,none
pooled_adj,perf_composite,fc_corr|rate_h3|none,123,-0.02456917684340017,0.7873572997369404,0.9942349807543718,1,0.28486361892267487,fc_corr,rate_h3,none
pooled_adj,perf_composite,raw_delta_mm|value_2h|resid,123,0.02442728896033027,0.7885564332250048,0.9942349807543718,1,0.28486361892267487,raw_delta_mm,value_2h,resid
pooled_adj,perf_composite,fc_corr|quad_coef|none,123,0.024285401077260363,0.7897560616887089,0.9942349807543718,1,0.28486361892267487,fc_corr,quad_coef,none
pooled_adj,perf_composite,raw_delta_mm|max_drop|none,123,0.024239115416038567,0.7901475026189763,0.9942349807543718,1,0.28486361892267487,raw_delta_mm,max_drop,none
pooled_adj,perf_composite,fc_corr_mm|max_drop|none,123,0.024232510752437465,0.7902033629660976,0.9942349807543718,1,0.28486361892267487,fc_corr_mm,max_drop,none
pooled_adj,perf_composite,raw_rfu|lin_slope|resid,123,-0.02351469189422156,0.7962807557778395,0.9942349807543718,1,0.28486361892267487,raw_rfu,lin_slope,resid
pooled_adj,perf_composite,raw_delta_mm|initial_slope|resid,123,0.023456646851147508,0.7967727314459495,0.9942349807543718,1,0.28486361892267487,raw_delta_mm,initial_slope,resid
pooled_adj,perf_composite,raw_delta_mm|auc_0_1h|resid,123,0.023456646851147508,0.7967727314459495,0.9942349807543718,1,0.28486361892267487,raw_delta_mm,auc_0_1h,resid
pooled_adj,perf_composite,fc_corr|auc_0_3h|none,123,-0.023324433141923277,0.7978936401496782,0.9942349807543718,1,0.28486361892267487,fc_corr,auc_0_3h,none
pooled_adj,perf_composite,raw_rfu|time_to_min_slope|resid,123,0.023172871085007696,0.799179090553866,0.9942349807543718,1,0.28486361892267487,raw_rfu,time_to_min_slope,resid
pooled_adj,perf_composite,fc_corr|peak_value|none,123,-0.022386038278892767,0.8058610593270509,0.9942349807543718,1,0.28486361892267487,fc_corr,peak_value,none
pooled_adj,perf_composite,raw_delta|auc_total|resid,123,0.0219668240789135,0.8094268819859983,0.9942349807543718,1,0.28486361892267487,raw_delta,auc_total,resid
pooled_adj,perf_composite,fc_corr|sat_asymptote|none,119,-0.021739749779366217,0.8144592994928855,0.9942349807543718,1,0.28486361892267487,fc_corr,sat_asymptote,none
pooled_adj,perf_composite,fc_corr|final_value|resid,123,0.021325103880483705,0.8148928862856286,0.9942349807543718,1,0.28486361892267487,fc_corr,final_value,resid
pooled_adj,perf_composite,fc_corr|auc_total|none,123,-0.021247710489718304,0.8155527101742949,0.9942349807543718,1,0.28486361892267487,fc_corr,auc_total,none
pooled_adj,perf_composite,raw_delta_mm|rate_h2|resid,123,0.02096393472357849,0.8179731663354025,0.9942349807543718,1,0.28486361892267487,raw_delta_mm,rate_h2,resid
pooled_adj,perf_composite,raw_delta_mm|lin_slope|resid,123,-0.019832056383634476,0.8276443284243776,0.9942349807543718,1,0.28486361892267487,raw_delta_mm,lin_slope,resid
pooled_adj,perf_composite,fc_corr|rate_h2|none,123,0.019828831659019247,0.8276719192307481,0.9942349807543718,1,0.28486361892267487,fc_corr,rate_h2,none
pooled_adj,perf_composite,fc_corr|mean_rate|resid,123,0.01951925809595764,0.830321609717595,0.9942349807543718,1,0.28486361892267487,fc_corr,mean_rate,resid
pooled_adj,perf_composite,fc_corr|value_3h|none,123,-0.019506359197496735,0.830432055066999,0.9942349807543718,1,0.28486361892267487,fc_corr,value_3h,none
pooled_adj,perf_composite,fc_corr_mm|auc_total|none,123,0.019474111951344485,0.8307081829094201,0.9942349807543718,1,0.28486361892267487,fc_corr_mm,auc_total,none
pooled_adj,perf_composite,fc_corr|mean_rate|none,123,-0.019341898242120258,0.8318405225406706,0.9942349807543718,1,0.28486361892267487,fc_corr,mean_rate,none
pooled_adj,perf_composite,raw_delta_mm|lin_slope|none,123,-0.01913551586674585,0.8336087653715774,0.9942349807543718,1,0.28486361892267487,raw_delta_mm,lin_slope,none
pooled_adj,perf_composite,raw_rfu|auc_total|resid,123,0.019064571925210896,0.8342167913193499,0.9942349807543718,1,0.28486361892267487,raw_rfu,auc_total,resid
pooled_adj,perf_composite,fc_corr|lin_slope|none,123,-0.01905489775136522,0.8342997115419764,0.9942349807543718,1,0.28486361892267487,fc_corr,lin_slope,none
pooled_adj,perf_composite,raw_delta|stability_cv|none,123,-0.018655031899077308,0.8377286623328478,0.9942349807543718,1,0.28486361892267487,raw_delta,stability_cv,none
pooled_adj,perf_composite,fc_corr|stability_cv|none,123,-0.018467997871394252,0.8393335758819762,0.9942349807543718,1,0.28486361892267487,fc_corr,stability_cv,none
pooled_adj,perf_composite,raw_rfu|rate_h2|resid,123,0.018458323697548577,0.8394166066601201,0.9942349807543718,1,0.28486361892267487,raw_rfu,rate_h2,resid
pooled_adj,perf_composite,fc_corr|value_4h|resid,123,0.018068132019106335,0.8427669762249704,0.9942349807543718,1,0.28486361892267487,fc_corr,value_4h,resid
pooled_adj,perf_composite,fc_corr|rate_h2|resid,123,0.018042334222184535,0.8429885880397745,0.9942349807543718,1,0.28486361892267487,fc_corr,rate_h2,resid
pooled_adj,perf_composite,fc_corr|value_4h|none,123,-0.0177682326298904,0.8453439685583453,0.9942349807543718,1,0.28486361892267487,fc_corr,value_4h,none
pooled_adj,perf_composite,raw_rfu|mean_rate|resid,123,-0.016646028463792057,0.8550011986651367,0.9942349807543718,1,0.28486361892267487,raw_rfu,mean_rate,resid
pooled_adj,perf_composite,fc_corr|final_value|none,123,-0.01658475869610278,0.8555290928386631,0.9942349807543718,1,0.28486361892267487,fc_corr,final_value,none
pooled_adj,perf_composite,fc_corr_mm|vmax|none,123,-0.01641384829149585,0.8570019765178465,0.9942349807543718,1,0.28486361892267487,fc_corr_mm,vmax,none
pooled_adj,perf_composite,fc_corr_mm|value_2h|none,123,0.01621069064073667,0.8587534022550142,0.9942349807543718,1,0.28486361892267487,fc_corr_mm,value_2h,none
pooled_adj,perf_composite,fc_corr_mm|auc_late|none,123,0.016165544496123514,0.8591427015248118,0.9942349807543718,1,0.28486361892267487,fc_corr_mm,auc_late,none
pooled_adj,perf_composite,raw_rfu|final_delta|resid,123,-0.015472228703850116,0.8651254187119255,0.9942349807543718,1,0.28486361892267487,raw_rfu,final_delta,resid
pooled_adj,perf_composite,fc_corr_mm|value_3h|none,123,0.015456105080773988,0.8652646439077869,0.9942349807543718,1,0.28486361892267487,fc_corr_mm,value_3h,none
pooled_adj,perf_composite,raw_rfu|final_value|resid,123,-0.015423857834621739,0.8655431066849697,0.9942349807543718,1,0.28486361892267487,raw_rfu,final_value,resid
pooled_adj,perf_composite,raw_delta|value_4h|resid,123,-0.015362588066932461,0.8660722313529169,0.9942349807543718,1,0.28486361892267487,raw_delta,value_4h,resid
pooled_adj,perf_composite,raw_rfu|rate_h2|none,123,0.015294868850012732,0.866657122318801,0.9942349807543718,1,0.28486361892267487,raw_rfu,rate_h2,none
pooled_adj,perf_composite,raw_delta_mm|auc_0_2h|none,123,-0.015182003488479855,0.8676321006909261,0.9942349807543718,1,0.28486361892267487,raw_delta_mm,auc_0_2h,none
pooled_adj,perf_composite,raw_rfu|value_4h|resid,123,-0.015030441431564274,0.8689416699429603,0.9942349807543718,1,0.28486361892267487,raw_rfu,value_4h,resid
pooled_adj,perf_composite,fc_corr_mm|delta_auc_late_minus_early|resid,123,-0.014830508505420316,0.870669729495258,0.9942349807543718,1,0.28486361892267487,fc_corr_mm,delta_auc_late_minus_early,resid
pooled_adj,perf_composite,fc_corr_mm|auc_0_3h|none,123,0.01445321572543898,0.873932400310595,0.9942349807543718,1,0.28486361892267487,fc_corr_mm,auc_0_3h,none
pooled_adj,perf_composite,raw_rfu|frac_auc_first_half|none,123,-0.014275855871601595,0.8754668697017466,0.9942349807543718,1,0.28486361892267487,raw_rfu,frac_auc_first_half,none
pooled_adj,perf_composite,fc_corr_mm|rate_h2|resid,123,0.01407592294545764,0.8771971894592439,0.9942349807543718,1,0.28486361892267487,fc_corr_mm,rate_h2,resid
pooled_adj,perf_composite,fc_corr_mm|peak_value|resid,123,0.01398240593161611,0.87800673204597,0.9942349807543718,1,0.28486361892267487,fc_corr_mm,peak_value,resid
pooled_adj,perf_composite,fc_corr|auc_late|none,123,-0.013869540570083232,0.8789839339297936,0.9942349807543718,1,0.28486361892267487,fc_corr,auc_late,none
pooled_adj,perf_composite,raw_delta_mm|final_value|resid,123,-0.013766349382396027,0.8798775350327136,0.9942349807543718,1,0.28486361892267487,raw_delta_mm,final_value,resid
pooled_adj,perf_composite,fc_corr|delta_auc_late_minus_early|resid,123,-0.013614787325480446,0.8811902852855059,0.9942349807543718,1,0.28486361892267487,fc_corr,delta_auc_late_minus_early,resid
pooled_adj,perf_composite,raw_delta_mm|rate_h3|none,123,-0.013476124167025767,0.8823915946549127,0.9942349807543718,1,0.28486361892267487,raw_delta_mm,rate_h3,none
pooled_adj,perf_composite,raw_delta_mm|mean_rate|none,123,-0.013418079123951715,0.8828945478389718,0.9942349807543718,1,0.28486361892267487,raw_delta_mm,mean_rate,none
pooled_adj,perf_composite,raw_delta_mm|auc_total|resid,123,0.012821505070135068,0.8880664557055311,0.9942349807543718,1,0.28486361892267487,raw_delta_mm,auc_total,resid
pooled_adj,perf_composite,raw_delta_mm|delta_auc_late_minus_early|none,123,-0.012705414983986965,0.889073435236212,0.9942349807543718,1,0.28486361892267487,raw_delta_mm,delta_auc_late_minus_early,none
pooled_adj,perf_composite,fc_corr_mm|auc_early|none,123,0.01257642599937796,0.8901925086598468,0.9942349807543718,1,0.28486361892267487,fc_corr_mm,auc_early,none
pooled_adj,perf_composite,raw_delta_mm|quad_coef|none,123,0.012492583159382106,0.8909200223972502,0.9942349807543718,1,0.28486361892267487,raw_delta_mm,quad_coef,none
pooled_adj,perf_composite,fc_corr_mm|value_4h|resid,123,0.012411965044001478,0.8916196403774843,0.9942349807543718,1,0.28486361892267487,fc_corr_mm,value_4h,resid
pooled_adj,perf_composite,fc_corr_mm|peak_value|none,123,0.012170110697859594,0.8937189921401179,0.9942349807543718,1,0.28486361892267487,fc_corr_mm,peak_value,none
pooled_adj,perf_composite,raw_delta_mm|vmax|resid,123,-0.011986301394791763,0.8953149921939628,0.9942349807543718,1,0.28486361892267487,raw_delta_mm,vmax,resid
pooled_adj,perf_composite,fc_corr|value_2h|none,123,-0.011963728322485188,0.8955110211847201,0.9942349807543718,1,0.28486361892267487,fc_corr,value_2h,none
pooled_adj,perf_composite,raw_delta_mm|mean_rate|resid,123,-0.011634806411732226,0.898368152436191,0.9942349807543718,1,0.28486361892267487,raw_delta_mm,mean_rate,resid
pooled_adj,perf_composite,raw_delta_mm|sat_asymptote|none,119,-0.011380874741171897,0.9022304675373753,0.9942349807543718,1,0.28486361892267487,raw_delta_mm,sat_asymptote,none
pooled_adj,perf_composite,raw_delta_mm|value_4h|resid,123,-0.011289760877903138,0.9013667374031433,0.9942349807543718,1,0.28486361892267487,raw_delta_mm,value_4h,resid
pooled_adj,perf_composite,raw_delta_mm|value_4h|none,123,-0.011118850473296206,0.9028525353816591,0.9942349807543718,1,0.28486361892267487,raw_delta_mm,value_4h,none
pooled_adj,perf_composite,fc_corr|frac_auc_first_half|none,123,-0.011031782908685128,0.9036095808671658,0.9942349807543718,1,0.28486361892267487,fc_corr,frac_auc_first_half,none
pooled_adj,perf_composite,fc_corr_mm|vmax|resid,123,0.010735108244084418,0.9061897890729647,0.9942349807543718,1,0.28486361892267487,fc_corr_mm,vmax,resid
pooled_adj,perf_composite,fc_corr_mm|final_value|resid,123,0.01064159123024289,0.9070033196020695,0.9942349807543718,1,0.28486361892267487,fc_corr_mm,final_value,resid
pooled_adj,perf_composite,raw_delta_mm|auc_early|none,123,-0.010448107753329381,0.9086867911887988,0.9942349807543718,1,0.28486361892267487,raw_delta_mm,auc_early,none
pooled_adj,perf_composite,raw_delta_mm|initial_slope|none,123,-0.010244950102570198,0.9104548721823051,0.9942349807543718,1,0.28486361892267487,raw_delta_mm,initial_slope,none
pooled_adj,perf_composite,raw_delta_mm|auc_0_1h|none,123,-0.010244950102570198,0.9104548721823051,0.9942349807543718,1,0.28486361892267487,raw_delta_mm,auc_0_1h,none
pooled_adj,perf_composite,raw_delta|frac_auc_first_half|none,123,-0.010048241901041467,0.9121672410871239,0.9942349807543718,1,0.28486361892267487,raw_delta,frac_auc_first_half,none
pooled_adj,perf_composite,fc_corr_mm|mean_rate|resid,123,0.00988700567028021,0.9135711229441041,0.9942349807543718,1,0.28486361892267487,fc_corr_mm,mean_rate,resid
pooled_adj,perf_composite,raw_rfu|max_drop|resid,123,0.009664499671829677,0.9155089164493191,0.9942349807543718,1,0.28486361892267487,raw_rfu,max_drop,resid
pooled_adj,perf_composite,fc_corr|delta_auc_late_minus_early|none,123,-0.009561308484142474,0.9164077723282072,0.9942349807543718,1,0.28486361892267487,fc_corr,delta_auc_late_minus_early,none
pooled_adj,perf_composite,raw_rfu|stability_cv|none,123,-0.009480690368761846,0.9171100769832004,0.9942349807543718,1,0.28486361892267487,raw_rfu,stability_cv,none
pooled_adj,perf_composite,raw_delta_mm|peak_value|none,123,-0.00848102573804206,0.9258237924913515,0.9942349807543718,1,0.28486361892267487,raw_delta_mm,peak_value,none
pooled_adj,perf_composite,raw_delta_mm|final_value|none,123,-0.008393958173430981,0.9265831602429693,0.9942349807543718,1,0.28486361892267487,raw_delta_mm,final_value,none
pooled_adj,perf_composite,fc_corr_mm|sat_asymptote|none,119,0.0077095099545172584,0.9336811074072285,0.9942349807543718,1,0.28486361892267487,fc_corr_mm,sat_asymptote,none
pooled_adj,perf_composite,fc_corr_mm|quad_coef|none,123,-0.0076780693088510064,0.9328292927817438,0.9942349807543718,1,0.28486361892267487,fc_corr_mm,quad_coef,none
pooled_adj,perf_composite,fc_corr_mm|rate_h3|none,123,-0.007652271511929204,0.9330544572053296,0.9942349807543718,1,0.28486361892267487,fc_corr_mm,rate_h3,none
pooled_adj,perf_composite,raw_rfu|auc_late|resid,123,0.007387844093480744,0.9353626943956417,0.9942349807543718,1,0.28486361892267487,raw_rfu,auc_late,resid
pooled_adj,perf_composite,fc_corr_mm|lin_slope|none,123,0.00737816991963507,0.9354471523906777,0.9942349807543718,1,0.28486361892267487,fc_corr_mm,lin_slope,none
pooled_adj,perf_composite,raw_delta_mm|auc_late|resid,123,0.00670420247505302,0.9413327726716123,0.9942349807543718,1,0.28486361892267487,raw_delta_mm,auc_late,resid
pooled_adj,perf_composite,raw_delta|auc_late|resid,123,0.006423651433528434,0.9437837190194973,0.9942349807543718,1,0.28486361892267487,raw_delta,auc_late,resid
pooled_adj,perf_composite,raw_rfu|peak_value|resid,123,-0.006349482767378257,0.9444317591492006,0.9942349807543718,1,0.28486361892267487,raw_rfu,peak_value,resid
pooled_adj,perf_composite,raw_delta_mm|value_2h|none,123,-0.0061140778704668235,0.9464888207149497,0.9942349807543718,1,0.28486361892267487,raw_delta_mm,value_2h,none
pooled_adj,perf_composite,fc_corr|max_drop|resid,123,0.006101178972005923,0.9466015467230089,0.9942349807543718,1,0.28486361892267487,fc_corr,max_drop,resid
pooled_adj,perf_composite,raw_delta_mm|value_3h|resid,123,0.006094729522775472,0.9466579101230788,0.9942349807543718,1,0.28486361892267487,raw_delta_mm,value_3h,resid
pooled_adj,perf_composite,fc_corr_mm|initial_slope|none,123,0.005830302104327013,0.9489690333446597,0.9942349807543718,1,0.28486361892267487,fc_corr_mm,initial_slope,none
pooled_adj,perf_composite,fc_corr_mm|auc_0_1h|none,123,0.005830302104327013,0.9489690333446597,0.9942349807543718,1,0.28486361892267487,fc_corr_mm,auc_0_1h,none
pooled_adj,perf_composite,fc_corr_mm|delta_auc_late_minus_early|none,123,0.005769032336637735,0.9495045987175088,0.9942349807543718,1,0.28486361892267487,fc_corr_mm,delta_auc_late_minus_early,none
pooled_adj,perf_composite,raw_rfu|vmax|resid,123,0.005549751062802428,0.9514215419167098,0.9942349807543718,1,0.28486361892267487,raw_rfu,vmax,resid
pooled_adj,perf_composite,raw_delta_mm|peak_value|resid,123,-0.005443335150499999,0.9523519239117108,0.9942349807543718,1,0.28486361892267487,raw_delta_mm,peak_value,resid
pooled_adj,perf_composite,raw_delta_mm|auc_total|none,123,0.005259525847432167,0.9539590977102468,0.9942349807543718,1,0.28486361892267487,raw_delta_mm,auc_total,none
pooled_adj,perf_composite,raw_rfu|metabolic_scope|resid,123,-0.005140211036668838,0.9550024502525797,0.9942349807543718,1,0.28486361892267487,raw_rfu,metabolic_scope,resid
pooled_adj,perf_composite,raw_delta_mm|auc_0_3h|none,123,-0.004840311647452902,0.9576252632996076,0.9942349807543718,1,0.28486361892267487,raw_delta_mm,auc_0_3h,none
pooled_adj,perf_composite,fc_corr_mm|auc_0_2h|none,123,0.004817738575146326,0.9578226980209843,0.9942349807543718,1,0.28486361892267487,fc_corr_mm,auc_0_2h,none
pooled_adj,perf_composite,fc_corr_mm|value_4h|none,123,0.0048016149520702005,0.9579637243870445,0.9942349807543718,1,0.28486361892267487,fc_corr_mm,value_4h,none
pooled_adj,perf_composite,raw_delta|value_3h|resid,123,0.0043114568105559825,0.9622515256886223,0.9942349807543718,1,0.28486361892267487,raw_delta,value_3h,resid
pooled_adj,perf_composite,fc_corr_mm|mean_rate|none,123,0.0038309728428874397,0.9664557468551092,0.9942349807543718,1,0.28486361892267487,fc_corr_mm,mean_rate,none
pooled_adj,perf_composite,fc_corr|t_half|none,123,-0.0038180739444265395,0.966568625063161,0.9942349807543718,1,0.28486361892267487,fc_corr,t_half,none
pooled_adj,perf_composite,raw_delta_mm|value_3h|none,123,-0.0030022186167745846,0.9737094218323252,0.9942349807543718,1,0.28486361892267487,raw_delta_mm,value_3h,none
pooled_adj,perf_composite,raw_rfu|value_3h|resid,123,0.002631375286023696,0.9769559606726688,0.9942349807543718,1,0.28486361892267487,raw_rfu,value_3h,resid
pooled_adj,perf_composite,fc_corr|lin_slope|resid,123,0.0024894874029537913,0.9781982172761619,0.9942349807543718,1,0.28486361892267487,fc_corr,lin_slope,resid
pooled_adj,perf_composite,raw_delta_mm|auc_late|none,123,-0.0024153187368036134,0.978847599653089,0.9942349807543718,1,0.28486361892267487,raw_delta_mm,auc_late,none
pooled_adj,perf_composite,raw_rfu|t_half|none,123,-0.002328251172192535,0.9796099357284924,0.9942349807543718,1,0.28486361892267487,raw_rfu,t_half,none
pooled_adj,perf_composite,raw_rfu|late_early_auc_ratio|none,123,0.0020992957245115516,0.9816146832418725,0.9942349807543718,1,0.28486361892267487,raw_rfu,late_early_auc_ratio,none
pooled_adj,perf_composite,fc_corr_mm|final_value|none,123,0.0018574413783696679,0.9837324985633044,0.9942349807543718,1,0.28486361892267487,fc_corr_mm,final_value,none
pooled_adj,perf_composite,raw_delta|late_early_auc_ratio|none,123,-5.546526338187203e-4,0.9951420405656323,0.998700770930578,1,0.28486361892267487,raw_delta,late_early_auc_ratio,none
pooled_adj,perf_composite,fc_corr|late_early_auc_ratio|none,123,-4.0309057690313967e-4,0.9964694960609031,0.998700770930578,1,0.28486361892267487,fc_corr,late_early_auc_ratio,none
pooled_adj,perf_composite,fc_corr_mm|lin_slope|resid,123,-1.483373323003554e-4,0.998700770930578,0.998700770930578,1,0.28486361892267487,fc_corr_mm,lin_slope,resid
triploid,perf_composite,fc_corr|sat_asymptote|none,49,0.4047564527000752,0.003917583963709064,0.1825774981883455,0.106,0.43254410745591026,fc_corr,sat_asymptote,none
triploid,perf_composite,fc_corr_mm|sat_asymptote|none,49,0.4026640287231867,0.004125502691290268,0.1825774981883455,0.112,0.43254410745591026,fc_corr_mm,sat_asymptote,none
triploid,perf_composite,fc_corr|delta_auc_late_minus_early|none,52,0.37981982139937537,0.005482082347486182,0.1825774981883455,0.182,0.43254410745591026,fc_corr,delta_auc_late_minus_early,none
triploid,perf_composite,fc_corr_mm|delta_auc_late_minus_early|none,52,0.36325207651989727,0.008124358899497515,0.1825774981883455,0.246,0.43254410745591026,fc_corr_mm,delta_auc_late_minus_early,none
triploid,perf_composite,raw_rfu|sat_asymptote|none,49,0.34637272027177035,0.014768263904069134,0.1825774981883455,0.308,0.43254410745591026,raw_rfu,sat_asymptote,none
triploid,perf_composite,raw_rfu|t_half|none,52,0.34284129803435465,0.012843458772193141,0.1825774981883455,0.328,0.43254410745591026,raw_rfu,t_half,none
triploid,perf_composite,fc_corr|t_half|none,52,0.34151758645893243,0.013217645582608854,0.1825774981883455,0.342,0.43254410745591026,fc_corr,t_half,none
triploid,perf_composite,raw_delta_mm|delta_auc_late_minus_early|none,52,0.33720484874546003,0.01450228326618279,0.1825774981883455,0.362,0.43254410745591026,raw_delta_mm,delta_auc_late_minus_early,none
triploid,perf_composite,fc_corr|delta_auc_late_minus_early|resid,52,0.33618003978384287,0.0148227745139892,0.1825774981883455,0.366,0.43254410745591026,fc_corr,delta_auc_late_minus_early,resid
triploid,perf_composite,fc_corr_mm|rate_h2|resid,52,0.3312267964693597,0.016458468383676077,0.1825774981883455,0.393,0.43254410745591026,fc_corr_mm,rate_h2,resid
triploid,perf_composite,raw_rfu|rate_h2|resid,52,0.331184096095959,0.01647321162391262,0.1825774981883455,0.393,0.43254410745591026,raw_rfu,rate_h2,resid
triploid,perf_composite,raw_rfu|sat_k|none,49,-0.33106230092868344,0.020149229417708373,0.1825774981883455,0.393,0.43254410745591026,raw_rfu,sat_k,none
triploid,perf_composite,fc_corr|sat_k|none,49,-0.33106230092868344,0.020149229417708373,0.1825774981883455,0.393,0.43254410745591026,fc_corr,sat_k,none
triploid,perf_composite,fc_corr_mm|sat_k|none,49,-0.33106230092868344,0.020149229417708373,0.1825774981883455,0.393,0.43254410745591026,fc_corr_mm,sat_k,none
triploid,perf_composite,raw_delta_mm|sat_k|none,49,-0.33106230092868344,0.020149229417708373,0.1825774981883455,0.393,0.43254410745591026,raw_delta_mm,sat_k,none
triploid,perf_composite,fc_corr|peak_value|resid,52,0.3307143919885511,0.016636130921057094,0.1825774981883455,0.395,0.43254410745591026,fc_corr,peak_value,resid
triploid,perf_composite,fc_corr|rate_h2|resid,52,0.3301165867609411,0.016845464861392098,0.1825774981883455,0.396,0.43254410745591026,fc_corr,rate_h2,resid
triploid,perf_composite,raw_rfu|delta_auc_late_minus_early|none,52,0.3270421598760895,0.01795779158560594,0.1825774981883455,0.415,0.43254410745591026,raw_rfu,delta_auc_late_minus_early,none
triploid,perf_composite,raw_delta_mm|sat_asymptote|none,49,0.32611193200775196,0.022209641630076257,0.1825774981883455,0.419,0.43254410745591026,raw_delta_mm,sat_asymptote,none
triploid,perf_composite,fc_corr_mm|lin_slope|none,52,0.3252914445666601,0.018618630998248967,0.1825774981883455,0.423,0.43254410745591026,fc_corr_mm,lin_slope,none
triploid,perf_composite,raw_delta_mm|rate_h2|resid,52,0.3233272273902271,0.019384503295779985,0.1825774981883455,0.43,0.43254410745591026,raw_delta_mm,rate_h2,resid
triploid,perf_composite,fc_corr|lin_slope|none,52,0.3225159202956135,0.01970854103031056,0.1825774981883455,0.431,0.43254410745591026,fc_corr,lin_slope,none
triploid,perf_composite,fc_corr|value_4h|resid,52,0.32153381170739703,0.02010692204392876,0.1825774981883455,0.439,0.43254410745591026,fc_corr,value_4h,resid
triploid,perf_composite,fc_corr_mm|delta_auc_late_minus_early|resid,52,0.32127760946699274,0.020211960916250563,0.1825774981883455,0.441,0.43254410745591026,fc_corr_mm,delta_auc_late_minus_early,resid
triploid,perf_composite,fc_corr_mm|rate_h2|none,52,0.3207225046127834,0.020441138332796524,0.1825774981883455,0.441,0.43254410745591026,fc_corr_mm,rate_h2,none
triploid,perf_composite,fc_corr|auc_late|resid,52,0.31542765831109454,0.022739727234852757,0.1825774981883455,0.458,0.43254410745591026,fc_corr,auc_late,resid
triploid,perf_composite,fc_corr|final_value|resid,52,0.31448825009627873,0.023169471229224897,0.1825774981883455,0.462,0.43254410745591026,fc_corr,final_value,resid
triploid,perf_composite,fc_corr_mm|peak_value|none,52,0.31423204785587444,0.023287853686584398,0.1825774981883455,0.462,0.43254410745591026,fc_corr_mm,peak_value,none
triploid,perf_composite,raw_rfu|sat_k|resid,49,-0.3142208396512878,0.027893020896184128,0.1825774981883455,0.462,0.43254410745591026,raw_rfu,sat_k,resid
triploid,perf_composite,raw_delta_mm|sat_k|resid,49,-0.3142208396512878,0.027893020896184128,0.1825774981883455,0.462,0.43254410745591026,raw_delta_mm,sat_k,resid
triploid,perf_composite,fc_corr|lin_slope|resid,52,0.3128656359070515,0.023927858793002556,0.1825774981883455,0.468,0.43254410745591026,fc_corr,lin_slope,resid
triploid,perf_composite,fc_corr|sat_k|resid,49,-0.3124856587924046,0.02881584641302997,0.1825774981883455,0.468,0.43254410745591026,fc_corr,sat_k,resid
triploid,perf_composite,fc_corr_mm|sat_k|resid,49,-0.3124856587924046,0.02881584641302997,0.1825774981883455,0.468,0.43254410745591026,fc_corr_mm,sat_k,resid
triploid,perf_composite,raw_rfu|late_early_auc_ratio|none,52,0.31158462470503007,0.02454123175087666,0.1825774981883455,0.469,0.43254410745591026,raw_rfu,late_early_auc_ratio,none
triploid,perf_composite,raw_rfu|frac_auc_first_half|none,52,-0.31158462470503007,0.02454123175087666,0.1825774981883455,0.469,0.43254410745591026,raw_rfu,frac_auc_first_half,none
triploid,perf_composite,fc_corr|mean_rate|resid,52,0.31158462470503007,0.02454123175087666,0.1825774981883455,0.469,0.43254410745591026,fc_corr,mean_rate,resid
triploid,perf_composite,raw_delta|late_early_auc_ratio|none,52,0.3109014187306185,0.024873728960317656,0.1825774981883455,0.473,0.43254410745591026,raw_delta,late_early_auc_ratio,none
triploid,perf_composite,raw_delta|frac_auc_first_half|none,52,-0.3109014187306185,0.024873728960317656,0.1825774981883455,0.473,0.43254410745591026,raw_delta,frac_auc_first_half,none
triploid,perf_composite,fc_corr|late_early_auc_ratio|none,52,0.3109014187306185,0.024873728960317656,0.1825774981883455,0.473,0.43254410745591026,fc_corr,late_early_auc_ratio,none
triploid,perf_composite,fc_corr|frac_auc_first_half|none,52,-0.3109014187306185,0.024873728960317656,0.1825774981883455,0.473,0.43254410745591026,fc_corr,frac_auc_first_half,none
triploid,perf_composite,raw_delta_mm|rate_h2|none,52,0.3106025161168135,0.02502038132360064,0.1825774981883455,0.474,0.43254410745591026,raw_delta_mm,rate_h2,none
triploid,perf_composite,fc_corr_mm|value_3h|resid,52,0.3059908757895361,0.027376589391416115,0.1825774981883455,0.499,0.43254410745591026,fc_corr_mm,value_3h,resid
triploid,perf_composite,fc_corr_mm|auc_late|resid,52,0.30556387205552893,0.027603845589760524,0.1825774981883455,0.5,0.43254410745591026,fc_corr_mm,auc_late,resid
triploid,perf_composite,fc_corr_mm|peak_value|resid,52,0.3051368683215218,0.027832677078910753,0.1825774981883455,0.502,0.43254410745591026,fc_corr_mm,peak_value,resid
triploid,perf_composite,fc_corr|rate_h2|none,52,0.3031299507716881,0.028929533163646295,0.1825774981883455,0.517,0.43254410745591026,fc_corr,rate_h2,none
triploid,perf_composite,fc_corr|value_3h|resid,52,0.2984329096976092,0.03163827858057828,0.18619432632094285,0.534,0.43254410745591026,fc_corr,value_3h,resid
triploid,perf_composite,fc_corr_mm|value_4h|resid,52,0.29625519065417266,0.0329639034575757,0.18619432632094285,0.544,0.43254410745591026,fc_corr_mm,value_4h,resid
triploid,perf_composite,raw_rfu|rate_h2|none,52,0.2954865839329598,0.03344264008076656,0.18619432632094285,0.547,0.43254410745591026,raw_rfu,rate_h2,none
triploid,perf_composite,raw_rfu|inflection_time|none,52,0.29491582215680673,0.033801865537363994,0.18619432632094285,0.552,0.43254410745591026,raw_rfu,inflection_time,none
triploid,perf_composite,raw_delta_mm|delta_auc_late_minus_early|resid,52,0.29441907459794187,0.034117106042587636,0.18619432632094285,0.557,0.43254410745591026,raw_delta_mm,delta_auc_late_minus_early,resid
triploid,perf_composite,fc_corr_mm|mean_rate|none,52,0.2938639697437326,0.03447225906098392,0.18619432632094285,0.559,0.43254410745591026,fc_corr_mm,mean_rate,none
triploid,perf_composite,fc_corr_mm|final_value|resid,52,0.2934369660097254,0.03474753272890835,0.18619432632094285,0.561,0.43254410745591026,fc_corr_mm,final_value,resid
triploid,perf_composite,fc_corr_mm|mean_rate|resid,52,0.2934369660097254,0.03474753272890835,0.18619432632094285,0.561,0.43254410745591026,fc_corr_mm,mean_rate,resid
triploid,perf_composite,fc_corr_mm|lin_slope|resid,52,0.2919851533141011,0.0356971113162579,0.18774036321883786,0.571,0.43254410745591026,fc_corr_mm,lin_slope,resid
triploid,perf_composite,fc_corr_mm|auc_late|none,52,0.28784321709423155,0.03852478491865859,0.1967928378282407,0.596,0.43254410745591026,fc_corr_mm,auc_late,none
triploid,perf_composite,fc_corr_mm|final_value|none,52,0.2871600111198201,0.03900847456292275,0.1967928378282407,0.6,0.43254410745591026,fc_corr_mm,final_value,none
triploid,perf_composite,fc_corr_mm|auc_total|resid,52,0.2864768051454086,0.03949715407116098,0.1967928378282407,0.606,0.43254410745591026,fc_corr_mm,auc_total,resid
triploid,perf_composite,fc_corr_mm|value_4h|none,52,0.2852811946901885,0.040364462211834984,0.19764667703726094,0.615,0.43254410745591026,fc_corr_mm,value_4h,none
triploid,perf_composite,raw_rfu|delta_auc_late_minus_early|resid,52,0.28421368535517055,0.04115201754515127,0.19808767767496543,0.623,0.43254410745591026,raw_rfu,delta_auc_late_minus_early,resid
triploid,perf_composite,fc_corr_mm|value_3h|none,52,0.2829753745265498,0.042081347223376295,0.19918504352398114,0.631,0.43254410745591026,fc_corr_mm,value_3h,none
triploid,perf_composite,fc_corr|auc_total|resid,52,0.2818224644447304,0.04296199527149487,0.2000197812640089,0.638,0.43254410745591026,fc_corr,auc_total,resid
triploid,perf_composite,fc_corr|value_4h|none,52,0.27964474540129386,0.044666642487021464,0.20460203977925961,0.642,0.43254410745591026,fc_corr,value_4h,none
triploid,perf_composite,fc_corr|mean_rate|none,52,0.2784918353194745,0.045591258553734394,0.2047751740525915,0.65,0.43254410745591026,fc_corr,mean_rate,none
triploid,perf_composite,raw_delta_mm|lin_slope|none,52,0.27780862934506306,0.04614651809635865,0.2047751740525915,0.656,0.43254410745591026,raw_delta_mm,lin_slope,none
triploid,perf_composite,fc_corr|peak_value|none,52,0.2768692211302473,0.046919002769425545,0.20499995056179776,0.661,0.43254410745591026,fc_corr,peak_value,none
triploid,perf_composite,fc_corr|final_value|none,52,0.2753747080612222,0.04816966868767359,0.20727554404998938,0.668,0.43254410745591026,fc_corr,final_value,none
triploid,perf_composite,raw_rfu|frac_auc_first_half|resid,52,-0.2730688878975835,0.050152417370219284,0.21258636616630264,0.686,0.43254410745591026,raw_rfu,frac_auc_first_half,resid
triploid,perf_composite,raw_rfu|lin_slope|resid,52,0.2699090602659305,0.05297672173440703,0.21766899887218294,0.696,0.43254410745591026,raw_rfu,lin_slope,resid
triploid,perf_composite,raw_rfu|stability_cv|none,52,0.2693539554117212,0.05348593864961502,0.21766899887218294,0.698,0.43254410745591026,raw_rfu,stability_cv,none
triploid,perf_composite,raw_delta_mm|lin_slope|resid,52,0.26845724757030615,0.05431688532363533,0.21766899887218294,0.702,0.43254410745591026,raw_delta_mm,lin_slope,resid
triploid,perf_composite,raw_rfu|metabolic_scope|resid,52,0.2677313412224939,0.05499717823161766,0.21766899887218294,0.703,0.43254410745591026,raw_rfu,metabolic_scope,resid
triploid,perf_composite,raw_rfu|lin_slope|none,52,0.2665357307672739,0.05613266072756232,0.21766899887218294,0.709,0.43254410745591026,raw_rfu,lin_slope,none
triploid,perf_composite,raw_rfu|peak_value|resid,52,0.2664503300204724,0.05621448546041882,0.21766899887218294,0.709,0.43254410745591026,raw_rfu,peak_value,resid
triploid,perf_composite,raw_delta_mm|peak_value|resid,52,0.26440071209723803,0.0582073354131704,0.21766899887218294,0.721,0.43254410745591026,raw_delta_mm,peak_value,resid
triploid,perf_composite,raw_delta|frac_auc_first_half|resid,52,-0.2643580117238373,0.05824945040241515,0.21766899887218294,0.722,0.43254410745591026,raw_delta,frac_auc_first_half,resid
triploid,perf_composite,fc_corr|frac_auc_first_half|resid,52,-0.2643580117238373,0.05824945040241515,0.21766899887218294,0.722,0.43254410745591026,fc_corr,frac_auc_first_half,resid
triploid,perf_composite,fc_corr|auc_late|none,52,0.2625645960410072,0.06004056070508498,0.2214483018213524,0.731,0.43254410745591026,fc_corr,auc_late,none
triploid,perf_composite,raw_delta|stability_cv|none,52,0.26094198185177997,0.06169899415181138,0.22180397897613208,0.737,0.43254410745591026,raw_delta,stability_cv,none
triploid,perf_composite,fc_corr|stability_cv|none,52,0.26094198185177997,0.06169899415181138,0.22180397897613208,0.737,0.43254410745591026,fc_corr,stability_cv,none
triploid,perf_composite,raw_delta_mm|peak_value|none,52,0.25867886206154195,0.06407325426860475,0.22489812067879525,0.751,0.43254410745591026,raw_delta_mm,peak_value,none
triploid,perf_composite,raw_rfu|rate_cv|resid,52,-0.25812375720733266,0.06466664969808762,0.22489812067879525,0.753,0.43254410745591026,raw_rfu,rate_cv,resid
triploid,perf_composite,raw_delta_mm|final_value|none,52,0.257312450112719,0.06554182034044279,0.22489812067879525,0.756,0.43254410745591026,raw_delta_mm,final_value,none
triploid,perf_composite,fc_corr|rate_cv|resid,52,-0.25714164861911615,0.06572726766316904,0.22489812067879525,0.757,0.43254410745591026,fc_corr,rate_cv,resid
triploid,perf_composite,fc_corr|value_3h|none,52,0.25586063741709464,0.06713152505026226,0.2269684894556486,0.765,0.43254410745591026,fc_corr,value_3h,none
triploid,perf_composite,raw_delta_mm|mean_rate|resid,52,0.25253000829183875,0.07089482772905907,0.22959042682387512,0.783,0.43254410745591026,raw_delta_mm,mean_rate,resid
triploid,perf_composite,fc_corr_mm|value_2h|resid,52,0.25206030418443087,0.07143878402272227,0.22959042682387512,0.787,0.43254410745591026,fc_corr_mm,value_2h,resid
triploid,perf_composite,fc_corr|value_2h|resid,52,0.25048039036860437,0.07329282981849575,0.22959042682387512,0.797,0.43254410745591026,fc_corr,value_2h,resid
triploid,perf_composite,raw_delta_mm|final_value|resid,52,0.24975448402079217,0.07415738550306339,0.22959042682387512,0.801,0.43254410745591026,raw_delta_mm,final_value,resid
triploid,perf_composite,raw_delta_mm|mean_rate|none,52,0.2492420795399836,0.07477251089258585,0.22959042682387512,0.803,0.43254410745591026,raw_delta_mm,mean_rate,none
triploid,perf_composite,raw_rfu|rate_cv|none,52,-0.24860157393897284,0.07554709212236486,0.22959042682387512,0.805,0.43254410745591026,raw_rfu,rate_cv,none
triploid,perf_composite,raw_delta|value_4h|resid,52,0.2485161731921714,0.07565084761093048,0.22959042682387512,0.805,0.43254410745591026,raw_delta,value_4h,resid
triploid,perf_composite,raw_delta_mm|value_4h|resid,52,0.2485161731921714,0.07565084761093048,0.22959042682387512,0.805,0.43254410745591026,raw_delta_mm,value_4h,resid
triploid,perf_composite,raw_rfu|value_4h|resid,52,0.24834537169856855,0.07585869681854206,0.22959042682387512,0.806,0.43254410745591026,raw_rfu,value_4h,resid
triploid,perf_composite,fc_corr|rate_cv|none,52,-0.2477902668443592,0.07653732815312081,0.22959042682387512,0.808,0.43254410745591026,fc_corr,rate_cv,none
triploid,perf_composite,raw_delta_mm|value_4h|none,52,0.24757676497735562,0.07679961460657794,0.22959042682387512,0.809,0.43254410745591026,raw_delta_mm,value_4h,none
triploid,perf_composite,fc_corr_mm|auc_total|none,52,0.24599685116152908,0.07876267879523266,0.23280885258639758,0.816,0.43254410745591026,fc_corr_mm,auc_total,none
triploid,perf_composite,raw_rfu|mean_rate|resid,52,0.24539904593391906,0.07951569965098791,0.23280885258639758,0.817,0.43254410745591026,raw_rfu,mean_rate,resid
triploid,perf_composite,raw_rfu|final_delta|resid,52,0.24322132689048254,0.08230694096802227,0.23722890177317718,0.829,0.43254410745591026,raw_rfu,final_delta,resid
triploid,perf_composite,raw_rfu|final_value|resid,52,0.2429224242766775,0.08269599040684698,0.23722890177317718,0.83,0.43254410745591026,raw_rfu,final_value,resid
triploid,perf_composite,raw_delta_mm|auc_late|none,52,0.23950639440462018,0.08724562404461414,0.24777757228670413,0.845,0.43254410745591026,raw_delta_mm,auc_late,none
triploid,perf_composite,raw_delta|value_3h|resid,52,0.2334856417551191,0.09573857733562492,0.26845125816448123,0.876,0.43254410745591026,raw_delta,value_3h,resid
triploid,perf_composite,raw_rfu|late_early_auc_ratio|resid,52,0.2327597354073069,0.09680445506494038,0.26845125816448123,0.88,0.43254410745591026,raw_rfu,late_early_auc_ratio,resid
triploid,perf_composite,raw_delta_mm|auc_late|resid,52,0.231094420844679,0.09928446296872036,0.26845125816448123,0.885,0.43254410745591026,raw_delta_mm,auc_late,resid
triploid,perf_composite,raw_rfu|value_3h|resid,52,0.2301550126298632,0.10070496578962973,0.26845125816448123,0.893,0.43254410745591026,raw_rfu,value_3h,resid
triploid,perf_composite,raw_delta|late_early_auc_ratio|resid,52,0.2298988103894589,0.10109508791924182,0.26845125816448123,0.894,0.43254410745591026,raw_delta,late_early_auc_ratio,resid
triploid,perf_composite,raw_delta_mm|value_3h|none,52,0.22904480292144455,0.10240392938154202,0.26845125816448123,0.895,0.43254410745591026,raw_delta_mm,value_3h,none
triploid,perf_composite,raw_delta_mm|value_3h|resid,52,0.22878860068104026,0.10279911996050005,0.26845125816448123,0.897,0.43254410745591026,raw_delta_mm,value_3h,resid
triploid,perf_composite,fc_corr|late_early_auc_ratio|resid,52,0.22853239844063597,0.10319548559734021,0.26845125816448123,0.898,0.43254410745591026,fc_corr,late_early_auc_ratio,resid
triploid,perf_composite,raw_rfu|final_delta|none,52,0.22806269433322807,0.10392521454158557,0.26845125816448123,0.898,0.43254410745591026,raw_rfu,final_delta,none
triploid,perf_composite,raw_delta|auc_late|resid,52,0.22755028985241946,0.10472580928570965,0.26845125816448123,0.898,0.43254410745591026,raw_delta,auc_late,resid
triploid,perf_composite,raw_rfu|final_value|none,52,0.2270805857450116,0.10546385077409406,0.26845125816448123,0.9,0.43254410745591026,raw_rfu,final_value,none
triploid,perf_composite,fc_corr|auc_0_3h|resid,52,0.2268243835046073,0.1058681018113447,0.26845125816448123,0.9,0.43254410745591026,fc_corr,auc_0_3h,resid
triploid,perf_composite,raw_rfu|auc_late|resid,52,0.22550067192918508,0.1079757425102415,0.27137266259211135,0.903,0.43254410745591026,raw_rfu,auc_late,resid
triploid,perf_composite,fc_corr_mm|auc_0_3h|resid,52,0.22285324877834062,0.11228746969171408,0.2785005970947777,0.915,0.43254410745591026,fc_corr_mm,auc_0_3h,resid
triploid,perf_composite,raw_rfu|peak_value|none,52,0.22234084429753204,0.11313699373679026,0.2785005970947777,0.917,0.43254410745591026,raw_rfu,peak_value,none
triploid,perf_composite,raw_rfu|time_to_peak|resid,52,-0.22178573944332272,0.11406284299655306,0.2785005970947777,0.917,0.43254410745591026,raw_rfu,time_to_peak,resid
triploid,perf_composite,fc_corr|t_half|resid,52,0.22093173197530838,0.11549850472292511,0.2785005970947777,0.92,0.43254410745591026,fc_corr,t_half,resid
triploid,perf_composite,raw_rfu|mean_rate|none,52,0.22080363085510624,0.11571503682106962,0.2785005970947777,0.92,0.43254410745591026,raw_rfu,mean_rate,none
triploid,perf_composite,raw_rfu|metabolic_scope|none,52,0.21986422264029046,0.11731240452754968,0.2794796321692241,0.923,0.43254410745591026,raw_rfu,metabolic_scope,none
triploid,perf_composite,raw_rfu|lin_r2|none,52,0.21883941367867327,0.11907406863547927,0.2794796321692241,0.929,0.43254410745591026,raw_rfu,lin_r2,none
triploid,perf_composite,fc_corr|lin_r2|none,52,0.21883941367867327,0.11907406863547927,0.2794796321692241,0.929,0.43254410745591026,fc_corr,lin_r2,none
triploid,perf_composite,raw_rfu|t_half|resid,52,0.21824160845106325,0.1201109485397104,0.2796025359448996,0.932,0.43254410745591026,raw_rfu,t_half,resid
triploid,perf_composite,raw_delta|auc_late|none,52,0.21657629388843527,0.12303554574981639,0.2812031774191155,0.936,0.43254410745591026,raw_delta,auc_late,none
triploid,perf_composite,fc_corr_mm|depression_abs|none,52,0.21339451402834836,0.12877282797643944,0.2812031774191155,0.944,0.43254410745591026,fc_corr_mm,depression_abs,none
triploid,perf_composite,raw_rfu|metabolic_depression_index|none,52,0.21280947080962773,0.12984934359881137,0.2812031774191155,0.949,0.43254410745591026,raw_rfu,metabolic_depression_index,none
triploid,perf_composite,raw_rfu|resilience_ratio|none,52,-0.21280947080962773,0.12984934359881137,0.2812031774191155,0.949,0.43254410745591026,raw_rfu,resilience_ratio,none
triploid,perf_composite,raw_delta|resilience_ratio|none,52,-0.21280947080962773,0.12984934359881137,0.2812031774191155,0.949,0.43254410745591026,raw_delta,resilience_ratio,none
triploid,perf_composite,fc_corr|metabolic_depression_index|none,52,0.21280947080962773,0.12984934359881137,0.2812031774191155,0.949,0.43254410745591026,fc_corr,metabolic_depression_index,none
triploid,perf_composite,fc_corr|resilience_ratio|none,52,-0.21280947080962773,0.12984934359881137,0.2812031774191155,0.949,0.43254410745591026,fc_corr,resilience_ratio,none
triploid,perf_composite,raw_rfu|stability_cv|resid,52,0.2125197584153672,0.13038493342037188,0.2812031774191155,0.949,0.43254410745591026,raw_rfu,stability_cv,resid
triploid,perf_composite,raw_delta|value_4h|none,52,0.21222085580156216,0.1309392533083905,0.2812031774191155,0.95,0.43254410745591026,raw_delta,value_4h,none
triploid,perf_composite,raw_rfu|value_4h|none,52,0.21183655244095573,0.13165455184486224,0.2812031774191155,0.95,0.43254410745591026,raw_rfu,value_4h,none
triploid,perf_composite,raw_delta_mm|depression_abs|none,52,0.21178564517686663,0.13174952465271614,0.2812031774191155,0.95,0.43254410745591026,raw_delta_mm,depression_abs,none
triploid,perf_composite,fc_corr|depression_abs|none,52,0.21095683395034573,0.13330300925320301,0.2812031774191155,0.954,0.43254410745591026,fc_corr,depression_abs,none
triploid,perf_composite,raw_rfu|depression_abs|none,52,0.21076181954410553,0.13367052447739644,0.2812031774191155,0.954,0.43254410745591026,raw_rfu,depression_abs,none
triploid,perf_composite,raw_rfu|auc_late|none,52,0.2051325938170432,0.14460967122828863,0.3019790193296616,0.961,0.43254410745591026,raw_rfu,auc_late,none
triploid,perf_composite,fc_corr|sat_asymptote|resid,49,0.20347547306962552,0.16083232320548846,0.3267241595176939,0.965,0.43254410745591026,fc_corr,sat_asymptote,resid
triploid,perf_composite,fc_corr_mm|value_2h|none,52,0.20000854900895718,0.1551331086056904,0.3215898017811393,0.966,0.43254410745591026,fc_corr_mm,value_2h,none
triploid,perf_composite,raw_delta|value_3h|none,52,0.19885563892713784,0.15757666544934024,0.32428821005516395,0.966,0.43254410745591026,raw_delta,value_3h,none
triploid,perf_composite,raw_delta_mm|value_2h|resid,52,0.19714762399110916,0.16124855134001945,0.3267241595176939,0.968,0.43254410745591026,raw_delta_mm,value_2h,resid
triploid,perf_composite,raw_rfu|time_to_vmax|none,52,0.19619723477533413,0.1633186303156382,0.3267241595176939,0.97,0.43254410745591026,raw_rfu,time_to_vmax,none
triploid,perf_composite,raw_delta_mm|auc_total|resid,52,0.19582391241568695,0.16413706946616408,0.3267241595176939,0.971,0.43254410745591026,raw_delta_mm,auc_total,resid
triploid,perf_composite,raw_rfu|value_3h|none,52,0.19565311092208407,0.16451251694024727,0.3267241595176939,0.972,0.43254410745591026,raw_rfu,value_3h,none
triploid,perf_composite,raw_delta|stability_cv|resid,52,0.19334729075844537,0.16964258321127518,0.33226547332415274,0.974,0.43254410745591026,raw_delta,stability_cv,resid
triploid,perf_composite,fc_corr|stability_cv|resid,52,0.19334729075844537,0.16964258321127518,0.33226547332415274,0.974,0.43254410745591026,fc_corr,stability_cv,resid
triploid,perf_composite,fc_corr|auc_total|none,52,0.19193817843622174,0.172834324825019,0.33619827568702326,0.975,0.43254410745591026,fc_corr,auc_total,none
triploid,perf_composite,raw_delta|auc_total|resid,52,0.19027286387359377,0.1766622416076859,0.34130664365022306,0.975,0.43254410745591026,raw_delta,auc_total,resid
triploid,perf_composite,fc_corr|metabolic_depression_index|resid,52,0.1890772534183737,0.17944801560589432,0.34203514383942274,0.976,0.43254410745591026,fc_corr,metabolic_depression_index,resid
triploid,perf_composite,fc_corr|resilience_ratio|resid,52,-0.1890772534183737,0.17944801560589432,0.34203514383942274,0.976,0.43254410745591026,fc_corr,resilience_ratio,resid
triploid,perf_composite,fc_corr|lin_r2|resid,52,0.18587472541331995,0.18706561067290328,0.3475500044546789,0.977,0.43254410745591026,fc_corr,lin_r2,resid
triploid,perf_composite,raw_rfu|lin_r2|resid,52,0.18502071794530559,0.18913550741442542,0.3475500044546789,0.979,0.43254410745591026,raw_rfu,lin_r2,resid
triploid,perf_composite,raw_rfu|metabolic_depression_index|resid,52,0.18497801757190488,0.18923943024147805,0.3475500044546789,0.979,0.43254410745591026,raw_rfu,metabolic_depression_index,resid
triploid,perf_composite,raw_delta|resilience_ratio|resid,52,-0.18497801757190488,0.18923943024147805,0.3475500044546789,0.979,0.43254410745591026,raw_delta,resilience_ratio,resid
triploid,perf_composite,raw_rfu|auc_total|resid,52,0.18480721607830203,0.18965552965541246,0.3475500044546789,0.98,0.43254410745591026,raw_rfu,auc_total,resid
triploid,perf_composite,raw_delta|value_2h|resid,52,0.18476451570490132,0.18975965656493443,0.3475500044546789,0.98,0.43254410745591026,raw_delta,value_2h,resid
triploid,perf_composite,raw_rfu|resilience_ratio|resid,52,-0.18429481159749342,0.19090774892580953,0.3475500044546789,0.981,0.43254410745591026,raw_rfu,resilience_ratio,resid
triploid,perf_composite,raw_delta_mm|auc_total|none,52,0.1837397067432841,0.19227096617891526,0.34780225729179576,0.981,0.43254410745591026,raw_delta_mm,auc_total,none
triploid,perf_composite,fc_corr|value_2h|none,52,0.1829283996486705,0.19427582035387556,0.34920463911709276,0.981,0.43254410745591026,fc_corr,value_2h,none
triploid,perf_composite,raw_delta|auc_0_3h|resid,52,0.1793415682830103,0.2033176345741397,0.3610829861770413,0.984,0.43254410745591026,raw_delta,auc_0_3h,resid
triploid,perf_composite,raw_rfu|value_2h|resid,52,0.17929886790960956,0.2034270344659388,0.3610829861770413,0.984,0.43254410745591026,raw_rfu,value_2h,resid
triploid,perf_composite,raw_rfu|baseline_value|none,52,-0.17729195035977588,0.20861578374396011,0.3679930595235073,0.986,0.43254410745591026,raw_rfu,baseline_value,none
triploid,perf_composite,fc_corr_mm|auc_0_3h|none,52,0.1732781152601085,0.219270695073832,0.3844004777837549,0.989,0.43254410745591026,fc_corr_mm,auc_0_3h,none
triploid,perf_composite,raw_rfu|auc_0_3h|resid,52,0.16981938501465046,0.2287511765613116,0.3985603321681748,0.991,0.43254410745591026,raw_rfu,auc_0_3h,resid
triploid,perf_composite,raw_rfu|time_to_peak|none,52,-0.16660745540708569,0.23780519319649973,0.4096869619722145,0.992,0.43254410745591026,raw_rfu,time_to_peak,none
triploid,perf_composite,raw_rfu|depression_abs|resid,52,0.16653145626279525,0.2380223546669556,0.4096869619722145,0.992,0.43254410745591026,raw_rfu,depression_abs,resid
triploid,perf_composite,raw_rfu|inflection_time|resid,52,0.16572014916818165,0.2403490620312687,0.41119960010168866,0.993,0.43254410745591026,raw_rfu,inflection_time,resid
triploid,perf_composite,raw_rfu|sat_asymptote|resid,49,0.16433183428246653,0.25918553548097306,0.4375738223950672,0.993,0.43254410745591026,raw_rfu,sat_asymptote,resid
triploid,perf_composite,raw_delta_mm|auc_0_3h|resid,52,0.16418293572575585,0.24480006053101788,0.41630668976532387,0.993,0.43254410745591026,raw_delta_mm,auc_0_3h,resid
triploid,perf_composite,fc_corr_mm|sat_asymptote|resid,49,0.16392355643331757,0.26038723938298014,0.4375738223950672,0.993,0.43254410745591026,fc_corr_mm,sat_asymptote,resid
triploid,perf_composite,fc_corr|depression_abs|resid,52,0.15521585731160534,0.27187963684221955,0.4541989227246491,0.997,0.43254410745591026,fc_corr,depression_abs,resid
triploid,perf_composite,fc_corr|vmax|resid,52,0.15453265133719385,0.27402129528532043,0.45509969509374854,0.997,0.43254410745591026,fc_corr,vmax,resid
triploid,perf_composite,fc_corr|rate_last_first_ratio|resid,52,-0.15162902594594513,0.28324777939346785,0.4659036715087444,0.997,0.43254410745591026,fc_corr,rate_last_first_ratio,resid
triploid,perf_composite,raw_delta_mm|value_2h|none,52,0.1512874229587394,0.28434650527251937,0.4659036715087444,0.997,0.43254410745591026,raw_delta_mm,value_2h,none
triploid,perf_composite,raw_rfu|rate_last_first_ratio|resid,52,-0.15094581997153367,0.28544802409338565,0.4659036715087444,0.997,0.43254410745591026,raw_rfu,rate_last_first_ratio,resid
triploid,perf_composite,fc_corr|auc_0_2h|resid,52,0.1477432919664799,0.29591066725774173,0.47908818053001345,0.997,0.43254410745591026,fc_corr,auc_0_2h,resid
triploid,perf_composite,fc_corr|auc_early|resid,52,0.14744438935267487,0.29689971751155764,0.47908818053001345,0.997,0.43254410745591026,fc_corr,auc_early,resid
triploid,perf_composite,fc_corr|auc_0_3h|none,52,0.14513856918903617,0.3046015048493443,0.48873913772437166,0.998,0.43254410745591026,fc_corr,auc_0_3h,none
triploid,perf_composite,raw_delta_mm|sat_asymptote|resid,49,0.14162137892355425,0.33171684614184416,0.5233754683571319,0.999,0.43254410745591026,raw_delta_mm,sat_asymptote,resid
triploid,perf_composite,raw_rfu|time_to_min_slope|none,52,0.13947375717305943,0.32406376449485297,0.5170455568344845,0.999,0.43254410745591026,raw_rfu,time_to_min_slope,none
triploid,perf_composite,raw_delta|auc_total|none,52,0.13809300757791793,0.3289239520834377,0.5218681697860129,0.999,0.43254410745591026,raw_delta,auc_total,none
triploid,perf_composite,raw_rfu|auc_total|none,52,0.13433537471865484,0.34238122398786575,0.5372169481356568,0.999,0.43254410745591026,raw_rfu,auc_total,none
triploid,perf_composite,raw_rfu|baseline_value|resid,52,-0.1324565582890233,0.34923601812903937,0.5449616986189406,0.999,0.43254410745591026,raw_rfu,baseline_value,resid
triploid,perf_composite,raw_rfu|rate_last_first_ratio|none,52,-0.1295529328977746,0.359994644424133,0.5586802132046653,0.999,0.43254410745591026,raw_rfu,rate_last_first_ratio,none
triploid,perf_composite,fc_corr|rate_last_first_ratio|none,52,-0.12874162580316095,0.3630364133003383,0.5603388118331308,0.999,0.43254410745591026,fc_corr,rate_last_first_ratio,none
triploid,perf_composite,fc_corr_mm|vmax|resid,52,0.1278449179617459,0.3664164549710157,0.5624987741176674,0.999,0.43254410745591026,fc_corr_mm,vmax,resid
triploid,perf_composite,fc_corr_mm|auc_early|resid,52,0.12062855485702477,0.3943050865543535,0.6020572289324537,1,0.43254410745591026,fc_corr_mm,auc_early,resid
triploid,perf_composite,raw_rfu|n_negative_intervals|resid,52,0.11520560743513374,0.4160589365051922,0.6318756041041422,1,0.43254410745591026,raw_rfu,n_negative_intervals,resid
triploid,perf_composite,fc_corr_mm|auc_0_2h|resid,52,0.11443700071392085,0.41919674772216886,0.6332546614526381,1,0.43254410745591026,fc_corr_mm,auc_0_2h,resid
triploid,perf_composite,raw_delta_mm|auc_0_3h|none,52,0.11349759249910508,0.4230501151187065,0.6356943528767864,1,0.43254410745591026,raw_delta_mm,auc_0_3h,none
triploid,perf_composite,fc_corr_mm|vmax|none,52,0.11221658129708358,0.4283369735049737,0.6402510551337501,1,0.43254410745591026,fc_corr_mm,vmax,none
triploid,perf_composite,raw_delta_mm|depression_abs|resid,52,0.11114907196206567,0.43277101664725814,0.6434919828681744,1,0.43254410745591026,raw_delta_mm,depression_abs,resid
triploid,perf_composite,raw_delta|value_2h|none,52,0.10858704955802265,0.443517140609912,0.6560357704854949,1,0.43254410745591026,raw_delta,value_2h,none
triploid,perf_composite,fc_corr_mm|depression_abs|resid,52,0.10312140176273091,0.4669287819190201,0.6870869122538948,1,0.43254410745591026,fc_corr_mm,depression_abs,resid
triploid,perf_composite,raw_rfu|value_2h|none,52,0.10222469392131586,0.47083218740760824,0.6892594908441275,1,0.43254410745591026,raw_rfu,value_2h,none
triploid,perf_composite,raw_rfu|rate_h4|resid,52,-0.09786925583444275,0.49003754556612655,0.7136957073886151,1,0.43254410745591026,raw_rfu,rate_h4,resid
triploid,perf_composite,fc_corr|rate_h4|none,52,-0.09586233828460908,0.4990225872454853,0.7230735447842747,1,0.43254410745591026,fc_corr,rate_h4,none
triploid,perf_composite,raw_rfu|rate_h4|none,52,-0.09317221476036391,0.5111981542491788,0.7369557147551614,1,0.43254410745591026,raw_rfu,rate_h4,none
triploid,perf_composite,raw_delta|auc_0_3h|none,52,0.092104705425346,0.5160710736007326,0.738937441825135,1,0.43254410745591026,raw_delta,auc_0_3h,none
triploid,perf_composite,raw_delta_mm|rate_h4|none,52,-0.09120799758393094,0.5201822999370165,0.738937441825135,1,0.43254410745591026,raw_delta_mm,rate_h4,none
triploid,perf_composite,raw_rfu|vmax|resid,52,0.09116529721053022,0.5203784801585458,0.738937441825135,1,0.43254410745591026,raw_rfu,vmax,resid
triploid,perf_composite,fc_corr|rate_h4|resid,52,-0.08962808376810442,0.527465505416036,0.7406164973110148,1,0.43254410745591026,fc_corr,rate_h4,resid
triploid,perf_composite,raw_delta|auc_early|resid,52,0.0885178740596858,0.5326134243574443,0.7406164973110148,1,0.43254410745591026,raw_delta,auc_early,resid
triploid,perf_composite,raw_rfu|n_negative_intervals|none,52,0.08851669667324183,0.5326188968247489,0.7406164973110148,1,0.43254410745591026,raw_rfu,n_negative_intervals,none
triploid,perf_composite,fc_corr_mm|rate_h4|none,52,-0.08830437219268221,0.5336062274423903,0.7406164973110148,1,0.43254410745591026,fc_corr_mm,rate_h4,none
triploid,perf_composite,fc_corr|quad_coef|resid,52,-0.08809087032567862,0.5345999364392888,0.7406164973110148,1,0.43254410745591026,fc_corr,quad_coef,resid
triploid,perf_composite,raw_rfu|auc_0_3h|none,52,0.08745036472466787,0.537586484866045,0.7411386490386251,1,0.43254410745591026,raw_rfu,auc_0_3h,none
triploid,perf_composite,fc_corr|vmax|none,52,0.08685255949705784,0.5403812410594004,0.7413926205839118,1,0.43254410745591026,fc_corr,vmax,none
triploid,perf_composite,raw_delta_mm|vmax|resid,52,0.08493104269402559,0.5494118200545621,0.7501584466129598,1,0.43254410745591026,raw_delta_mm,vmax,resid
triploid,perf_composite,raw_rfu|auc_early|resid,52,0.08360733111860337,0.5556745650311823,0.7533746548009906,1,0.43254410745591026,raw_rfu,auc_early,resid
triploid,perf_composite,raw_rfu|auc_0_1h|none,52,-0.08262522253038687,0.5603428457229394,0.7533746548009906,1,0.43254410745591026,raw_rfu,auc_0_1h,none
triploid,perf_composite,fc_corr_mm|auc_early|none,52,0.08262522253038687,0.5603428457229394,0.7533746548009906,1,0.43254410745591026,fc_corr_mm,auc_early,none
triploid,perf_composite,raw_delta_mm|auc_early|resid,52,0.0821982187963797,0.562378263442993,0.7533746548009906,1,0.43254410745591026,raw_delta_mm,auc_early,resid
triploid,perf_composite,raw_rfu|value_1h|none,52,-0.08142961207516682,0.566050714693896,0.754734286258528,1,0.43254410745591026,raw_rfu,value_1h,none
triploid,perf_composite,raw_rfu|initial_slope|none,52,-0.07912379191152812,0.5771345140666606,0.7607236215557491,1,0.43254410745591026,raw_rfu,initial_slope,none
triploid,perf_composite,raw_delta|auc_0_1h|none,52,-0.07912379191152812,0.5771345140666606,0.7607236215557491,1,0.43254410745591026,raw_delta,auc_0_1h,none
triploid,perf_composite,raw_delta_mm|rate_h4|resid,52,-0.07882488929772309,0.5785785290705697,0.7607236215557491,1,0.43254410745591026,raw_delta_mm,rate_h4,resid
triploid,perf_composite,raw_delta_mm|initial_slope|none,52,-0.07750117772230086,0.5849931555526137,0.7621011751235884,1,0.43254410745591026,raw_delta_mm,initial_slope,none
triploid,perf_composite,raw_delta_mm|auc_0_1h|none,52,-0.07750117772230086,0.5849931555526137,0.7621011751235884,1,0.43254410745591026,raw_delta_mm,auc_0_1h,none
triploid,perf_composite,raw_delta|auc_0_2h|resid,52,0.07570776203947077,0.5937346838706188,0.7699573069372407,1,0.43254410745591026,raw_delta,auc_0_2h,resid
triploid,perf_composite,raw_rfu|auc_0_2h|resid,52,0.07446945121084998,0.5998041116002824,0.7742925804294555,1,0.43254410745591026,raw_rfu,auc_0_2h,resid
triploid,perf_composite,fc_corr_mm|quad_coef|resid,52,-0.07314573963542777,0.6063220528107347,0.7791649909423016,1,0.43254410745591026,fc_corr_mm,quad_coef,resid
triploid,perf_composite,fc_corr_mm|rate_h4|resid,52,-0.06802169482734176,0.6318367764106454,0.8082956959487536,1,0.43254410745591026,fc_corr_mm,rate_h4,resid
triploid,perf_composite,raw_delta_mm|auc_0_2h|resid,52,0.06691148511892313,0.6374228480723929,0.8117851518051998,1,0.43254410745591026,raw_delta_mm,auc_0_2h,resid
triploid,perf_composite,fc_corr|sat_r2|resid,49,0.06333410134923634,0.6655028239871585,0.8362955841254558,1,0.43254410745591026,fc_corr,sat_r2,resid
triploid,perf_composite,fc_corr|min_slope|none,52,-0.062342545165046434,0.6606197405218253,0.8349514798775256,1,0.43254410745591026,fc_corr,min_slope,none
triploid,perf_composite,fc_corr_mm|auc_0_2h|none,52,0.06217174367144357,0.6614932499029693,0.8349514798775256,1,0.43254410745591026,fc_corr_mm,auc_0_2h,none
triploid,perf_composite,raw_rfu|sat_r2|resid,49,0.0612927121034914,0.6756790180217223,0.8416352680621453,1,0.43254410745591026,raw_rfu,sat_r2,resid
triploid,perf_composite,raw_delta_mm|rate_h3|resid,52,-0.05978052276100342,0.6737688629805985,0.8416352680621453,1,0.43254410745591026,raw_delta_mm,rate_h3,resid
triploid,perf_composite,raw_rfu|min_slope|none,52,-0.05867031305258479,0.6794972600124174,0.842695291893129,1,0.43254410745591026,raw_rfu,min_slope,none
triploid,perf_composite,fc_corr|auc_early|none,52,0.05768820446436831,0.6845797018800936,0.8453071101475939,1,0.43254410745591026,fc_corr,auc_early,none
triploid,perf_composite,raw_delta_mm|quad_coef|resid,52,-0.05615099102194251,0.6925626307392112,0.8514622819477747,1,0.43254410745591026,raw_delta_mm,quad_coef,resid
triploid,perf_composite,fc_corr_mm|rate_h3|resid,52,-0.054442976085913836,0.7014715123722552,0.8558288847364361,1,0.43254410745591026,fc_corr_mm,rate_h3,resid
triploid,perf_composite,raw_rfu|time_to_min_slope|resid,52,0.05431487496571169,0.7021413033224987,0.8558288847364361,1,0.43254410745591026,raw_rfu,time_to_min_slope,resid
triploid,perf_composite,raw_rfu|quad_coef|resid,52,-0.053119264510491614,0.7084034448289545,0.8597717022710387,1,0.43254410745591026,raw_rfu,quad_coef,resid
triploid,perf_composite,raw_delta_mm|vmax|none,52,0.05047184135964718,0.7223373029226465,0.8696416238243131,1,0.43254410745591026,raw_delta_mm,vmax,none
triploid,perf_composite,raw_delta_mm|min_slope|none,52,-0.050002137252239294,0.7248189464862766,0.8696416238243131,1,0.43254410745591026,raw_delta_mm,min_slope,none
triploid,perf_composite,fc_corr|auc_0_2h|none,52,0.04983133575863643,0.7257220593181768,0.8696416238243131,1,0.43254410745591026,fc_corr,auc_0_2h,none
triploid,perf_composite,fc_corr_mm|min_slope|none,52,-0.04799521970240561,0.7354536558198129,0.8776001607261633,1,0.43254410745591026,fc_corr_mm,min_slope,none
triploid,perf_composite,fc_corr_mm|quad_coef|none,52,-0.04586020103236977,0.7468213597145975,0.8874362600792707,1,0.43254410745591026,fc_corr_mm,quad_coef,none
triploid,perf_composite,raw_rfu|rate_h3|resid,52,-0.043725182362333935,0.7582427274909215,0.8972538941975904,1,0.43254410745591026,raw_rfu,rate_h3,resid
triploid,perf_composite,fc_corr|rate_h3|resid,52,-0.0408215569710852,0.7738578181831413,0.9119320347054445,1,0.43254410745591026,fc_corr,rate_h3,resid
triploid,perf_composite,raw_delta_mm|max_drop|resid,52,-0.03992484912967014,0.7786984342888996,0.9138444435456509,1,0.43254410745591026,raw_delta_mm,max_drop,resid
triploid,perf_composite,fc_corr|max_drop|none,52,0.0373832556926888,0.792463220160517,0.9175224299483391,1,0.43254410745591026,fc_corr,max_drop,none
triploid,perf_composite,fc_corr_mm|max_drop|none,52,0.037109385687614155,0.7939502795197807,0.9175224299483391,1,0.43254410745591026,fc_corr_mm,max_drop,none
triploid,perf_composite,raw_rfu|max_drop|none,52,0.03692680568423106,0.7949420564090672,0.9175224299483391,1,0.43254410745591026,raw_rfu,max_drop,none
triploid,perf_composite,fc_corr|initial_slope|none,52,-0.03467270320138199,0.8072123860631306,0.9175224299483391,1,0.43254410745591026,fc_corr,initial_slope,none
triploid,perf_composite,fc_corr|auc_0_1h|none,52,-0.03467270320138199,0.8072123860631306,0.9175224299483391,1,0.43254410745591026,fc_corr,auc_0_1h,none
triploid,perf_composite,fc_corr|initial_slope|resid,52,0.034630002827981274,0.8074452824445852,0.9175224299483391,1,0.43254410745591026,fc_corr,initial_slope,resid
triploid,perf_composite,fc_corr|auc_0_1h|resid,52,0.034630002827981274,0.8074452824445852,0.9175224299483391,1,0.43254410745591026,fc_corr,auc_0_1h,resid
triploid,perf_composite,raw_rfu|vmax|none,52,0.034587302454580554,0.8076781953770591,0.9175224299483391,1,0.43254410745591026,raw_rfu,vmax,none
triploid,perf_composite,raw_delta_mm|max_drop|none,52,0.03254488560303677,0.818837691142203,0.9263447857988083,1,0.43254410745591026,raw_delta_mm,max_drop,none
triploid,perf_composite,raw_rfu|quad_coef|none,52,0.031171272582523217,0.8263631405406383,0.9263447857988083,1,0.43254410745591026,raw_rfu,quad_coef,none
triploid,perf_composite,fc_corr_mm|max_drop|resid,52,-0.03070156847511533,0.828940040809403,0.9263447857988083,1,0.43254410745591026,fc_corr_mm,max_drop,resid
triploid,perf_composite,raw_delta_mm|initial_slope|resid,52,-0.030189163994306732,0.8317532407700567,0.9263447857988083,1,0.43254410745591026,raw_delta_mm,initial_slope,resid
triploid,perf_composite,raw_delta_mm|auc_0_1h|resid,52,-0.030189163994306732,0.8317532407700567,0.9263447857988083,1,0.43254410745591026,raw_delta_mm,auc_0_1h,resid
triploid,perf_composite,fc_corr_mm|rate_h3|none,52,0.019556771017528264,0.890548042610284,0.9797487176940165,1,0.43254410745591026,fc_corr_mm,rate_h3,none
triploid,perf_composite,raw_delta|auc_early|none,52,0.01908706691012038,0.8931613221415078,0.9797487176940165,1,0.43254410745591026,raw_delta,auc_early,none
triploid,perf_composite,raw_delta_mm|auc_early|none,52,0.01883086466971608,0.8945872233506761,0.9797487176940165,1,0.43254410745591026,raw_delta_mm,auc_early,none
triploid,perf_composite,fc_corr|rate_h3|none,52,0.018275759815506762,0.8976778033898376,0.9797487176940165,1,0.43254410745591026,fc_corr,rate_h3,none
triploid,perf_composite,raw_rfu|value_1h|resid,52,-0.017037448986885976,0.9045775340258447,0.9797487176940165,1,0.43254410745591026,raw_rfu,value_1h,resid
triploid,perf_composite,raw_rfu|time_to_vmax|resid,52,0.016738546373080962,0.9062440529234673,0.9797487176940165,1,0.43254410745591026,raw_rfu,time_to_vmax,resid
triploid,perf_composite,raw_delta_mm|min_slope|resid,52,-0.016695845999680242,0.9064821599004121,0.9797487176940165,1,0.43254410745591026,raw_delta_mm,min_slope,resid
triploid,perf_composite,raw_rfu|initial_slope|resid,52,-0.015201332930655159,0.9148208918306235,0.9797487176940165,1,0.43254410745591026,raw_rfu,initial_slope,resid
triploid,perf_composite,raw_delta|auc_0_1h|resid,52,-0.015201332930655159,0.9148208918306235,0.9797487176940165,1,0.43254410745591026,raw_delta,auc_0_1h,resid
triploid,perf_composite,raw_rfu|min_slope|resid,52,-0.014518126956243691,0.9186359679005467,0.9797487176940165,1,0.43254410745591026,raw_rfu,min_slope,resid
triploid,perf_composite,raw_rfu|auc_0_1h|resid,52,-0.014347325462640823,0.9195900241626787,0.9797487176940165,1,0.43254410745591026,raw_rfu,auc_0_1h,resid
triploid,perf_composite,raw_delta_mm|rate_h3|none,52,0.013621419114828639,0.9236459995806918,0.9797487176940165,1,0.43254410745591026,raw_delta_mm,rate_h3,none
triploid,perf_composite,fc_corr_mm|initial_slope|none,52,-0.012596610153211436,0.9293753373446629,0.9797487176940165,1,0.43254410745591026,fc_corr_mm,initial_slope,none
triploid,perf_composite,fc_corr_mm|auc_0_1h|none,52,-0.012596610153211436,0.9293753373446629,0.9797487176940165,1,0.43254410745591026,fc_corr_mm,auc_0_1h,none
triploid,perf_composite,fc_corr|quad_coef|none,52,-0.011956104552200687,0.9329579952908111,0.9797487176940165,1,0.43254410745591026,fc_corr,quad_coef,none
triploid,perf_composite,fc_corr|min_slope|resid,52,-0.0109739959639842,0.9384539385071853,0.9797487176940165,1,0.43254410745591026,fc_corr,min_slope,resid
triploid,perf_composite,fc_corr|max_drop|resid,52,0.010504291856576316,0.9410834540956803,0.9797487176940165,1,0.43254410745591026,fc_corr,max_drop,resid
triploid,perf_composite,raw_rfu|auc_early|none,52,0.010376190736374167,0.9418007039805157,0.9797487176940165,1,0.43254410745591026,raw_rfu,auc_early,none
triploid,perf_composite,fc_corr_mm|min_slope|resid,52,-0.006490456756908944,0.9635764179645884,0.9876578407125572,1,0.43254410745591026,fc_corr_mm,min_slope,resid
triploid,perf_composite,raw_rfu|max_drop|resid,52,0.0064050560101075104,0.9640553590179436,0.9876578407125572,1,0.43254410745591026,raw_rfu,max_drop,resid
triploid,perf_composite,raw_rfu|auc_0_2h|none,52,0.00614885376970321,0.9654922569626028,0.9876578407125572,1,0.43254410745591026,raw_rfu,auc_0_2h,none
triploid,perf_composite,raw_rfu|sat_r2|none,49,-0.005766924619229416,0.9686299619349368,0.9876578407125572,1,0.43254410745591026,raw_rfu,sat_r2,none
triploid,perf_composite,fc_corr|sat_r2|none,49,-0.005766924619229416,0.9686299619349368,0.9876578407125572,1,0.43254410745591026,fc_corr,sat_r2,none
triploid,perf_composite,raw_rfu|rate_h3|none,52,0.00431273771347239,0.9757929334576604,0.9876578407125572,1,0.43254410745591026,raw_rfu,rate_h3,none
triploid,perf_composite,raw_delta_mm|auc_0_2h|none,52,0.004141936219869523,0.9767513606102318,0.9876578407125572,1,0.43254410745591026,raw_delta_mm,auc_0_2h,none
triploid,perf_composite,raw_delta|auc_0_2h|none,52,0.003245228378454472,0.9817836059609837,0.9876578407125572,1,0.43254410745591026,raw_delta,auc_0_2h,none
triploid,perf_composite,fc_corr_mm|initial_slope|resid,52,0.002818224644447305,0.984180172259344,0.9876578407125572,1,0.43254410745591026,fc_corr_mm,initial_slope,resid
triploid,perf_composite,fc_corr_mm|auc_0_1h|resid,52,0.002818224644447305,0.984180172259344,0.9876578407125572,1,0.43254410745591026,fc_corr_mm,auc_0_1h,resid
triploid,perf_composite,raw_delta_mm|quad_coef|none,52,4.697041074078841e-4,0.997363199165992,0.997363199165992,1,0.43254410745591026,raw_delta_mm,quad_coef,none
diploid,yield_dtw,fc_corr|initial_slope|resid,80,0.22676657577893966,0.043096522008042655,0.9957923346610164,0.553,0.3479595525316766,fc_corr,initial_slope,resid
diploid,yield_dtw,fc_corr|auc_0_1h|resid,80,0.22676657577893966,0.043096522008042655,0.9957923346610164,0.553,0.3479595525316766,fc_corr,auc_0_1h,resid
diploid,yield_dtw,fc_corr_mm|initial_slope|resid,80,0.2125276897235123,0.05840158247747766,0.9957923346610164,0.656,0.3479595525316766,fc_corr_mm,initial_slope,resid
diploid,yield_dtw,fc_corr_mm|auc_0_1h|resid,80,0.2125276897235123,0.05840158247747766,0.9957923346610164,0.656,0.3479595525316766,fc_corr_mm,auc_0_1h,resid
diploid,yield_dtw,raw_delta_mm|initial_slope|resid,80,0.19111071613437688,0.08948249827408013,0.9957923346610164,0.81,0.3479595525316766,raw_delta_mm,initial_slope,resid
diploid,yield_dtw,raw_delta_mm|auc_0_1h|resid,80,0.19111071613437688,0.08948249827408013,0.9957923346610164,0.81,0.3479595525316766,raw_delta_mm,auc_0_1h,resid
diploid,yield_dtw,raw_rfu|initial_slope|none,80,0.18742784115793193,0.09595058461287494,0.9957923346610164,0.827,0.3479595525316766,raw_rfu,initial_slope,none
diploid,yield_dtw,raw_delta|auc_0_1h|none,80,0.18742784115793193,0.09595058461287494,0.9957923346610164,0.827,0.3479595525316766,raw_delta,auc_0_1h,none
diploid,yield_dtw,raw_rfu|value_1h|resid,80,0.18654817356801673,0.09754852520783376,0.9957923346610164,0.832,0.3479595525316766,raw_rfu,value_1h,resid
diploid,yield_dtw,raw_rfu|initial_slope|resid,80,0.1812467102261278,0.10762456811617639,0.9957923346610164,0.868,0.3479595525316766,raw_rfu,initial_slope,resid
diploid,yield_dtw,raw_delta|auc_0_1h|resid,80,0.1812467102261278,0.10762456811617639,0.9957923346610164,0.868,0.3479595525316766,raw_delta,auc_0_1h,resid
diploid,yield_dtw,raw_rfu|auc_0_1h|resid,80,0.18103559000454814,0.10804195381003626,0.9957923346610164,0.87,0.3479595525316766,raw_rfu,auc_0_1h,resid
diploid,yield_dtw,raw_rfu|value_1h|none,80,0.17818546701322288,0.11380042584567122,0.9957923346610164,0.881,0.3479595525316766,raw_rfu,value_1h,none
diploid,yield_dtw,fc_corr|vmax|resid,80,0.17684837227655179,0.11658230385139082,0.9957923346610164,0.886,0.3479595525316766,fc_corr,vmax,resid
diploid,yield_dtw,raw_rfu|auc_0_1h|none,80,0.17413899609961297,0.12237954963951114,0.9957923346610164,0.896,0.3479595525316766,raw_rfu,auc_0_1h,none
diploid,yield_dtw,fc_corr_mm|vmax|resid,80,0.170995650578316,0.12937930164780337,0.9957923346610164,0.908,0.3479595525316766,fc_corr_mm,vmax,resid
diploid,yield_dtw,raw_rfu|rate_h2|none,80,-0.168391834512167,0.1354051103810913,0.9957923346610164,0.917,0.3479595525316766,raw_rfu,rate_h2,none
diploid,yield_dtw,raw_delta_mm|rate_h2|none,80,-0.16725413109587667,0.13810378505452947,0.9957923346610164,0.921,0.3479595525316766,raw_delta_mm,rate_h2,none
diploid,yield_dtw,fc_corr|rate_h2|none,80,-0.1656003560268361,0.14209881922753884,0.9957923346610164,0.929,0.3479595525316766,fc_corr,rate_h2,none
diploid,yield_dtw,fc_corr|auc_0_2h|resid,80,0.16524848899087002,0.14295994401578044,0.9957923346610164,0.93,0.3479595525316766,fc_corr,auc_0_2h,resid
diploid,yield_dtw,fc_corr_mm|rate_h2|none,80,-0.16518984448487567,0.14310384578777752,0.9957923346610164,0.93,0.3479595525316766,fc_corr_mm,rate_h2,none
diploid,yield_dtw,fc_corr_mm|auc_0_2h|resid,80,0.16278541973910748,0.14909810816209151,0.9957923346610164,0.934,0.3479595525316766,fc_corr_mm,auc_0_2h,resid
diploid,yield_dtw,fc_corr|initial_slope|none,80,0.15995875455017997,0.1563830708910952,0.9957923346610164,0.945,0.3479595525316766,fc_corr,initial_slope,none
diploid,yield_dtw,fc_corr|auc_0_1h|none,80,0.15995875455017997,0.1563830708910952,0.9957923346610164,0.945,0.3479595525316766,fc_corr,auc_0_1h,none
diploid,yield_dtw,fc_corr|auc_early|resid,80,0.15818769046915068,0.1610804742626368,0.9957923346610164,0.949,0.3479595525316766,fc_corr,auc_early,resid
diploid,yield_dtw,fc_corr_mm|auc_early|resid,80,0.15744876969362193,0.1630709199975471,0.9957923346610164,0.95,0.3479595525316766,fc_corr_mm,auc_early,resid
diploid,yield_dtw,raw_delta_mm|auc_0_2h|resid,80,0.15597092814256439,0.1671062727323194,0.9957923346610164,0.952,0.3479595525316766,raw_delta_mm,auc_0_2h,resid
diploid,yield_dtw,raw_delta_mm|vmax|resid,80,0.15410603285194416,0.17230291136041703,0.9957923346610164,0.96,0.3479595525316766,raw_delta_mm,vmax,resid
diploid,yield_dtw,raw_rfu|baseline_value|none,80,-0.15228805316611943,0.1774819809768333,0.9957923346610164,0.961,0.3479595525316766,raw_rfu,baseline_value,none
diploid,yield_dtw,raw_delta_mm|auc_early|resid,80,0.1506108202946811,0.18236007795828352,0.9957923346610164,0.965,0.3479595525316766,raw_delta_mm,auc_early,resid
diploid,yield_dtw,fc_corr_mm|auc_0_3h|resid,80,0.14916816544722017,0.18663331050100118,0.9957923346610164,0.966,0.3479595525316766,fc_corr_mm,auc_0_3h,resid
diploid,yield_dtw,raw_rfu|vmax|resid,80,0.14561430838396278,0.1974685120529295,0.9957923346610164,0.973,0.3479595525316766,raw_rfu,vmax,resid
diploid,yield_dtw,raw_delta|auc_0_2h|resid,80,0.14488711650963285,0.19974014928659745,0.9957923346610164,0.974,0.3479595525316766,raw_delta,auc_0_2h,resid
diploid,yield_dtw,raw_rfu|auc_0_2h|resid,80,0.14146227735956302,0.2106905580453863,0.9957923346610164,0.977,0.3479595525316766,raw_rfu,auc_0_2h,resid
diploid,yield_dtw,raw_delta|auc_early|resid,80,0.13973812888332923,0.2163615942074509,0.9957923346610164,0.979,0.3479595525316766,raw_delta,auc_early,resid
diploid,yield_dtw,fc_corr|auc_0_3h|resid,80,0.1379084202963056,0.22249676961504275,0.9957923346610164,0.981,0.3479595525316766,fc_corr,auc_0_3h,resid
diploid,yield_dtw,raw_rfu|auc_early|resid,80,0.13682936138600962,0.22617168049361908,0.9957923346610164,0.984,0.3479595525316766,raw_rfu,auc_early,resid
diploid,yield_dtw,fc_corr_mm|auc_total|resid,80,0.1366534278680266,0.2267748543544748,0.9957923346610164,0.984,0.3479595525316766,fc_corr_mm,auc_total,resid
diploid,yield_dtw,raw_delta|auc_early|none,80,0.13664169896682773,0.226815105907708,0.9957923346610164,0.984,0.3479595525316766,raw_delta,auc_early,none
diploid,yield_dtw,fc_corr|auc_total|resid,80,0.13620772962246955,0.2283079272504452,0.9957923346610164,0.984,0.3479595525316766,fc_corr,auc_total,resid
diploid,yield_dtw,fc_corr_mm|initial_slope|none,80,0.13551572445173626,0.23070254331832157,0.9957923346610164,0.984,0.3479595525316766,fc_corr_mm,initial_slope,none
diploid,yield_dtw,fc_corr_mm|auc_0_1h|none,80,0.13551572445173626,0.23070254331832157,0.9957923346610164,0.984,0.3479595525316766,fc_corr_mm,auc_0_1h,none
diploid,yield_dtw,raw_delta|auc_0_2h|none,80,0.13468297246661656,0.23360733653798463,0.9957923346610164,0.985,0.3479595525316766,raw_delta,auc_0_2h,none
diploid,yield_dtw,fc_corr|rate_h2|resid,80,-0.134553954553429,0.23405963943560287,0.9957923346610164,0.985,0.3479595525316766,fc_corr,rate_h2,resid
diploid,yield_dtw,raw_rfu|auc_0_2h|none,80,0.13260695695441665,0.2409592581433197,0.9957923346610164,0.988,0.3479595525316766,raw_rfu,auc_0_2h,none
diploid,yield_dtw,raw_rfu|vmax|none,80,0.13135196452613768,0.24548033684717746,0.9957923346610164,0.988,0.3479595525316766,raw_rfu,vmax,none
diploid,yield_dtw,raw_delta_mm|initial_slope|none,80,0.13043711023262583,0.24881262052422595,0.9957923346610164,0.99,0.3479595525316766,raw_delta_mm,initial_slope,none
diploid,yield_dtw,raw_delta_mm|auc_0_1h|none,80,0.13043711023262583,0.24881262052422595,0.9957923346610164,0.99,0.3479595525316766,raw_delta_mm,auc_0_1h,none
diploid,yield_dtw,raw_rfu|rate_h2|resid,80,-0.12908828659475585,0.25378195785472973,0.9957923346610164,0.991,0.3479595525316766,raw_rfu,rate_h2,resid
diploid,yield_dtw,raw_rfu|auc_early|none,80,0.12786848087007346,0.2583339352795012,0.9957923346610164,0.992,0.3479595525316766,raw_rfu,auc_early,none
diploid,yield_dtw,fc_corr|rate_h3|none,80,0.12267257763897435,0.2783431479626764,0.9957923346610164,0.992,0.3479595525316766,fc_corr,rate_h3,none
diploid,yield_dtw,fc_corr_mm|rate_h2|resid,80,-0.12254355972578677,0.2788527999004227,0.9957923346610164,0.992,0.3479595525316766,fc_corr_mm,rate_h2,resid
diploid,yield_dtw,fc_corr|vmax|none,80,0.11832115529419382,0.295876077075767,0.9957923346610164,0.993,0.3479595525316766,fc_corr,vmax,none
diploid,yield_dtw,raw_delta_mm|auc_0_3h|resid,80,0.11540065889567537,0.30804140938545244,0.9957923346610164,0.994,0.3479595525316766,raw_delta_mm,auc_0_3h,resid
diploid,yield_dtw,fc_corr|auc_0_2h|none,80,0.11360613701224835,0.3156751844493943,0.9957923346610164,0.995,0.3479595525316766,fc_corr,auc_0_2h,none
diploid,yield_dtw,fc_corr|auc_early|none,80,0.11140110358686092,0.32522060654728935,0.9957923346610164,0.996,0.3479595525316766,fc_corr,auc_early,none
diploid,yield_dtw,raw_rfu|rate_h3|none,80,0.11076774292212198,0.32799606257443215,0.9957923346610164,0.996,0.3479595525316766,raw_rfu,rate_h3,none
diploid,yield_dtw,raw_delta_mm|rate_h2|resid,80,-0.11053316489814459,0.3290278219486701,0.9957923346610164,0.996,0.3479595525316766,raw_delta_mm,rate_h2,resid
diploid,yield_dtw,raw_delta|auc_total|resid,80,0.10904359444588818,0.3356275585230005,0.9957923346610164,0.998,0.3479595525316766,raw_delta,auc_total,resid
diploid,yield_dtw,fc_corr_mm|rate_h3|none,80,0.10879728752071192,0.33672685064136365,0.9957923346610164,0.998,0.3479595525316766,fc_corr_mm,rate_h3,none
diploid,yield_dtw,raw_rfu|auc_total|resid,80,0.1064397783797392,0.3473632962265608,0.9957923346610164,0.999,0.3479595525316766,raw_rfu,auc_total,resid
diploid,yield_dtw,raw_delta|auc_0_3h|resid,80,0.10557183969102286,0.3513314116482176,0.9957923346610164,0.999,0.3479595525316766,raw_delta,auc_0_3h,resid
diploid,yield_dtw,fc_corr|rate_h3|resid,80,0.1043754917687382,0.3568469354131457,0.9957923346610164,0.999,0.3479595525316766,fc_corr,rate_h3,resid
diploid,yield_dtw,raw_rfu|auc_0_3h|resid,80,0.10431684726274384,0.3571186723023131,0.9957923346610164,0.999,0.3479595525316766,raw_rfu,auc_0_3h,resid
diploid,yield_dtw,raw_delta_mm|auc_total|resid,80,0.10378904670879473,0.35957005192338987,0.9957923346610164,0.999,0.3479595525316766,raw_delta_mm,auc_total,resid
diploid,yield_dtw,fc_corr|auc_late|resid,80,0.10115004393904913,0.3719818132190389,0.9957923346610164,0.999,0.3479595525316766,fc_corr,auc_late,resid
diploid,yield_dtw,fc_corr_mm|rate_h3|resid,80,0.10050495437311131,0.3750549521450436,0.9957923346610164,0.999,0.3479595525316766,fc_corr_mm,rate_h3,resid
diploid,yield_dtw,raw_delta_mm|rate_h3|resid,80,0.09982467810357688,0.37831232918769564,0.9957923346610164,0.999,0.3479595525316766,raw_delta_mm,rate_h3,resid
diploid,yield_dtw,raw_rfu|n_negative_intervals|resid,80,0.09966047348679272,0.3791011444407705,0.9957923346610164,0.999,0.3479595525316766,raw_rfu,n_negative_intervals,resid
diploid,yield_dtw,fc_corr_mm|auc_late|resid,80,0.09917958853763907,0.3814169485002058,0.9957923346610164,0.999,0.3479595525316766,fc_corr_mm,auc_late,resid
diploid,yield_dtw,fc_corr_mm|max_drop|resid,80,0.09902711282205377,0.3821530017528687,0.9957923346610164,0.999,0.3479595525316766,fc_corr_mm,max_drop,resid
diploid,yield_dtw,fc_corr|final_value|resid,80,0.09892155271126395,0.3826630770884878,0.9957923346610164,0.999,0.3479595525316766,fc_corr,final_value,resid
diploid,yield_dtw,fc_corr_mm|value_3h|resid,80,0.09856968567529788,0.3843662811622862,0.9957923346610164,0.999,0.3479595525316766,fc_corr_mm,value_3h,resid
diploid,yield_dtw,raw_rfu|n_negative_intervals|none,80,0.09831275007183189,0.38561283983467465,0.9957923346610164,0.999,0.3479595525316766,raw_rfu,n_negative_intervals,none
diploid,yield_dtw,raw_rfu|rate_h3|resid,80,0.09723259093862677,0.39087981948065853,0.9957923346610164,0.999,0.3479595525316766,raw_rfu,rate_h3,resid
diploid,yield_dtw,fc_corr_mm|value_4h|resid,80,0.09698628401345051,0.3920868117279097,0.9957923346610164,0.999,0.3479595525316766,fc_corr_mm,value_4h,resid
diploid,yield_dtw,fc_corr|value_3h|resid,80,0.0969510973098539,0.3922594199778845,0.9957923346610164,0.999,0.3479595525316766,fc_corr,value_3h,resid
diploid,yield_dtw,fc_corr|mean_rate|resid,80,0.09608315862113757,0.39653138038826996,0.9957923346610164,0.999,0.3479595525316766,fc_corr,mean_rate,resid
diploid,yield_dtw,fc_corr|value_4h|resid,80,0.09596586960914888,0.3971107767459032,0.9957923346610164,0.999,0.3479595525316766,fc_corr,value_4h,resid
diploid,yield_dtw,raw_delta_mm|rate_h3|none,80,0.09508620201923368,0.40147218823819064,0.9957923346610164,0.999,0.3479595525316766,raw_delta_mm,rate_h3,none
diploid,yield_dtw,fc_corr_mm|final_value|resid,80,0.09272869287826095,0.4132989404633155,0.9957923346610164,0.999,0.3479595525316766,fc_corr_mm,final_value,resid
diploid,yield_dtw,fc_corr|peak_value|resid,80,0.09241201254589147,0.4149028754399736,0.9957923346610164,0.999,0.3479595525316766,fc_corr,peak_value,resid
diploid,yield_dtw,raw_delta_mm|max_drop|resid,80,0.09200150100393104,0.41698741097121517,0.9957923346610164,0.999,0.3479595525316766,raw_delta_mm,max_drop,resid
diploid,yield_dtw,fc_corr_mm|mean_rate|resid,80,0.09155580275837401,0.4192574629756822,0.9957923346610164,0.999,0.3479595525316766,fc_corr_mm,mean_rate,resid
diploid,yield_dtw,raw_delta|auc_0_3h|none,80,0.09101627330322602,0.4220149331687987,0.9957923346610164,0.999,0.3479595525316766,raw_delta,auc_0_3h,none
diploid,yield_dtw,fc_corr_mm|auc_0_2h|none,80,0.0908286108840441,0.42297649142889926,0.9957923346610164,0.999,0.3479595525316766,fc_corr_mm,auc_0_2h,none
diploid,yield_dtw,raw_delta_mm|vmax|none,80,0.09073477967445315,0.4234577419260731,0.9957923346610164,0.999,0.3479595525316766,raw_delta_mm,vmax,none
diploid,yield_dtw,raw_rfu|baseline_value|resid,80,-0.08951497394977075,0.42974253331799117,0.9957923346610164,0.999,0.3479595525316766,raw_rfu,baseline_value,resid
diploid,yield_dtw,raw_rfu|auc_0_3h|none,80,0.08597284578771221,0.4482907732175744,0.9957923346610164,0.999,0.3479595525316766,raw_rfu,auc_0_3h,none
diploid,yield_dtw,fc_corr_mm|vmax|none,80,0.08577345446733142,0.449347962944769,0.9957923346610164,0.999,0.3479595525316766,fc_corr_mm,vmax,none
diploid,yield_dtw,raw_delta_mm|auc_late|resid,80,0.08504626259300152,0.45321532349784943,0.9957923346610164,0.999,0.3479595525316766,raw_delta_mm,auc_late,resid
diploid,yield_dtw,raw_delta|auc_total|none,80,0.0842956129162739,0.4572266876221591,0.9957923346610164,0.999,0.3479595525316766,raw_delta,auc_total,none
diploid,yield_dtw,fc_corr_mm|peak_value|resid,80,0.08359187884434174,0.46100503103807144,0.9957923346610164,0.999,0.3479595525316766,fc_corr_mm,peak_value,resid
diploid,yield_dtw,fc_corr_mm|auc_early|none,80,0.08216095289807968,0.46874016726374956,0.9957923346610164,0.999,0.3479595525316766,fc_corr_mm,auc_early,none
diploid,yield_dtw,raw_delta_mm|auc_0_2h|none,80,0.0806244668410278,0.47712373265436636,0.9957923346610164,1,0.3479595525316766,raw_delta_mm,auc_0_2h,none
diploid,yield_dtw,fc_corr_mm|value_2h|resid,80,0.08023741310146511,0.47924824071883343,0.9957923346610164,1,0.3479595525316766,fc_corr_mm,value_2h,resid
diploid,yield_dtw,raw_delta|auc_late|resid,80,0.08016703969427189,0.4796350581579416,0.9957923346610164,1,0.3479595525316766,raw_delta,auc_late,resid
diploid,yield_dtw,raw_rfu|time_to_vmax|none,80,-0.08005515469318525,0.4802503936845781,0.9957923346610164,1,0.3479595525316766,raw_rfu,time_to_vmax,none
diploid,yield_dtw,raw_delta_mm|auc_early|none,80,0.07976825705351033,0.4818301751229299,0.9957923346610164,1,0.3479595525316766,raw_delta_mm,auc_early,none
diploid,yield_dtw,raw_rfu|auc_total|none,80,0.07851326462523131,0.4887731652345033,0.9957923346610164,1,0.3479595525316766,raw_rfu,auc_total,none
diploid,yield_dtw,raw_delta_mm|value_3h|resid,80,0.07707060977777039,0.496819209349908,0.9957923346610164,1,0.3479595525316766,raw_delta_mm,value_3h,resid
diploid,yield_dtw,raw_rfu|auc_late|resid,80,0.07692986296338394,0.49760787831294107,0.9957923346610164,1,0.3479595525316766,raw_rfu,auc_late,resid
diploid,yield_dtw,fc_corr|auc_total|none,80,0.07682430285259413,0.49819980868820146,0.9957923346610164,1,0.3479595525316766,fc_corr,auc_total,none
diploid,yield_dtw,fc_corr|auc_0_3h|none,80,0.07521744338834903,0.5072554630260337,0.9957923346610164,1,0.3479595525316766,fc_corr,auc_0_3h,none
diploid,yield_dtw,raw_delta|value_3h|resid,80,0.07294203655576838,0.5202223133313149,0.9957923346610164,1,0.3479595525316766,raw_delta,value_3h,resid
diploid,yield_dtw,raw_rfu|sat_r2|none,79,-0.07263139993625548,0.5247026314436789,0.9957923346610164,1,0.3479595525316766,raw_rfu,sat_r2,none
diploid,yield_dtw,raw_delta_mm|value_4h|resid,80,0.07201545336105769,0.5255502196346612,0.9957923346610164,1,0.3479595525316766,raw_delta_mm,value_4h,resid
diploid,yield_dtw,raw_rfu|value_3h|resid,80,0.07165185742389275,0.5276483679654909,0.9957923346610164,1,0.3479595525316766,raw_rfu,value_3h,resid
diploid,yield_dtw,raw_rfu|peak_value|resid,80,0.07115924357354024,0.5304976858583819,0.9957923346610164,1,0.3479595525316766,raw_rfu,peak_value,resid
diploid,yield_dtw,fc_corr|sat_r2|none,79,-0.07102359433645912,0.5339446426152274,0.9957923346610164,1,0.3479595525316766,fc_corr,sat_r2,none
diploid,yield_dtw,raw_rfu|inflection_time|resid,80,-0.07088947884596625,0.5320612660769592,0.9957923346610164,1,0.3479595525316766,raw_rfu,inflection_time,resid
diploid,yield_dtw,raw_rfu|metabolic_scope|resid,80,0.06951719740569853,0.5400504011105364,0.9957923346610164,1,0.3479595525316766,raw_rfu,metabolic_scope,resid
diploid,yield_dtw,raw_delta_mm|peak_value|resid,80,0.06938817949251097,0.5408045320717498,0.9957923346610164,1,0.3479595525316766,raw_delta_mm,peak_value,resid
diploid,yield_dtw,raw_delta_mm|mean_rate|resid,80,0.06879000553136863,0.5443076865223164,0.9957923346610164,1,0.3479595525316766,raw_delta_mm,mean_rate,resid
diploid,yield_dtw,raw_rfu|time_to_peak|none,80,0.06852220172416726,0.5458796330166094,0.9957923346610164,1,0.3479595525316766,raw_rfu,time_to_peak,none
diploid,yield_dtw,raw_delta_mm|final_value|resid,80,0.06839122289060708,0.5466492515067385,0.9957923346610164,1,0.3479595525316766,raw_delta_mm,final_value,resid
diploid,yield_dtw,fc_corr|sat_k|none,79,-0.06819775419136248,0.5503810829914882,0.9957923346610164,1,0.3479595525316766,fc_corr,sat_k,none
diploid,yield_dtw,fc_corr_mm|sat_k|none,79,-0.06819775419136248,0.5503810829914882,0.9957923346610164,1,0.3479595525316766,fc_corr_mm,sat_k,none
diploid,yield_dtw,raw_delta|value_4h|resid,80,0.06785169343545909,0.5498250174081848,0.9957923346610164,1,0.3479595525316766,raw_delta,value_4h,resid
diploid,yield_dtw,raw_rfu|mean_rate|resid,80,0.06723006167191901,0.5534950699156396,0.9957923346610164,1,0.3479595525316766,raw_rfu,mean_rate,resid
diploid,yield_dtw,raw_rfu|final_delta|resid,80,0.06684300793235633,0.5557861263191592,0.9957923346610164,1,0.3479595525316766,raw_rfu,final_delta,resid
diploid,yield_dtw,raw_delta_mm|value_2h|resid,80,0.06620964726761738,0.5595448899035211,0.9957923346610164,1,0.3479595525316766,raw_delta_mm,value_2h,resid
diploid,yield_dtw,raw_rfu|value_4h|resid,80,0.06612754495922529,0.5600330210419164,0.9957923346610164,1,0.3479595525316766,raw_rfu,value_4h,resid
diploid,yield_dtw,raw_rfu|sat_k|none,79,-0.06483597884633371,0.5702473525273974,0.9957923346610164,1,0.3479595525316766,raw_rfu,sat_k,none
diploid,yield_dtw,raw_delta_mm|sat_k|none,79,-0.06483597884633371,0.5702473525273974,0.9957923346610164,1,0.3479595525316766,raw_delta_mm,sat_k,none
diploid,yield_dtw,raw_rfu|final_value|resid,80,0.0647083479141621,0.5685025478797399,0.9957923346610164,1,0.3479595525316766,raw_rfu,final_value,resid
diploid,yield_dtw,raw_delta|value_4h|none,80,0.06236256767438824,0.5826319336844239,0.9957923346610164,1,0.3479595525316766,raw_delta,value_4h,none
diploid,yield_dtw,fc_corr|value_2h|resid,80,0.0617643937132459,0.5862604710727329,0.9957923346610164,1,0.3479595525316766,fc_corr,value_2h,resid
diploid,yield_dtw,raw_rfu|mean_rate|none,80,0.06157673129406399,0.5874009497001564,0.9957923346610164,1,0.3479595525316766,raw_rfu,mean_rate,none
diploid,yield_dtw,raw_rfu|time_to_peak|resid,80,-0.060251365458591756,0.5954840900165392,0.9957923346610164,1,0.3479595525316766,raw_rfu,time_to_peak,resid
diploid,yield_dtw,raw_rfu|final_delta|none,80,0.060216178754995145,0.5956993631275486,0.9957923346610164,1,0.3479595525316766,raw_rfu,final_delta,none
diploid,yield_dtw,fc_corr|lin_r2|none,80,0.06004024523701211,0.5967762502994497,0.9957923346610164,1,0.3479595525316766,fc_corr,lin_r2,none
diploid,yield_dtw,raw_rfu|metabolic_scope|none,80,0.05910193314110257,0.6025342624371066,0.9957923346610164,1,0.3479595525316766,raw_rfu,metabolic_scope,none
diploid,yield_dtw,fc_corr|auc_late|none,80,0.05886735511712518,0.6039775899066414,0.9957923346610164,1,0.3479595525316766,fc_corr,auc_late,none
diploid,yield_dtw,fc_corr|final_value|none,80,0.05867969269794327,0.6051333470855121,0.9957923346610164,1,0.3479595525316766,fc_corr,final_value,none
diploid,yield_dtw,raw_rfu|final_value|none,80,0.058339554563176056,0.6072306303229109,0.9957923346610164,1,0.3479595525316766,raw_rfu,final_value,none
diploid,yield_dtw,raw_delta|auc_late|none,80,0.05808151873680093,0.6088237922003922,0.9957923346610164,1,0.3479595525316766,raw_delta,auc_late,none
diploid,yield_dtw,raw_rfu|value_4h|none,80,0.05781175400922694,0.6104913183526166,0.9957923346610164,1,0.3479595525316766,raw_rfu,value_4h,none
diploid,yield_dtw,raw_delta|value_2h|resid,80,0.057272224554078946,0.6138323164743851,0.9957923346610164,1,0.3479595525316766,raw_delta,value_2h,resid
diploid,yield_dtw,fc_corr|peak_value|none,80,0.05704937543130043,0.6152145970649006,0.9957923346610164,1,0.3479595525316766,fc_corr,peak_value,none
diploid,yield_dtw,raw_rfu|lin_r2|none,80,0.05699073092530609,0.6155785780908637,0.9957923346610164,1,0.3479595525316766,raw_rfu,lin_r2,none
diploid,yield_dtw,raw_rfu|auc_late|none,80,0.05686171301211852,0.6163796627847031,0.9957923346610164,1,0.3479595525316766,raw_rfu,auc_late,none
diploid,yield_dtw,raw_rfu|peak_value|none,80,0.055864756410214635,0.6225849175152811,0.9957923346610164,1,0.3479595525316766,raw_rfu,peak_value,none
diploid,yield_dtw,fc_corr|value_4h|none,80,0.05568882289223159,0.6236827136588613,0.9957923346610164,1,0.3479595525316766,fc_corr,value_4h,none
diploid,yield_dtw,raw_rfu|max_drop|none,80,0.05537991316965768,0.6256122427566502,0.9957923346610164,1,0.3479595525316766,raw_rfu,max_drop,none
diploid,yield_dtw,raw_rfu|sat_r2|resid,79,-0.05534748973844456,0.6280525236178184,0.9957923346610164,1,0.3479595525316766,raw_rfu,sat_r2,resid
diploid,yield_dtw,fc_corr|value_3h|none,80,0.05487952870950961,0.6287431102210151,0.9957923346610164,1,0.3479595525316766,fc_corr,value_3h,none
diploid,yield_dtw,fc_corr|sat_r2|resid,79,-0.05468975108398241,0.6321494193817627,0.9957923346610164,1,0.3479595525316766,fc_corr,sat_r2,resid
diploid,yield_dtw,raw_delta_mm|max_drop|none,80,0.05335702260321383,0.6383094700303797,0.9957923346610164,1,0.3479595525316766,raw_delta_mm,max_drop,none
diploid,yield_dtw,fc_corr|mean_rate|none,80,0.05307327792488373,0.6400989307711014,0.9957923346610164,1,0.3479595525316766,fc_corr,mean_rate,none
diploid,yield_dtw,raw_delta_mm|auc_total|none,80,0.05243991726014478,0.6441006756144472,0.9957923346610164,1,0.3479595525316766,raw_delta_mm,auc_total,none
diploid,yield_dtw,raw_delta|value_3h|none,80,0.05207632132297984,0.6464025621453511,0.9957923346610164,1,0.3479595525316766,raw_delta,value_3h,none
diploid,yield_dtw,raw_delta_mm|depression_abs|resid,80,0.05161889417622393,0.649303202907892,0.9957923346610164,1,0.3479595525316766,raw_delta_mm,depression_abs,resid
diploid,yield_dtw,raw_rfu|value_2h|resid,80,0.051595436373826194,0.6494520948455338,0.9957923346610164,1,0.3479595525316766,raw_rfu,value_2h,resid
diploid,yield_dtw,fc_corr_mm|auc_total|none,80,0.05137258725104767,0.6508672524711114,0.9957923346610164,1,0.3479595525316766,fc_corr_mm,auc_total,none
diploid,yield_dtw,fc_corr_mm|lin_slope|resid,80,0.051325671646252194,0.6511653379163751,0.9957923346610164,1,0.3479595525316766,fc_corr_mm,lin_slope,resid
diploid,yield_dtw,fc_corr|max_drop|none,80,0.0508481128747023,0.6542026856165697,0.9957923346610164,1,0.3479595525316766,fc_corr,max_drop,none
diploid,yield_dtw,fc_corr|lin_slope|resid,80,0.05042254625393926,0.6569140963780442,0.9957923346610164,1,0.3479595525316766,fc_corr,lin_slope,resid
diploid,yield_dtw,fc_corr_mm|max_drop|none,80,0.050348958059605764,0.6573833992950419,0.9957923346610164,1,0.3479595525316766,fc_corr_mm,max_drop,none
diploid,yield_dtw,raw_rfu|value_3h|none,80,0.049214469430455716,0.664635183110782,0.9957923346610164,1,0.3479595525316766,raw_rfu,value_3h,none
diploid,yield_dtw,fc_corr_mm|delta_auc_late_minus_early|none,80,-0.04690387589427846,0.6794997289259213,0.9957923346610164,1,0.3479595525316766,fc_corr_mm,delta_auc_late_minus_early,none
diploid,yield_dtw,raw_rfu|inflection_time|none,80,-0.0468198847617088,0.6800424134181491,0.9957923346610164,1,0.3479595525316766,raw_rfu,inflection_time,none
diploid,yield_dtw,raw_delta_mm|auc_0_3h|none,80,0.04641126204392595,0.682684926224179,0.9957923346610164,1,0.3479595525316766,raw_delta_mm,auc_0_3h,none
diploid,yield_dtw,fc_corr_mm|depression_abs|resid,80,0.04603593720556213,0.6851154718899704,0.9957923346610164,1,0.3479595525316766,fc_corr_mm,depression_abs,resid
diploid,yield_dtw,fc_corr_mm|sat_asymptote|none,79,0.045944263048726425,0.6876361813521574,0.9957923346610164,1,0.3479595525316766,fc_corr_mm,sat_asymptote,none
diploid,yield_dtw,raw_delta_mm|sat_asymptote|none,79,0.04557885268513634,0.6899934844779463,0.9957923346610164,1,0.3479595525316766,raw_delta_mm,sat_asymptote,none
diploid,yield_dtw,raw_delta_mm|delta_auc_late_minus_early|none,80,-0.044710571370089894,0.6937237934365201,0.9957923346610164,1,0.3479595525316766,raw_delta_mm,delta_auc_late_minus_early,none
diploid,yield_dtw,fc_corr|sat_asymptote|none,79,0.04432427710347706,0.6981092379878349,0.9957923346610164,1,0.3479595525316766,fc_corr,sat_asymptote,none
diploid,yield_dtw,raw_rfu|sat_asymptote|none,79,0.04414157192168202,0.699293998431729,0.9957923346610164,1,0.3479595525316766,raw_rfu,sat_asymptote,none
diploid,yield_dtw,raw_rfu|max_drop|resid,80,0.043537681250202964,0.7013742811417212,0.9957923346610164,1,0.3479595525316766,raw_rfu,max_drop,resid
diploid,yield_dtw,raw_rfu|lin_r2|resid,80,0.042188857612332986,0.7102091457337075,0.9957923346610164,1,0.3479595525316766,raw_rfu,lin_r2,resid
diploid,yield_dtw,fc_corr|lin_r2|resid,80,0.04150858134279856,0.7146796094051835,0.9957923346610164,1,0.3479595525316766,fc_corr,lin_r2,resid
diploid,yield_dtw,raw_delta_mm|lin_slope|resid,80,0.04105115419604267,0.7176910287591574,0.9957923346610164,1,0.3479595525316766,raw_delta_mm,lin_slope,resid
diploid,yield_dtw,fc_corr_mm|auc_0_3h|none,80,0.04081657617206528,0.7192370201046718,0.9957923346610164,1,0.3479595525316766,fc_corr_mm,auc_0_3h,none
diploid,yield_dtw,fc_corr|max_drop|resid,80,0.039115885498229225,0.7304788144073189,0.9957923346610164,1,0.3479595525316766,fc_corr,max_drop,resid
diploid,yield_dtw,fc_corr|rate_h4|resid,80,0.038236217908314024,0.7363160673293202,0.9957923346610164,1,0.3479595525316766,fc_corr,rate_h4,resid
diploid,yield_dtw,fc_corr_mm|rate_h4|resid,80,0.038236217908314024,0.7363160673293202,0.9957923346610164,1,0.3479595525316766,fc_corr_mm,rate_h4,resid
diploid,yield_dtw,fc_corr_mm|auc_late|none,80,0.03666454514766553,0.7467823395270261,0.9957923346610164,1,0.3479595525316766,fc_corr_mm,auc_late,none
diploid,yield_dtw,raw_rfu|lin_slope|resid,80,0.03645342492608588,0.748191800196496,0.9957923346610164,1,0.3479595525316766,raw_rfu,lin_slope,resid
diploid,yield_dtw,raw_delta_mm|quad_coef|resid,80,-0.034834836560641916,0.759024778585389,0.9957923346610164,1,0.3479595525316766,raw_delta_mm,quad_coef,resid
diploid,yield_dtw,fc_corr_mm|value_4h|none,80,0.03438913831508488,0.7620160347261069,0.9957923346610164,1,0.3479595525316766,fc_corr_mm,value_4h,none
diploid,yield_dtw,fc_corr|value_2h|none,80,0.03406072908151654,0.7642223540932541,0.9957923346610164,1,0.3479595525316766,fc_corr,value_2h,none
diploid,yield_dtw,raw_rfu|quad_coef|resid,80,-0.03341563951557873,0.7685616495306349,0.9957923346610164,1,0.3479595525316766,raw_rfu,quad_coef,resid
diploid,yield_dtw,raw_delta_mm|final_value|none,80,0.03322797709639681,0.769825333035517,0.9957923346610164,1,0.3479595525316766,raw_delta_mm,final_value,none
diploid,yield_dtw,fc_corr_mm|mean_rate|none,80,0.03149209971896416,0.7815424270127725,0.9957923346610164,1,0.3479595525316766,fc_corr_mm,mean_rate,none
diploid,yield_dtw,raw_delta|frac_auc_first_half|resid,80,0.030987756967412773,0.784955982885604,0.9957923346610164,1,0.3479595525316766,raw_delta,frac_auc_first_half,resid
diploid,yield_dtw,raw_delta|late_early_auc_ratio|resid,80,-0.030976028066213905,0.7850354164604073,0.9957923346610164,1,0.3479595525316766,raw_delta,late_early_auc_ratio,resid
diploid,yield_dtw,fc_corr|late_early_auc_ratio|resid,80,-0.030976028066213905,0.7850354164604073,0.9957923346610164,1,0.3479595525316766,fc_corr,late_early_auc_ratio,resid
diploid,yield_dtw,fc_corr_mm|final_value|none,80,0.030964299165015037,0.7851148522306612,0.9957923346610164,1,0.3479595525316766,fc_corr_mm,final_value,none
diploid,yield_dtw,fc_corr|frac_auc_first_half|resid,80,0.030119818278696447,0.790839947197998,0.9957923346610164,1,0.3479595525316766,fc_corr,frac_auc_first_half,resid
diploid,yield_dtw,fc_corr_mm|value_3h|none,80,0.02950991541635524,0.7949816504676079,0.9957923346610164,1,0.3479595525316766,fc_corr_mm,value_3h,none
diploid,yield_dtw,raw_delta_mm|peak_value|none,80,0.029416084206764285,0.7956193419500129,0.9957923346610164,1,0.3479595525316766,raw_delta_mm,peak_value,none
diploid,yield_dtw,raw_delta_mm|mean_rate|none,80,0.029216692886383507,0.7969748804393504,0.9957923346610164,1,0.3479595525316766,raw_delta_mm,mean_rate,none
diploid,yield_dtw,raw_rfu|frac_auc_first_half|resid,80,0.029075946071997073,0.7979320930916761,0.9957923346610164,1,0.3479595525316766,raw_rfu,frac_auc_first_half,resid
diploid,yield_dtw,raw_rfu|late_early_auc_ratio|resid,80,-0.028524687715650216,0.8016840326808112,0.9957923346610164,1,0.3479595525316766,raw_rfu,late_early_auc_ratio,resid
diploid,yield_dtw,raw_delta|value_2h|none,80,0.02790305595211014,0.8059203256327337,0.9957923346610164,1,0.3479595525316766,raw_delta,value_2h,none
diploid,yield_dtw,raw_rfu|time_to_min_slope|none,80,-0.02770375837889883,0.8072796872552517,0.9957923346610164,1,0.3479595525316766,raw_rfu,time_to_min_slope,none
diploid,yield_dtw,raw_delta_mm|value_4h|none,80,0.02758637561974067,0.8080805947292558,0.9957923346610164,1,0.3479595525316766,raw_delta_mm,value_4h,none
diploid,yield_dtw,raw_rfu|value_2h|none,80,0.02734006869456441,0.8097617975161764,0.9957923346610164,1,0.3479595525316766,raw_rfu,value_2h,none
diploid,yield_dtw,fc_corr_mm|quad_coef|resid,80,-0.027246237484973457,0.8104024826691772,0.9957923346610164,1,0.3479595525316766,fc_corr_mm,quad_coef,resid
diploid,yield_dtw,raw_rfu|sat_k|resid,79,-0.026918563451136107,0.8138311546149405,0.9957923346610164,1,0.3479595525316766,raw_rfu,sat_k,resid
diploid,yield_dtw,raw_delta_mm|sat_k|resid,79,-0.026918563451136107,0.8138311546149405,0.9957923346610164,1,0.3479595525316766,raw_delta_mm,sat_k,resid
diploid,yield_dtw,fc_corr|sat_k|resid,79,-0.026626235160264043,0.8158171066823039,0.9957923346610164,1,0.3479595525316766,fc_corr,sat_k,resid
diploid,yield_dtw,fc_corr_mm|sat_k|resid,79,-0.026626235160264043,0.8158171066823039,0.9957923346610164,1,0.3479595525316766,fc_corr_mm,sat_k,resid
diploid,yield_dtw,raw_delta_mm|min_slope|none,80,-0.02636656989505826,0.8164149099266944,0.9957923346610164,1,0.3479595525316766,raw_delta_mm,min_slope,none
diploid,yield_dtw,fc_corr|rate_last_first_ratio|resid,80,0.026237551981870697,0.8172976332284915,0.9957923346610164,1,0.3479595525316766,fc_corr,rate_last_first_ratio,resid
diploid,yield_dtw,fc_corr_mm|peak_value|none,80,0.026190636377075218,0.8176186799269307,0.9957923346610164,1,0.3479595525316766,fc_corr_mm,peak_value,none
diploid,yield_dtw,raw_delta_mm|auc_late|none,80,0.026120262969882003,0.818100306214113,0.9957923346610164,1,0.3479595525316766,raw_delta_mm,auc_late,none
diploid,yield_dtw,raw_rfu|rate_last_first_ratio|resid,80,0.02492391504759733,0.8262981144468275,0.9957923346610164,1,0.3479595525316766,raw_rfu,rate_last_first_ratio,resid
diploid,yield_dtw,raw_rfu|lin_slope|none,80,0.02475971043081316,0.8274247753883839,0.9957923346610164,1,0.3479595525316766,raw_rfu,lin_slope,none
diploid,yield_dtw,fc_corr|quad_coef|none,80,-0.024278825481659518,0.8307262784258265,0.9957923346610164,1,0.3479595525316766,fc_corr,quad_coef,none
diploid,yield_dtw,raw_delta_mm|rate_h4|resid,80,0.024267096580460647,0.8308068397506494,0.9957923346610164,1,0.3479595525316766,raw_delta_mm,rate_h4,resid
diploid,yield_dtw,fc_corr|lin_slope|none,80,0.023504718002534144,0.8360470292129955,0.9957923346610164,1,0.3479595525316766,fc_corr,lin_slope,none
diploid,yield_dtw,raw_rfu|delta_auc_late_minus_early|none,80,-0.023469531298937536,0.8362890583195739,0.9957923346610164,1,0.3479595525316766,raw_rfu,delta_auc_late_minus_early,none
diploid,yield_dtw,raw_rfu|min_slope|none,80,-0.023164579867766932,0.8383872782413805,0.9957923346610164,1,0.3479595525316766,raw_rfu,min_slope,none
diploid,yield_dtw,raw_rfu|time_to_vmax|resid,80,0.02246084579583477,0.8432336031946146,0.9957923346610164,1,0.3479595525316766,raw_rfu,time_to_vmax,resid
diploid,yield_dtw,fc_corr_mm|min_slope|none,80,-0.019423060385327616,0.8642182142120745,0.9957923346610164,1,0.3479595525316766,fc_corr_mm,min_slope,none
diploid,yield_dtw,fc_corr|late_early_auc_ratio|none,80,-0.019235397966145706,0.8655178020418648,0.9957923346610164,1,0.3479595525316766,fc_corr,late_early_auc_ratio,none
diploid,yield_dtw,fc_corr|frac_auc_first_half|none,80,0.019235397966145706,0.8655178020418648,0.9957923346610164,1,0.3479595525316766,fc_corr,frac_auc_first_half,none
diploid,yield_dtw,fc_corr|quad_coef|resid,80,-0.01903600664576493,0.8668990048843869,0.9957923346610164,1,0.3479595525316766,fc_corr,quad_coef,resid
diploid,yield_dtw,raw_delta_mm|value_3h|none,80,0.01792176103187234,0.8746247149753068,0.9957923346610164,1,0.3479595525316766,raw_delta_mm,value_3h,none
diploid,yield_dtw,fc_corr|min_slope|none,80,-0.016772328714383146,0.8826066864462364,0.9957923346610164,1,0.3479595525316766,fc_corr,min_slope,none
diploid,yield_dtw,raw_rfu|rate_h4|resid,80,0.01636181717242272,0.8854602684589459,0.9957923346610164,1,0.3479595525316766,raw_rfu,rate_h4,resid
diploid,yield_dtw,raw_delta|late_early_auc_ratio|none,80,-0.01635008827122385,0.8855418209594248,0.9957923346610164,1,0.3479595525316766,raw_delta,late_early_auc_ratio,none
diploid,yield_dtw,raw_delta|frac_auc_first_half|none,80,0.01635008827122385,0.8855418209594248,0.9957923346610164,1,0.3479595525316766,raw_delta,frac_auc_first_half,none
diploid,yield_dtw,raw_rfu|min_slope|resid,80,-0.016279714864030636,0.8860311609000666,0.9957923346610164,1,0.3479595525316766,raw_rfu,min_slope,resid
diploid,yield_dtw,raw_rfu|delta_auc_late_minus_early|resid,80,-0.015998221235257768,0.887988945056144,0.9957923346610164,1,0.3479595525316766,raw_rfu,delta_auc_late_minus_early,resid
diploid,yield_dtw,raw_delta_mm|rate_h4|none,80,-0.01582228771727473,0.8892129013022995,0.9957923346610164,1,0.3479595525316766,raw_delta_mm,rate_h4,none
diploid,yield_dtw,fc_corr|delta_auc_late_minus_early|none,80,-0.015388318372916564,0.8922330949669072,0.9957923346610164,1,0.3479595525316766,fc_corr,delta_auc_late_minus_early,none
diploid,yield_dtw,raw_delta_mm|min_slope|resid,80,-0.015364860570518826,0.8923963927492287,0.9957923346610164,1,0.3479595525316766,raw_delta_mm,min_slope,resid
diploid,yield_dtw,raw_delta|stability_cv|resid,80,0.015259300459729001,0.8931312880413662,0.9957923346610164,1,0.3479595525316766,raw_delta,stability_cv,resid
diploid,yield_dtw,fc_corr|stability_cv|resid,80,0.015259300459729001,0.8931312880413662,0.9957923346610164,1,0.3479595525316766,fc_corr,stability_cv,resid
diploid,yield_dtw,raw_rfu|stability_cv|none,80,0.015036451336950486,0.8946830284412836,0.9957923346610164,1,0.3479595525316766,raw_rfu,stability_cv,none
diploid,yield_dtw,raw_rfu|stability_cv|resid,80,0.014825331115370837,0.8961534630397214,0.9957923346610164,1,0.3479595525316766,raw_rfu,stability_cv,resid
diploid,yield_dtw,raw_rfu|metabolic_depression_index|resid,80,0.013112911540335915,0.9080928204517766,0.9957923346610164,1,0.3479595525316766,raw_rfu,metabolic_depression_index,resid
diploid,yield_dtw,raw_delta|resilience_ratio|resid,80,-0.013112911540335915,0.9080928204517766,0.9957923346610164,1,0.3479595525316766,raw_delta,resilience_ratio,resid
diploid,yield_dtw,fc_corr|metabolic_depression_index|resid,80,0.012549924282790186,0.9120226722251149,0.9957923346610164,1,0.3479595525316766,fc_corr,metabolic_depression_index,resid
diploid,yield_dtw,fc_corr|resilience_ratio|resid,80,-0.012549924282790186,0.9120226722251149,0.9957923346610164,1,0.3479595525316766,fc_corr,resilience_ratio,resid
diploid,yield_dtw,raw_rfu|resilience_ratio|resid,80,-0.01196347922284672,0.9161185113407941,0.9957923346610164,1,0.3479595525316766,raw_rfu,resilience_ratio,resid
diploid,yield_dtw,raw_rfu|rate_h4|none,80,-0.011717172297670463,0.9178394213969514,0.9957923346610164,1,0.3479595525316766,raw_rfu,rate_h4,none
diploid,yield_dtw,raw_delta_mm|delta_auc_late_minus_early|resid,80,-0.01142394976769873,0.9198886154690468,0.9957923346610164,1,0.3479595525316766,raw_delta_mm,delta_auc_late_minus_early,resid
diploid,yield_dtw,raw_delta_mm|sat_asymptote|resid,79,0.011291180234933564,0.9213274794476962,0.9957923346610164,1,0.3479595525316766,raw_delta_mm,sat_asymptote,resid
diploid,yield_dtw,raw_rfu|late_early_auc_ratio|none,80,-0.011189371743721343,0.921528347075068,0.9957923346610164,1,0.3479595525316766,raw_rfu,late_early_auc_ratio,none
diploid,yield_dtw,raw_rfu|frac_auc_first_half|none,80,0.011189371743721343,0.921528347075068,0.9957923346610164,1,0.3479595525316766,raw_rfu,frac_auc_first_half,none
diploid,yield_dtw,raw_delta_mm|value_2h|none,80,-0.0105560110789824,0.9259572373966067,0.9957923346610164,1,0.3479595525316766,raw_delta_mm,value_2h,none
diploid,yield_dtw,raw_rfu|depression_abs|resid,80,0.010462179869391445,0.9266135639927646,0.9957923346610164,1,0.3479595525316766,raw_rfu,depression_abs,resid
diploid,yield_dtw,raw_rfu|quad_coef|none,80,0.008562097875174613,0.9399141125312385,0.9957923346610164,1,0.3479595525316766,raw_rfu,quad_coef,none
diploid,yield_dtw,raw_rfu|time_to_min_slope|resid,80,-0.00824541754280514,0.9421325686256578,0.9957923346610164,1,0.3479595525316766,raw_rfu,time_to_min_slope,resid
diploid,yield_dtw,fc_corr|sat_asymptote|resid,79,0.00771015867175075,0.9462329627216496,0.9957923346610164,1,0.3479595525316766,fc_corr,sat_asymptote,resid
diploid,yield_dtw,fc_corr_mm|depression_abs|none,80,-0.00751195938121506,0.9472723612181335,0.9957923346610164,1,0.3479595525316766,fc_corr_mm,depression_abs,none
diploid,yield_dtw,raw_rfu|rate_cv|none,80,-0.006826220497741952,0.9520797068312857,0.9957923346610164,1,0.3479595525316766,raw_rfu,rate_cv,none
diploid,yield_dtw,fc_corr|rate_cv|none,80,-0.006122486425809791,0.9570149839986462,0.9957923346610164,1,0.3479595525316766,fc_corr,rate_cv,none
diploid,yield_dtw,raw_delta|stability_cv|none,80,0.005993468512622229,0.957919965617922,0.9957923346610164,1,0.3479595525316766,raw_delta,stability_cv,none
diploid,yield_dtw,fc_corr|stability_cv|none,80,0.005946552907826751,0.9582490630901623,0.9957923346610164,1,0.3479595525316766,fc_corr,stability_cv,none
diploid,yield_dtw,fc_corr|min_slope|resid,80,-0.0054422101562753705,0.9617872903582981,0.9957923346610164,1,0.3479595525316766,fc_corr,min_slope,resid
diploid,yield_dtw,raw_rfu|sat_asymptote|resid,79,0.005395893035680225,0.9623573048472953,0.9957923346610164,1,0.3479595525316766,raw_rfu,sat_asymptote,resid
diploid,yield_dtw,fc_corr_mm|value_2h|none,80,0.004937867404723989,0.9653262557990445,0.9957923346610164,1,0.3479595525316766,fc_corr_mm,value_2h,none
diploid,yield_dtw,fc_corr_mm|min_slope|resid,80,-0.004879222898729642,0.9657378081902583,0.9957923346610164,1,0.3479595525316766,fc_corr_mm,min_slope,resid
diploid,yield_dtw,fc_corr|t_half|resid,80,0.004867493997530773,0.965820119745959,0.9957923346610164,1,0.3479595525316766,fc_corr,t_half,resid
diploid,yield_dtw,raw_delta_mm|quad_coef|none,80,0.004855765096331904,0.9659024316588078,0.9957923346610164,1,0.3479595525316766,raw_delta_mm,quad_coef,none
diploid,yield_dtw,raw_rfu|rate_last_first_ratio|none,80,0.004703289380746603,0.9669725186354201,0.9957923346610164,1,0.3479595525316766,raw_rfu,rate_last_first_ratio,none
diploid,yield_dtw,fc_corr_mm|delta_auc_late_minus_early|resid,80,-0.004550813665161301,0.9680426639372588,0.9957923346610164,1,0.3479595525316766,fc_corr_mm,delta_auc_late_minus_early,resid
diploid,yield_dtw,raw_delta_mm|depression_abs|none,80,-0.004413534338550736,0.9690062022661324,0.9957923346610164,1,0.3479595525316766,raw_delta_mm,depression_abs,none
diploid,yield_dtw,raw_rfu|metabolic_depression_index|none,80,0.0043859927826159426,0.9691995167666088,0.9957923346610164,1,0.3479595525316766,raw_rfu,metabolic_depression_index,none
diploid,yield_dtw,raw_rfu|resilience_ratio|none,80,-0.0043859927826159426,0.9691995167666088,0.9957923346610164,1,0.3479595525316766,raw_rfu,resilience_ratio,none
diploid,yield_dtw,raw_delta|resilience_ratio|none,80,-0.0043859927826159426,0.9691995167666088,0.9957923346610164,1,0.3479595525316766,raw_delta,resilience_ratio,none
diploid,yield_dtw,fc_corr|metabolic_depression_index|none,80,0.0043859927826159426,0.9691995167666088,0.9957923346610164,1,0.3479595525316766,fc_corr,metabolic_depression_index,none
diploid,yield_dtw,fc_corr|resilience_ratio|none,80,-0.0043859927826159426,0.9691995167666088,0.9957923346610164,1,0.3479595525316766,fc_corr,resilience_ratio,none
diploid,yield_dtw,raw_rfu|rate_cv|resid,80,0.004339693443581653,0.9695244963580163,0.9957923346610164,1,0.3479595525316766,raw_rfu,rate_cv,resid
diploid,yield_dtw,fc_corr|rate_last_first_ratio|none,80,0.004327964542382784,0.9696068234532076,0.9957923346610164,1,0.3479595525316766,fc_corr,rate_last_first_ratio,none
diploid,yield_dtw,fc_corr|rate_cv|resid,80,0.0037532483836381866,0.9736412233510732,0.9957923346610164,1,0.3479595525316766,fc_corr,rate_cv,resid
diploid,yield_dtw,raw_rfu|t_half|resid,80,0.0035538570632574077,0.9750410728065417,0.9957923346610164,1,0.3479595525316766,raw_rfu,t_half,resid
diploid,yield_dtw,fc_corr_mm|lin_slope|none,80,0.003213718928490197,0.9774292229931603,0.9957923346610164,1,0.3479595525316766,fc_corr_mm,lin_slope,none
diploid,yield_dtw,fc_corr_mm|quad_coef|none,80,0.003143345521296981,0.9779233484959686,0.9957923346610164,1,0.3479595525316766,fc_corr_mm,quad_coef,none
diploid,yield_dtw,fc_corr_mm|rate_h4|none,80,-0.002885309694921856,0.9797352116663396,0.9957923346610164,1,0.3479595525316766,fc_corr_mm,rate_h4,none
diploid,yield_dtw,fc_corr|depression_abs|none,80,-0.0025820208688869363,0.9818649604922265,0.9957923346610164,1,0.3479595525316766,fc_corr,depression_abs,none
diploid,yield_dtw,fc_corr|t_half|none,80,0.0019352686978134398,0.9864069754576603,0.9957923346610164,1,0.3479595525316766,fc_corr,t_half,none
diploid,yield_dtw,fc_corr|rate_h4|none,80,-0.0017476062786315307,0.9877249794718862,0.9957923346610164,1,0.3479595525316766,fc_corr,rate_h4,none
diploid,yield_dtw,fc_corr|depression_abs|resid,80,0.0016889617726371837,0.9881368626292524,0.9957923346610164,1,0.3479595525316766,fc_corr,depression_abs,resid
diploid,yield_dtw,raw_delta_mm|lin_slope|none,80,0.0010790589102959785,0.9924206112723861,0.9957923346610164,1,0.3479595525316766,raw_delta_mm,lin_slope,none
diploid,yield_dtw,raw_rfu|t_half|none,80,8.679386887163306e-4,0.9939035034119827,0.9957923346610164,1,0.3479595525316766,raw_rfu,t_half,none
diploid,yield_dtw,fc_corr_mm|sat_asymptote|resid,79,7.795421089921769e-4,0.9945598396920599,0.9957923346610164,1,0.3479595525316766,fc_corr_mm,sat_asymptote,resid
diploid,yield_dtw,fc_corr|delta_auc_late_minus_early|resid,80,-7.0373407193216e-4,0.9950568784996121,0.9957923346610164,1,0.3479595525316766,fc_corr,delta_auc_late_minus_early,resid
diploid,yield_dtw,raw_rfu|depression_abs|none,80,5.990288415817693e-4,0.9957923346610164,0.9957923346610164,1,0.3479595525316766,raw_rfu,depression_abs,none
pooled_adj,yield_dtw,raw_rfu|vmax|none,156,0.14263695455840203,0.07568333773559979,0.7404117794400136,0.768,0.25276815478813425,raw_rfu,vmax,none
pooled_adj,yield_dtw,raw_rfu|n_negative_intervals|none,156,0.1396148477096623,0.08215999550287378,0.7404117794400136,0.79,0.25276815478813425,raw_rfu,n_negative_intervals,none
pooled_adj,yield_dtw,raw_rfu|n_negative_intervals|resid,156,0.13599243986145998,0.09050158914894554,0.7404117794400136,0.823,0.25276815478813425,raw_rfu,n_negative_intervals,resid
pooled_adj,yield_dtw,fc_corr_mm|vmax|resid,156,0.13488079798413555,0.0931925432073081,0.7404117794400136,0.834,0.25276815478813425,fc_corr_mm,vmax,resid
pooled_adj,yield_dtw,fc_corr|vmax|none,156,0.1344279068489293,0.09430692296555768,0.7404117794400136,0.838,0.25276815478813425,fc_corr,vmax,none
pooled_adj,yield_dtw,fc_corr|vmax|resid,156,0.1309441288858043,0.10323649536008025,0.7404117794400136,0.865,0.25276815478813425,fc_corr,vmax,resid
pooled_adj,yield_dtw,raw_delta|auc_early|none,156,0.12719114989825603,0.11358709971639067,0.7404117794400136,0.89,0.25276815478813425,raw_delta,auc_early,none
pooled_adj,yield_dtw,raw_rfu|initial_slope|none,156,0.12681426846406338,0.11466972404539962,0.7404117794400136,0.893,0.25276815478813425,raw_rfu,initial_slope,none
pooled_adj,yield_dtw,raw_delta|auc_0_1h|none,156,0.12681426846406338,0.11466972404539962,0.7404117794400136,0.893,0.25276815478813425,raw_delta,auc_0_1h,none
pooled_adj,yield_dtw,raw_rfu|depression_abs|none,156,0.12495970280496184,0.12011465670402208,0.7404117794400136,0.898,0.25276815478813425,raw_rfu,depression_abs,none
pooled_adj,yield_dtw,fc_corr|depression_abs|none,156,0.12475958750476158,0.12071397210879303,0.7404117794400136,0.898,0.25276815478813425,fc_corr,depression_abs,none
pooled_adj,yield_dtw,raw_delta|auc_0_2h|none,156,0.12429961418886226,0.12210030677666121,0.7404117794400136,0.899,0.25276815478813425,raw_delta,auc_0_2h,none
pooled_adj,yield_dtw,raw_rfu|auc_early|none,156,0.12427902822817107,0.1221626386424801,0.7404117794400136,0.899,0.25276815478813425,raw_rfu,auc_early,none
pooled_adj,yield_dtw,raw_rfu|auc_0_2h|none,156,0.12384038891190488,0.1234966480721658,0.7404117794400136,0.899,0.25276815478813425,raw_rfu,auc_0_2h,none
pooled_adj,yield_dtw,raw_rfu|value_1h|none,156,0.12206049507983556,0.1290255652086084,0.7404117794400136,0.909,0.25276815478813425,raw_rfu,value_1h,none
pooled_adj,yield_dtw,fc_corr|metabolic_depression_index|none,156,0.12203014603317786,0.12912146335604102,0.7404117794400136,0.909,0.25276815478813425,fc_corr,metabolic_depression_index,none
pooled_adj,yield_dtw,fc_corr|resilience_ratio|none,156,-0.12203014603317786,0.12912146335604102,0.7404117794400136,0.909,0.25276815478813425,fc_corr,resilience_ratio,none
pooled_adj,yield_dtw,raw_delta_mm|depression_abs|none,156,0.12176113858044965,0.1299738822714887,0.7404117794400136,0.912,0.25276815478813425,raw_delta_mm,depression_abs,none
pooled_adj,yield_dtw,fc_corr_mm|depression_abs|none,156,0.12158562762043795,0.1305323609229653,0.7404117794400136,0.913,0.25276815478813425,fc_corr_mm,depression_abs,none
pooled_adj,yield_dtw,raw_rfu|metabolic_depression_index|none,156,0.12145768505145747,0.1309406366282213,0.7404117794400136,0.915,0.25276815478813425,raw_rfu,metabolic_depression_index,none
pooled_adj,yield_dtw,raw_rfu|resilience_ratio|none,156,-0.12145768505145747,0.1309406366282213,0.7404117794400136,0.915,0.25276815478813425,raw_rfu,resilience_ratio,none
pooled_adj,yield_dtw,raw_delta|resilience_ratio|none,156,-0.12145768505145747,0.1309406366282213,0.7404117794400136,0.915,0.25276815478813425,raw_delta,resilience_ratio,none
pooled_adj,yield_dtw,raw_rfu|auc_0_1h|none,156,0.11988155031744466,0.13605100998231567,0.7404117794400136,0.92,0.25276815478813425,raw_rfu,auc_0_1h,none
pooled_adj,yield_dtw,fc_corr|initial_slope|none,156,0.11894251380283867,0.13916736775032726,0.7404117794400136,0.922,0.25276815478813425,fc_corr,initial_slope,none
pooled_adj,yield_dtw,fc_corr|auc_0_1h|none,156,0.11894251380283867,0.13916736775032726,0.7404117794400136,0.922,0.25276815478813425,fc_corr,auc_0_1h,none
pooled_adj,yield_dtw,fc_corr_mm|auc_total|resid,156,0.11841994710836992,0.1409250087991116,0.7404117794400136,0.925,0.25276815478813425,fc_corr_mm,auc_total,resid
pooled_adj,yield_dtw,fc_corr_mm|auc_0_3h|resid,156,0.11768360312980032,0.143430300426857,0.7404117794400136,0.928,0.25276815478813425,fc_corr_mm,auc_0_3h,resid
pooled_adj,yield_dtw,raw_rfu|max_drop|none,156,0.1171222382908707,0.1453628714904065,0.7404117794400136,0.933,0.25276815478813425,raw_rfu,max_drop,none
pooled_adj,yield_dtw,fc_corr|auc_early|none,156,0.11705177249012447,0.14560684735523347,0.7404117794400136,0.934,0.25276815478813425,fc_corr,auc_early,none
pooled_adj,yield_dtw,fc_corr|auc_0_2h|none,156,0.11563292473786993,0.1505856711623179,0.7404117794400136,0.937,0.25276815478813425,fc_corr,auc_0_2h,none
pooled_adj,yield_dtw,raw_rfu|time_to_peak|resid,156,-0.11484432408985344,0.15340791835522088,0.7404117794400136,0.942,0.25276815478813425,raw_rfu,time_to_peak,resid
pooled_adj,yield_dtw,raw_delta_mm|max_drop|none,156,0.11445760647356688,0.15480637589037388,0.7404117794400136,0.945,0.25276815478813425,raw_delta_mm,max_drop,none
pooled_adj,yield_dtw,fc_corr|max_drop|none,156,0.11415289188618664,0.15591502901945167,0.7404117794400136,0.946,0.25276815478813425,fc_corr,max_drop,none
pooled_adj,yield_dtw,raw_delta_mm|vmax|resid,156,0.11303275954902844,0.16004174227396642,0.7404117794400136,0.947,0.25276815478813425,raw_delta_mm,vmax,resid
pooled_adj,yield_dtw,fc_corr_mm|max_drop|none,156,0.11195829852813957,0.16407652031465,0.7404117794400136,0.951,0.25276815478813425,fc_corr_mm,max_drop,none
pooled_adj,yield_dtw,fc_corr|auc_total|resid,156,0.10801928635300401,0.17951797241109796,0.7404117794400136,0.965,0.25276815478813425,fc_corr,auc_total,resid
pooled_adj,yield_dtw,fc_corr|auc_0_3h|resid,156,0.10745079713083952,0.18183205005745384,0.7404117794400136,0.965,0.25276815478813425,fc_corr,auc_0_3h,resid
pooled_adj,yield_dtw,raw_delta|auc_0_3h|none,156,0.10724810459480316,0.18266240208357515,0.7404117794400136,0.967,0.25276815478813425,raw_delta,auc_0_3h,none
pooled_adj,yield_dtw,raw_delta_mm|depression_abs|resid,156,0.10688547497955062,0.18415489276622948,0.7404117794400136,0.967,0.25276815478813425,raw_delta_mm,depression_abs,resid
pooled_adj,yield_dtw,raw_rfu|vmax|resid,156,0.10573899532259493,0.1889323023047696,0.7404117794400136,0.973,0.25276815478813425,raw_rfu,vmax,resid
pooled_adj,yield_dtw,raw_rfu|auc_0_3h|none,156,0.10414120806587078,0.1957403503226606,0.7404117794400136,0.977,0.25276815478813425,raw_rfu,auc_0_3h,none
pooled_adj,yield_dtw,fc_corr|auc_total|none,156,0.10266218596698043,0.20219945630698702,0.7404117794400136,0.978,0.25276815478813425,fc_corr,auc_total,none
pooled_adj,yield_dtw,fc_corr_mm|vmax|none,156,0.1024072367614972,0.20332822246597804,0.7404117794400136,0.979,0.25276815478813425,fc_corr_mm,vmax,none
pooled_adj,yield_dtw,fc_corr|auc_0_3h|none,156,0.10239615201343272,0.20337740210532074,0.7404117794400136,0.979,0.25276815478813425,fc_corr,auc_0_3h,none
pooled_adj,yield_dtw,raw_rfu|time_to_vmax|resid,156,0.10235022948573698,0.2035812376857085,0.7404117794400136,0.979,0.25276815478813425,raw_rfu,time_to_vmax,resid
pooled_adj,yield_dtw,fc_corr|auc_0_2h|resid,156,0.1008046988984597,0.21052745575612603,0.7404117794400136,0.983,0.25276815478813425,fc_corr,auc_0_2h,resid
pooled_adj,yield_dtw,raw_delta_mm|vmax|none,156,0.10072552212657049,0.21088782386947505,0.7404117794400136,0.983,0.25276815478813425,raw_delta_mm,vmax,none
pooled_adj,yield_dtw,raw_delta|auc_total|none,156,0.10065426303187021,0.21121253272792925,0.7404117794400136,0.983,0.25276815478813425,raw_delta,auc_total,none
pooled_adj,yield_dtw,fc_corr_mm|depression_abs|resid,156,0.09987041299016708,0.21480797626117595,0.7404117794400136,0.984,0.25276815478813425,fc_corr_mm,depression_abs,resid
pooled_adj,yield_dtw,raw_delta_mm|auc_0_3h|resid,156,0.09956320711523697,0.21622894790927147,0.7404117794400136,0.984,0.25276815478813425,raw_delta_mm,auc_0_3h,resid
pooled_adj,yield_dtw,fc_corr_mm|auc_early|resid,156,0.09837713907233668,0.22177791900716773,0.7404117794400136,0.986,0.25276815478813425,fc_corr_mm,auc_early,resid
pooled_adj,yield_dtw,fc_corr|auc_early|resid,156,0.09828846108782077,0.22219681704063257,0.7404117794400136,0.986,0.25276815478813425,fc_corr,auc_early,resid
pooled_adj,yield_dtw,fc_corr_mm|auc_0_2h|resid,156,0.09807626733915771,0.2232014569302605,0.7404117794400136,0.986,0.25276815478813425,fc_corr_mm,auc_0_2h,resid
pooled_adj,yield_dtw,raw_rfu|auc_total|none,156,0.09733675628971254,0.22672784077810615,0.7404117794400136,0.988,0.25276815478813425,raw_rfu,auc_total,none
pooled_adj,yield_dtw,fc_corr_mm|peak_value|resid,156,0.09666058665777873,0.22998645472161294,0.7404117794400136,0.989,0.25276815478813425,fc_corr_mm,peak_value,resid
pooled_adj,yield_dtw,fc_corr|initial_slope|resid,156,0.09556794720570772,0.23532158611179207,0.7404117794400136,0.99,0.25276815478813425,fc_corr,initial_slope,resid
pooled_adj,yield_dtw,fc_corr|auc_0_1h|resid,156,0.09556794720570772,0.23532158611179207,0.7404117794400136,0.99,0.25276815478813425,fc_corr,auc_0_1h,resid
pooled_adj,yield_dtw,fc_corr|peak_value|resid,156,0.0941459323825776,0.24239405869478353,0.7404117794400136,0.99,0.25276815478813425,fc_corr,peak_value,resid
pooled_adj,yield_dtw,fc_corr_mm|initial_slope|resid,156,0.09367403882211793,0.24477343108815205,0.7404117794400136,0.99,0.25276815478813425,fc_corr_mm,initial_slope,resid
pooled_adj,yield_dtw,fc_corr_mm|auc_0_1h|resid,156,0.09367403882211793,0.24477343108815205,0.7404117794400136,0.99,0.25276815478813425,fc_corr_mm,auc_0_1h,resid
pooled_adj,yield_dtw,fc_corr_mm|auc_late|resid,156,0.0935695254832242,0.24530259427356577,0.7404117794400136,0.99,0.25276815478813425,fc_corr_mm,auc_late,resid
pooled_adj,yield_dtw,fc_corr_mm|value_4h|resid,156,0.09276508948082987,0.2494021476814508,0.7404117794400136,0.99,0.25276815478813425,fc_corr_mm,value_4h,resid
pooled_adj,yield_dtw,fc_corr_mm|final_value|resid,156,0.09257031462198241,0.2504018450638351,0.7404117794400136,0.99,0.25276815478813425,fc_corr_mm,final_value,resid
pooled_adj,yield_dtw,raw_rfu|final_value|none,156,0.09246896835396425,0.2509231072494463,0.7404117794400136,0.99,0.25276815478813425,raw_rfu,final_value,none
pooled_adj,yield_dtw,fc_corr|value_2h|none,156,0.0923232830936881,0.25167373471089105,0.7404117794400136,0.99,0.25276815478813425,fc_corr,value_2h,none
pooled_adj,yield_dtw,raw_delta_mm|auc_early|resid,156,0.09231853248737475,0.25169823777500283,0.7404117794400136,0.99,0.25276815478813425,raw_delta_mm,auc_early,resid
pooled_adj,yield_dtw,raw_rfu|metabolic_scope|none,156,0.09215542833728299,0.2525405091270648,0.7404117794400136,0.99,0.25276815478813425,raw_rfu,metabolic_scope,none
pooled_adj,yield_dtw,raw_rfu|final_delta|none,156,0.09215542833728299,0.2525405091270648,0.7404117794400136,0.99,0.25276815478813425,raw_rfu,final_delta,none
pooled_adj,yield_dtw,raw_rfu|mean_rate|none,156,0.09213009177027845,0.2526715217312393,0.7404117794400136,0.99,0.25276815478813425,raw_rfu,mean_rate,none
pooled_adj,yield_dtw,raw_rfu|peak_value|none,156,0.09198599004544009,0.2534175477713679,0.7404117794400136,0.99,0.25276815478813425,raw_rfu,peak_value,none
pooled_adj,yield_dtw,raw_delta|value_4h|none,156,0.0918466389269151,0.25414042279411314,0.7404117794400136,0.99,0.25276815478813425,raw_delta,value_4h,none
pooled_adj,yield_dtw,fc_corr_mm|mean_rate|resid,156,0.09168511831226112,0.25498007711450194,0.7404117794400136,0.99,0.25276815478813425,fc_corr_mm,mean_rate,resid
pooled_adj,yield_dtw,raw_delta_mm|auc_total|resid,156,0.09152201416216935,0.25582989972367753,0.7404117794400136,0.99,0.25276815478813425,raw_delta_mm,auc_total,resid
pooled_adj,yield_dtw,fc_corr|final_value|resid,156,0.09093927312106481,0.2588820684592989,0.7404117794400136,0.99,0.25276815478813425,fc_corr,final_value,resid
pooled_adj,yield_dtw,raw_delta_mm|auc_0_2h|resid,156,0.09093768958562702,0.2588903962896602,0.7404117794400136,0.99,0.25276815478813425,raw_delta_mm,auc_0_2h,resid
pooled_adj,yield_dtw,raw_rfu|time_to_peak|none,156,-0.09093592617279193,0.25889967031355077,0.7404117794400136,0.99,0.25276815478813425,raw_rfu,time_to_peak,none
pooled_adj,yield_dtw,fc_corr_mm|value_3h|resid,156,0.09066215441945259,0.2603422379103686,0.7404117794400136,0.991,0.25276815478813425,fc_corr_mm,value_3h,resid
pooled_adj,yield_dtw,raw_delta|value_2h|none,156,0.09058772825387673,0.2607353571624746,0.7404117794400136,0.991,0.25276815478813425,raw_delta,value_2h,none
pooled_adj,yield_dtw,raw_delta|auc_0_3h|resid,156,0.09047054663148071,0.26135513458727583,0.7404117794400136,0.991,0.25276815478813425,raw_delta,auc_0_3h,resid
pooled_adj,yield_dtw,raw_delta|auc_late|none,156,0.09043412531641168,0.2615479733897433,0.7404117794400136,0.991,0.25276815478813425,raw_delta,auc_late,none
pooled_adj,yield_dtw,fc_corr|final_value|none,156,0.0901633407565506,0.26298474149609674,0.7404117794400136,0.991,0.25276815478813425,fc_corr,final_value,none
pooled_adj,yield_dtw,fc_corr|auc_late|resid,156,0.0899543140787631,0.2640975087455748,0.7404117794400136,0.991,0.25276815478813425,fc_corr,auc_late,resid
pooled_adj,yield_dtw,raw_rfu|value_4h|none,156,0.08941432849447874,0.2669870230156652,0.7404117794400136,0.991,0.25276815478813425,raw_rfu,value_4h,none
pooled_adj,yield_dtw,fc_corr|mean_rate|resid,156,0.08932881758083838,0.26744656725520344,0.7404117794400136,0.991,0.25276815478813425,fc_corr,mean_rate,resid
pooled_adj,yield_dtw,fc_corr|peak_value|none,156,0.08915937928899549,0.26835873543818284,0.7404117794400136,0.991,0.25276815478813425,fc_corr,peak_value,none
pooled_adj,yield_dtw,fc_corr_mm|value_2h|resid,156,0.08915146161180658,0.26840141180925353,0.7404117794400136,0.991,0.25276815478813425,fc_corr_mm,value_2h,resid
pooled_adj,yield_dtw,raw_rfu|auc_0_3h|resid,156,0.08902636231222162,0.26907631113422964,0.7404117794400136,0.991,0.25276815478813425,raw_rfu,auc_0_3h,resid
pooled_adj,yield_dtw,raw_delta_mm|value_2h|resid,156,0.08891551483157674,0.2696752863088676,0.7404117794400136,0.991,0.25276815478813425,raw_delta_mm,value_2h,resid
pooled_adj,yield_dtw,fc_corr|auc_late|none,156,0.08878408139024066,0.2703866726837257,0.7404117794400136,0.991,0.25276815478813425,fc_corr,auc_late,none
pooled_adj,yield_dtw,raw_rfu|auc_late|none,156,0.08833594086134776,0.2728218149069667,0.7404117794400136,0.992,0.25276815478813425,raw_rfu,auc_late,none
pooled_adj,yield_dtw,fc_corr|value_4h|resid,156,0.08779278820618781,0.2757930995078301,0.7404117794400136,0.992,0.25276815478813425,fc_corr,value_4h,resid
pooled_adj,yield_dtw,raw_delta|auc_0_2h|resid,156,0.0876439358750361,0.27661118929844675,0.7404117794400136,0.992,0.25276815478813425,raw_delta,auc_0_2h,resid
pooled_adj,yield_dtw,raw_rfu|value_2h|none,156,0.08724488494471452,0.2788124415341188,0.7404117794400136,0.992,0.25276815478813425,raw_rfu,value_2h,none
pooled_adj,yield_dtw,fc_corr|mean_rate|none,156,0.08721954837770998,0.2789526008529556,0.7404117794400136,0.992,0.25276815478813425,fc_corr,mean_rate,none
pooled_adj,yield_dtw,raw_delta|auc_early|resid,156,0.08719104473982987,0.27911033680182895,0.7404117794400136,0.992,0.25276815478813425,raw_delta,auc_early,resid
pooled_adj,yield_dtw,raw_delta|auc_total|resid,156,0.08718312706264093,0.27915416300082374,0.7404117794400136,0.992,0.25276815478813425,raw_delta,auc_total,resid
pooled_adj,yield_dtw,raw_rfu|auc_0_2h|resid,156,0.08648162086370258,0.28305556442549445,0.7404117794400136,0.992,0.25276815478813425,raw_rfu,auc_0_2h,resid
pooled_adj,yield_dtw,fc_corr|value_4h|none,156,0.08638027459568441,0.28362220769312235,0.7404117794400136,0.992,0.25276815478813425,fc_corr,value_4h,none
pooled_adj,yield_dtw,fc_corr|value_3h|resid,156,0.08619658448490146,0.2846511862750559,0.7404117794400136,0.993,0.25276815478813425,fc_corr,value_3h,resid
pooled_adj,yield_dtw,raw_rfu|auc_early|resid,156,0.08558533980591679,0.2880931908116191,0.7404117794400136,0.993,0.25276815478813425,raw_rfu,auc_early,resid
pooled_adj,yield_dtw,raw_rfu|auc_total|resid,156,0.08457662773204833,0.29383393510599126,0.7404117794400136,0.994,0.25276815478813425,raw_rfu,auc_total,resid
pooled_adj,yield_dtw,raw_delta_mm|max_drop|resid,156,0.08425675357361594,0.2956701485992406,0.7404117794400136,0.994,0.25276815478813425,raw_delta_mm,max_drop,resid
pooled_adj,yield_dtw,raw_rfu|resilience_ratio|resid,156,-0.08378486001315628,0.2983928795721259,0.7404117794400136,0.994,0.25276815478813425,raw_rfu,resilience_ratio,resid
pooled_adj,yield_dtw,raw_delta_mm|auc_late|resid,156,0.08335255483864122,0.3009017000400644,0.7404117794400136,0.994,0.25276815478813425,raw_delta_mm,auc_late,resid
pooled_adj,yield_dtw,fc_corr|sat_asymptote|none,152,0.08305593154526414,0.3090163371089695,0.7404117794400136,0.994,0.25276815478813425,fc_corr,sat_asymptote,none
pooled_adj,yield_dtw,fc_corr_mm|max_drop|resid,156,0.08289332956168384,0.30358194592830656,0.7404117794400136,0.995,0.25276815478813425,fc_corr_mm,max_drop,resid
pooled_adj,yield_dtw,raw_rfu|metabolic_depression_index|resid,156,0.08249586216680004,0.30591438835508733,0.7404117794400136,0.995,0.25276815478813425,raw_rfu,metabolic_depression_index,resid
pooled_adj,yield_dtw,raw_delta|resilience_ratio|resid,156,-0.08249586216680004,0.30591438835508733,0.7404117794400136,0.995,0.25276815478813425,raw_delta,resilience_ratio,resid
pooled_adj,yield_dtw,fc_corr|value_3h|none,156,0.0822203270006256,0.30753818713173725,0.7404117794400136,0.995,0.25276815478813425,fc_corr,value_3h,none
pooled_adj,yield_dtw,fc_corr|value_2h|resid,156,0.08186403152712417,0.30964628796597876,0.7404117794400136,0.995,0.25276815478813425,fc_corr,value_2h,resid
pooled_adj,yield_dtw,raw_delta_mm|peak_value|resid,156,0.08155207504588072,0.31149979038453846,0.7404117794400136,0.995,0.25276815478813425,raw_delta_mm,peak_value,resid
pooled_adj,yield_dtw,fc_corr_mm|initial_slope|none,156,0.0808569029886935,0.3156561897693545,0.7404117794400136,0.995,0.25276815478813425,fc_corr_mm,initial_slope,none
pooled_adj,yield_dtw,fc_corr_mm|auc_0_1h|none,156,0.0808569029886935,0.3156561897693545,0.7404117794400136,0.995,0.25276815478813425,fc_corr_mm,auc_0_1h,none
pooled_adj,yield_dtw,raw_delta|value_3h|none,156,0.08057345014533014,0.3173612436644601,0.7404117794400136,0.997,0.25276815478813425,raw_delta,value_3h,none
pooled_adj,yield_dtw,fc_corr|metabolic_depression_index|resid,156,0.08023457356164435,0.3194075206548308,0.7404117794400136,0.997,0.25276815478813425,fc_corr,metabolic_depression_index,resid
pooled_adj,yield_dtw,fc_corr|resilience_ratio|resid,156,-0.08023457356164435,0.3194075206548308,0.7404117794400136,0.997,0.25276815478813425,fc_corr,resilience_ratio,resid
pooled_adj,yield_dtw,raw_rfu|depression_abs|resid,156,0.0797420940404935,0.32239652022992393,0.7404117794400136,0.997,0.25276815478813425,raw_rfu,depression_abs,resid
pooled_adj,yield_dtw,raw_rfu|value_3h|none,156,0.07837233588681027,0.330804667970358,0.7404117794400136,0.997,0.25276815478813425,raw_rfu,value_3h,none
pooled_adj,yield_dtw,raw_delta_mm|value_3h|resid,156,0.07806988061819349,0.3326800306321822,0.7404117794400136,0.997,0.25276815478813425,raw_delta_mm,value_3h,resid
pooled_adj,yield_dtw,raw_rfu|baseline_value|none,156,-0.07652118296004065,0.3423889309723882,0.7404117794400136,0.997,0.25276815478813425,raw_rfu,baseline_value,none
pooled_adj,yield_dtw,fc_corr|depression_abs|resid,156,0.07545704714584975,0.3491629968565869,0.7404117794400136,0.997,0.25276815478813425,fc_corr,depression_abs,resid
pooled_adj,yield_dtw,raw_delta_mm|value_4h|resid,156,0.07531611249188697,0.3500664349039264,0.7404117794400136,0.997,0.25276815478813425,raw_delta_mm,value_4h,resid
pooled_adj,yield_dtw,fc_corr_mm|auc_early|none,156,0.07529077592488241,0.3502290063298922,0.7404117794400136,0.997,0.25276815478813425,fc_corr_mm,auc_early,none
pooled_adj,yield_dtw,raw_rfu|sat_asymptote|none,152,0.07513043356293003,0.3576120355311023,0.7404117794400136,0.997,0.25276815478813425,raw_rfu,sat_asymptote,none
pooled_adj,yield_dtw,raw_delta_mm|final_value|resid,156,0.07497881944363896,0.35223455213299715,0.7404117794400136,0.997,0.25276815478813425,raw_delta_mm,final_value,resid
pooled_adj,yield_dtw,fc_corr_mm|lin_slope|resid,156,0.07494081459313214,0.35247937355605274,0.7404117794400136,0.997,0.25276815478813425,fc_corr_mm,lin_slope,resid
pooled_adj,yield_dtw,raw_delta_mm|mean_rate|resid,156,0.0748853908528097,0.3528365958947698,0.7404117794400136,0.997,0.25276815478813425,raw_delta_mm,mean_rate,resid
pooled_adj,yield_dtw,raw_delta_mm|initial_slope|resid,156,0.07425672728400941,0.35690438095994326,0.7404117794400136,0.997,0.25276815478813425,raw_delta_mm,initial_slope,resid
pooled_adj,yield_dtw,raw_delta_mm|auc_0_1h|resid,156,0.07425672728400941,0.35690438095994326,0.7404117794400136,0.997,0.25276815478813425,raw_delta_mm,auc_0_1h,resid
pooled_adj,yield_dtw,raw_delta|auc_late|resid,156,0.07425514374857162,0.35691466406443695,0.7404117794400136,0.997,0.25276815478813425,raw_delta,auc_late,resid
pooled_adj,yield_dtw,raw_delta_mm|auc_early|none,156,0.07407462070866423,0.35808814924657095,0.7404117794400136,0.997,0.25276815478813425,raw_delta_mm,auc_early,none
pooled_adj,yield_dtw,raw_rfu|value_1h|resid,156,0.07387984584981679,0.35935697055612903,0.7404117794400136,0.997,0.25276815478813425,raw_rfu,value_1h,resid
pooled_adj,yield_dtw,raw_delta_mm|initial_slope|none,156,0.07382442210949434,0.3597185278817687,0.7404117794400136,0.997,0.25276815478813425,raw_delta_mm,initial_slope,none
pooled_adj,yield_dtw,raw_delta_mm|auc_0_1h|none,156,0.07382442210949434,0.3597185278817687,0.7404117794400136,0.997,0.25276815478813425,raw_delta_mm,auc_0_1h,none
pooled_adj,yield_dtw,raw_rfu|auc_late|resid,156,0.07360114361276679,0.3611773779050953,0.7404117794400136,0.997,0.25276815478813425,raw_rfu,auc_late,resid
pooled_adj,yield_dtw,raw_delta|value_2h|resid,156,0.07358689179382673,0.3612706205666488,0.7404117794400136,0.997,0.25276815478813425,raw_delta,value_2h,resid
pooled_adj,yield_dtw,raw_rfu|auc_0_1h|resid,156,0.0734918796675597,0.361892620235282,0.7404117794400136,0.997,0.25276815478813425,raw_rfu,auc_0_1h,resid
pooled_adj,yield_dtw,raw_rfu|initial_slope|resid,156,0.07308649459548695,0.36455394508720684,0.7404117794400136,0.997,0.25276815478813425,raw_rfu,initial_slope,resid
pooled_adj,yield_dtw,raw_delta|auc_0_1h|resid,156,0.07308649459548695,0.36455394508720684,0.7404117794400136,0.997,0.25276815478813425,raw_delta,auc_0_1h,resid
pooled_adj,yield_dtw,fc_corr_mm|auc_0_2h|none,156,0.07301998610710003,0.36499172225916166,0.7404117794400136,0.997,0.25276815478813425,fc_corr_mm,auc_0_2h,none
pooled_adj,yield_dtw,raw_rfu|value_2h|resid,156,0.07210153555318526,0.37107042492649056,0.7471549354018704,0.997,0.25276815478813425,raw_rfu,value_2h,resid
pooled_adj,yield_dtw,fc_corr_mm|sat_asymptote|resid,152,0.07120278345027622,0.38336805097515536,0.7471549354018704,0.997,0.25276815478813425,fc_corr_mm,sat_asymptote,resid
pooled_adj,yield_dtw,raw_delta_mm|auc_0_2h|none,156,0.07024088141378895,0.38357432100769995,0.7471549354018704,0.997,0.25276815478813425,raw_delta_mm,auc_0_2h,none
pooled_adj,yield_dtw,raw_rfu|stability_cv|resid,156,0.0696185519867398,0.3878128275586685,0.7471549354018704,0.997,0.25276815478813425,raw_rfu,stability_cv,resid
pooled_adj,yield_dtw,raw_rfu|peak_value|resid,156,0.06960113309692417,0.38793186777963795,0.7471549354018704,0.997,0.25276815478813425,raw_rfu,peak_value,resid
pooled_adj,yield_dtw,raw_rfu|metabolic_scope|resid,156,0.06940002409632559,0.38930783743938757,0.7471549354018704,0.997,0.25276815478813425,raw_rfu,metabolic_scope,resid
pooled_adj,yield_dtw,raw_delta_mm|sat_asymptote|resid,152,0.06807812719238905,0.40464041357919245,0.7471549354018704,0.998,0.25276815478813425,raw_delta_mm,sat_asymptote,resid
pooled_adj,yield_dtw,raw_rfu|lin_slope|none,156,0.06628996049651764,0.41095890253288525,0.7471549354018704,0.999,0.25276815478813425,raw_rfu,lin_slope,none
pooled_adj,yield_dtw,raw_delta|value_3h|resid,156,0.06589407663707161,0.41376479002602695,0.7471549354018704,0.999,0.25276815478813425,raw_delta,value_3h,resid
pooled_adj,yield_dtw,fc_corr|stability_cv|resid,156,0.06582281754237133,0.41427103951861655,0.7471549354018704,0.999,0.25276815478813425,fc_corr,stability_cv,resid
pooled_adj,yield_dtw,raw_delta|stability_cv|resid,156,0.06544910317905428,0.4169319715325229,0.7471549354018704,0.999,0.25276815478813425,raw_delta,stability_cv,resid
pooled_adj,yield_dtw,fc_corr_mm|auc_0_3h|none,156,0.06520682225707333,0.41866238697359703,0.7471549354018704,0.999,0.25276815478813425,fc_corr_mm,auc_0_3h,none
pooled_adj,yield_dtw,raw_rfu|value_3h|resid,156,0.06508489002836396,0.4195348304655545,0.7471549354018704,0.999,0.25276815478813425,raw_rfu,value_3h,resid
pooled_adj,yield_dtw,fc_corr|lin_slope|none,156,0.0649803766894702,0.4202834808950847,0.7471549354018704,0.999,0.25276815478813425,fc_corr,lin_slope,none
pooled_adj,yield_dtw,fc_corr|lin_slope|resid,156,0.06462883182228213,0.42280736464447577,0.7471549354018704,0.999,0.25276815478813425,fc_corr,lin_slope,resid
pooled_adj,yield_dtw,fc_corr|quad_coef|none,156,-0.06432954362454092,0.4249629868614109,0.7471549354018704,0.999,0.25276815478813425,fc_corr,quad_coef,none
pooled_adj,yield_dtw,raw_delta_mm|auc_total|none,156,0.06426778574246735,0.4254085877501451,0.7471549354018704,0.999,0.25276815478813425,raw_delta_mm,auc_total,none
pooled_adj,yield_dtw,raw_rfu|max_drop|resid,156,0.06420919493126935,0.4258315869219571,0.7471549354018704,0.999,0.25276815478813425,raw_rfu,max_drop,resid
pooled_adj,yield_dtw,raw_delta|value_4h|resid,156,0.06388932077283696,0.4281452154903709,0.7471549354018704,0.999,0.25276815478813425,raw_delta,value_4h,resid
pooled_adj,yield_dtw,raw_delta_mm|auc_0_3h|none,156,0.06361061853578696,0.4301669428662309,0.7471549354018704,0.999,0.25276815478813425,raw_delta_mm,auc_0_3h,none
pooled_adj,yield_dtw,raw_rfu|value_4h|resid,156,0.06354252651196224,0.430661720592048,0.7471549354018704,0.999,0.25276815478813425,raw_rfu,value_4h,resid
pooled_adj,yield_dtw,raw_rfu|final_delta|resid,156,0.06330974680260798,0.4323556376075175,0.7471549354018704,1,0.25276815478813425,raw_rfu,final_delta,resid
pooled_adj,yield_dtw,raw_rfu|mean_rate|resid,156,0.06320998407002758,0.4330827699266824,0.7471549354018704,1,0.25276815478813425,raw_rfu,mean_rate,resid
pooled_adj,yield_dtw,fc_corr_mm|auc_total|none,156,0.06296611961260884,0.43486315091465955,0.7471549354018704,1,0.25276815478813425,fc_corr_mm,auc_total,none
pooled_adj,yield_dtw,raw_rfu|time_to_vmax|none,156,-0.06275274298139126,0.4364243758716708,0.7471549354018704,1,0.25276815478813425,raw_rfu,time_to_vmax,none
pooled_adj,yield_dtw,raw_rfu|final_value|resid,156,0.06271275394256337,0.4367173213968679,0.7471549354018704,1,0.25276815478813425,raw_rfu,final_value,resid
pooled_adj,yield_dtw,raw_delta_mm|lin_slope|resid,156,0.059944733997316785,0.4572656878547361,0.7731103693657317,1,0.25276815478813425,raw_delta_mm,lin_slope,resid
pooled_adj,yield_dtw,fc_corr|sat_k|resid,152,-0.05856889932592034,0.4735341179378656,0.7731103693657317,1,0.25276815478813425,fc_corr,sat_k,resid
pooled_adj,yield_dtw,fc_corr_mm|sat_k|resid,152,-0.05856889932592034,0.4735341179378656,0.7731103693657317,1,0.25276815478813425,fc_corr_mm,sat_k,resid
pooled_adj,yield_dtw,raw_rfu|inflection_time|none,156,-0.05853146976515378,0.46796086643433366,0.7731103693657317,1,0.25276815478813425,raw_rfu,inflection_time,none
pooled_adj,yield_dtw,raw_rfu|sat_k|resid,152,-0.058192228434558596,0.4763884318274756,0.7731103693657317,1,0.25276815478813425,raw_rfu,sat_k,resid
pooled_adj,yield_dtw,raw_delta_mm|sat_k|resid,152,-0.058192228434558596,0.4763884318274756,0.7731103693657317,1,0.25276815478813425,raw_delta_mm,sat_k,resid
pooled_adj,yield_dtw,fc_corr_mm|value_2h|none,156,0.05811099996036281,0.47116914314668135,0.7731103693657317,1,0.25276815478813425,fc_corr_mm,value_2h,none
pooled_adj,yield_dtw,fc_corr|max_drop|resid,156,0.058025489046722466,0.47182307722429817,0.7731103693657317,1,0.25276815478813425,fc_corr,max_drop,resid
pooled_adj,yield_dtw,raw_rfu|quad_coef|none,156,-0.05750925649400485,0.4757814040800783,0.7731103693657317,1,0.25276815478813425,raw_rfu,quad_coef,none
pooled_adj,yield_dtw,fc_corr|sat_asymptote|resid,152,0.057308763980273784,0.4831195522660142,0.7795792775201592,1,0.25276815478813425,fc_corr,sat_asymptote,resid
pooled_adj,yield_dtw,fc_corr_mm|sat_asymptote|none,152,0.056159917761620465,0.49194852956593116,0.7858118319300481,1,0.25276815478813425,fc_corr_mm,sat_asymptote,none
pooled_adj,yield_dtw,raw_rfu|sat_r2|resid,152,-0.05578667115108929,0.49483529483105926,0.7858118319300481,1,0.25276815478813425,raw_rfu,sat_r2,resid
pooled_adj,yield_dtw,fc_corr|sat_r2|resid,152,-0.054625839949529006,0.5038703757312522,0.7858118319300481,1,0.25276815478813425,fc_corr,sat_r2,resid
pooled_adj,yield_dtw,raw_rfu|sat_r2|none,152,-0.05430909397270209,0.5063505818422493,0.7858118319300481,1,0.25276815478813425,raw_rfu,sat_r2,none
pooled_adj,yield_dtw,fc_corr|t_half|resid,156,0.054155328436778144,0.5019320846971229,0.7858118319300481,1,0.25276815478813425,fc_corr,t_half,resid
pooled_adj,yield_dtw,fc_corr_mm|delta_auc_late_minus_early|resid,156,0.054118907121709116,0.5022201380797809,0.7858118319300481,1,0.25276815478813425,fc_corr_mm,delta_auc_late_minus_early,resid
pooled_adj,yield_dtw,raw_rfu|t_half|resid,156,0.054041313885257694,0.5028341056555035,0.7858118319300481,1,0.25276815478813425,raw_rfu,t_half,resid
pooled_adj,yield_dtw,fc_corr|sat_r2|none,152,-0.053562600751639725,0.5122208692382305,0.790601776432921,1,0.25276815478813425,fc_corr,sat_r2,none
pooled_adj,yield_dtw,fc_corr_mm|peak_value|none,156,0.04979110477024519,0.5370552173050767,0.8244394095188138,1,0.25276815478813425,fc_corr_mm,peak_value,none
pooled_adj,yield_dtw,raw_rfu|lin_slope|resid,156,0.04943797636761933,0.5399497541214766,0.8244394095188138,1,0.25276815478813425,raw_rfu,lin_slope,resid
pooled_adj,yield_dtw,raw_delta_mm|sat_asymptote|none,152,0.049105899250664206,0.5479844667962795,0.8278063221816139,1,0.25276815478813425,raw_delta_mm,sat_asymptote,none
pooled_adj,yield_dtw,raw_delta_mm|value_2h|none,156,0.04880139512163013,0.5451871617295072,0.8278063221816139,1,0.25276815478813425,raw_delta_mm,value_2h,none
pooled_adj,yield_dtw,raw_rfu|baseline_value|resid,156,-0.04729545292029746,0.5576756915227761,0.8323116671465989,1,0.25276815478813425,raw_rfu,baseline_value,resid
pooled_adj,yield_dtw,raw_delta_mm|peak_value|none,156,0.04623923478329547,0.5665161920558739,0.8323116671465989,1,0.25276815478813425,raw_delta_mm,peak_value,none
pooled_adj,yield_dtw,fc_corr|quad_coef|resid,156,-0.0461869781138486,0.5669553003393342,0.8323116671465989,1,0.25276815478813425,fc_corr,quad_coef,resid
pooled_adj,yield_dtw,fc_corr_mm|auc_late|none,156,0.045387292717767626,0.5736950553525839,0.8323116671465989,1,0.25276815478813425,fc_corr_mm,auc_late,none
pooled_adj,yield_dtw,raw_delta_mm|delta_auc_late_minus_early|resid,156,0.04454643540030428,0.5808220964844837,0.8323116671465989,1,0.25276815478813425,raw_delta_mm,delta_auc_late_minus_early,resid
pooled_adj,yield_dtw,raw_rfu|sat_asymptote|resid,152,0.044342724615353456,0.5875100469003594,0.8323116671465989,1,0.25276815478813425,raw_rfu,sat_asymptote,resid
pooled_adj,yield_dtw,raw_delta_mm|auc_late|none,156,0.04422497770643411,0.5835575498712045,0.8323116671465989,1,0.25276815478813425,raw_delta_mm,auc_late,none
pooled_adj,yield_dtw,raw_rfu|quad_coef|resid,156,-0.044174304572425015,0.5839892961043363,0.8323116671465989,1,0.25276815478813425,raw_rfu,quad_coef,resid
pooled_adj,yield_dtw,raw_delta_mm|min_slope|none,156,-0.0436580720197074,0.5883960790049225,0.8323116671465989,1,0.25276815478813425,raw_delta_mm,min_slope,none
pooled_adj,yield_dtw,raw_delta_mm|quad_coef|resid,156,-0.04356464342887814,0.5891952485163836,0.8323116671465989,1,0.25276815478813425,raw_delta_mm,quad_coef,resid
pooled_adj,yield_dtw,raw_rfu|min_slope|none,156,-0.04335720028652843,0.5909714461541615,0.8323116671465989,1,0.25276815478813425,raw_rfu,min_slope,none
pooled_adj,yield_dtw,fc_corr_mm|quad_coef|resid,156,-0.04322735038063013,0.5920845039370137,0.8323116671465989,1,0.25276815478813425,fc_corr_mm,quad_coef,resid
pooled_adj,yield_dtw,fc_corr_mm|mean_rate|none,156,0.0430705803722895,0.5934295856930263,0.8323116671465989,1,0.25276815478813425,fc_corr_mm,mean_rate,none
pooled_adj,yield_dtw,fc_corr_mm|value_4h|none,156,0.042304149220402,0.6000253923717536,0.8323116671465989,1,0.25276815478813425,fc_corr_mm,value_4h,none
pooled_adj,yield_dtw,fc_corr|delta_auc_late_minus_early|resid,156,0.04203811526685428,0.6023225001886923,0.8323116671465989,1,0.25276815478813425,fc_corr,delta_auc_late_minus_early,resid
pooled_adj,yield_dtw,fc_corr|delta_auc_late_minus_early|none,156,0.04171665757298411,0.60510339397728,0.8323116671465989,1,0.25276815478813425,fc_corr,delta_auc_late_minus_early,none
pooled_adj,yield_dtw,fc_corr_mm|final_value|none,156,0.0415883912025236,0.6062146000128096,0.8323116671465989,1,0.25276815478813425,fc_corr_mm,final_value,none
pooled_adj,yield_dtw,fc_corr_mm|value_3h|none,156,0.04061451690828638,0.6146808395588308,0.8323116671465989,1,0.25276815478813425,fc_corr_mm,value_3h,none
pooled_adj,yield_dtw,raw_delta_mm|final_value|none,156,0.04058442973496848,0.6149432172557276,0.8323116671465989,1,0.25276815478813425,raw_delta_mm,final_value,none
pooled_adj,yield_dtw,fc_corr_mm|quad_coef|none,156,-0.04052108831745712,0.6154957507782448,0.8323116671465989,1,0.25276815478813425,fc_corr_mm,quad_coef,none
pooled_adj,yield_dtw,fc_corr_mm|min_slope|none,156,-0.04031997931685854,0.6172514748191039,0.8323116671465989,1,0.25276815478813425,fc_corr_mm,min_slope,none
pooled_adj,yield_dtw,raw_rfu|inflection_time|resid,156,-0.04027088971828723,0.6176803670050757,0.8323116671465989,1,0.25276815478813425,raw_rfu,inflection_time,resid
pooled_adj,yield_dtw,raw_delta_mm|value_3h|none,156,0.04019171294639803,0.6183724005913112,0.8323116671465989,1,0.25276815478813425,raw_delta_mm,value_3h,none
pooled_adj,yield_dtw,fc_corr|min_slope|none,156,-0.03970081696068496,0.6226704746717178,0.8341434660696596,1,0.25276815478813425,fc_corr,min_slope,none
pooled_adj,yield_dtw,raw_delta_mm|value_4h|none,156,0.03887262792672388,0.6299506273639586,0.8362685251136874,1,0.25276815478813425,raw_delta_mm,value_4h,none
pooled_adj,yield_dtw,raw_delta_mm|mean_rate|none,156,0.0388504584305949,0.6301460013180603,0.8362685251136874,1,0.25276815478813425,raw_delta_mm,mean_rate,none
pooled_adj,yield_dtw,raw_rfu|late_early_auc_ratio|resid,156,0.038361145980319616,0.6344646859371399,0.8379532520245403,1,0.25276815478813425,raw_rfu,late_early_auc_ratio,resid
pooled_adj,yield_dtw,fc_corr|rate_h3|none,156,0.03775623544308609,0.6398207104313052,0.8379532520245403,1,0.25276815478813425,fc_corr,rate_h3,none
pooled_adj,yield_dtw,raw_delta|late_early_auc_ratio|resid,156,0.03723208521317956,0.6444767554754027,0.8379532520245403,1,0.25276815478813425,raw_delta,late_early_auc_ratio,resid
pooled_adj,yield_dtw,fc_corr|late_early_auc_ratio|resid,156,0.037105402378156835,0.645604167826807,0.8379532520245403,1,0.25276815478813425,fc_corr,late_early_auc_ratio,resid
pooled_adj,yield_dtw,raw_delta_mm|quad_coef|none,156,-0.03704206096064547,0.6461681767372336,0.8379532520245403,1,0.25276815478813425,raw_delta_mm,quad_coef,none
pooled_adj,yield_dtw,fc_corr|sat_k|none,152,-0.03595323658047828,0.6601222515591103,0.8470084770509017,1,0.25276815478813425,fc_corr,sat_k,none
pooled_adj,yield_dtw,fc_corr_mm|sat_k|none,152,-0.03595323658047828,0.6601222515591103,0.8470084770509017,1,0.25276815478813425,fc_corr_mm,sat_k,none
pooled_adj,yield_dtw,raw_rfu|frac_auc_first_half|resid,156,-0.03526216712857615,0.6620981757228879,0.8470084770509017,1,0.25276815478813425,raw_rfu,frac_auc_first_half,resid
pooled_adj,yield_dtw,raw_rfu|sat_k|none,152,-0.033955168715845765,0.6779285428172943,0.8515233652579889,1,0.25276815478813425,raw_rfu,sat_k,none
pooled_adj,yield_dtw,raw_delta_mm|sat_k|none,152,-0.033955168715845765,0.6779285428172943,0.8515233652579889,1,0.25276815478813425,raw_delta_mm,sat_k,none
pooled_adj,yield_dtw,fc_corr|frac_auc_first_half|resid,156,-0.03321148873664575,0.6806408321957218,0.8515233652579889,1,0.25276815478813425,fc_corr,frac_auc_first_half,resid
pooled_adj,yield_dtw,raw_rfu|time_to_min_slope|resid,156,-0.033010379736047174,0.6824698627119107,0.8515233652579889,1,0.25276815478813425,raw_rfu,time_to_min_slope,resid
pooled_adj,yield_dtw,raw_delta|frac_auc_first_half|resid,156,-0.03276651527862842,0.6846902212086434,0.8515233652579889,1,0.25276815478813425,raw_delta,frac_auc_first_half,resid
pooled_adj,yield_dtw,raw_rfu|delta_auc_late_minus_early|none,156,0.03243872344300711,0.6876789818122591,0.8515233652579889,1,0.25276815478813425,raw_rfu,delta_auc_late_minus_early,none
pooled_adj,yield_dtw,raw_delta_mm|min_slope|resid,156,-0.03238329970268467,0.6881848072542036,0.8515233652579889,1,0.25276815478813425,raw_delta_mm,min_slope,resid
pooled_adj,yield_dtw,raw_rfu|stability_cv|none,156,0.0321916919147128,0.6899345812468096,0.8515233652579889,1,0.25276815478813425,raw_rfu,stability_cv,none
pooled_adj,yield_dtw,raw_rfu|time_to_min_slope|none,156,-0.03189881593688239,0.6926123146992798,0.8515233652579889,1,0.25276815478813425,raw_rfu,time_to_min_slope,none
pooled_adj,yield_dtw,raw_rfu|rate_h3|none,156,0.030883691643103138,0.7019227787426697,0.8592502981160267,1,0.25276815478813425,raw_rfu,rate_h3,none
pooled_adj,yield_dtw,raw_rfu|min_slope|resid,156,-0.029925652703243762,0.710750522591503,0.8654006727462313,1,0.25276815478813425,raw_rfu,min_slope,resid
pooled_adj,yield_dtw,fc_corr_mm|lin_slope|none,156,0.02917822397660967,0.717664472412159,0.8654006727462313,1,0.25276815478813425,fc_corr_mm,lin_slope,none
pooled_adj,yield_dtw,fc_corr_mm|min_slope|resid,156,-0.028806093148730408,0.7211153988073571,0.8654006727462313,1,0.25276815478813425,fc_corr_mm,min_slope,resid
pooled_adj,yield_dtw,fc_corr_mm|rate_h3|resid,156,0.02870157980983666,0.7220856109238107,0.8654006727462313,1,0.25276815478813425,fc_corr_mm,rate_h3,resid
pooled_adj,yield_dtw,raw_rfu|lin_r2|resid,156,0.02842762817910001,0.7246308407566113,0.8654006727462313,1,0.25276815478813425,raw_rfu,lin_r2,resid
pooled_adj,yield_dtw,raw_delta|stability_cv|none,156,0.028028577248778417,0.7283437345459873,0.8654006727462313,1,0.25276815478813425,raw_delta,stability_cv,none
pooled_adj,yield_dtw,fc_corr|lin_r2|resid,156,0.02798265472108268,0.7287714191749501,0.8654006727462313,1,0.25276815478813425,fc_corr,lin_r2,resid
pooled_adj,yield_dtw,fc_corr|stability_cv|none,156,0.027708703090346034,0.7313245121799138,0.8654006727462313,1,0.25276815478813425,fc_corr,stability_cv,none
pooled_adj,yield_dtw,raw_delta_mm|rate_h3|resid,156,0.025372988319614497,0.7532093509074591,0.8843165120337496,1,0.25276815478813425,raw_delta_mm,rate_h3,resid
pooled_adj,yield_dtw,fc_corr|rate_h3|resid,156,0.02533815053998325,0.7535373095498852,0.8843165120337496,1,0.25276815478813425,fc_corr,rate_h3,resid
pooled_adj,yield_dtw,fc_corr|min_slope|resid,156,-0.024883675869339213,0.7578196931941951,0.8856822751734625,1,0.25276815478813425,fc_corr,min_slope,resid
pooled_adj,yield_dtw,raw_rfu|delta_auc_late_minus_early|resid,156,0.0239889783469912,0.7662715963221414,0.8918898908011809,1,0.25276815478813425,raw_rfu,delta_auc_late_minus_early,resid
pooled_adj,yield_dtw,raw_delta_mm|rate_h2|none,156,-0.022095069963401427,0.7842527019800846,0.9090929280095673,1,0.25276815478813425,raw_delta_mm,rate_h2,none
pooled_adj,yield_dtw,raw_delta_mm|lin_slope|none,156,0.020975510408888075,0.7949365700693449,0.9172851504520196,1,0.25276815478813425,raw_delta_mm,lin_slope,none
pooled_adj,yield_dtw,fc_corr_mm|rate_h2|resid,156,0.0206746386757091,0.7978143602286241,0.9172851504520196,1,0.25276815478813425,fc_corr_mm,rate_h2,resid
pooled_adj,yield_dtw,raw_rfu|t_half|none,156,0.020098231776355693,0.803335175185429,0.9172851504520196,1,0.25276815478813425,raw_rfu,t_half,none
pooled_adj,yield_dtw,fc_corr_mm|rate_h4|resid,156,0.01999055136658637,0.8043676231744,0.9172851504520196,1,0.25276815478813425,fc_corr_mm,rate_h4,resid
pooled_adj,yield_dtw,fc_corr|rate_cv|resid,156,-0.019512323664375577,0.8089569670771863,0.9172851504520196,1,0.25276815478813425,fc_corr,rate_cv,resid
pooled_adj,yield_dtw,fc_corr_mm|rate_h3|none,156,0.019121190411242907,0.8127153544690124,0.9172851504520196,1,0.25276815478813425,fc_corr_mm,rate_h3,none
pooled_adj,yield_dtw,fc_corr|t_half|none,156,0.01898342282815569,0.8140401816186793,0.9172851504520196,1,0.25276815478813425,fc_corr,t_half,none
pooled_adj,yield_dtw,raw_rfu|rate_cv|resid,156,-0.018435519566682393,0.8193142139515901,0.9172851504520196,1,0.25276815478813425,raw_rfu,rate_cv,resid
pooled_adj,yield_dtw,raw_delta_mm|rate_h2|resid,156,0.01819165510926364,0.8216642361897826,0.9172851504520196,1,0.25276815478813425,raw_delta_mm,rate_h2,resid
pooled_adj,yield_dtw,fc_corr_mm|rate_h2|none,156,-0.017988962573227282,0.8236187090326232,0.9172851504520196,1,0.25276815478813425,fc_corr_mm,rate_h2,none
pooled_adj,yield_dtw,fc_corr|lin_r2|none,156,0.0170214224207412,0.8329629964827279,0.9224994602907904,1,0.25276815478813425,fc_corr,lin_r2,none
pooled_adj,yield_dtw,fc_corr|rate_last_first_ratio|none,156,-0.016663543411801995,0.8364253154039382,0.9224994602907904,1,0.25276815478813425,fc_corr,rate_last_first_ratio,none
pooled_adj,yield_dtw,raw_rfu|rate_last_first_ratio|none,156,-0.016365838749498585,0.8393078702669091,0.9224994602907904,1,0.25276815478813425,raw_rfu,rate_last_first_ratio,none
pooled_adj,yield_dtw,raw_rfu|lin_r2|none,156,0.01615839560714887,0.8413177240671903,0.9224994602907904,1,0.25276815478813425,raw_rfu,lin_r2,none
pooled_adj,yield_dtw,raw_delta_mm|rate_h4|resid,156,0.01582585316521421,0.8445417594211463,0.9224994602907904,1,0.25276815478813425,raw_delta_mm,rate_h4,resid
pooled_adj,yield_dtw,fc_corr|rate_h4|resid,156,0.012633445722641481,0.8756161505332083,0.9527777270169777,1,0.25276815478813425,fc_corr,rate_h4,resid
pooled_adj,yield_dtw,raw_rfu|rate_h3|resid,156,0.01222964418600654,0.8795612832975028,0.9534175742614153,1,0.25276815478813425,raw_rfu,rate_h3,resid
pooled_adj,yield_dtw,raw_rfu|rate_h4|none,156,-0.01152972152250597,0.8864064767251454,0.9571841801898907,1,0.25276815478813425,raw_rfu,rate_h4,none
pooled_adj,yield_dtw,raw_delta_mm|rate_h3|none,156,0.010650859354535799,0.895013524892833,0.9590798534547488,1,0.25276815478813425,raw_delta_mm,rate_h3,none
pooled_adj,yield_dtw,raw_rfu|rate_h2|none,156,-0.01052734359038864,0.8962241692144286,0.9590798534547488,1,0.25276815478813425,raw_rfu,rate_h2,none
pooled_adj,yield_dtw,raw_rfu|late_early_auc_ratio|none,156,0.009707072233616481,0.9042700295745328,0.9590798534547488,1,0.25276815478813425,raw_rfu,late_early_auc_ratio,none
pooled_adj,yield_dtw,raw_delta_mm|rate_h4|none,156,-0.009695987485551992,0.9043788259766758,0.9590798534547488,1,0.25276815478813425,raw_delta_mm,rate_h4,none
pooled_adj,yield_dtw,fc_corr|rate_h4|none,156,-0.009627895461727277,0.9050471856544813,0.9590798534547488,1,0.25276815478813425,fc_corr,rate_h4,none
pooled_adj,yield_dtw,raw_rfu|frac_auc_first_half|none,156,-0.008009522244311935,0.9209509514614184,0.9675537670853175,1,0.25276815478813425,raw_rfu,frac_auc_first_half,none
pooled_adj,yield_dtw,fc_corr_mm|rate_h4|none,156,-0.007833749810717902,0.9226802691866056,0.9675537670853175,1,0.25276815478813425,fc_corr_mm,rate_h4,none
pooled_adj,yield_dtw,fc_corr|rate_h2|resid,156,0.007371357462884946,0.9272311731792364,0.9675537670853175,1,0.25276815478813425,fc_corr,rate_h2,resid
pooled_adj,yield_dtw,fc_corr_mm|delta_auc_late_minus_early|none,156,0.006798117634407104,0.9328763053694168,0.9675537670853175,1,0.25276815478813425,fc_corr_mm,delta_auc_late_minus_early,none
pooled_adj,yield_dtw,fc_corr|rate_h2|none,156,-0.006250214372933809,0.9382750592664557,0.9675537670853175,1,0.25276815478813425,fc_corr,rate_h2,none
pooled_adj,yield_dtw,raw_delta|late_early_auc_ratio|none,156,0.006152035175791196,0.9392427701005754,0.9675537670853175,1,0.25276815478813425,raw_delta,late_early_auc_ratio,none
pooled_adj,yield_dtw,fc_corr|late_early_auc_ratio|none,156,0.00598734749026165,0.9408662257911045,0.9675537670853175,1,0.25276815478813425,fc_corr,late_early_auc_ratio,none
pooled_adj,yield_dtw,raw_rfu|rate_last_first_ratio|resid,156,0.004948548243075286,0.9511118216314431,0.9675537670853175,1,0.25276815478813425,raw_rfu,rate_last_first_ratio,resid
pooled_adj,yield_dtw,raw_delta|frac_auc_first_half|none,156,-0.004889957431877275,0.9516899525180993,0.9675537670853175,1,0.25276815478813425,raw_delta,frac_auc_first_half,none
pooled_adj,yield_dtw,raw_rfu|rate_cv|none,156,-0.004616005801140626,0.9543934342388825,0.9675537670853175,1,0.25276815478813425,raw_rfu,rate_cv,none
pooled_adj,yield_dtw,raw_rfu|rate_h2|resid,156,0.004525744281186933,0.9552842921014502,0.9675537670853175,1,0.25276815478813425,raw_rfu,rate_h2,resid
pooled_adj,yield_dtw,fc_corr|frac_auc_first_half|none,156,-0.004117192138238638,0.9593172717971863,0.9675537670853175,1,0.25276815478813425,fc_corr,frac_auc_first_half,none
pooled_adj,yield_dtw,raw_rfu|rate_h4|resid,156,0.0040981897129852285,0.9595048781366973,0.9675537670853175,1,0.25276815478813425,raw_rfu,rate_h4,resid
pooled_adj,yield_dtw,fc_corr|rate_cv|none,156,-0.003973090413400286,0.9607400081621815,0.9675537670853175,1,0.25276815478813425,fc_corr,rate_cv,none
pooled_adj,yield_dtw,fc_corr|rate_last_first_ratio|resid,156,0.0035597876641386378,0.9648212750414014,0.9682305374973781,1,0.25276815478813425,fc_corr,rate_last_first_ratio,resid
pooled_adj,yield_dtw,raw_delta_mm|delta_auc_late_minus_early|none,156,0.0019081602025298303,0.9811387627064607,0.9811387627064607,1,0.25276815478813425,raw_delta_mm,delta_auc_late_minus_early,none
triploid,yield_dtw,raw_rfu|time_to_vmax|resid,76,0.23137673758234276,0.04432077115540236,0.8763162262123619,0.631,0.36314215722767773,raw_rfu,time_to_vmax,resid
triploid,yield_dtw,fc_corr|depression_abs|none,76,0.21558359312802267,0.0614388127263349,0.8763162262123619,0.742,0.36314215722767773,fc_corr,depression_abs,none
triploid,yield_dtw,raw_rfu|depression_abs|none,76,0.21483678649470017,0.06236536523873353,0.8763162262123619,0.746,0.36314215722767773,raw_rfu,depression_abs,none
triploid,yield_dtw,fc_corr_mm|depression_abs|none,76,0.2137003416179051,0.06379702894314492,0.8763162262123619,0.752,0.36314215722767773,fc_corr_mm,depression_abs,none
triploid,yield_dtw,raw_delta_mm|depression_abs|none,76,0.2109241691331629,0.06740637442010604,0.8763162262123619,0.766,0.36314215722767773,raw_delta_mm,depression_abs,none
triploid,yield_dtw,fc_corr|metabolic_depression_index|none,76,0.20535558923686711,0.0751418984160299,0.8763162262123619,0.801,0.36314215722767773,fc_corr,metabolic_depression_index,none
triploid,yield_dtw,fc_corr|resilience_ratio|none,76,-0.20535558923686711,0.0751418984160299,0.8763162262123619,0.801,0.36314215722767773,fc_corr,resilience_ratio,none
triploid,yield_dtw,raw_rfu|metabolic_depression_index|none,76,0.20342363294631552,0.07798586522377152,0.8763162262123619,0.809,0.36314215722767773,raw_rfu,metabolic_depression_index,none
triploid,yield_dtw,raw_rfu|resilience_ratio|none,76,-0.20342363294631552,0.07798586522377152,0.8763162262123619,0.809,0.36314215722767773,raw_rfu,resilience_ratio,none
triploid,yield_dtw,raw_delta|resilience_ratio|none,76,-0.20342363294631552,0.07798586522377152,0.8763162262123619,0.809,0.36314215722767773,raw_delta,resilience_ratio,none
triploid,yield_dtw,raw_rfu|time_to_peak|none,76,-0.20002938970562423,0.08318974285395044,0.8763162262123619,0.82,0.36314215722767773,raw_rfu,time_to_peak,none
triploid,yield_dtw,raw_rfu|n_negative_intervals|none,76,0.1931702603164182,0.09454466755395531,0.8763162262123619,0.85,0.36314215722767773,raw_rfu,n_negative_intervals,none
triploid,yield_dtw,raw_delta_mm|depression_abs|resid,76,0.1725497889324525,0.1360853243111179,0.8763162262123619,0.93,0.36314215722767773,raw_delta_mm,depression_abs,resid
triploid,yield_dtw,raw_rfu|time_to_peak|resid,76,-0.17125795747449743,0.1390866691276501,0.8763162262123619,0.934,0.36314215722767773,raw_rfu,time_to_peak,resid
triploid,yield_dtw,fc_corr_mm|depression_abs|resid,76,0.1700494699815717,0.14193932722844083,0.8763162262123619,0.935,0.36314215722767773,fc_corr_mm,depression_abs,resid
triploid,yield_dtw,raw_rfu|n_negative_intervals|resid,76,0.16149282290522401,0.16340945233751147,0.8763162262123619,0.958,0.36314215722767773,raw_rfu,n_negative_intervals,resid
triploid,yield_dtw,fc_corr_mm|rate_h2|resid,76,0.156895014167771,0.1758928442867095,0.8763162262123619,0.968,0.36314215722767773,fc_corr_mm,rate_h2,resid
triploid,yield_dtw,raw_rfu|resilience_ratio|resid,76,-0.15579765196155107,0.1789726016584201,0.8763162262123619,0.97,0.36314215722767773,raw_rfu,resilience_ratio,resid
triploid,yield_dtw,fc_corr|vmax|none,76,0.15539482279724248,0.18011294560628724,0.8763162262123619,0.971,0.36314215722767773,fc_corr,vmax,none
triploid,yield_dtw,raw_rfu|metabolic_depression_index|resid,76,0.152422221377862,0.18869175316641545,0.8763162262123619,0.975,0.36314215722767773,raw_rfu,metabolic_depression_index,resid
triploid,yield_dtw,raw_delta|resilience_ratio|resid,76,-0.152422221377862,0.18869175316641545,0.8763162262123619,0.975,0.36314215722767773,raw_delta,resilience_ratio,resid
triploid,yield_dtw,fc_corr|max_drop|none,76,0.15142019033109438,0.19164904369151792,0.8763162262123619,0.977,0.36314215722767773,fc_corr,max_drop,none
triploid,yield_dtw,raw_rfu|max_drop|none,76,0.15138993352415442,0.19173885694212278,0.8763162262123619,0.977,0.36314215722767773,raw_rfu,max_drop,none
triploid,yield_dtw,raw_delta|value_2h|none,76,0.15114428058074514,0.19246916731639743,0.8763162262123619,0.977,0.36314215722767773,raw_delta,value_2h,none
triploid,yield_dtw,fc_corr_mm|max_drop|none,76,0.1504822293159552,0.19444737086283126,0.8763162262123619,0.979,0.36314215722767773,fc_corr_mm,max_drop,none
triploid,yield_dtw,raw_rfu|vmax|none,76,0.1501997156437457,0.19529595287420046,0.8763162262123619,0.98,0.36314215722767773,raw_rfu,vmax,none
triploid,yield_dtw,raw_delta_mm|max_drop|none,76,0.15019478965002547,0.1953107725618533,0.8763162262123619,0.98,0.36314215722767773,raw_delta_mm,max_drop,none
triploid,yield_dtw,fc_corr|depression_abs|resid,76,0.14601862673143945,0.20816682783216456,0.8763162262123619,0.984,0.36314215722767773,fc_corr,depression_abs,resid
triploid,yield_dtw,fc_corr|metabolic_depression_index|resid,76,0.145685250871322,0.20921840914995735,0.8763162262123619,0.984,0.36314215722767773,fc_corr,metabolic_depression_index,resid
triploid,yield_dtw,fc_corr|resilience_ratio|resid,76,-0.145685250871322,0.20921840914995735,0.8763162262123619,0.984,0.36314215722767773,fc_corr,resilience_ratio,resid
triploid,yield_dtw,raw_delta_mm|rate_h2|resid,76,0.14558801624545442,0.20952582913453827,0.8763162262123619,0.984,0.36314215722767773,raw_delta_mm,rate_h2,resid
triploid,yield_dtw,raw_rfu|depression_abs|resid,76,0.14390724628402898,0.2148905152621409,0.8763162262123619,0.984,0.36314215722767773,raw_rfu,depression_abs,resid
triploid,yield_dtw,raw_rfu|value_2h|none,76,0.14368499571061735,0.21560708894157377,0.8763162262123619,0.984,0.36314215722767773,raw_rfu,value_2h,none
triploid,yield_dtw,fc_corr|value_2h|none,76,0.1405318157003399,0.22595550853479504,0.8763162262123619,0.987,0.36314215722767773,fc_corr,value_2h,none
triploid,yield_dtw,fc_corr|rate_h2|resid,76,0.13693413454323916,0.23818103745273916,0.8763162262123619,0.989,0.36314215722767773,fc_corr,rate_h2,resid
triploid,yield_dtw,fc_corr|rate_h2|none,76,0.13466995682660823,0.2461055600694964,0.8763162262123619,0.99,0.36314215722767773,fc_corr,rate_h2,none
triploid,yield_dtw,raw_rfu|rate_h2|none,76,0.13243356043165372,0.2541087404255911,0.8763162262123619,0.991,0.36314215722767773,raw_rfu,rate_h2,none
triploid,yield_dtw,raw_rfu|rate_h2|resid,76,0.12732179724318626,0.2730622237167472,0.8763162262123619,0.995,0.36314215722767773,raw_rfu,rate_h2,resid
triploid,yield_dtw,raw_delta|auc_0_3h|none,76,0.1265578108970838,0.27597422206892747,0.8763162262123619,0.996,0.36314215722767773,raw_delta,auc_0_3h,none
triploid,yield_dtw,raw_rfu|auc_0_3h|none,76,0.12401581996368831,0.28581216410951077,0.8763162262123619,0.997,0.36314215722767773,raw_rfu,auc_0_3h,none
triploid,yield_dtw,fc_corr|auc_total|none,76,0.12154328233448394,0.295601403043381,0.8763162262123619,0.997,0.36314215722767773,fc_corr,auc_total,none
triploid,yield_dtw,raw_delta|auc_late|none,76,0.1214738290302928,0.2958795192191504,0.8763162262123619,0.997,0.36314215722767773,raw_delta,auc_late,none
triploid,yield_dtw,fc_corr_mm|rate_h2|none,76,0.12118212515269004,0.2970494802511971,0.8763162262123619,0.998,0.36314215722767773,fc_corr_mm,rate_h2,none
triploid,yield_dtw,fc_corr|auc_0_3h|none,76,0.11832064902001534,0.30868670943739884,0.8763162262123619,0.998,0.36314215722767773,fc_corr,auc_0_3h,none
triploid,yield_dtw,raw_rfu|auc_late|none,76,0.11815396108995661,0.3093735849256227,0.8763162262123619,0.998,0.36314215722767773,raw_rfu,auc_late,none
triploid,yield_dtw,raw_delta_mm|rate_h2|none,76,0.11727884945714834,0.3129958985609545,0.8763162262123619,0.998,0.36314215722767773,raw_delta_mm,rate_h2,none
triploid,yield_dtw,fc_corr|peak_value|none,76,0.11347280838747421,0.32906687468724805,0.8763162262123619,0.999,0.36314215722767773,fc_corr,peak_value,none
triploid,yield_dtw,fc_corr|final_value|none,76,0.1122782115553867,0.3342171622093738,0.8763162262123619,1,0.36314215722767773,fc_corr,final_value,none
triploid,yield_dtw,raw_rfu|peak_value|none,76,0.11175036644353409,0.33650899878455787,0.8763162262123619,1,0.36314215722767773,raw_rfu,peak_value,none
triploid,yield_dtw,fc_corr|mean_rate|none,76,0.11151422520928425,0.337537492407743,0.8763162262123619,1,0.36314215722767773,fc_corr,mean_rate,none
triploid,yield_dtw,raw_rfu|final_delta|none,76,0.11134753727922551,0.3382646779138968,0.8763162262123619,1,0.36314215722767773,raw_rfu,final_delta,none
triploid,yield_dtw,raw_rfu|auc_0_2h|none,76,0.11133364661838728,0.3383253211537859,0.8763162262123619,1,0.36314215722767773,raw_rfu,auc_0_2h,none
triploid,yield_dtw,raw_delta_mm|vmax|none,76,0.11093081745407872,0.34008694905250836,0.8763162262123619,1,0.36314215722767773,raw_delta_mm,vmax,none
triploid,yield_dtw,raw_rfu|metabolic_scope|none,76,0.11070856688066709,0.3410613422874613,0.8763162262123619,1,0.36314215722767773,raw_rfu,metabolic_scope,none
triploid,yield_dtw,raw_delta_mm|value_2h|resid,76,0.11062522291563773,0.34142719073748884,0.8763162262123619,1,0.36314215722767773,raw_delta_mm,value_2h,resid
triploid,yield_dtw,fc_corr_mm|sat_asymptote|resid,73,0.11040843479797623,0.35242520782562414,0.8763162262123619,1,0.36314215722767773,fc_corr_mm,sat_asymptote,resid
triploid,yield_dtw,fc_corr_mm|vmax|none,76,0.10944451674438845,0.3466364548262316,0.8763162262123619,1,0.36314215722767773,fc_corr_mm,vmax,none
triploid,yield_dtw,raw_rfu|stability_cv|resid,76,0.10943062608355024,0.3466980337707306,0.8763162262123619,1,0.36314215722767773,raw_rfu,stability_cv,resid
triploid,yield_dtw,raw_rfu|final_value|none,76,0.10929171947516796,0.3473141983788912,0.8763162262123619,1,0.36314215722767773,raw_rfu,final_value,none
triploid,yield_dtw,raw_rfu|t_half|resid,76,0.1092083755101386,0.34768422452287107,0.8763162262123619,1,0.36314215722767773,raw_rfu,t_half,resid
triploid,yield_dtw,fc_corr|sat_asymptote|none,73,0.10908899981106059,0.35824440585752027,0.8763162262123619,1,0.36314215722767773,fc_corr,sat_asymptote,none
triploid,yield_dtw,raw_delta|auc_total|none,76,0.10908335956259456,0.3482397240403887,0.8763162262123619,1,0.36314215722767773,raw_delta,auc_total,none
triploid,yield_dtw,fc_corr|auc_late|none,76,0.10865274907660953,0.35015733792287185,0.8763162262123619,1,0.36314215722767773,fc_corr,auc_late,none
triploid,yield_dtw,fc_corr|sat_k|resid,73,-0.10822508404581821,0.3620864493773339,0.8763162262123619,1,0.36314215722767773,fc_corr,sat_k,resid
triploid,yield_dtw,fc_corr_mm|sat_k|resid,73,-0.10822508404581821,0.3620864493773339,0.8763162262123619,1,0.36314215722767773,fc_corr_mm,sat_k,resid
triploid,yield_dtw,raw_delta|auc_early|none,76,0.10815268528643336,0.3523924615900206,0.8763162262123619,1,0.36314215722767773,raw_delta,auc_early,none
triploid,yield_dtw,fc_corr|t_half|resid,76,0.10770818413961011,0.35438664614398085,0.8763162262123619,1,0.36314215722767773,fc_corr,t_half,resid
triploid,yield_dtw,raw_delta|value_3h|none,76,0.10693030713266942,0.3578932302530792,0.8763162262123619,1,0.36314215722767773,raw_delta,value_3h,none
triploid,yield_dtw,raw_delta|auc_0_2h|none,76,0.10679140052428714,0.35852164904521244,0.8763162262123619,1,0.36314215722767773,raw_delta,auc_0_2h,none
triploid,yield_dtw,raw_rfu|sat_k|resid,73,-0.10674857346522214,0.36871107863834773,0.8763162262123619,1,0.36314215722767773,raw_rfu,sat_k,resid
triploid,yield_dtw,raw_delta_mm|sat_k|resid,73,-0.10674857346522214,0.36871107863834773,0.8763162262123619,1,0.36314215722767773,raw_delta_mm,sat_k,resid
triploid,yield_dtw,fc_corr_mm|value_2h|resid,76,0.10636079003830212,0.3604740634403192,0.8763162262123619,1,0.36314215722767773,fc_corr_mm,value_2h,resid
triploid,yield_dtw,fc_corr|auc_early|none,76,0.10620799276908163,0.361168423838928,0.8763162262123619,1,0.36314215722767773,fc_corr,auc_early,none
triploid,yield_dtw,raw_rfu|auc_early|none,76,0.10616632078656695,0.3613579373643262,0.8763162262123619,1,0.36314215722767773,raw_rfu,auc_early,none
triploid,yield_dtw,raw_rfu|mean_rate|none,76,0.10568014765722901,0.363573439276494,0.8763162262123619,1,0.36314215722767773,raw_rfu,mean_rate,none
triploid,yield_dtw,raw_rfu|auc_total|none,76,0.10474947338106781,0.3678376986222899,0.8763162262123619,1,0.36314215722767773,raw_rfu,auc_total,none
triploid,yield_dtw,raw_rfu|frac_auc_first_half|resid,76,-0.10412439364334762,0.37071880651349165,0.8763162262123619,1,0.36314215722767773,raw_rfu,frac_auc_first_half,resid
triploid,yield_dtw,raw_rfu|value_3h|none,76,0.10402715901748004,0.3711682090070988,0.8763162262123619,1,0.36314215722767773,raw_rfu,value_3h,none
triploid,yield_dtw,fc_corr_mm|auc_total|resid,76,0.10366600183568613,0.37284031558300823,0.8763162262123619,1,0.36314215722767773,fc_corr_mm,auc_total,resid
triploid,yield_dtw,fc_corr|value_4h|none,76,0.1034993139056274,0.3736135961781687,0.8763162262123619,1,0.36314215722767773,fc_corr,value_4h,none
triploid,yield_dtw,fc_corr_mm|peak_value|resid,76,0.10316593804550997,0.3751630716107295,0.8763162262123619,1,0.36314215722767773,fc_corr_mm,peak_value,resid
triploid,yield_dtw,raw_delta|value_4h|none,76,0.10255474896862798,0.37801385957389655,0.8763162262123619,1,0.36314215722767773,raw_delta,value_4h,none
triploid,yield_dtw,fc_corr|value_2h|resid,76,0.10201301319593715,0.38055158975893444,0.8763162262123619,1,0.36314215722767773,fc_corr,value_2h,resid
triploid,yield_dtw,fc_corr|value_3h|none,76,0.10187410658755487,0.3812039373046485,0.8763162262123619,1,0.36314215722767773,fc_corr,value_3h,none
triploid,yield_dtw,raw_delta|stability_cv|resid,76,0.10165185601414325,0.38224909098240534,0.8763162262123619,1,0.36314215722767773,raw_delta,stability_cv,resid
triploid,yield_dtw,fc_corr|stability_cv|resid,76,0.10165185601414325,0.38224909098240534,0.8763162262123619,1,0.36314215722767773,fc_corr,stability_cv,resid
triploid,yield_dtw,raw_rfu|value_4h|none,76,0.10158240270995211,0.3825760541345481,0.8763162262123619,1,0.36314215722767773,raw_rfu,value_4h,none
triploid,yield_dtw,raw_rfu|lin_slope|none,76,0.10137404279737873,0.38355795065367904,0.8763162262123619,1,0.36314215722767773,raw_rfu,lin_slope,none
triploid,yield_dtw,fc_corr|auc_0_2h|none,76,0.10122124552815823,0.3842789677981797,0.8763162262123619,1,0.36314215722767773,fc_corr,auc_0_2h,none
triploid,yield_dtw,raw_delta|frac_auc_first_half|resid,76,-0.10004053935690896,0.3898778068346229,0.8763162262123619,1,0.36314215722767773,raw_delta,frac_auc_first_half,resid
triploid,yield_dtw,fc_corr|frac_auc_first_half|resid,76,-0.10004053935690896,0.3898778068346229,0.8763162262123619,1,0.36314215722767773,fc_corr,frac_auc_first_half,resid
triploid,yield_dtw,raw_rfu|late_early_auc_ratio|resid,76,0.09963771019260038,0.39179905873922993,0.8763162262123619,1,0.36314215722767773,raw_rfu,late_early_auc_ratio,resid
triploid,yield_dtw,fc_corr|late_early_auc_ratio|resid,76,0.09910986508074777,0.394325060981336,0.8763162262123619,1,0.36314215722767773,fc_corr,late_early_auc_ratio,resid
triploid,yield_dtw,fc_corr|quad_coef|none,76,-0.09877648922063031,0.395925392115263,0.8763162262123619,1,0.36314215722767773,fc_corr,quad_coef,none
triploid,yield_dtw,raw_delta|late_early_auc_ratio|resid,76,0.09815140948291012,0.39893634972492875,0.8763162262123619,1,0.36314215722767773,raw_delta,late_early_auc_ratio,resid
triploid,yield_dtw,fc_corr_mm|auc_late|resid,76,0.0980958468395572,0.39920464219536866,0.8763162262123619,1,0.36314215722767773,fc_corr_mm,auc_late,resid
triploid,yield_dtw,raw_delta_mm|peak_value|resid,76,0.09792915890949849,0.40001015751547686,0.8763162262123619,1,0.36314215722767773,raw_delta_mm,peak_value,resid
triploid,yield_dtw,raw_rfu|quad_coef|none,76,-0.09695681265082262,0.4047280425403539,0.8763162262123619,1,0.36314215722767773,raw_rfu,quad_coef,none
triploid,yield_dtw,raw_delta_mm|sat_asymptote|resid,73,0.09672715058841053,0.41559660237537543,0.8763162262123619,1,0.36314215722767773,raw_delta_mm,sat_asymptote,resid
triploid,yield_dtw,fc_corr|lin_slope|none,76,0.09591501308795561,0.4098189137977355,0.8763162262123619,1,0.36314215722767773,fc_corr,lin_slope,none
triploid,yield_dtw,raw_delta_mm|value_2h|none,76,0.09570665317538221,0.4108415446804724,0.8763162262123619,1,0.36314215722767773,raw_delta_mm,value_2h,none
triploid,yield_dtw,raw_rfu|sat_asymptote|none,73,0.09313011949312863,0.4332304031735975,0.8763162262123619,1,0.36314215722767773,raw_rfu,sat_asymptote,none
triploid,yield_dtw,fc_corr_mm|value_2h|none,76,0.0921228626791197,0.4286619008300019,0.8763162262123619,1,0.36314215722767773,fc_corr_mm,value_2h,none
triploid,yield_dtw,fc_corr_mm|peak_value|none,76,0.09190061210570809,0.42978134668029977,0.8763162262123619,1,0.36314215722767773,fc_corr_mm,peak_value,none
triploid,yield_dtw,fc_corr|peak_value|resid,76,0.09160890822810533,0.4312531405693917,0.8763162262123619,1,0.36314215722767773,fc_corr,peak_value,resid
triploid,yield_dtw,raw_rfu|rate_h3|resid,76,-0.09053932734356186,0.43667414585364417,0.8763162262123619,1,0.36314215722767773,raw_rfu,rate_h3,resid
triploid,yield_dtw,fc_corr|vmax|resid,76,0.09031707677015023,0.4378053938694527,0.8763162262123619,1,0.36314215722767773,fc_corr,vmax,resid
triploid,yield_dtw,fc_corr_mm|delta_auc_late_minus_early|resid,76,0.08999759157087103,0.43943445245885404,0.8763162262123619,1,0.36314215722767773,fc_corr_mm,delta_auc_late_minus_early,resid
triploid,yield_dtw,fc_corr_mm|vmax|resid,76,0.08985868496248875,0.4401438007143418,0.8763162262123619,1,0.36314215722767773,fc_corr_mm,vmax,resid
triploid,yield_dtw,raw_delta_mm|auc_late|resid,76,0.08923360522476856,0.4433438184456503,0.8763162262123619,1,0.36314215722767773,raw_delta_mm,auc_late,resid
triploid,yield_dtw,raw_delta_mm|rate_h3|none,76,-0.08776119517591652,0.4509328670488062,0.8763162262123619,1,0.36314215722767773,raw_delta_mm,rate_h3,none
triploid,yield_dtw,fc_corr_mm|value_3h|resid,76,0.08776119517591652,0.4509328670488062,0.8763162262123619,1,0.36314215722767773,fc_corr_mm,value_3h,resid
triploid,yield_dtw,fc_corr_mm|rate_h3|none,76,-0.08766396055004892,0.4514365530220892,0.8763162262123619,1,0.36314215722767773,fc_corr_mm,rate_h3,none
triploid,yield_dtw,fc_corr_mm|max_drop|resid,76,0.08659437966550548,0.45699763022508744,0.8763162262123619,1,0.36314215722767773,fc_corr_mm,max_drop,resid
triploid,yield_dtw,fc_corr|delta_auc_late_minus_early|none,76,0.08628878512706449,0.4585934049913437,0.8763162262123619,1,0.36314215722767773,fc_corr,delta_auc_late_minus_early,none
triploid,yield_dtw,raw_delta_mm|max_drop|resid,76,0.08555258010263847,0.4624503081247846,0.8763162262123619,1,0.36314215722767773,raw_delta_mm,max_drop,resid
triploid,yield_dtw,fc_corr_mm|value_4h|resid,76,0.08423296732300693,0.469407772477865,0.8763162262123619,1,0.36314215722767773,fc_corr_mm,value_4h,resid
triploid,yield_dtw,fc_corr|auc_late|resid,76,0.08319116776013993,0.4749403021787437,0.8763162262123619,1,0.36314215722767773,fc_corr,auc_late,resid
triploid,yield_dtw,raw_delta|value_2h|resid,76,0.08305226115175765,0.4756806125838152,0.8763162262123619,1,0.36314215722767773,raw_delta,value_2h,resid
triploid,yield_dtw,raw_rfu|value_2h|resid,76,0.08298280784756652,0.47605100011448487,0.8763162262123619,1,0.36314215722767773,raw_rfu,value_2h,resid
triploid,yield_dtw,fc_corr_mm|final_value|resid,76,0.08277444793499313,0.47716309121933764,0.8763162262123619,1,0.36314215722767773,fc_corr_mm,final_value,resid
triploid,yield_dtw,fc_corr_mm|mean_rate|resid,76,0.08277444793499313,0.47716309121933764,0.8763162262123619,1,0.36314215722767773,fc_corr_mm,mean_rate,resid
triploid,yield_dtw,fc_corr|final_value|resid,76,0.08276055727415489,0.477237280117065,0.8763162262123619,1,0.36314215722767773,fc_corr,final_value,resid
triploid,yield_dtw,raw_delta_mm|peak_value|none,76,0.0817743203546408,0.48252046414351935,0.8763162262123619,1,0.36314215722767773,raw_delta_mm,peak_value,none
triploid,yield_dtw,fc_corr|mean_rate|resid,76,0.08149650713787626,0.4840142851061743,0.8763162262123619,1,0.36314215722767773,fc_corr,mean_rate,resid
triploid,yield_dtw,fc_corr|value_4h|resid,76,0.08103811533021478,0.48648445138615537,0.8763162262123619,1,0.36314215722767773,fc_corr,value_4h,resid
triploid,yield_dtw,raw_delta_mm|final_value|resid,76,0.0806352861659062,0.4886607017126744,0.8763162262123619,1,0.36314215722767773,raw_delta_mm,final_value,resid
triploid,yield_dtw,raw_rfu|delta_auc_late_minus_early|none,76,0.080315800966627,0.49039034103921486,0.8763162262123619,1,0.36314215722767773,raw_rfu,delta_auc_late_minus_early,none
triploid,yield_dtw,raw_delta_mm|auc_total|resid,76,0.08024634766243587,0.4907667758166756,0.8763162262123619,1,0.36314215722767773,raw_delta_mm,auc_total,resid
triploid,yield_dtw,raw_delta_mm|mean_rate|resid,76,0.07963515858555388,0.4940859508756501,0.8763162262123619,1,0.36314215722767773,raw_delta_mm,mean_rate,resid
triploid,yield_dtw,raw_rfu|metabolic_scope|resid,76,0.07909342281286304,0.49703775197396416,0.8763162262123619,1,0.36314215722767773,raw_rfu,metabolic_scope,resid
triploid,yield_dtw,fc_corr|delta_auc_late_minus_early|resid,76,0.07892673488280431,0.4979478465546028,0.8763162262123619,1,0.36314215722767773,fc_corr,delta_auc_late_minus_early,resid
triploid,yield_dtw,raw_delta_mm|value_4h|resid,76,0.0788156095960985,0.498555058503488,0.8763162262123619,1,0.36314215722767773,raw_delta_mm,value_4h,resid
triploid,yield_dtw,fc_corr|auc_total|resid,76,0.07857946836184865,0.499846663251164,0.8763162262123619,1,0.36314215722767773,fc_corr,auc_total,resid
triploid,yield_dtw,raw_rfu|peak_value|resid,76,0.07806551391083426,0.5026638050821822,0.8763162262123619,1,0.36314215722767773,raw_rfu,peak_value,resid
triploid,yield_dtw,raw_delta_mm|value_3h|resid,76,0.07789882598077554,0.5035792351748585,0.8763162262123619,1,0.36314215722767773,raw_delta_mm,value_3h,resid
triploid,yield_dtw,fc_corr|max_drop|resid,76,0.07755155945981987,0.5054891468498637,0.8763162262123619,1,0.36314215722767773,fc_corr,max_drop,resid
triploid,yield_dtw,fc_corr|value_3h|resid,76,0.07673201047036449,0.5100113074567498,0.8763162262123619,1,0.36314215722767773,fc_corr,value_3h,resid
triploid,yield_dtw,fc_corr_mm|lin_slope|resid,76,0.07463452068379225,0.5216786885865285,0.8763162262123619,1,0.36314215722767773,fc_corr_mm,lin_slope,resid
triploid,yield_dtw,fc_corr|rate_h3|resid,76,-0.0737732997118222,0.5265079121993714,0.8763162262123619,1,0.36314215722767773,fc_corr,rate_h3,resid
triploid,yield_dtw,fc_corr|sat_asymptote|resid,73,0.07324434933318583,0.5380088145133313,0.8763162262123619,1,0.36314215722767773,fc_corr,sat_asymptote,resid
triploid,yield_dtw,raw_delta_mm|auc_0_3h|none,76,0.07264815618392582,0.5328505771040329,0.8763162262123619,1,0.36314215722767773,raw_delta_mm,auc_0_3h,none
triploid,yield_dtw,raw_delta_mm|delta_auc_late_minus_early|resid,76,0.07255092155805824,0.5334004807228548,0.8763162262123619,1,0.36314215722767773,raw_delta_mm,delta_auc_late_minus_early,resid
triploid,yield_dtw,fc_corr_mm|auc_0_3h|none,76,0.07173137256860287,0.5380465190148456,0.8763162262123619,1,0.36314215722767773,fc_corr_mm,auc_0_3h,none
triploid,yield_dtw,raw_delta_mm|auc_late|none,76,0.07118963679591202,0.5411285127959331,0.8763162262123619,1,0.36314215722767773,raw_delta_mm,auc_late,none
triploid,yield_dtw,raw_rfu|max_drop|resid,76,0.07080069829244166,0.5433465406829703,0.8763162262123619,1,0.36314215722767773,raw_rfu,max_drop,resid
triploid,yield_dtw,fc_corr_mm|mean_rate|none,76,0.07053677573651536,0.5448541516348628,0.8763162262123619,1,0.36314215722767773,fc_corr_mm,mean_rate,none
triploid,yield_dtw,raw_rfu|vmax|resid,76,0.07042565044980954,0.5454895434586773,0.8763162262123619,1,0.36314215722767773,raw_rfu,vmax,resid
triploid,yield_dtw,raw_delta_mm|vmax|resid,76,0.06980057071208935,0.549070318044841,0.8763162262123619,1,0.36314215722767773,raw_delta_mm,vmax,resid
triploid,yield_dtw,raw_rfu|time_to_min_slope|resid,76,-0.06949497617364836,0.5508250436133693,0.8763162262123619,1,0.36314215722767773,raw_rfu,time_to_min_slope,resid
triploid,yield_dtw,raw_rfu|auc_late|resid,76,0.06936996022610432,0.5515436640246972,0.8763162262123619,1,0.36314215722767773,raw_rfu,auc_late,resid
triploid,yield_dtw,raw_delta|auc_late|resid,76,0.06900880304431042,0.5536222101735429,0.8763162262123619,1,0.36314215722767773,raw_delta,auc_late,resid
triploid,yield_dtw,raw_delta_mm|auc_0_3h|resid,76,0.06898102172263397,0.5537822538757897,0.8763162262123619,1,0.36314215722767773,raw_delta_mm,auc_0_3h,resid
triploid,yield_dtw,raw_delta_mm|auc_total|none,76,0.06881433379257525,0.5547429818687282,0.8763162262123619,1,0.36314215722767773,raw_delta_mm,auc_total,none
triploid,yield_dtw,fc_corr_mm|final_value|none,76,0.06880044313173703,0.554823078553072,0.8763162262123619,1,0.36314215722767773,fc_corr_mm,final_value,none
triploid,yield_dtw,fc_corr_mm|quad_coef|none,76,-0.06874488048838412,0.5551435206609281,0.8763162262123619,1,0.36314215722767773,fc_corr_mm,quad_coef,none
triploid,yield_dtw,fc_corr_mm|value_4h|none,76,0.06771697158635534,0.5610876225854722,0.8763162262123619,1,0.36314215722767773,fc_corr_mm,value_4h,none
triploid,yield_dtw,fc_corr_mm|auc_total|none,76,0.0677030809255171,0.5611681544414279,0.8763162262123619,1,0.36314215722767773,fc_corr_mm,auc_total,none
triploid,yield_dtw,fc_corr_mm|auc_0_3h|resid,76,0.06667517202348833,0.5671426622349323,0.8763162262123619,1,0.36314215722767773,fc_corr_mm,auc_0_3h,resid
triploid,yield_dtw,raw_delta_mm|lin_slope|resid,76,0.06664739070181189,0.5673045488496035,0.8763162262123619,1,0.36314215722767773,raw_delta_mm,lin_slope,resid
triploid,yield_dtw,raw_rfu|inflection_time|none,76,-0.06617910217902312,0.5700366055158086,0.8763162262123619,1,0.36314215722767773,raw_rfu,inflection_time,none
triploid,yield_dtw,raw_delta_mm|rate_h3|resid,76,-0.06591118567738587,0.5716024241609681,0.8763162262123619,1,0.36314215722767773,raw_delta_mm,rate_h3,resid
triploid,yield_dtw,fc_corr|initial_slope|none,76,0.06589729501654763,0.5716836617302534,0.8763162262123619,1,0.36314215722767773,fc_corr,initial_slope,none
triploid,yield_dtw,fc_corr|auc_0_1h|none,76,0.06589729501654763,0.5716836617302534,0.8763162262123619,1,0.36314215722767773,fc_corr,auc_0_1h,none
triploid,yield_dtw,fc_corr|lin_slope|resid,76,0.06542501254804793,0.5744489335620034,0.8763162262123619,1,0.36314215722767773,fc_corr,lin_slope,resid
triploid,yield_dtw,raw_delta_mm|quad_coef|none,76,-0.0654111218872097,0.5745303588755711,0.8763162262123619,1,0.36314215722767773,raw_delta_mm,quad_coef,none
triploid,yield_dtw,fc_corr_mm|auc_late|none,76,0.06423041571596043,0.5814709825654393,0.8763162262123619,1,0.36314215722767773,fc_corr_mm,auc_late,none
triploid,yield_dtw,fc_corr_mm|value_3h|none,76,0.06399427448171058,0.5828637023344954,0.8763162262123619,1,0.36314215722767773,fc_corr_mm,value_3h,none
triploid,yield_dtw,raw_rfu|min_slope|none,76,-0.0637442425866225,0.5843400060725726,0.8763162262123619,1,0.36314215722767773,raw_rfu,min_slope,none
triploid,yield_dtw,fc_corr|min_slope|none,76,-0.06357755465656377,0.5853251544221751,0.8763162262123619,1,0.36314215722767773,fc_corr,min_slope,none
triploid,yield_dtw,fc_corr_mm|lin_slope|none,76,0.06298025624052002,0.5888614595005022,0.8763162262123619,1,0.36314215722767773,fc_corr_mm,lin_slope,none
triploid,yield_dtw,raw_rfu|rate_h3|none,76,-0.06284134963213775,0.5896852385219284,0.8763162262123619,1,0.36314215722767773,raw_rfu,rate_h3,none
triploid,yield_dtw,raw_delta|auc_0_3h|resid,76,0.062438520467829176,0.5920771350594254,0.8763162262123619,1,0.36314215722767773,raw_delta,auc_0_3h,resid
triploid,yield_dtw,raw_delta|value_4h|resid,76,0.062382957824476275,0.5924073938589838,0.8763162262123619,1,0.36314215722767773,raw_delta,value_4h,resid
triploid,yield_dtw,raw_rfu|auc_0_1h|none,76,0.06227183253777046,0.5930681596634242,0.8763162262123619,1,0.36314215722767773,raw_rfu,auc_0_1h,none
triploid,yield_dtw,raw_rfu|value_1h|none,76,0.06189678469513834,0.5953006823736632,0.8763162262123619,1,0.36314215722767773,raw_rfu,value_1h,none
triploid,yield_dtw,raw_rfu|initial_slope|none,76,0.0618273313909472,0.5957145244119015,0.8763162262123619,1,0.36314215722767773,raw_rfu,initial_slope,none
triploid,yield_dtw,raw_delta|auc_0_1h|none,76,0.0618273313909472,0.5957145244119015,0.8763162262123619,1,0.36314215722767773,raw_delta,auc_0_1h,none
triploid,yield_dtw,raw_rfu|value_4h|resid,76,0.061785659408432524,0.5959628913028696,0.8763162262123619,1,0.36314215722767773,raw_rfu,value_4h,resid
triploid,yield_dtw,raw_delta_mm|final_value|none,76,0.06175787808675607,0.5961284949111173,0.8763162262123619,1,0.36314215722767773,raw_delta_mm,final_value,none
triploid,yield_dtw,raw_delta|value_3h|resid,76,0.06078553182808019,0.601937510948267,0.8763162262123619,1,0.36314215722767773,raw_delta,value_3h,resid
triploid,yield_dtw,fc_corr_mm|min_slope|none,76,-0.06070218786305084,0.6024365877723818,0.8763162262123619,1,0.36314215722767773,fc_corr_mm,min_slope,none
triploid,yield_dtw,raw_delta_mm|value_3h|none,76,0.060618843898021475,0.6029358470957127,0.8763162262123619,1,0.36314215722767773,raw_delta_mm,value_3h,none
triploid,yield_dtw,raw_rfu|auc_total|resid,76,0.060618843898021475,0.6029358470957127,0.8763162262123619,1,0.36314215722767773,raw_rfu,auc_total,resid
triploid,yield_dtw,raw_delta_mm|min_slope|none,76,-0.06016045209036,0.6056850272312173,0.8763162262123619,1,0.36314215722767773,raw_delta_mm,min_slope,none
triploid,yield_dtw,raw_delta_mm|min_slope|resid,76,-0.05981318556940433,0.607771392040362,0.8763162262123619,1,0.36314215722767773,raw_delta_mm,min_slope,resid
triploid,yield_dtw,raw_rfu|time_to_min_slope|none,76,-0.059432887426267136,0.6100598042038152,0.8763162262123619,1,0.36314215722767773,raw_rfu,time_to_min_slope,none
triploid,yield_dtw,raw_rfu|final_value|resid,76,0.05942424706593397,0.6101118403705181,0.8763162262123619,1,0.36314215722767773,raw_rfu,final_value,resid
triploid,yield_dtw,raw_delta_mm|mean_rate|none,76,0.059368684422581065,0.6104465099103553,0.8763162262123619,1,0.36314215722767773,raw_delta_mm,mean_rate,none
triploid,yield_dtw,raw_delta|auc_total|resid,76,0.05889640195408136,0.6132944162888435,0.8763162262123619,1,0.36314215722767773,raw_delta,auc_total,resid
triploid,yield_dtw,raw_rfu|mean_rate|resid,76,0.05874360468486086,0.6142170260659816,0.8763162262123619,1,0.36314215722767773,raw_rfu,mean_rate,resid
triploid,yield_dtw,raw_delta_mm|initial_slope|resid,76,-0.05853524477228747,0.6154760946119968,0.8763162262123619,1,0.36314215722767773,raw_delta_mm,initial_slope,resid
triploid,yield_dtw,raw_delta_mm|auc_0_1h|resid,76,-0.05853524477228747,0.6154760946119968,0.8763162262123619,1,0.36314215722767773,raw_delta_mm,auc_0_1h,resid
triploid,yield_dtw,raw_rfu|auc_0_3h|resid,76,0.05835466618139052,0.6165681852693248,0.8763162262123619,1,0.36314215722767773,raw_rfu,auc_0_3h,resid
triploid,yield_dtw,raw_rfu|final_delta|resid,76,0.05827132221636115,0.6170725077523413,0.8763162262123619,1,0.36314215722767773,raw_rfu,final_delta,resid
triploid,yield_dtw,fc_corr|auc_0_3h|resid,76,0.058104634286302435,0.618081683464295,0.8763162262123619,1,0.36314215722767773,fc_corr,auc_0_3h,resid
triploid,yield_dtw,raw_rfu|value_3h|resid,76,0.05796572767792017,0.6189232028812827,0.8763162262123619,1,0.36314215722767773,raw_rfu,value_3h,resid
triploid,yield_dtw,fc_corr|rate_h3|none,76,-0.05785460239121436,0.6195967710002761,0.8763162262123619,1,0.36314215722767773,fc_corr,rate_h3,none
triploid,yield_dtw,raw_delta_mm|value_4h|none,76,0.056840584150023805,0.6257574774051023,0.8763162262123619,1,0.36314215722767773,raw_delta_mm,value_4h,none
triploid,yield_dtw,fc_corr_mm|sat_asymptote|none,73,0.05533773165361649,0.6419301386672832,0.8763162262123619,1,0.36314215722767773,fc_corr_mm,sat_asymptote,none
triploid,yield_dtw,raw_rfu|inflection_time|resid,76,-0.05413190528656959,0.6423392095962226,0.8763162262123619,1,0.36314215722767773,raw_rfu,inflection_time,resid
triploid,yield_dtw,fc_corr_mm|auc_early|none,76,0.053451262905496476,0.6465339242588757,0.8763162262123619,1,0.36314215722767773,fc_corr_mm,auc_early,none
triploid,yield_dtw,fc_corr_mm|rate_h3|resid,76,-0.052326119377600115,0.6534921858494681,0.8763162262123619,1,0.36314215722767773,fc_corr_mm,rate_h3,resid
triploid,yield_dtw,raw_rfu|min_slope|resid,76,-0.05197885285664444,0.6556458071611655,0.8763162262123619,1,0.36314215722767773,raw_rfu,min_slope,resid
triploid,yield_dtw,raw_delta_mm|auc_early|none,76,0.051062069241321485,0.6613448208671213,0.8763162262123619,1,0.36314215722767773,raw_delta_mm,auc_early,none
triploid,yield_dtw,raw_rfu|lin_slope|resid,76,0.050214738930189656,0.6666292520171664,0.8763162262123619,1,0.36314215722767773,raw_rfu,lin_slope,resid
triploid,yield_dtw,raw_rfu|delta_auc_late_minus_early|resid,76,0.04958965919246945,0.6705380340409832,0.8763162262123619,1,0.36314215722767773,raw_rfu,delta_auc_late_minus_early,resid
triploid,yield_dtw,raw_rfu|sat_r2|resid,73,-0.04958876492491264,0.6769488173150544,0.8763162262123619,1,0.36314215722767773,raw_rfu,sat_r2,resid
triploid,yield_dtw,raw_rfu|value_1h|resid,76,-0.04957576853163122,0.6706249956409711,0.8763162262123619,1,0.36314215722767773,raw_rfu,value_1h,resid
triploid,yield_dtw,fc_corr_mm|delta_auc_late_minus_early|none,76,0.0492007206889991,0.6729745894468946,0.8763162262123619,1,0.36314215722767773,fc_corr_mm,delta_auc_late_minus_early,none
triploid,yield_dtw,fc_corr|min_slope|resid,76,-0.049020142098102154,0.6741069933634877,0.8763162262123619,1,0.36314215722767773,fc_corr,min_slope,resid
triploid,yield_dtw,fc_corr_mm|initial_slope|resid,76,-0.04893679813307279,0.6746298855471566,0.8763162262123619,1,0.36314215722767773,fc_corr_mm,initial_slope,resid
triploid,yield_dtw,fc_corr_mm|auc_0_1h|resid,76,-0.04893679813307279,0.6746298855471566,0.8763162262123619,1,0.36314215722767773,fc_corr_mm,auc_0_1h,resid
triploid,yield_dtw,raw_delta_mm|auc_0_2h|none,76,0.04790888923104401,0.6810914787141069,0.8763162262123619,1,0.36314215722767773,raw_delta_mm,auc_0_2h,none
triploid,yield_dtw,raw_rfu|rate_last_first_ratio|none,76,-0.047631076014279475,0.6828418214357064,0.8763162262123619,1,0.36314215722767773,raw_rfu,rate_last_first_ratio,none
triploid,yield_dtw,fc_corr|rate_last_first_ratio|none,76,-0.04707544958075041,0.6863475153143823,0.8763162262123619,1,0.36314215722767773,fc_corr,rate_last_first_ratio,none
triploid,yield_dtw,fc_corr|sat_r2|resid,73,-0.04705984786665768,0.6925780532511814,0.8763162262123619,1,0.36314215722767773,fc_corr,sat_r2,resid
triploid,yield_dtw,raw_delta_mm|lin_slope|none,76,0.04693654297236814,0.6872249762118752,0.8763162262123619,1,0.36314215722767773,raw_delta_mm,lin_slope,none
triploid,yield_dtw,fc_corr_mm|min_slope|resid,76,-0.04656149512973602,0.6895961801876291,0.8763162262123619,1,0.36314215722767773,fc_corr_mm,min_slope,resid
triploid,yield_dtw,raw_rfu|stability_cv|none,76,0.046450369843030206,0.6902993342214663,0.8763162262123619,1,0.36314215722767773,raw_rfu,stability_cv,none
triploid,yield_dtw,fc_corr_mm|auc_0_2h|none,76,0.046408697860515526,0.6905630845444597,0.8763162262123619,1,0.36314215722767773,fc_corr_mm,auc_0_2h,none
triploid,yield_dtw,raw_rfu|initial_slope|resid,76,-0.04633924455632439,0.6910027501965879,0.8763162262123619,1,0.36314215722767773,raw_rfu,initial_slope,resid
triploid,yield_dtw,raw_delta|auc_0_1h|resid,76,-0.04633924455632439,0.6910027501965879,0.8763162262123619,1,0.36314215722767773,raw_delta,auc_0_1h,resid
triploid,yield_dtw,raw_delta|stability_cv|none,76,0.046033650017883405,0.6929384904162974,0.8763162262123619,1,0.36314215722767773,raw_delta,stability_cv,none
triploid,yield_dtw,fc_corr|stability_cv|none,76,0.045575258210221924,0.6958457831678142,0.8763162262123619,1,0.36314215722767773,fc_corr,stability_cv,none
triploid,yield_dtw,raw_rfu|t_half|none,76,0.045297444993457385,0.6976099155320987,0.8763162262123619,1,0.36314215722767773,raw_rfu,t_half,none
triploid,yield_dtw,raw_rfu|auc_0_1h|resid,76,-0.04485294384663413,0.7004358568669231,0.8763162262123619,1,0.36314215722767773,raw_rfu,auc_0_1h,resid
triploid,yield_dtw,fc_corr|t_half|none,76,0.04357500304951727,0.7085829754700721,0.882620899269739,1,0.36314215722767773,fc_corr,t_half,none
triploid,yield_dtw,raw_rfu|sat_asymptote|resid,73,0.04288163707475816,0.718680391415083,0.8905341484294318,1,0.36314215722767773,raw_rfu,sat_asymptote,resid
triploid,yield_dtw,raw_delta|late_early_auc_ratio|none,76,0.038866069025358406,0.7388798629784006,0.8905341484294318,1,0.36314215722767773,raw_delta,late_early_auc_ratio,none
triploid,yield_dtw,raw_delta|frac_auc_first_half|none,76,-0.038866069025358406,0.7388798629784006,0.8905341484294318,1,0.36314215722767773,raw_delta,frac_auc_first_half,none
triploid,yield_dtw,fc_corr|late_early_auc_ratio|none,76,0.03832433325266757,0.7423919836139474,0.8905341484294318,1,0.36314215722767773,fc_corr,late_early_auc_ratio,none
triploid,yield_dtw,fc_corr|frac_auc_first_half|none,76,-0.03832433325266757,0.7423919836139474,0.8905341484294318,1,0.36314215722767773,fc_corr,frac_auc_first_half,none
triploid,yield_dtw,raw_rfu|late_early_auc_ratio|none,76,0.037977066731711896,0.7446461146975708,0.8905341484294318,1,0.36314215722767773,raw_rfu,late_early_auc_ratio,none
triploid,yield_dtw,raw_rfu|frac_auc_first_half|none,76,-0.037977066731711896,0.7446461146975708,0.8905341484294318,1,0.36314215722767773,raw_rfu,frac_auc_first_half,none
triploid,yield_dtw,raw_rfu|sat_r2|none,73,-0.037886633195720394,0.7503099014309029,0.8905341484294318,1,0.36314215722767773,raw_rfu,sat_r2,none
triploid,yield_dtw,fc_corr|quad_coef|resid,76,-0.0369908298121978,0.7510594815088064,0.8905341484294318,1,0.36314215722767773,fc_corr,quad_coef,resid
triploid,yield_dtw,fc_corr|sat_r2|none,73,-0.03692847207426976,0.7564263114690458,0.8905341484294318,1,0.36314215722767773,fc_corr,sat_r2,none
triploid,yield_dtw,raw_rfu|quad_coef|resid,76,-0.03615739016190419,0.7564924129416446,0.8905341484294318,1,0.36314215722767773,raw_rfu,quad_coef,resid
triploid,yield_dtw,raw_delta_mm|delta_auc_late_minus_early|none,76,0.03568510769340448,0.759576335026522,0.8905341484294318,1,0.36314215722767773,raw_delta_mm,delta_auc_late_minus_early,none
triploid,yield_dtw,fc_corr|initial_slope|resid,76,-0.03558787306753689,0.7602117270566752,0.8905341484294318,1,0.36314215722767773,fc_corr,initial_slope,resid
triploid,yield_dtw,fc_corr|auc_0_1h|resid,76,-0.03558787306753689,0.7602117270566752,0.8905341484294318,1,0.36314215722767773,fc_corr,auc_0_1h,resid
triploid,yield_dtw,raw_delta_mm|quad_coef|resid,76,-0.03447662020047876,0.7674845112178826,0.8905341484294318,1,0.36314215722767773,raw_delta_mm,quad_coef,resid
triploid,yield_dtw,fc_corr|sat_k|none,73,-0.0343681398972787,0.7728426448977855,0.8905341484294318,1,0.36314215722767773,fc_corr,sat_k,none
triploid,yield_dtw,fc_corr_mm|sat_k|none,73,-0.0343681398972787,0.7728426448977855,0.8905341484294318,1,0.36314215722767773,fc_corr_mm,sat_k,none
triploid,yield_dtw,fc_corr|rate_cv|resid,76,-0.0336153992285087,0.7731347838569254,0.8905341484294318,1,0.36314215722767773,fc_corr,rate_cv,resid
triploid,yield_dtw,raw_rfu|sat_k|none,73,-0.032844506638578505,0.7826598197133006,0.8905341484294318,1,0.36314215722767773,raw_rfu,sat_k,none
triploid,yield_dtw,raw_delta_mm|sat_k|none,73,-0.032844506638578505,0.7826598197133006,0.8905341484294318,1,0.36314215722767773,raw_delta_mm,sat_k,none
triploid,yield_dtw,raw_rfu|rate_cv|resid,76,-0.03278195957821509,0.7786140306448919,0.8905341484294318,1,0.36314215722767773,raw_rfu,rate_cv,resid
triploid,yield_dtw,fc_corr|lin_r2|resid,76,0.031976301249597945,0.7839209053075985,0.8905341484294318,1,0.36314215722767773,fc_corr,lin_r2,resid
triploid,yield_dtw,raw_rfu|lin_r2|resid,76,0.03149012812026001,0.7871281160102144,0.8906150794697247,1,0.36314215722767773,raw_rfu,lin_r2,resid
triploid,yield_dtw,fc_corr_mm|quad_coef|resid,76,-0.029726014193805217,0.7987950673529264,0.9002293616199647,1,0.36314215722767773,fc_corr_mm,quad_coef,resid
triploid,yield_dtw,raw_rfu|rate_h4|none,76,-0.026808975417777603,0.8181826044238295,0.9128382296066693,1,0.36314215722767773,raw_rfu,rate_h4,none
triploid,yield_dtw,fc_corr|rate_h4|none,76,-0.026447818235983706,0.8205908172547455,0.9128382296066693,1,0.36314215722767773,fc_corr,rate_h4,none
triploid,yield_dtw,raw_delta_mm|sat_asymptote|none,73,0.02616879390716011,0.826054313411669,0.9128382296066693,1,0.36314215722767773,raw_delta_mm,sat_asymptote,none
triploid,yield_dtw,fc_corr|rate_last_first_ratio|resid,76,-0.025947754445807544,0.8239279982875913,0.9128382296066693,1,0.36314215722767773,fc_corr,rate_last_first_ratio,resid
triploid,yield_dtw,raw_rfu|rate_last_first_ratio|resid,76,-0.025892191802454636,0.8242989898999679,0.9128382296066693,1,0.36314215722767773,raw_rfu,rate_last_first_ratio,resid
triploid,yield_dtw,fc_corr|auc_early|resid,76,0.024905954882940538,0.8308904171356047,0.9144559195482788,1,0.36314215722767773,fc_corr,auc_early,resid
triploid,yield_dtw,fc_corr_mm|rate_h4|none,76,-0.024447563075279052,0.8339580393063528,0.9144559195482788,1,0.36314215722767773,fc_corr_mm,rate_h4,none
triploid,yield_dtw,fc_corr|auc_0_2h|resid,76,0.02285013707888298,0.8446673107494058,0.9226366009724278,1,0.36314215722767773,fc_corr,auc_0_2h,resid
triploid,yield_dtw,raw_delta_mm|rate_h4|none,76,-0.02196113478523647,0.8506395872469102,0.9256001639008526,1,0.36314215722767773,raw_delta_mm,rate_h4,none
triploid,yield_dtw,raw_rfu|rate_h4|resid,76,-0.01736332604778342,0.8816542663522462,0.9556863039848775,1,0.36314215722767773,raw_rfu,rate_h4,resid
triploid,yield_dtw,raw_delta_mm|auc_early|resid,76,0.016127057233181242,0.8900259948773781,0.9607998128259202,1,0.36314215722767773,raw_delta_mm,auc_early,resid
triploid,yield_dtw,raw_rfu|auc_early|resid,76,0.015501977495461039,0.8942635268625213,0.9607998128259202,1,0.36314215722767773,raw_rfu,auc_early,resid
triploid,yield_dtw,fc_corr_mm|auc_early|resid,76,0.014779663131873249,0.8991639071107558,0.9607998128259202,1,0.36314215722767773,fc_corr_mm,auc_early,resid
triploid,yield_dtw,raw_rfu|time_to_vmax|none,76,0.014670615241169836,0.8999040500411787,0.9607998128259202,1,0.36314215722767773,raw_rfu,time_to_vmax,none
triploid,yield_dtw,raw_rfu|auc_0_2h|resid,76,0.013737863569006243,0.9062383541725625,0.9612916411286905,1,0.36314215722767773,raw_rfu,auc_0_2h,resid
triploid,yield_dtw,fc_corr_mm|initial_slope|none,76,0.012321016163507115,0.9158712041258357,0.9612916411286905,1,0.36314215722767773,fc_corr_mm,initial_slope,none
triploid,yield_dtw,fc_corr_mm|auc_0_1h|none,76,0.012321016163507115,0.9158712041258357,0.9612916411286905,1,0.36314215722767773,fc_corr_mm,auc_0_1h,none
triploid,yield_dtw,fc_corr_mm|auc_0_2h|resid,76,0.012237672198477755,0.9164382331703587,0.9612916411286905,1,0.36314215722767773,fc_corr_mm,auc_0_2h,resid
triploid,yield_dtw,raw_delta|auc_early|resid,76,0.012112656250933714,0.9172888547389969,0.9612916411286905,1,0.36314215722767773,raw_delta,auc_early,resid
triploid,yield_dtw,fc_corr|rate_h4|resid,76,-0.010306870341964237,0.929585483293212,0.9701928786816005,1,0.36314215722767773,fc_corr,rate_h4,resid
triploid,yield_dtw,raw_delta|auc_0_2h|resid,76,0.009862369195140983,0.9326149854932286,0.9701928786816005,1,0.36314215722767773,raw_delta,auc_0_2h,resid
triploid,yield_dtw,raw_delta_mm|initial_slope|none,76,0.008167708572877321,0.9441733685190645,0.9750735878524157,1,0.36314215722767773,raw_delta_mm,initial_slope,none
triploid,yield_dtw,raw_delta_mm|auc_0_1h|none,76,0.008167708572877321,0.9441733685190645,0.9750735878524157,1,0.36314215722767773,raw_delta_mm,auc_0_1h,none
triploid,yield_dtw,raw_delta_mm|auc_0_2h|resid,76,0.006931439758275142,0.9526127097914968,0.9787283961575513,1,0.36314215722767773,raw_delta_mm,auc_0_2h,resid
triploid,yield_dtw,fc_corr|lin_r2|none,76,-0.0066397358806723795,0.9546048089283159,0.9787283961575513,1,0.36314215722767773,fc_corr,lin_r2,none
triploid,yield_dtw,raw_rfu|lin_r2|none,76,-0.004472792789909009,0.969411140677741,0.9863419179782063,1,0.36314215722767773,raw_rfu,lin_r2,none
triploid,yield_dtw,raw_rfu|baseline_value|none,76,-0.0044589021290707825,0.9695060917439404,0.9863419179782063,1,0.36314215722767773,raw_rfu,baseline_value,none
triploid,yield_dtw,raw_delta_mm|rate_h4|resid,76,-0.004028291643085754,0.9724497782883724,0.9863419179782063,1,0.36314215722767773,raw_delta_mm,rate_h4,resid
triploid,yield_dtw,fc_corr_mm|rate_h4|resid,76,-0.0016668793005872084,0.9885980684764536,0.9965662459321328,1,0.36314215722767773,fc_corr_mm,rate_h4,resid
triploid,yield_dtw,fc_corr|rate_cv|none,76,0.0015279726922049408,0.9895481737776813,0.9965662459321328,1,0.36314215722767773,fc_corr,rate_cv,none
triploid,yield_dtw,raw_rfu|baseline_value|resid,76,5.000637901761625e-4,0.9965793167587227,0.999239846000211,1,0.36314215722767773,raw_rfu,baseline_value,resid
triploid,yield_dtw,raw_rfu|rate_cv|none,76,-1.1112528670581389e-4,0.999239846000211,0.999239846000211,1,0.36314215722767773,raw_rfu,rate_cv,none
