trace_id,date,plate,well,row,col,ploidy,family,length_mm,timepoint,time_hr,rfu,blank_rfu,blank_fc,raw_rfu,raw_delta,fc_corr,fc_corr_mm,raw_delta_mm
20250826 plate1 A02,20250826,plate1,A02,A,2,diploid,hnry,22.74,0,0,35.2781,35.65915,1,-0.3810499999999948,0,0,0,0
20250826 plate1 A02,20250826,plate1,A02,A,2,diploid,hnry,22.74,1,1.0763888888888888,760.126,40.73585,1.1435164441880006,719.39015,719.7711999999999,20.403165491630535,0.8972368290074993,31.65220756376429
20250826 plate1 A02,20250826,plate1,A02,A,2,diploid,hnry,22.74,2,2.0855555555555556,757.653,48.38568333333333,1.3588233513781385,709.2673166666667,709.6483666666667,20.117758437323634,0.8846859471118573,31.207052184110236
20250826 plate1 A02,20250826,plate1,A02,A,2,diploid,hnry,22.74,3,3.203611111111111,898.596,49.9604,1.401926893359795,848.6356,849.0166499999999,24.069853049437576,1.0584807849356894,37.33582453825857
20250826 plate1 A02,20250826,plate1,A02,A,2,diploid,hnry,22.74,4,4.087777777777778,971.537,53.177,1.4928970130916395,918.36,918.74105,26.04648294217806,1.1454038233147783,40.401981090589274
20250826 plate1 A03,20250826,plate1,A03,A,3,triploid,hnry,26.02,0,0,34.2396,35.65915,1,-1.4195499999999939,0,0,0,0
20250826 plate1 A03,20250826,plate1,A03,A,3,triploid,hnry,26.02,1,1.0763888888888888,675.515,40.73585,1.1435164441880006,634.77915,636.1986999999999,18.58553997002244,0.7142790149893329,24.45037279016141
20250826 plate1 A03,20250826,plate1,A03,A,3,triploid,hnry,26.02,2,2.0855555555555556,884.085,48.38568333333333,1.3588233513781385,835.6993166666667,837.1188666666667,24.461717776438775,0.940112135912328,32.17213169356905
20250826 plate1 A03,20250826,plate1,A03,A,3,triploid,hnry,26.02,3,3.203611111111111,1021.4,49.9604,1.401926893359795,971.4395999999999,972.8591499999999,28.429029075751988,1.0925837461857029,37.388898923904684
20250826 plate1 A03,20250826,plate1,A03,A,3,triploid,hnry,26.02,4,4.087777777777778,1108.13,53.177,1.4928970130916395,1054.9530000000002,1056.3725500000003,30.87109088396323,1.1864370055327913,40.59848385857034
20250826 plate1 A04,20250826,plate1,A04,A,4,diploid,hnry,21.56,0,0,34.2904,35.65915,1,-1.3687499999999986,0,0,0,0
20250826 plate1 A04,20250826,plate1,A04,A,4,diploid,hnry,21.56,1,1.0763888888888888,567.455,40.73585,1.1435164441880006,526.71915,528.0879,15.404992759554156,0.7145172894041817,24.493872912801486
20250826 plate1 A04,20250826,plate1,A04,A,4,diploid,hnry,21.56,2,2.0855555555555556,1018.38,48.38568333333333,1.3588233513781385,969.9943166666667,971.3630666666667,28.339867827494086,1.3144651125924902,45.05394557823129
20250826 plate1 A04,20250826,plate1,A04,A,4,diploid,hnry,21.56,3,3.203611111111111,1055.94,49.9604,1.401926893359795,1005.9796,1007.34835,29.392114587637803,1.3632706209479502,46.723021799628945
20250826 plate1 A04,20250826,plate1,A04,A,4,diploid,hnry,21.56,4,4.087777777777778,1145.48,53.177,1.4928970130916395,1092.303,1093.6717500000002,31.91237093362231,1.4801656277190312,50.72689007421152
20250826 plate1 A05,20250826,plate1,A05,A,5,triploid,hnry,26.49,0,0,38.329,35.65915,1,2.669850000000004,0,0,0,0
20250826 plate1 A05,20250826,plate1,A05,A,5,triploid,hnry,26.49,1,1.0763888888888888,680.257,40.73585,1.1435164441880006,639.5211499999999,636.8512999999999,16.604324616105767,0.626814821295046,24.041196677991692
20250826 plate1 A05,20250826,plate1,A05,A,5,triploid,hnry,26.49,2,2.0855555555555556,867.645,48.38568333333333,1.3588233513781385,819.2593166666667,816.5894666666667,21.277952979859304,0.8032447331015216,30.82632943249025
20250826 plate1 A05,20250826,plate1,A05,A,5,triploid,hnry,26.49,3,3.203611111111111,894.167,49.9604,1.401926893359795,844.2066,841.53675,21.92680591991475,0.8277389928242639,31.76809173272933
20250826 plate1 A05,20250826,plate1,A05,A,5,triploid,hnry,26.49,4,4.087777777777778,912.298,53.177,1.4928970130916395,859.121,856.45115,22.30887188252265,0.8421620189702774,32.331111740279354
20250826 plate1 A06,20250826,plate1,A06,A,6,diploid,hnry,24.21,0,0,36.1562,35.65915,1,0.49705000000000155,0,0,0,0
20250826 plate1 A06,20250826,plate1,A06,A,6,diploid,hnry,24.21,1,1.0763888888888888,966.53,40.73585,1.1435164441880006,925.79415,925.2971,25.588551638187912,1.0569414142167664,38.219624122263525
20250826 plate1 A06,20250826,plate1,A06,A,6,diploid,hnry,24.21,2,2.0855555555555556,939.512,48.38568333333333,1.3588233513781385,891.1263166666666,890.6292666666666,24.625986999267116,1.0171824452402773,36.7876607462481
20250826 plate1 A06,20250826,plate1,A06,A,6,diploid,hnry,24.21,3,3.203611111111111,1057.08,49.9604,1.401926893359795,1007.1195999999999,1006.6225499999998,27.834552603932508,1.149713036097997,41.57879182156133
20250826 plate1 A06,20250826,plate1,A06,A,6,diploid,hnry,24.21,4,4.087777777777778,924.821,53.177,1.4928970130916395,871.644,871.1469500000001,24.08559298309159,0.9948613375915568,35.98293886823627
20250826 plate1 A07,20250826,plate1,A07,A,7,triploid,hnry,32.93,0,0,35.4426,35.65915,1,-0.21654999999999802,0,0,0,0
20250826 plate1 A07,20250826,plate1,A07,A,7,triploid,hnry,32.93,1,1.0763888888888888,809.107,40.73585,1.1435164441880006,768.37115,768.5876999999999,21.685141724230792,0.6585223724333675,23.340045551169144
20250826 plate1 A07,20250826,plate1,A07,A,7,triploid,hnry,32.93,2,2.0855555555555556,873.936,48.38568333333333,1.3588233513781385,825.5503166666667,825.7668666666667,23.298961348389938,0.7075299528815651,25.07643081283531
20250826 plate1 A07,20250826,plate1,A07,A,7,triploid,hnry,32.93,3,3.203611111111111,1152.84,49.9604,1.401926893359795,1102.8796,1103.09615,31.125032189777446,0.9451877373148329,33.49821287579715
20250826 plate1 A07,20250826,plate1,A07,A,7,triploid,hnry,32.93,4,4.087777777777778,1118.29,53.177,1.4928970130916395,1065.113,1065.3295500000002,30.059246452681187,0.9128225463917761,32.35133768600061
20250826 plate1 A08,20250826,plate1,A08,A,8,diploid,hnry,20.3,0,0,36.7984,35.65915,1,1.139250000000004,0,0,0,0
20250826 plate1 A08,20250826,plate1,A08,A,8,diploid,hnry,20.3,1,1.0763888888888888,450.796,40.73585,1.1435164441880006,410.06015,408.9209,11.10690748728728,0.5471382998663685,20.14388669950739
20250826 plate1 A08,20250826,plate1,A08,A,8,diploid,hnry,20.3,2,2.0855555555555556,526.007,48.38568333333333,1.3588233513781385,477.62131666666664,476.48206666666664,12.935466617750953,0.637215104322707,23.472022988505746
20250826 plate1 A08,20250826,plate1,A08,A,8,diploid,hnry,20.3,3,3.203611111111111,608.959,49.9604,1.401926893359795,558.9985999999999,557.85935,15.146591520484284,0.746137513324349,27.480756157635465
20250826 plate1 A08,20250826,plate1,A08,A,8,diploid,hnry,20.3,4,4.087777777777778,620.391,53.177,1.4928970130916395,567.2139999999999,566.07475,15.366287081869011,0.7569599547718724,27.88545566502463
20250826 plate1 B02,20250826,plate1,B02,B,2,diploid,hnry,21.73,0,0,33.4485,35.65915,1,-2.210649999999994,0,0,0,0
20250826 plate1 B02,20250826,plate1,B02,B,2,diploid,hnry,21.73,1,1.0763888888888888,497.977,40.73585,1.1435164441880006,457.24114999999995,459.45179999999993,13.744355956667043,0.6325060265378298,21.143663138518175
20250826 plate1 B02,20250826,plate1,B02,B,2,diploid,hnry,21.73,2,2.0855555555555556,518.317,48.38568333333333,1.3588233513781385,469.9313166666667,472.1419666666667,14.137148067370086,0.6505820555623602,21.727656082221202
20250826 plate1 B02,20250826,plate1,B02,B,2,diploid,hnry,21.73,3,3.203611111111111,693.325,49.9604,1.401926893359795,643.3646,645.57525,19.326207402647498,0.8893790797352736,29.708939254486882
20250826 plate1 B02,20250826,plate1,B02,B,2,diploid,hnry,21.73,4,4.087777777777778,770.488,53.177,1.4928970130916395,717.311,719.52165,21.542156875722508,0.9913555856291996,33.111902899217675
20250826 plate1 B03,20250826,plate1,B03,B,3,triploid,hnry,26.32,0,0,34.1802,35.65915,1,-1.4789499999999975,0,0,0,0
20250826 plate1 B03,20250826,plate1,B03,B,3,triploid,hnry,26.32,1,1.0763888888888888,853.174,40.73585,1.1435164441880006,812.43815,813.9170999999999,23.817542882556722,0.9049218420424286,30.923901975683886
20250826 plate1 B03,20250826,plate1,B03,B,3,triploid,hnry,26.32,2,2.0855555555555556,927.075,48.38568333333333,1.3588233513781385,878.6893166666667,880.1682666666668,25.76433567051173,0.9788881333781052,33.44104356636272
20250826 plate1 B03,20250826,plate1,B03,B,3,triploid,hnry,26.32,3,3.203611111111111,1118.43,49.9604,1.401926893359795,1068.4696000000001,1069.94855,31.31964875570019,1.1899562597150528,40.651540653495445
20250826 plate1 B03,20250826,plate1,B03,B,3,triploid,hnry,26.32,4,4.087777777777778,1216.1,53.177,1.4928970130916395,1162.923,1164.40195,34.08618093261961,1.295067664613207,44.240195668693005
20250826 plate1 B04,20250826,plate1,B04,B,4,diploid,hnry,23.01,0,0,33.3032,35.65915,1,-2.35595,0,0,0,0
20250826 plate1 B04,20250826,plate1,B04,B,4,diploid,hnry,23.01,1,1.0763888888888888,472.95,40.73585,1.1435164441880006,432.21415,434.5701,13.057821565372643,0.5674846399553517,18.886140808344198
20250826 plate1 B04,20250826,plate1,B04,B,4,diploid,hnry,23.01,2,2.0855555555555556,792.554,48.38568333333333,1.3588233513781385,744.1683166666667,746.5242666666667,22.43931016131734,0.9751981817173985,32.44347095465739
20250826 plate1 B04,20250826,plate1,B04,B,4,diploid,hnry,23.01,3,3.203611111111111,918.564,49.9604,1.401926893359795,868.6035999999999,870.9595499999999,26.179927102652602,1.1377630205411822,37.85134941329856
20250826 plate1 B04,20250826,plate1,B04,B,4,diploid,hnry,23.01,4,4.087777777777778,1004.2,53.177,1.4928970130916395,951.023,953.37895,28.6603615326337,1.245561127015806,41.43324424163407
20250826 plate1 B05,20250826,plate1,B05,B,5,triploid,hnry,26.58,0,0,36.3893,35.65915,1,0.7301500000000019,0,0,0,0
20250826 plate1 B05,20250826,plate1,B05,B,5,triploid,hnry,26.58,1,1.0763888888888888,904.252,40.73585,1.1435164441880006,863.5161499999999,862.786,23.705876097026035,0.8918689276533498,32.459969902182095
20250826 plate1 B05,20250826,plate1,B05,B,5,triploid,hnry,26.58,2,2.0855555555555556,1036.74,48.38568333333333,1.3588233513781385,988.3543166666667,987.6241666666667,27.131419659616853,1.0207456606326883,37.156665412590925
20250826 plate1 B05,20250826,plate1,B05,B,5,triploid,hnry,26.58,3,3.203611111111111,1156.38,49.9604,1.401926893359795,1106.4196000000002,1105.68945,30.376095767147554,1.1428177489521278,41.59854966139955
20250826 plate1 B05,20250826,plate1,B05,B,5,triploid,hnry,26.58,4,4.087777777777778,1209.69,53.177,1.4928970130916395,1156.5130000000001,1155.78285,31.750116729959206,1.1945115398780741,43.48317720090294
20250826 plate1 B06,20250826,plate1,B06,B,6,diploid,hnry,22.15,0,0,36.0154,35.65915,1,0.35625000000000284,0,0,0,0
20250826 plate1 B06,20250826,plate1,B06,B,6,diploid,hnry,22.15,1,1.0763888888888888,652.599,40.73585,1.1435164441880006,611.86315,611.5069,16.976482223048794,0.7664326060067176,27.60753498871332
20250826 plate1 B06,20250826,plate1,B06,B,6,diploid,hnry,22.15,2,2.0855555555555556,871.048,48.38568333333333,1.3588233513781385,822.6623166666667,822.3060666666667,22.826608436134983,1.0305466562589158,37.1244273890143
20250826 plate1 B06,20250826,plate1,B06,B,6,diploid,hnry,22.15,3,3.203611111111111,1082.26,49.9604,1.401926893359795,1032.2996,1031.94335,28.64799619509681,1.2933632593723166,46.58886455981941
20250826 plate1 B06,20250826,plate1,B06,B,6,diploid,hnry,22.15,4,4.087777777777778,1066.72,53.177,1.4928970130916395,1013.543,1013.18675,28.12554398714715,1.2697762522414064,45.74206546275395
20250826 plate1 B07,20250826,plate1,B07,B,7,triploid,hnry,23.78,0,0,35.7966,35.65915,1,0.13745000000000118,0,0,0,0
20250826 plate1 B07,20250826,plate1,B07,B,7,triploid,hnry,23.78,1,1.0763888888888888,607.481,40.73585,1.1435164441880006,566.74515,566.6077,15.826838282238532,0.6655524929452704,23.827068965517242
20250826 plate1 B07,20250826,plate1,B07,B,7,triploid,hnry,23.78,2,2.0855555555555556,1033.81,48.38568333333333,1.3588233513781385,985.4243166666666,985.2868666666666,27.521293754715735,1.1573294261865321,41.43342584805158
20250826 plate1 B07,20250826,plate1,B07,B,7,triploid,hnry,23.78,3,3.203611111111111,1151.98,49.9604,1.401926893359795,1102.0196,1101.8821500000001,30.77934171874303,1.2943373304769987,46.33650756938604
20250826 plate1 B07,20250826,plate1,B07,B,7,triploid,hnry,23.78,4,4.087777777777778,1140.62,53.177,1.4928970130916395,1087.443,1087.30555,30.371023024006856,1.2771666536588249,45.72353027754416
20250826 plate1 B08,20250826,plate1,B08,B,8,diploid,hnry,21.22,0,0,39.3549,35.65915,1,3.695750000000004,0,0,0,0
20250826 plate1 B08,20250826,plate1,B08,B,8,diploid,hnry,21.22,1,1.0763888888888888,756.916,40.73585,1.1435164441880006,716.18015,712.4844,18.089565078062087,0.852477147882285,33.576079170593786
20250826 plate1 B08,20250826,plate1,B08,B,8,diploid,hnry,21.22,2,2.0855555555555556,998.649,48.38568333333333,1.3588233513781385,950.2633166666667,946.5675666666667,24.016644506499787,1.1317928608152588,44.60733113415018
20250826 plate1 B08,20250826,plate1,B08,B,8,diploid,hnry,21.22,3,3.203611111111111,1210.51,49.9604,1.401926893359795,1160.5496,1156.85385,29.356885859308868,1.3834536220220957,54.5171465598492
20250826 plate1 B08,20250826,plate1,B08,B,8,diploid,hnry,21.22,4,4.087777777777778,1140.46,53.177,1.4928970130916395,1087.2830000000001,1083.58725,27.485959495246586,1.2952855558551644,51.06443213949105
20250826 plate1 C02,20250826,plate1,C02,C,2,diploid,hnry,21.98,0,0,35.3066,35.65915,1,-0.3525499999999937,0,0,0,0
20250826 plate1 C02,20250826,plate1,C02,C,2,diploid,hnry,21.98,1,1.0763888888888888,373.988,40.73585,1.1435164441880006,333.25215000000003,333.60470000000004,9.449063979868692,0.42989372064916703,15.17764786169245
20250826 plate1 C02,20250826,plate1,C02,C,2,diploid,hnry,21.98,2,2.0855555555555556,484.844,48.38568333333333,1.3588233513781385,436.45831666666663,436.81086666666664,12.373566626699613,0.5629466163193636,19.87310585380649
20250826 plate1 C02,20250826,plate1,C02,C,2,diploid,hnry,21.98,3,3.203611111111111,572.77,49.9604,1.401926893359795,522.8095999999999,523.1621499999999,14.82081899551084,0.6742865785036778,23.801735668789803
20250826 plate1 C02,20250826,plate1,C02,C,2,diploid,hnry,21.98,4,4.087777777777778,620.174,53.177,1.4928970130916395,566.997,567.3495499999999,16.072487362634146,0.7312323640870858,25.812081437670606
20250826 plate1 C03,20250826,plate1,C03,C,3,triploid,hnry,23.69,0,0,33.9625,35.65915,1,-1.6966499999999982,0,0,0,0
20250826 plate1 C03,20250826,plate1,C03,C,3,triploid,hnry,23.69,1,1.0763888888888888,471.47,40.73585,1.1435164441880006,430.73415,432.4308,12.738559374729926,0.5377188423271391,18.253727311101727
20250826 plate1 C03,20250826,plate1,C03,C,3,triploid,hnry,23.69,2,2.0855555555555556,523.182,48.38568333333333,1.3588233513781385,474.7963166666667,476.4929666666667,14.045873004897167,0.5929030394637892,20.113675249753765
20250826 plate1 C03,20250826,plate1,C03,C,3,triploid,hnry,23.69,3,3.203611111111111,871.01,49.9604,1.401926893359795,821.0495999999999,822.7462499999999,24.244300563393978,1.0233980820343596,34.72968552131701
20250826 plate1 C03,20250826,plate1,C03,C,3,triploid,hnry,23.69,4,4.087777777777778,956.035,53.177,1.4928970130916395,902.858,904.5546499999999,26.65682694715864,1.1252354135567175,38.182973828619666
20250826 plate1 C04,20250826,plate1,C04,C,4,diploid,hnry,22.73,0,0,33.3248,35.65915,1,-2.3343499999999935,0,0,0,0
20250826 plate1 C04,20250826,plate1,C04,C,4,diploid,hnry,22.73,1,1.0763888888888888,287.309,40.73585,1.1435164441880006,246.57315000000003,248.90750000000003,7.477960653949124,0.32899078987897595,10.95061592608887
20250826 plate1 C04,20250826,plate1,C04,C,4,diploid,hnry,22.73,2,2.0855555555555556,364.629,48.38568333333333,1.3588233513781385,316.2433166666667,318.5776666666667,9.582847716415216,0.4215947081572906,14.015735445079924
20250826 plate1 C04,20250826,plate1,C04,C,4,diploid,hnry,22.73,3,3.203611111111111,380.822,49.9604,1.401926893359795,330.8616,333.19595,10.025658568518445,0.44107604788906485,14.658862736471622
20250826 plate1 C04,20250826,plate1,C04,C,4,diploid,hnry,22.73,4,4.087777777777778,410.799,53.177,1.4928970130916395,357.62199999999996,359.95634999999993,10.834228731098872,0.4766488663043938,15.836179058512975
20250826 plate1 C05,20250826,plate1,C05,C,5,triploid,hnry,27.01,0,0,37.4158,35.65915,1,1.7566500000000005,0,0,0,0
20250826 plate1 C05,20250826,plate1,C05,C,5,triploid,hnry,27.01,1,1.0763888888888888,854.608,40.73585,1.1435164441880006,813.8721499999999,812.1154999999999,21.697315503812575,0.803306756897911,30.067215845982965
20250826 plate1 C05,20250826,plate1,C05,C,5,triploid,hnry,27.01,2,2.0855555555555556,754.025,48.38568333333333,1.3588233513781385,705.6393166666667,703.8826666666666,18.793759247417025,0.6958074508484644,26.06007651487103
20250826 plate1 C05,20250826,plate1,C05,C,5,triploid,hnry,27.01,3,3.203611111111111,1003.22,49.9604,1.401926893359795,953.2596,951.5029499999999,25.41080997181481,0.940792668338201,35.22780266567938
20250826 plate1 C05,20250826,plate1,C05,C,5,triploid,hnry,27.01,4,4.087777777777778,976.027,53.177,1.4928970130916395,922.85,921.09335,24.59306132536431,0.9105168946821292,34.101938171047756
20250826 plate1 C06,20250826,plate1,C06,C,6,diploid,hnry,23.33,0,0,35.7762,35.65915,1,0.1170500000000061,0,0,0,0
20250826 plate1 C06,20250826,plate1,C06,C,6,diploid,hnry,23.33,1,1.0763888888888888,478.897,40.73585,1.1435164441880006,438.16115,438.0441,12.242393741913373,0.524748981650809,18.776000857265327
20250826 plate1 C06,20250826,plate1,C06,C,6,diploid,hnry,23.33,2,2.0855555555555556,687.631,48.38568333333333,1.3588233513781385,639.2453166666667,639.1282666666666,17.861524254013155,0.7656032684960633,27.395125017859694
20250826 plate1 C06,20250826,plate1,C06,C,6,diploid,hnry,23.33,3,3.203611111111111,642.599,49.9604,1.401926893359795,592.6386,592.5215499999999,16.55970681843743,0.7098031212360665,25.397408915559364
20250826 plate1 C06,20250826,plate1,C06,C,6,diploid,hnry,23.33,4,4.087777777777778,656.942,53.177,1.4928970130916395,603.765,603.64795,16.869645682890607,0.7230881132829237,25.874322760394346
20250826 plate1 C07,20250826,plate1,C07,C,7,triploid,hnry,26.59,0,0,34.1744,35.65915,1,-1.4847499999999982,0,0,0,0
20250826 plate1 C07,20250826,plate1,C07,C,7,triploid,hnry,26.59,1,1.0763888888888888,850.901,40.73585,1.1435164441880006,810.1651499999999,811.6498999999999,23.755267440825342,0.8933910282371321,30.52462955998495
20250826 plate1 C07,20250826,plate1,C07,C,7,triploid,hnry,26.59,2,2.0855555555555556,931.593,48.38568333333333,1.3588233513781385,883.2073166666667,884.6920666666666,25.90114317327189,0.9740933874867203,33.27160837407546
20250826 plate1 C07,20250826,plate1,C07,C,7,triploid,hnry,26.59,3,3.203611111111111,1127.76,49.9604,1.401926893359795,1077.7996,1079.2843500000001,31.598213562654063,1.188349513450698,40.589858969537424
20250826 plate1 C07,20250826,plate1,C07,C,7,triploid,hnry,26.59,4,4.087777777777778,1084.82,53.177,1.4928970130916395,1031.643,1033.12775,30.25074735228127,1.1376738379947826,38.853995863106434
20250826 plate1 C08,20250826,plate1,C08,C,8,diploid,hnry,23.48,0,0,40.4719,35.65915,1,4.812750000000001,0,0,0,0
20250826 plate1 C08,20250826,plate1,C08,C,8,diploid,hnry,23.48,1,1.0763888888888888,752.46,40.73585,1.1435164441880006,711.72415,706.9114,17.448642559960557,0.7431278773407393,30.10695911413969
20250826 plate1 C08,20250826,plate1,C08,C,8,diploid,hnry,23.48,2,2.0855555555555556,771.423,48.38568333333333,1.3588233513781385,723.0373166666667,718.2245666666666,17.70188296584443,0.7539132438604953,30.588780522430437
20250826 plate1 C08,20250826,plate1,C08,C,8,diploid,hnry,23.48,3,3.203611111111111,997.333,49.9604,1.401926893359795,947.3725999999999,942.5598499999999,23.240676987357443,0.9898073674343033,40.14309412265757
20250826 plate1 C08,20250826,plate1,C08,C,8,diploid,hnry,23.48,4,4.087777777777778,1020.15,53.177,1.4928970130916395,966.973,962.1602499999999,23.71348074530369,1.0099438136841437,40.97786413969335
20250826 plate1 D02,20250826,plate1,D02,D,2,diploid,hnry,25.12,0,0,33.0932,35.65915,1,-2.5659499999999937,0,0,0,0
20250826 plate1 D02,20250826,plate1,D02,D,2,diploid,hnry,25.12,1,1.0763888888888888,442.903,40.73585,1.1435164441880006,402.16715,404.7331,12.239988324163201,0.48726068169439496,16.11198646496815
20250826 plate1 D02,20250826,plate1,D02,D,2,diploid,hnry,25.12,2,2.0855555555555556,580.692,48.38568333333333,1.3588233513781385,532.3063166666667,534.8722666666667,16.188346459942615,0.6444405437875245,21.292685774946925
20250826 plate1 D02,20250826,plate1,D02,D,2,diploid,hnry,25.12,3,3.203611111111111,681.863,49.9604,1.401926893359795,631.9026,634.46855,19.202396653471578,0.7644266183706838,25.25750597133758
20250826 plate1 D02,20250826,plate1,D02,D,2,diploid,hnry,25.12,4,4.087777777777778,747.873,53.177,1.4928970130916395,694.696,697.2619500000001,21.10609613353667,0.840210833341428,27.75724323248408
20250826 plate1 D03,20250826,plate1,D03,D,3,triploid,hnry,26.87,0,0,33.438,35.65915,1,-2.2211499999999944,0,0,0,0
20250826 plate1 D03,20250826,plate1,D03,D,3,triploid,hnry,26.87,1,1.0763888888888888,593.757,40.73585,1.1435164441880006,553.0211499999999,555.2422999999999,16.61343672286744,0.6182894202779099,20.664023074060285
20250826 plate1 D03,20250826,plate1,D03,D,3,triploid,hnry,26.87,2,2.0855555555555556,843.301,48.38568333333333,1.3588233513781385,794.9153166666667,797.1364666666667,23.8610163519534,0.8880169836975585,29.666411115246248
20250826 plate1 D03,20250826,plate1,D03,D,3,triploid,hnry,26.87,3,3.203611111111111,982.11,49.9604,1.401926893359795,932.1496,934.3707499999999,27.969147931689548,1.0409061381350782,34.773753256419795
20250826 plate1 D03,20250826,plate1,D03,D,3,triploid,hnry,26.87,4,4.087777777777778,1061.19,53.177,1.4928970130916395,1008.013,1010.23415,30.243151793655176,1.125535980411432,37.59710271678452
20250826 plate1 D04,20250826,plate1,D04,D,4,diploid,hnry,24.18,0,0,33.73,35.65915,1,-1.92915,0,0,0,0
20250826 plate1 D04,20250826,plate1,D04,D,4,diploid,hnry,24.18,1,1.0763888888888888,570.76,40.73585,1.1435164441880006,530.02415,531.9533,15.777918480211644,0.6525193746985791,21.999722911497106
20250826 plate1 D04,20250826,plate1,D04,D,4,diploid,hnry,24.18,2,2.0855555555555556,935.911,48.38568333333333,1.3588233513781385,887.5253166666666,889.4544666666667,26.388315693982076,1.091328192472377,36.784717397298046
20250826 plate1 D04,20250826,plate1,D04,D,4,diploid,hnry,24.18,3,3.203611111111111,1126.41,49.9604,1.401926893359795,1076.4496000000001,1078.37875,31.99297378852577,1.3231171955552428,44.59796319272126
20250826 plate1 D04,20250826,plate1,D04,D,4,diploid,hnry,24.18,4,4.087777777777778,1237.68,53.177,1.4928970130916395,1184.5030000000002,1186.43215,35.20084742805867,1.4557835991752965,49.066672870140614
20250826 plate1 D05,20250826,plate1,D05,D,5,triploid,hnry,30.71,0,0,43.6914,35.65915,1,8.032250000000005,0,0,0,0
20250826 plate1 D05,20250826,plate1,D05,D,5,triploid,hnry,30.71,1,1.0763888888888888,1016.21,40.73585,1.1435164441880006,975.47415,967.4419,22.115294214202436,0.7201333185998839,31.502504070335394
20250826 plate1 D05,20250826,plate1,D05,D,5,triploid,hnry,30.71,2,2.0855555555555556,1203.83,48.38568333333333,1.3588233513781385,1155.4443166666665,1147.4120666666665,26.19419623600061,0.8529533127971544,37.362815586671005
20250826 plate1 D05,20250826,plate1,D05,D,5,triploid,hnry,30.71,3,3.203611111111111,1300.43,49.9604,1.401926893359795,1250.4696000000001,1242.4373500000002,28.362054118921797,0.9235445821856658,40.45709378052752
20250826 plate1 D05,20250826,plate1,D05,D,5,triploid,hnry,30.71,4,4.087777777777778,1331.19,53.177,1.4928970130916395,1278.0130000000001,1269.9807500000002,28.975112709645558,0.9435074148370419,41.35398078801694
20250826 plate1 D06,20250826,plate1,D06,D,6,diploid,hnry,21.16,0,0,34.9987,35.65915,1,-0.6604499999999973,0,0,0,0
20250826 plate1 D06,20250826,plate1,D06,D,6,diploid,hnry,21.16,1,1.0763888888888888,503.454,40.73585,1.1435164441880006,462.71815000000004,463.3786,13.241417853371624,0.6257758909910975,21.898799621928166
20250826 plate1 D06,20250826,plate1,D06,D,6,diploid,hnry,21.16,2,2.0855555555555556,1254.43,48.38568333333333,1.3588233513781385,1206.0443166666666,1206.7047666666667,34.48336507276333,1.6296486329283235,57.0276354757404
20250826 plate1 D06,20250826,plate1,D06,D,6,diploid,hnry,21.16,3,3.203611111111111,1103.89,49.9604,1.401926893359795,1053.9296000000002,1054.5900500000002,30.138958910970082,1.4243364324655048,49.838849243856345
20250826 plate1 D06,20250826,plate1,D06,D,6,diploid,hnry,21.16,4,4.087777777777778,1121.58,53.177,1.4928970130916395,1068.403,1069.06345,30.553436136425344,1.443924203044676,50.52284735349717
20250826 plate1 D07,20250826,plate1,D07,D,7,triploid,hnry,31.16,0,0,33.3478,35.65915,1,-2.3113499999999974,0,0,0,0
20250826 plate1 D07,20250826,plate1,D07,D,7,triploid,hnry,31.16,1,1.0763888888888888,654.156,40.73585,1.1435164441880006,613.4201499999999,615.7314999999999,18.47265013951467,0.5928321610884041,19.76031771501925
20250826 plate1 D07,20250826,plate1,D07,D,7,triploid,hnry,31.16,2,2.0855555555555556,1028.96,48.38568333333333,1.3588233513781385,980.5743166666667,982.8856666666667,29.496585401223236,0.9466169897696802,31.54318570817287
20250826 plate1 D07,20250826,plate1,D07,D,7,triploid,hnry,31.16,3,3.203611111111111,989.661,49.9604,1.401926893359795,939.7005999999999,942.0119499999998,28.275023310251836,0.9074140985318304,30.231448973042358
20250826 plate1 D07,20250826,plate1,D07,D,7,triploid,hnry,31.16,4,4.087777777777778,971.769,53.177,1.4928970130916395,918.592,920.9033499999999,27.647526043301887,0.8872761888094316,29.55402278562259
20250826 plate1 D08,20250826,plate1,D08,D,8,diploid,hnry,21.13,0,0,36.7253,35.65915,1,1.0661500000000004,0,0,0,0
20250826 plate1 D08,20250826,plate1,D08,D,8,diploid,hnry,21.13,1,1.0763888888888888,577.251,40.73585,1.1435164441880006,536.51515,535.449,14.574558016742204,0.6897566501061148,25.34070042593469
20250826 plate1 D08,20250826,plate1,D08,D,8,diploid,hnry,21.13,2,2.0855555555555556,675.628,48.38568333333333,1.3588233513781385,627.2423166666667,626.1761666666667,17.037976674761882,0.8063405903815373,29.634461271493933
20250826 plate1 D08,20250826,plate1,D08,D,8,diploid,hnry,21.13,3,3.203611111111111,786.792,49.9604,1.401926893359795,736.8316,735.76545,20.0217782908048,0.9475522144252154,34.8208920965452
20250826 plate1 D08,20250826,plate1,D08,D,8,diploid,hnry,21.13,4,4.087777777777778,798.937,53.177,1.4928970130916395,745.76,744.69385,20.26150662690586,0.9588976160390847,35.24343823946995
20250826 plate1 E02,20250826,plate1,E02,E,2,diploid,hnry,23.2,0,0,33.0302,35.65915,1,-2.628949999999996,0,0,0,0
20250826 plate1 E02,20250826,plate1,E02,E,2,diploid,hnry,23.2,1,1.0763888888888888,473.532,40.73585,1.1435164441880006,432.79615,435.4251,13.192818182910836,0.5686559561599498,18.76832327586207
20250826 plate1 E02,20250826,plate1,E02,E,2,diploid,hnry,23.2,2,2.0855555555555556,533.62,48.38568333333333,1.3588233513781385,485.2343166666667,487.8632666666667,14.796694931889903,0.6377885746504268,21.02858908045977
20250826 plate1 E02,20250826,plate1,E02,E,2,diploid,hnry,23.2,3,3.203611111111111,601.917,49.9604,1.401926893359795,551.9566,554.58555,16.82130517910722,0.7250562577201388,23.904549568965518
20250826 plate1 E02,20250826,plate1,E02,E,2,diploid,hnry,23.2,4,4.087777777777778,666.227,53.177,1.4928970130916395,613.05,615.67895,18.677341132605328,0.8050578074398849,26.53788577586207
20250826 plate1 E03,20250826,plate1,E03,E,3,triploid,hnry,24.98,0,0,33.7512,35.65915,1,-1.9079499999999996,0,0,0,0
20250826 plate1 E03,20250826,plate1,E03,E,3,triploid,hnry,24.98,1,1.0763888888888888,776.954,40.73585,1.1435164441880006,736.2181499999999,738.1261,21.876524324732806,0.8757615822551164,29.548682946357083
20250826 plate1 E03,20250826,plate1,E03,E,3,triploid,hnry,24.98,2,2.0855555555555556,877.197,48.38568333333333,1.3588233513781385,828.8113166666667,830.7192666666667,24.631274778466135,0.9860398229970431,33.255374966639984
20250826 plate1 E03,20250826,plate1,E03,E,3,triploid,hnry,24.98,3,3.203611111111111,1003.7,49.9604,1.401926893359795,953.7396,955.64755,28.336275007609654,1.1343584870940613,38.25650720576461
20250826 plate1 E03,20250826,plate1,E03,E,3,triploid,hnry,24.98,4,4.087777777777778,1071.45,53.177,1.4928970130916395,1018.273,1020.18095,30.252640923337292,1.2110744965307163,40.83990992794236
20250826 plate1 E04,20250826,plate1,E04,E,4,diploid,hnry,16.92,0,0,33.1819,35.65915,1,-2.477249999999998,0,0,0,0
20250826 plate1 E04,20250826,plate1,E04,E,4,diploid,hnry,16.92,1,1.0763888888888888,364.631,40.73585,1.1435164441880006,323.89514999999994,326.37239999999997,9.845335912066464,0.5818756449211857,19.28914893617021
20250826 plate1 E04,20250826,plate1,E04,E,4,diploid,hnry,16.92,2,2.0855555555555556,492.855,48.38568333333333,1.3588233513781385,444.4693166666667,446.94656666666674,13.494304408032868,0.7975357215149448,26.415281717888103
20250826 plate1 E04,20250826,plate1,E04,E,4,diploid,hnry,16.92,3,3.203611111111111,579.141,49.9604,1.401926893359795,529.1805999999999,531.6578499999999,16.051594454121812,0.9486757951608635,31.42185874704491
20250826 plate1 E04,20250826,plate1,E04,E,4,diploid,hnry,16.92,4,4.087777777777778,623.181,53.177,1.4928970130916395,570.004,572.48125,17.28785393848136,1.0217407765059903,33.83458924349882
20250826 plate1 E05,20250826,plate1,E05,E,5,triploid,hnry,27.03,0,0,36.4222,35.65915,1,0.7630499999999998,0,0,0,0
20250826 plate1 E05,20250826,plate1,E05,E,5,triploid,hnry,27.03,1,1.0763888888888888,902.26,40.73585,1.1435164441880006,861.52415,860.7610999999999,23.628737840286853,0.874167141705026,31.844657787643357
20250826 plate1 E05,20250826,plate1,E05,E,5,triploid,hnry,27.03,2,2.0855555555555556,920.544,48.38568333333333,1.3588233513781385,872.1583166666667,871.3952666666667,23.91543245963822,0.884773675902265,32.23807867801209
20250826 plate1 E05,20250826,plate1,E05,E,5,triploid,hnry,27.03,3,3.203611111111111,1098.28,49.9604,1.401926893359795,1048.3196,1047.55655,28.752209869383808,1.063714756543981,38.755329263780986
20250826 plate1 E05,20250826,plate1,E05,E,5,triploid,hnry,27.03,4,4.087777777777778,976.845,53.177,1.4928970130916395,923.668,922.90495,25.327146806337176,0.9370013616846902,34.1437273399926
20250826 plate1 E06,20250826,plate1,E06,E,6,diploid,hnry,24.24,0,0,35.6333,35.65915,1,-0.025849999999998374,0,0,0,0
20250826 plate1 E06,20250826,plate1,E06,E,6,diploid,hnry,24.24,1,1.0763888888888888,672.003,40.73585,1.1435164441880006,631.26715,631.293,17.715331880272547,0.730830523113554,26.04344059405941
20250826 plate1 E06,20250826,plate1,E06,E,6,diploid,hnry,24.24,2,2.0855555555555556,642.611,48.38568333333333,1.3588233513781385,594.2253166666667,594.2511666666667,16.675178551336458,0.6879199072333523,24.515312156215625
20250826 plate1 E06,20250826,plate1,E06,E,6,diploid,hnry,24.24,3,3.203611111111111,785.399,49.9604,1.401926893359795,735.4386,735.4644499999999,20.63922562408877,0.8514532023138932,30.340942656765677
20250826 plate1 E06,20250826,plate1,E06,E,6,diploid,hnry,24.24,4,4.087777777777778,766.351,53.177,1.4928970130916395,713.174,713.19985,20.013699344809538,0.8256476627396675,29.42243605610561
20250826 plate1 E07,20250826,plate1,E07,E,7,triploid,hnry,35.14,0,0,34.7221,35.65915,1,-0.9370499999999993,0,0,0,0
20250826 plate1 E07,20250826,plate1,E07,E,7,triploid,hnry,35.14,1,1.0763888888888888,937.738,40.73585,1.1435164441880006,897.00215,897.9392,25.863433020274115,0.7360111844130368,25.55319294251565
20250826 plate1 E07,20250826,plate1,E07,E,7,triploid,hnry,35.14,2,2.0855555555555556,1271.32,48.38568333333333,1.3588233513781385,1222.9343166666665,1223.8713666666665,35.25532153041184,1.0032817737738144,34.828439575033194
20250826 plate1 E07,20250826,plate1,E07,E,7,triploid,hnry,35.14,3,3.203611111111111,1441.12,49.9604,1.401926893359795,1391.1596,1392.09665,40.10247520213559,1.1412201252742056,39.61572709163347
20250826 plate1 E07,20250826,plate1,E07,E,7,triploid,hnry,35.14,4,4.087777777777778,1450.59,53.177,1.4928970130916395,1397.413,1398.35005,40.28424204243783,1.1463927729777414,39.793683836084234
20250826 plate1 E08,20250826,plate1,E08,E,8,diploid,hnry,23.8,0,0,37.8449,35.65915,1,2.185750000000006,0,0,0,0
20250826 plate1 E08,20250826,plate1,E08,E,8,diploid,hnry,23.8,1,1.0763888888888888,437.765,40.73585,1.1435164441880006,397.02914999999996,394.8434,10.423828164993157,0.4379759733190402,16.59005882352941
20250826 plate1 E08,20250826,plate1,E08,E,8,diploid,hnry,23.8,2,2.0855555555555556,468.253,48.38568333333333,1.3588233513781385,419.8673166666666,417.68156666666664,11.014125183298924,0.46277836904617325,17.549645658263305
20250826 plate1 E08,20250826,plate1,E08,E,8,diploid,hnry,23.8,3,3.203611111111111,711.088,49.9604,1.401926893359795,661.1275999999999,658.9418499999999,17.387606174504036,0.7305716880043712,27.686632352941174
20250826 plate1 E08,20250826,plate1,E08,E,8,diploid,hnry,23.8,4,4.087777777777778,739.212,53.177,1.4928970130916395,686.035,683.84925,18.039774496147384,0.7579737183255203,28.73316176470588
20250826 plate1 F02,20250826,plate1,F02,F,2,diploid,hnry,24.86,0,0,35.7603,35.65915,1,0.10115000000000407,0,0,0,0
20250826 plate1 F02,20250826,plate1,F02,F,2,diploid,hnry,24.86,1,1.0763888888888888,538.545,40.73585,1.1435164441880006,497.80914999999993,497.7079999999999,13.916340436207298,0.5597884326712509,20.02043443282381
20250826 plate1 F02,20250826,plate1,F02,F,2,diploid,hnry,24.86,2,2.0855555555555556,949.169,48.38568333333333,1.3588233513781385,900.7833166666667,900.6821666666667,25.183711247045252,1.0130213695512973,36.2301756503084
20250826 plate1 F02,20250826,plate1,F02,F,2,diploid,hnry,24.86,3,3.203611111111111,1125.02,49.9604,1.401926893359795,1075.0596,1074.95845,30.058100007980517,1.209094931938074,43.24048471440065
20250826 plate1 F02,20250826,plate1,F02,F,2,diploid,hnry,24.86,4,4.087777777777778,1208.11,53.177,1.4928970130916395,1154.933,1154.83185,32.29065625687533,1.2989000907834003,46.45341311343524
20250826 plate1 F03,20250826,plate1,F03,F,3,triploid,hnry,23.07,0,0,33.8654,35.65915,1,-1.7937499999999957,0,0,0,0
20250826 plate1 F03,20250826,plate1,F03,F,3,triploid,hnry,23.07,1,1.0763888888888888,483.65,40.73585,1.1435164441880006,442.91414999999995,444.70789999999994,13.138021644835014,0.5694851168112273,19.27645860424794
20250826 plate1 F03,20250826,plate1,F03,F,3,triploid,hnry,23.07,2,2.0855555555555556,585.349,48.38568333333333,1.3588233513781385,536.9633166666667,538.7570666666668,15.925750284249968,0.690322942533592,23.353145499205322
20250826 plate1 F03,20250826,plate1,F03,F,3,triploid,hnry,23.07,3,3.203611111111111,676.727,49.9604,1.401926893359795,626.7665999999999,628.56035,18.58091695316202,0.8054146923780676,27.245788903337665
20250826 plate1 F03,20250826,plate1,F03,F,3,triploid,hnry,23.07,4,4.087777777777778,796.025,53.177,1.4928970130916395,742.848,744.64175,22.01265732850775,0.9541680679890658,32.277492414390984
20250826 plate1 F04,20250826,plate1,F04,F,4,diploid,hnry,21,0,0,35.6986,35.65915,1,0.039450000000002206,0,0,0,0
20250826 plate1 F04,20250826,plate1,F04,F,4,diploid,hnry,21,1,1.0763888888888888,354.476,40.73585,1.1435164441880006,313.74014999999997,313.7007,8.786172675273267,0.4183891750130127,14.938128571428571
20250826 plate1 F04,20250826,plate1,F04,F,4,diploid,hnry,21,2,2.0855555555555556,650.726,48.38568333333333,1.3588233513781385,602.3403166666667,602.3008666666667,16.86951053286382,0.8033100253744676,28.680993650793653
20250826 plate1 F04,20250826,plate1,F04,F,4,diploid,hnry,21,3,3.203611111111111,743.758,49.9604,1.401926893359795,693.7976,693.75815,19.432447563901835,0.9253546459000874,33.03610238095238
20250826 plate1 F04,20250826,plate1,F04,F,4,diploid,hnry,21,4,4.087777777777778,807.112,53.177,1.4928970130916395,753.935,753.89555,21.116168888652407,1.005531851840591,35.899788095238094
20250826 plate1 F05,20250826,plate1,F05,F,5,triploid,hnry,31.53,0,0,38.3744,35.65915,1,2.7152500000000046,0,0,0,0
20250826 plate1 F05,20250826,plate1,F05,F,5,triploid,hnry,31.53,1,1.0763888888888888,551.554,40.73585,1.1435164441880006,510.81814999999995,508.1028999999999,13.229450950741953,0.4195829670390724,16.114903266730096
20250826 plate1 F05,20250826,plate1,F05,F,5,triploid,hnry,31.53,2,2.0855555555555556,579.696,48.38568333333333,1.3588233513781385,531.3103166666667,528.5950666666668,13.74749752920892,0.4360132422838224,16.764829263135642
20250826 plate1 F05,20250826,plate1,F05,F,5,triploid,hnry,31.53,3,3.203611111111111,929.816,49.9604,1.401926893359795,879.8556,877.14035,22.828184847800976,0.7240147430320639,27.819230891214715
20250826 plate1 F05,20250826,plate1,F05,F,5,triploid,hnry,31.53,4,4.087777777777778,804.542,53.177,1.4928970130916395,751.365,748.64975,19.47269463133798,0.6175925985200754,23.744045353631464
20250826 plate1 F06,20250826,plate1,F06,F,6,diploid,hnry,25.02,0,0,35.6379,35.65915,1,-0.021249999999994884,0,0,0,0
20250826 plate1 F06,20250826,plate1,F06,F,6,diploid,hnry,25.02,1,1.0763888888888888,1035.1,40.73585,1.1435164441880006,994.3641499999999,994.3853999999999,27.901404833440587,1.115164062087953,39.743621103117505
20250826 plate1 F06,20250826,plate1,F06,F,6,diploid,hnry,25.02,2,2.0855555555555556,962.536,48.38568333333333,1.3588233513781385,914.1503166666666,914.1715666666666,25.649951015237175,1.0251778982908544,36.53763256061817
20250826 plate1 F06,20250826,plate1,F06,F,6,diploid,hnry,25.02,3,3.203611111111111,1091.18,49.9604,1.401926893359795,1041.2196000000001,1041.2408500000001,29.216600011985356,1.1677298166261134,41.6163409272582
20250826 plate1 F06,20250826,plate1,F06,F,6,diploid,hnry,25.02,4,4.087777777777778,1089.39,53.177,1.4928970130916395,1036.2130000000002,1036.2342500000002,29.07540246583389,1.1620864294897637,41.4162370103917
20250826 plate1 F07,20250826,plate1,F07,F,7,triploid,hnry,25.66,0,0,34.954,35.65915,1,-0.7051499999999962,0,0,0,0
20250826 plate1 F07,20250826,plate1,F07,F,7,triploid,hnry,25.66,1,1.0763888888888888,643.259,40.73585,1.1435164441880006,602.52315,603.2283,17.259498947469606,0.672622718139891,23.508507404520653
20250826 plate1 F07,20250826,plate1,F07,F,7,triploid,hnry,25.66,2,2.0855555555555556,668.376,48.38568333333333,1.3588233513781385,619.9903166666667,620.6954666666667,17.76276502191247,0.6922355815242585,24.18922317485061
20250826 plate1 F07,20250826,plate1,F07,F,7,triploid,hnry,25.66,3,3.203611111111111,787.461,49.9604,1.401926893359795,737.5006,738.20575,21.12656769953372,0.8233268783918051,28.768735385814495
20250826 plate1 F07,20250826,plate1,F07,F,7,triploid,hnry,25.66,4,4.087777777777778,783.189,53.177,1.4928970130916395,730.012,730.71715,20.913379807873056,0.8150186986700334,28.476895946999218
20250826 plate1 F08,20250826,plate1,F08,F,8,diploid,hnry,20.11,0,0,44.2713,35.65915,1,8.61215,0,0,0,0
20250826 plate1 F08,20250826,plate1,F08,F,8,diploid,hnry,20.11,1,1.0763888888888888,526.741,40.73585,1.1435164441880006,486.00514999999996,477.393,10.754507783697786,0.5347840767626945,23.739085032322226
20250826 plate1 F08,20250826,plate1,F08,F,8,diploid,hnry,20.11,2,2.0855555555555556,749.202,48.38568333333333,1.3588233513781385,700.8163166666667,692.2041666666667,15.564149319404063,0.7739507369171588,34.42089341952594
20250826 plate1 F08,20250826,plate1,F08,F,8,diploid,hnry,20.11,3,3.203611111111111,927.694,49.9604,1.401926893359795,877.7335999999999,869.1214499999999,19.55282257186937,0.972293514265011,43.21837145698657
20250826 plate1 F08,20250826,plate1,F08,F,8,diploid,hnry,20.11,4,4.087777777777778,928.307,53.177,1.4928970130916395,875.13,866.51785,19.475698894415032,0.9684584233920951,43.088903530581796
20250826 plate2 A01,20250826,plate2,A01,A,1,triploid,hnry,25.03,0,0,36.842,38.60465,1,-1.7626500000000007,0,0,0,0
20250826 plate2 A01,20250826,plate2,A01,A,1,triploid,hnry,25.03,1,1.113611111111111,396.995,45.71875,1.1963029682502728,351.27625,353.0389,9.579306390633612,0.38271300002531405,14.104630443467839
20250826 plate2 A01,20250826,plate2,A01,A,1,triploid,hnry,25.03,2,2.1141666666666667,413.88,53.23186666666667,1.4009199099547227,360.6481333333333,362.4107833333333,9.832997901239024,0.3928484978521384,14.479056465574642
20250826 plate2 A01,20250826,plate2,A01,A,1,triploid,hnry,25.03,3,3.262777777777778,635.054,55.69898333333333,1.4641390114786523,579.3550166666666,581.1176666666667,15.773090237747775,0.6301674086195675,23.216846450925555
20250826 plate2 A01,20250826,plate2,A01,A,1,triploid,hnry,25.03,4,4.134722222222222,635.227,55.583933333333334,1.4599547873322543,579.6430666666666,581.4057166666666,15.781970189596251,0.63052218096669,23.228354641097347
20250826 plate2 A02,20250826,plate2,A02,A,2,diploid,hnry,26.69,0,0,38.0275,38.60465,1,-0.577149999999996,0,0,0,0
20250826 plate2 A02,20250826,plate2,A02,A,2,diploid,hnry,26.69,1,1.113611111111111,481.443,45.71875,1.1963029682502728,435.72425,436.3014,11.464087538619754,0.4295274461828308,16.346998875983513
20250826 plate2 A02,20250826,plate2,A02,A,2,diploid,hnry,26.69,2,2.1141666666666667,1018.02,53.23186666666667,1.4009199099547227,964.7881333333333,965.3652833333333,25.36970661032665,0.9505322821403764,36.169549768952166
20250826 plate2 A02,20250826,plate2,A02,A,2,diploid,hnry,26.69,3,3.262777777777778,1279,55.69898333333333,1.4641390114786523,1223.3010166666668,1223.8781666666669,32.16941565290896,1.2052984508396012,45.85530785562633
20250826 plate2 A02,20250826,plate2,A02,A,2,diploid,hnry,26.69,4,4.134722222222222,1371.38,55.583933333333334,1.4599547873322543,1315.7960666666668,1316.3732166666668,34.602894466497204,1.2964741276319671,49.32083989009617
20250826 plate2 A03,20250826,plate2,A03,A,3,triploid,hnry,27.21,0,0,36.5244,38.60465,1,-2.0802499999999995,0,0,0,0
20250826 plate2 A03,20250826,plate2,A03,A,3,triploid,hnry,27.21,1,1.113611111111111,503.916,45.71875,1.1963029682502728,458.19725,460.2775,12.600391843984836,0.46307945034857906,16.91574788680632
20250826 plate2 A03,20250826,plate2,A03,A,3,triploid,hnry,27.21,2,2.1141666666666667,517.976,53.23186666666667,1.4009199099547227,464.7441333333333,466.8243833333333,12.780723046534638,0.46970683743236447,17.15635366899424
20250826 plate2 A03,20250826,plate2,A03,A,3,triploid,hnry,27.21,3,3.262777777777778,698.935,55.69898333333333,1.4641390114786523,643.2360166666666,645.3162666666666,17.6719727384748,0.649466105787387,23.716143574666173
20250826 plate2 A03,20250826,plate2,A03,A,3,triploid,hnry,27.21,4,4.134722222222222,682.941,55.583933333333334,1.4599547873322543,627.3570666666667,629.4373166666667,17.23825791431377,0.6335265679644899,23.132573196128874
20250826 plate2 A04,20250826,plate2,A04,A,4,diploid,hnry,24.06,0,0,36.816,38.60465,1,-1.788649999999997,0,0,0,0
20250826 plate2 A04,20250826,plate2,A04,A,4,diploid,hnry,24.06,1,1.113611111111111,394.396,45.71875,1.1963029682502728,348.67725,350.46590000000003,9.516321977425521,0.3955246042155246,14.566330008312555
20250826 plate2 A04,20250826,plate2,A04,A,4,diploid,hnry,24.06,2,2.1141666666666667,386.205,53.23186666666667,1.4009199099547227,332.9731333333333,334.7617833333333,9.089220246498991,0.3777730775768492,13.913623579939042
20250826 plate2 A04,20250826,plate2,A04,A,4,diploid,hnry,24.06,3,3.262777777777778,472.494,55.69898333333333,1.4641390114786523,416.7950166666667,418.5836666666667,11.369791888130214,0.47255992884996734,17.397492380160713
20250826 plate2 A04,20250826,plate2,A04,A,4,diploid,hnry,24.06,4,4.134722222222222,486.875,55.583933333333334,1.4599547873322543,431.29106666666667,433.0797166666667,11.764594321750753,0.4889690075540629,17.999988223884735
20250826 plate2 A05,20250826,plate2,A05,A,5,triploid,hnry,23.84,0,0,37.0267,38.60465,1,-1.5779500000000013,0,0,0,0
20250826 plate2 A05,20250826,plate2,A05,A,5,triploid,hnry,23.84,1,1.113611111111111,785.176,45.71875,1.1963029682502728,739.45725,741.0352,20.009367534387017,0.8393191079860326,31.083691275167787
20250826 plate2 A05,20250826,plate2,A05,A,5,triploid,hnry,23.84,2,2.1141666666666667,711.734,53.23186666666667,1.4009199099547227,658.5021333333334,660.0800833333334,17.821263001295808,0.7475361997187839,27.68792295861298
20250826 plate2 A05,20250826,plate2,A05,A,5,triploid,hnry,23.84,3,3.262777777777778,1062.25,55.69898333333333,1.4641390114786523,1006.5510166666667,1008.1289666666667,27.224618020609004,1.1419722324080959,42.28728887024609
20250826 plate2 A05,20250826,plate2,A05,A,5,triploid,hnry,23.84,4,4.134722222222222,1063.36,55.583933333333334,1.4599547873322543,1007.7760666666666,1009.3540166666666,27.25878061171762,1.143405227001578,42.33867519574944
20250826 plate2 A06,20250826,plate2,A06,A,6,diploid,hnry,21.08,0,0,35.5291,38.60465,1,-3.07555,0,0,0,0
20250826 plate2 A06,20250826,plate2,A06,A,6,diploid,hnry,21.08,1,1.113611111111111,531.607,45.71875,1.1963029682502728,485.88824999999997,488.9638,13.766277001408401,0.6530491936151993,23.195626185958258
20250826 plate2 A06,20250826,plate2,A06,A,6,diploid,hnry,21.08,2,2.1141666666666667,617.62,53.23186666666667,1.4009199099547227,564.3881333333334,567.4636833333334,15.98257699821351,0.7581867646211343,26.91952956989248
20250826 plate2 A06,20250826,plate2,A06,A,6,diploid,hnry,21.08,3,3.262777777777778,589.681,55.69898333333333,1.4641390114786523,533.9820166666667,537.0575666666667,15.132988413646105,0.7178837008371018,25.47711416824795
20250826 plate2 A06,20250826,plate2,A06,A,6,diploid,hnry,21.08,4,4.134722222222222,607.668,55.583933333333334,1.4599547873322543,552.0840666666667,555.1596166666667,15.643433702666087,0.74209837299175,26.33584519291588
20250826 plate2 A07,20250826,plate2,A07,A,7,triploid,hnry,23.63,0,0,35.5969,38.60465,1,-3.0077500000000015,0,0,0,0
20250826 plate2 A07,20250826,plate2,A07,A,7,triploid,hnry,23.63,1,1.113611111111111,492.974,45.71875,1.1963029682502728,447.25525,450.263,12.652487235391057,0.5354416942611535,19.054718578078713
20250826 plate2 A07,20250826,plate2,A07,A,7,triploid,hnry,23.63,2,2.1141666666666667,535.559,53.23186666666667,1.4009199099547227,482.3271333333333,485.33488333333327,13.644182332094443,0.577409324252833,20.538928621808434
20250826 plate2 A07,20250826,plate2,A07,A,7,triploid,hnry,23.63,3,3.262777777777778,748.498,55.69898333333333,1.4641390114786523,692.7990166666667,695.8067666666667,19.56291671528407,0.8278847530801554,29.445906333756525
20250826 plate2 A07,20250826,plate2,A07,A,7,triploid,hnry,23.63,4,4.134722222222222,762.39,55.583933333333334,1.4599547873322543,706.8060666666667,709.8138166666666,19.9573596417332,0.8445772171702581,30.038671886020595
20250826 plate2 B01,20250826,plate2,B01,B,1,triploid,hnry,27.65,0,0,37.5239,38.60465,1,-1.0807500000000019,0,0,0,0
20250826 plate2 B01,20250826,plate2,B01,B,1,triploid,hnry,27.65,1,1.113611111111111,453.707,45.71875,1.1963029682502728,407.98825,409.069,10.894844273907394,0.39402691768200343,14.794538878842678
20250826 plate2 B01,20250826,plate2,B01,B,1,triploid,hnry,27.65,2,2.1141666666666667,612.566,53.23186666666667,1.4009199099547227,559.3341333333334,560.4148833333334,14.923769154881288,0.5397384866141515,20.268169379144066
20250826 plate2 B01,20250826,plate2,B01,B,1,triploid,hnry,27.65,3,3.262777777777778,550.477,55.69898333333333,1.4641390114786523,494.77801666666664,495.85876666666667,13.205897951630194,0.47760932917288224,17.933409282700424
20250826 plate2 B01,20250826,plate2,B01,B,1,triploid,hnry,27.65,4,4.134722222222222,585.96,55.583933333333334,1.4599547873322543,530.3760666666667,531.4568166666667,14.155692839913316,0.5119599580438813,19.220861362266426
20250826 plate2 B02,20250826,plate2,B02,B,2,diploid,hnry,22.66,0,0,35.9809,38.60465,1,-2.623750000000001,0,0,0,0
20250826 plate2 B02,20250826,plate2,B02,B,2,diploid,hnry,22.66,1,1.113611111111111,396.198,45.71875,1.1963029682502728,350.47925,353.10299999999995,9.815039160490254,0.4331438287948038,15.582656663724622
20250826 plate2 B02,20250826,plate2,B02,B,2,diploid,hnry,22.66,2,2.1141666666666667,485.695,53.23186666666667,1.4009199099547227,432.4631333333333,435.0868833333333,12.097769672573785,0.5338821567773073,19.20065681082671
20250826 plate2 B02,20250826,plate2,B02,B,2,diploid,hnry,22.66,3,3.262777777777778,609.114,55.69898333333333,1.4641390114786523,553.4150166666667,556.0387666666667,15.464675998707309,0.6824658428379218,24.538339217416887
20250826 plate2 B02,20250826,plate2,B02,B,2,diploid,hnry,22.66,4,4.134722222222222,640.022,55.583933333333334,1.4599547873322543,584.4380666666667,587.0618166666667,16.32787153163142,0.7205592026315719,25.907405854663136
20250826 plate2 B03,20250826,plate2,B03,B,3,triploid,hnry,26.97,0,0,35.3471,38.60465,1,-3.257550000000002,0,0,0,0
20250826 plate2 B03,20250826,plate2,B03,B,3,triploid,hnry,26.97,1,1.113611111111111,427.752,45.71875,1.1963029682502728,382.03325,385.2908,10.905170702857118,0.4043444828645576,14.285902855024101
20250826 plate2 B03,20250826,plate2,B03,B,3,triploid,hnry,26.97,2,2.1141666666666667,534.682,53.23186666666667,1.4009199099547227,481.4501333333333,484.7076833333333,13.725695852017266,0.5089245773829169,17.972105425781734
20250826 plate2 B03,20250826,plate2,B03,B,3,triploid,hnry,26.97,3,3.262777777777778,723.911,55.69898333333333,1.4641390114786523,668.2120166666666,671.4695666666667,19.01592866026811,0.7050770730540642,24.896906439253492
20250826 plate2 B03,20250826,plate2,B03,B,3,triploid,hnry,26.97,4,4.134722222222222,786.044,55.583933333333334,1.4599547873322543,730.4600666666666,733.7176166666667,20.77790913926993,0.770408199453835,27.204954270176742
20250826 plate2 B04,20250826,plate2,B04,B,4,diploid,hnry,24.93,0,0,36.2504,38.60465,1,-2.3542500000000004,0,0,0,0
20250826 plate2 B04,20250826,plate2,B04,B,4,diploid,hnry,24.93,1,1.113611111111111,638.441,45.71875,1.1963029682502728,592.72225,595.0765,16.415668209998795,0.6584704456477656,23.86989570798235
20250826 plate2 B04,20250826,plate2,B04,B,4,diploid,hnry,24.93,2,2.1141666666666667,1117,53.23186666666667,1.4009199099547227,1063.7681333333333,1066.1223833333333,29.412533182976667,1.1798047807050407,42.76463631501538
20250826 plate2 B04,20250826,plate2,B04,B,4,diploid,hnry,24.93,3,3.262777777777778,1283.67,55.69898333333333,1.4641390114786523,1227.9710166666669,1230.325266666667,33.94705645119211,1.3616950040590499,49.351194009894385
20250826 plate2 B04,20250826,plate2,B04,B,4,diploid,hnry,24.93,4,4.134722222222222,1108.55,55.583933333333334,1.4599547873322543,1052.9660666666666,1055.3203166666667,29.12039742947087,1.168086539489405,42.33134041984223
20250826 plate2 B05,20250826,plate2,B05,B,5,triploid,hnry,24.21,0,0,42.3962,38.60465,1,3.791550000000001,0,0,0,0
20250826 plate2 B05,20250826,plate2,B05,B,5,triploid,hnry,24.21,1,1.113611111111111,672.337,45.71875,1.1963029682502728,626.61825,622.8267,14.662123022758356,0.6056225949094736,25.72600991325898
20250826 plate2 B05,20250826,plate2,B05,B,5,triploid,hnry,24.21,2,2.1141666666666667,554.412,53.23186666666667,1.4009199099547227,501.18013333333334,497.3885833333334,11.6760067957406,0.48228033026603057,20.544757675891507
20250826 plate2 B05,20250826,plate2,B05,B,5,triploid,hnry,24.21,3,3.262777777777778,709.68,55.69898333333333,1.4641390114786523,653.9810166666666,650.1894666666666,15.27509705213082,0.6309416378410087,26.856235715269168
20250826 plate2 B05,20250826,plate2,B05,B,5,triploid,hnry,24.21,4,4.134722222222222,731.407,55.583933333333334,1.4599547873322543,675.8230666666667,672.0315166666667,15.7917564509391,0.6522823812862082,27.75842695855707
20250826 plate2 B06,20250826,plate2,B06,B,6,diploid,hnry,22.34,0,0,42.9191,38.60465,1,4.314450000000001,0,0,0,0
20250826 plate2 B06,20250826,plate2,B06,B,6,diploid,hnry,22.34,1,1.113611111111111,387.122,45.71875,1.1963029682502728,341.40325,337.0888,7.823504064050032,0.3502016143263219,15.089024171888989
20250826 plate2 B06,20250826,plate2,B06,B,6,diploid,hnry,22.34,2,2.1141666666666667,697.662,53.23186666666667,1.4009199099547227,644.4301333333334,640.1156833333334,14.854360373182622,0.6649221295068318,28.65334303193077
20250826 plate2 B06,20250826,plate2,B06,B,6,diploid,hnry,22.34,3,3.262777777777778,867.651,55.69898333333333,1.4641390114786523,811.9520166666666,807.6375666666667,18.7518254425756,0.8393834128279141,36.15208445240227
20250826 plate2 B06,20250826,plate2,B06,B,6,diploid,hnry,22.34,4,4.134722222222222,897.934,55.583933333333334,1.4599547873322543,842.3500666666666,838.0356166666667,19.461592961805074,0.8711545640915431,37.51278498955536
20250826 plate2 B07,20250826,plate2,B07,B,7,triploid,hnry,19.74,0,0,39.9137,38.60465,1,1.3090499999999992,0,0,0,0
20250826 plate2 B07,20250826,plate2,B07,B,7,triploid,hnry,19.74,1,1.113611111111111,392.891,45.71875,1.1963029682502728,347.17225,345.8632,8.647209409705168,0.43805518792832665,17.520932117527863
20250826 plate2 B07,20250826,plate2,B07,B,7,triploid,hnry,19.74,2,2.1141666666666667,471.324,53.23186666666667,1.4009199099547227,418.0921333333333,416.7830833333333,10.407657094933324,0.527236934900371,21.11363137453563
20250826 plate2 B07,20250826,plate2,B07,B,7,triploid,hnry,19.74,3,3.262777777777778,578.744,55.69898333333333,1.4641390114786523,523.0450166666667,521.7359666666667,13.035744487169683,0.6603720611534795,26.43039344815941
20250826 plate2 B07,20250826,plate2,B07,B,7,triploid,hnry,19.74,4,4.134722222222222,587.252,55.583933333333334,1.4599547873322543,531.6680666666666,530.3590166666667,13.253088603784079,0.6713824014075015,26.86722475515029
20250826 plate2 C01,20250826,plate2,C01,C,1,triploid,hnry,23.38,0,0,36.7528,38.60465,1,-1.8518499999999989,0,0,0,0
20250826 plate2 C01,20250826,plate2,C01,C,1,triploid,hnry,23.38,1,1.113611111111111,424.551,45.71875,1.1963029682502728,378.83225,380.6841,10.355225078592417,0.4429095414282471,16.282467921300256
20250826 plate2 C01,20250826,plate2,C01,C,1,triploid,hnry,23.38,2,2.1141666666666667,766.43,53.23186666666667,1.4009199099547227,713.1981333333333,715.0499833333333,19.452729335817025,0.8320243514036367,30.583831622469347
20250826 plate2 C01,20250826,plate2,C01,C,1,triploid,hnry,23.38,3,3.262777777777778,945.657,55.69898333333333,1.4641390114786523,889.9580166666667,891.8098666666667,24.26606385741841,1.0378983685807703,38.144134587966924
20250826 plate2 C01,20250826,plate2,C01,C,1,triploid,hnry,23.38,4,4.134722222222222,965.007,55.583933333333334,1.4599547873322543,909.4230666666666,911.2749166666666,24.7967385802479,1.0605961753741617,38.97668591388651
20250826 plate2 C02,20250826,plate2,C02,C,2,diploid,hnry,24.29,0,0,37.4578,38.60465,1,-1.1468500000000006,0,0,0,0
20250826 plate2 C02,20250826,plate2,C02,C,2,diploid,hnry,24.29,1,1.113611111111111,511.107,45.71875,1.1963029682502728,465.38825,466.53510000000006,12.448572064453199,0.512497820685599,19.20687937422808
20250826 plate2 C02,20250826,plate2,C02,C,2,diploid,hnry,24.29,2,2.1141666666666667,688.605,53.23186666666667,1.4009199099547227,635.3731333333334,636.5199833333334,16.9825676413697,0.6991588160300413,26.205021956909565
20250826 plate2 C02,20250826,plate2,C02,C,2,diploid,hnry,24.29,3,3.262777777777778,1070.24,55.69898333333333,1.4641390114786523,1014.5410166666667,1015.6878666666667,27.107747217824723,1.1160044140726524,41.81506243996158
20250826 plate2 C02,20250826,plate2,C02,C,2,diploid,hnry,24.29,4,4.134722222222222,1094.95,55.583933333333334,1.4599547873322543,1039.3660666666667,1040.5129166666668,27.771607130345775,1.1433349991908512,42.837090023329225
20250826 plate2 C03,20250826,plate2,C03,C,3,triploid,hnry,22.05,0,0,35.1333,38.60465,1,-3.471350000000001,0,0,0,0
20250826 plate2 C03,20250826,plate2,C03,C,3,triploid,hnry,22.05,1,1.113611111111111,416.522,45.71875,1.1963029682502728,370.80325,374.27459999999996,10.659173175465234,0.48340921430681333,16.97390476190476
20250826 plate2 C03,20250826,plate2,C03,C,3,triploid,hnry,22.05,2,2.1141666666666667,431.758,53.23186666666667,1.4009199099547227,378.5261333333333,381.9974833333333,10.888218884294607,0.4937967747979414,17.324148904006044
20250826 plate2 C03,20250826,plate2,C03,C,3,triploid,hnry,22.05,3,3.262777777777778,967.712,55.69898333333333,1.4641390114786523,912.0130166666667,915.4843666666667,26.07987194109341,1.1827606322491342,41.518565381708235
20250826 plate2 C03,20250826,plate2,C03,C,3,triploid,hnry,22.05,4,4.134722222222222,1017.81,55.583933333333334,1.4599547873322543,962.2260666666666,965.6974166666666,27.509996797062037,1.24761890236109,43.795801209372634
20250826 plate2 C04,20250826,plate2,C04,C,4,diploid,hnry,23.97,0,0,35.302,38.60465,1,-3.30265,0,0,0,0
20250826 plate2 C04,20250826,plate2,C04,C,4,diploid,hnry,23.97,1,1.113611111111111,490.057,45.71875,1.1963029682502728,444.33825,447.6409,12.68554508568435,0.5292259109588798,18.675047976637465
20250826 plate2 C04,20250826,plate2,C04,C,4,diploid,hnry,23.97,2,2.1141666666666667,541.431,53.23186666666667,1.4009199099547227,488.19913333333335,491.5017833333334,13.936199799976727,0.5814017438455039,20.5048720623001
20250826 plate2 C04,20250826,plate2,C04,C,4,diploid,hnry,23.97,3,3.262777777777778,952.145,55.69898333333333,1.4641390114786523,896.4460166666667,899.7486666666666,25.507279038490186,1.0641334600955439,37.53644833820053
20250826 plate2 C04,20250826,plate2,C04,C,4,diploid,hnry,23.97,4,4.134722222222222,921.229,55.583933333333334,1.4599547873322543,865.6450666666667,868.9477166666667,24.635705515200183,1.0277724453567036,36.251469197608124
20250826 plate2 C05,20250826,plate2,C05,C,5,triploid,hnry,27.39,0,0,37.3236,38.60465,1,-1.2810500000000005,0,0,0,0
20250826 plate2 C05,20250826,plate2,C05,C,5,triploid,hnry,27.39,1,1.113611111111111,547.594,45.71875,1.1963029682502728,501.87525000000005,503.15630000000004,13.475218535570368,0.49197585014860784,18.37007301935013
20250826 plate2 C05,20250826,plate2,C05,C,5,triploid,hnry,27.39,2,2.1141666666666667,837.777,53.23186666666667,1.4009199099547227,784.5451333333334,785.8261833333335,21.045387520196712,0.7683602599560684,28.690258610198374
20250826 plate2 C05,20250826,plate2,C05,C,5,triploid,hnry,27.39,3,3.262777777777778,1229.82,55.69898333333333,1.4641390114786523,1174.1210166666665,1175.4020666666665,31.486058718643843,1.1495457728603082,42.913547523427034
20250826 plate2 C05,20250826,plate2,C05,C,5,triploid,hnry,27.39,4,4.134722222222222,1245.89,55.583933333333334,1.4599547873322543,1190.3060666666668,1191.5871166666668,31.92080162416075,1.1654180950770627,43.50445843981989
20250826 plate2 C06,20250826,plate2,C06,C,6,diploid,hnry,23.4,0,0,42.0028,38.60465,1,3.398150000000001,0,0,0,0
20250826 plate2 C06,20250826,plate2,C06,C,6,diploid,hnry,23.4,1,1.113611111111111,377.798,45.71875,1.1963029682502728,332.07925,328.6811,7.798287868551083,0.33326016532269587,14.046200854700857
20250826 plate2 C06,20250826,plate2,C06,C,6,diploid,hnry,23.4,2,2.1141666666666667,677.377,53.23186666666667,1.4009199099547227,624.1451333333333,620.7469833333333,14.726028769657113,0.6293174687887655,26.527648860398862
20250826 plate2 C06,20250826,plate2,C06,C,6,diploid,hnry,23.4,3,3.262777777777778,988.786,55.69898333333333,1.4641390114786523,933.0870166666666,929.6888666666666,22.076815401084318,0.943453649618988,39.73029344729345
20250826 plate2 C06,20250826,plate2,C06,C,6,diploid,hnry,23.4,4,4.134722222222222,1030.69,55.583933333333334,1.4599547873322543,975.1060666666667,971.7079166666667,23.07864740109328,0.9862669829527044,41.52597934472935
20250826 plate2 C07,20250826,plate2,C07,C,7,triploid,hnry,32.72,0,0,35.5035,38.60465,1,-3.101149999999997,0,0,0,0
20250826 plate2 C07,20250826,plate2,C07,C,7,triploid,hnry,32.72,1,1.113611111111111,808.329,45.71875,1.1963029682502728,762.61025,765.7113999999999,21.571283326058737,0.6592690503074187,23.401937652811736
20250826 plate2 C07,20250826,plate2,C07,C,7,triploid,hnry,32.72,2,2.1141666666666667,1228.24,53.23186666666667,1.4009199099547227,1175.0081333333333,1178.1092833333332,33.19397918450075,1.0144859163967221,36.005784942950285
20250826 plate2 C07,20250826,plate2,C07,C,7,triploid,hnry,32.72,3,3.262777777777778,1688.18,55.69898333333333,1.4641390114786523,1632.4810166666666,1635.5821666666666,46.08553918926212,1.4084822490605784,49.98723003259984
20250826 plate2 C07,20250826,plate2,C07,C,7,triploid,hnry,32.72,4,4.134722222222222,1594.33,55.583933333333334,1.4599547873322543,1538.7460666666666,1541.8472166666666,43.44632205861251,1.3278215788084509,47.122469947025266
20250826 plate2 D01,20250826,plate2,D01,D,1,triploid,hnry,26.78,0,0,36.8207,38.60465,1,-1.7839499999999973,0,0,0,0
20250826 plate2 D01,20250826,plate2,D01,D,1,triploid,hnry,26.78,1,1.113611111111111,827.028,45.71875,1.1963029682502728,781.30925,783.0932,21.26464970239423,0.7940496528153185,29.24171769977595
20250826 plate2 D01,20250826,plate2,D01,D,1,triploid,hnry,26.78,2,2.1141666666666667,1044.6,53.23186666666667,1.4009199099547227,991.3681333333333,993.1520833333333,26.968991580049536,1.007057191189303,37.08558937017675
20250826 plate2 D01,20250826,plate2,D01,D,1,triploid,hnry,26.78,3,3.262777777777778,1472.9,55.69898333333333,1.4641390114786523,1417.2010166666669,1418.9849666666669,38.53781641033571,1.4390521437765387,52.986742593975606
20250826 plate2 D01,20250826,plate2,D01,D,1,triploid,hnry,26.78,4,4.134722222222222,1398.39,55.583933333333334,1.4599547873322543,1342.8060666666668,1344.5900166666668,36.51841064298276,1.3636449082517832,50.208738486432665
20250826 plate2 D02,20250826,plate2,D02,D,2,diploid,hnry,25.38,0,0,36.1246,38.60465,1,-2.4800499999999985,0,0,0,0
20250826 plate2 D02,20250826,plate2,D02,D,2,diploid,hnry,25.38,1,1.113611111111111,524.351,45.71875,1.1963029682502728,478.63225,481.1123,13.318764326612508,0.5247740081407608,18.956355397951143
20250826 plate2 D02,20250826,plate2,D02,D,2,diploid,hnry,25.38,2,2.1141666666666667,468.04,53.23186666666667,1.4009199099547227,414.80813333333333,417.28818333333334,11.555348117926554,0.4552934640633,16.44161478854741
20250826 plate2 D02,20250826,plate2,D02,D,2,diploid,hnry,25.38,3,3.262777777777778,1155.04,55.69898333333333,1.4641390114786523,1099.3410166666667,1101.8210666666666,30.509640628987952,1.2021134999601242,43.41296558970318
20250826 plate2 D02,20250826,plate2,D02,D,2,diploid,hnry,25.38,4,4.134722222222222,1150.3,55.583933333333334,1.4599547873322543,1094.7160666666666,1097.1961166666665,30.382612327597737,1.1971084447438036,43.23073745731547
20250826 plate2 D03,20250826,plate2,D03,D,3,triploid,hnry,26.92,0,0,36.0716,38.60465,1,-2.533050000000003,0,0,0,0
20250826 plate2 D03,20250826,plate2,D03,D,3,triploid,hnry,26.92,1,1.113611111111111,454.526,45.71875,1.1963029682502728,408.80725,411.3403,11.40435793949987,0.4236388536218377,15.28010029717682
20250826 plate2 D03,20250826,plate2,D03,D,3,triploid,hnry,26.92,2,2.1141666666666667,470.673,53.23186666666667,1.4009199099547227,417.4411333333333,419.9741833333333,11.647378474369788,0.4326663623465746,15.6008240465577
20250826 plate2 D03,20250826,plate2,D03,D,3,triploid,hnry,26.92,3,3.262777777777778,524.45,55.69898333333333,1.4641390114786523,468.7510166666667,471.2840666666667,13.07499981241605,0.48569835855928856,17.506837543338285
20250826 plate2 D03,20250826,plate2,D03,D,3,triploid,hnry,26.92,4,4.134722222222222,569.796,55.583933333333334,1.4599547873322543,514.2120666666667,516.7451166666667,14.336294893857383,0.532551816265133,19.195583828628035
20250826 plate2 D04,20250826,plate2,D04,D,4,diploid,hnry,23.6,0,0,35.271,38.60465,1,-3.3336499999999987,0,0,0,0
20250826 plate2 D04,20250826,plate2,D04,D,4,diploid,hnry,23.6,1,1.113611111111111,453.898,45.71875,1.1963029682502728,408.17925,411.5129,11.672569476534395,0.49460040154806756,17.436987288135594
20250826 plate2 D04,20250826,plate2,D04,D,4,diploid,hnry,23.6,2,2.1141666666666667,896.923,53.23186666666667,1.4009199099547227,843.6911333333334,847.0247833333334,24.0285547292673,1.0181590986977669,35.890880649717516
20250826 plate2 D04,20250826,plate2,D04,D,4,diploid,hnry,23.6,3,3.262777777777778,1269.83,55.69898333333333,1.4641390114786523,1214.1310166666667,1217.4646666666667,34.53795902940479,1.4634728402290165,51.587485875706214
20250826 plate2 D04,20250826,plate2,D04,D,4,diploid,hnry,23.6,4,4.134722222222222,1162.9,55.583933333333334,1.4599547873322543,1107.3160666666668,1110.6497166666668,31.510474176972703,1.3351895837700298,47.06142867231639
20250826 plate2 D05,20250826,plate2,D05,D,5,triploid,hnry,31.98,0,0,38.0947,38.60465,1,-0.5099499999999964,0,0,0,0
20250826 plate2 D05,20250826,plate2,D05,D,5,triploid,hnry,31.98,1,1.113611111111111,1076.57,45.71875,1.1963029682502728,1030.85125,1031.3611999999998,27.06405870935842,0.8462807601425397,32.25019387116947
20250826 plate2 D05,20250826,plate2,D05,D,5,triploid,hnry,31.98,2,2.1141666666666667,1079.67,53.23186666666667,1.4009199099547227,1026.4381333333333,1026.9480833333332,26.940817917092083,0.8424270768321477,32.112197727746505
20250826 plate2 D05,20250826,plate2,D05,D,5,triploid,hnry,31.98,3,3.262777777777778,1250.04,55.69898333333333,1.4641390114786523,1194.3410166666667,1194.8509666666666,31.349874486462003,0.980296262866229,37.36244423598082
20250826 plate2 D05,20250826,plate2,D05,D,5,triploid,hnry,31.98,4,4.134722222222222,1284.69,55.583933333333334,1.4599547873322543,1229.1060666666667,1229.6160166666666,32.263634058360196,1.0088691075159535,38.44953147800709
20250826 plate2 D06,20250826,plate2,D06,D,6,diploid,hnry,24.44,0,0,34.474,38.60465,1,-4.130650000000003,0,0,0,0
20250826 plate2 D06,20250826,plate2,D06,D,6,diploid,hnry,24.44,1,1.113611111111111,438.03,45.71875,1.1963029682502728,392.31125,396.4419,11.509794380476304,0.4709408502649879,16.22102700490998
20250826 plate2 D06,20250826,plate2,D06,D,6,diploid,hnry,24.44,2,2.1141666666666667,569.767,53.23186666666667,1.4009199099547227,516.5351333333334,520.6657833333334,15.126521060051662,0.6189247569579239,21.303837288597926
20250826 plate2 D06,20250826,plate2,D06,D,6,diploid,hnry,24.44,3,3.262777777777778,892.181,55.69898333333333,1.4641390114786523,836.4820166666667,840.6126666666667,24.415683463429975,0.9990050516951707,34.39495362793235
20250826 plate2 D06,20250826,plate2,D06,D,6,diploid,hnry,24.44,4,4.134722222222222,924.704,55.583933333333334,1.4599547873322543,869.1200666666666,873.2507166666667,25.363274312859197,1.0377771813772174,35.730389388979816
20250826 plate2 D07,20250826,plate2,D07,D,7,triploid,hnry,30.83,0,0,34.461,38.60465,1,-4.143650000000001,0,0,0,0
20250826 plate2 D07,20250826,plate2,D07,D,7,triploid,hnry,30.83,1,1.113611111111111,647.359,45.71875,1.1963029682502728,601.64025,605.7839,17.58896153365043,0.570514483738256,19.64916963996108
20250826 plate2 D07,20250826,plate2,D07,D,7,triploid,hnry,30.83,2,2.1141666666666667,716.273,53.23186666666667,1.4009199099547227,663.0411333333334,667.1847833333334,19.384112445461547,0.628741889246239,21.6407649475619
20250826 plate2 D07,20250826,plate2,D07,D,7,triploid,hnry,30.83,3,3.262777777777778,1285.38,55.69898333333333,1.4641390114786523,1229.681016666667,1233.8246666666669,35.83541700836988,1.1623554008553318,40.02026164990811
20250826 plate2 D07,20250826,plate2,D07,D,7,triploid,hnry,30.83,4,4.134722222222222,1288.13,55.583933333333334,1.4599547873322543,1232.5460666666668,1236.6897166666668,35.919401586539664,1.165079519511504,40.1131922369986
20250826 plate2 E01,20250826,plate2,E01,E,1,triploid,hnry,25.68,0,0,35.8485,38.60465,1,-2.756149999999998,0,0,0,0
20250826 plate2 E01,20250826,plate2,E01,E,1,triploid,hnry,25.68,1,1.113611111111111,352.9,45.71875,1.1963029682502728,307.18125,309.93739999999997,8.647902507571589,0.3367563281764637,12.069213395638629
20250826 plate2 E01,20250826,plate2,E01,E,1,triploid,hnry,25.68,2,2.1141666666666667,376.902,53.23186666666667,1.4009199099547227,323.6701333333333,326.4262833333333,9.11282543503879,0.3548608035451242,12.711303868120455
20250826 plate2 E01,20250826,plate2,E01,E,1,triploid,hnry,25.68,3,3.262777777777778,418.171,55.69898333333333,1.4641390114786523,362.47201666666666,365.22816666666665,10.200812102236007,0.3972278856010906,14.222280633437174
20250826 plate2 E01,20250826,plate2,E01,E,1,triploid,hnry,25.68,4,4.134722222222222,433.558,55.583933333333334,1.4599547873322543,377.97406666666666,380.73021666666665,10.634219306423411,0.41410511317848175,14.825943016614746
20250826 plate2 E02,20250826,plate2,E02,E,2,diploid,hnry,18.43,0,0,35.7635,38.60465,1,-2.841149999999999,0,0,0,0
20250826 plate2 E02,20250826,plate2,E02,E,2,diploid,hnry,18.43,1,1.113611111111111,310.09,45.71875,1.1963029682502728,264.37125,267.2124,7.4742689836000755,0.4055490495713552,14.498773738469886
20250826 plate2 E02,20250826,plate2,E02,E,2,diploid,hnry,18.43,2,2.1141666666666667,538.292,53.23186666666667,1.4009199099547227,485.06013333333334,487.90128333333337,13.650515212446608,0.7406682155424096,26.47321124977392
20250826 plate2 E02,20250826,plate2,E02,E,2,diploid,hnry,18.43,3,3.262777777777778,624.361,55.69898333333333,1.4641390114786523,568.6620166666667,571.5031666666666,15.993911794510693,0.8678194137010685,31.009395912461564
20250826 plate2 E02,20250826,plate2,E02,E,2,diploid,hnry,18.43,4,4.134722222222222,656.179,55.583933333333334,1.4599547873322543,600.5950666666666,603.4362166666666,16.887774042340457,0.916319806963671,32.74206275999276
20250826 plate2 E03,20250826,plate2,E03,E,3,triploid,hnry,30.53,0,0,35.5372,38.60465,1,-3.067450000000001,0,0,0,0
20250826 plate2 E03,20250826,plate2,E03,E,3,triploid,hnry,30.53,1,1.113611111111111,599.964,45.71875,1.1963029682502728,554.24525,557.3127000000001,15.686400227274419,0.5138028243457065,18.254592204389127
20250826 plate2 E03,20250826,plate2,E03,E,3,triploid,hnry,30.53,2,2.1141666666666667,544.093,53.23186666666667,1.4009199099547227,490.86113333333327,493.9285833333333,13.909599770830482,0.4556043161097439,16.178466535647996
20250826 plate2 E03,20250826,plate2,E03,E,3,triploid,hnry,30.53,3,3.262777777777778,834.302,55.69898333333333,1.4641390114786523,778.6030166666667,781.6704666666667,22.0127246693966,0.721019478198382,25.603356261600613
20250826 plate2 E03,20250826,plate2,E03,E,3,triploid,hnry,30.53,4,4.134722222222222,843.688,55.583933333333334,1.4599547873322543,788.1040666666667,791.1715166666667,22.281026494254366,0.7298076152720068,25.91455999563271
20250826 plate2 E04,20250826,plate2,E04,E,4,diploid,hnry,25.55,0,0,37.6138,38.60465,1,-0.9908500000000018,0,0,0,0
20250826 plate2 E04,20250826,plate2,E04,E,4,diploid,hnry,25.55,1,1.113611111111111,556.27,45.71875,1.1963029682502728,510.55125,511.5421,13.592684052470847,0.5320032897248864,20.02121722113503
20250826 plate2 E04,20250826,plate2,E04,E,4,diploid,hnry,25.55,2,2.1141666666666667,503.662,53.23186666666667,1.4009199099547227,450.4301333333333,451.4209833333333,11.989431503622209,0.46925367920243477,17.668140247879972
20250826 plate2 E04,20250826,plate2,E04,E,4,diploid,hnry,25.55,3,3.262777777777778,832.697,55.69898333333333,1.4641390114786523,776.9980166666667,777.9888666666667,20.67393265370806,0.8091558768574584,30.44966210045662
20250826 plate2 E04,20250826,plate2,E04,E,4,diploid,hnry,25.55,4,4.134722222222222,822.416,55.583933333333334,1.4599547873322543,766.8320666666667,767.8229166666667,20.404786344911766,0.7986217747519282,30.051777560339207
20250826 plate2 E05,20250826,plate2,E05,E,5,triploid,hnry,23.41,0,0,33.629,38.60465,1,-4.975650000000002,0,0,0,0
20250826 plate2 E05,20250826,plate2,E05,E,5,triploid,hnry,23.41,1,1.113611111111111,509.764,45.71875,1.1963029682502728,464.04525,469.0209,13.962161452339101,0.5964186865586972,20.03506621102093
20250826 plate2 E05,20250826,plate2,E05,E,5,triploid,hnry,23.41,2,2.1141666666666667,510.209,53.23186666666667,1.4009199099547227,456.9771333333333,461.9527833333333,13.77077713723669,0.5882433634018236,19.73313897194931
20250826 plate2 E05,20250826,plate2,E05,E,5,triploid,hnry,23.41,3,3.262777777777778,586.177,55.69898333333333,1.4641390114786523,530.4780166666667,535.4536666666667,15.96656068223808,0.6820401829234549,22.872860600882813
20250826 plate2 E05,20250826,plate2,E05,E,5,triploid,hnry,23.41,4,4.134722222222222,610.365,55.583933333333334,1.4599547873322543,554.7810666666667,559.7567166666666,16.690005068744348,0.7129434031928384,23.911008828136122
20250826 plate2 E06,20250826,plate2,E06,E,6,diploid,hnry,26.07,0,0,34.2841,38.60465,1,-4.320549999999997,0,0,0,0
20250826 plate2 E06,20250826,plate2,E06,E,6,diploid,hnry,26.07,1,1.113611111111111,452.69,45.71875,1.1963029682502728,406.97125,411.29179999999997,12.007777057184258,0.46059750890618556,15.776440352896048
20250826 plate2 E06,20250826,plate2,E06,E,6,diploid,hnry,26.07,2,2.1141666666666667,507.456,53.23186666666667,1.4009199099547227,454.2241333333333,458.5446833333333,13.40057699385783,0.5140228996493222,17.58897903081447
20250826 plate2 E06,20250826,plate2,E06,E,6,diploid,hnry,26.07,3,3.262777777777778,927.625,55.69898333333333,1.4641390114786523,871.9260166666667,876.2465666666667,25.592864089083996,0.9816978937124663,33.61129906661552
20250826 plate2 E06,20250826,plate2,E06,E,6,diploid,hnry,26.07,4,4.134722222222222,959.739,55.583933333333334,1.4599547873322543,904.1550666666667,908.4756166666667,26.533750749636777,1.0177886747079699,34.84754954609385
20250826 plate2 E07,20250826,plate2,E07,E,7,triploid,hnry,32.59,0,0,39.7337,38.60465,1,1.1290499999999994,0,0,0,0
20250826 plate2 E07,20250826,plate2,E07,E,7,triploid,hnry,32.59,1,1.113611111111111,803.633,45.71875,1.1963029682502728,757.91425,756.7852,19.029173138933302,0.5838960766779165,23.22139306535747
20250826 plate2 E07,20250826,plate2,E07,E,7,triploid,hnry,32.59,2,2.1141666666666667,992.351,53.23186666666667,1.4009199099547227,939.1191333333334,937.9900833333334,23.57412646126165,0.7233546014501886,28.781530633118543
20250826 plate2 E07,20250826,plate2,E07,E,7,triploid,hnry,32.59,3,3.262777777777778,1197.22,55.69898333333333,1.4641390114786523,1141.5210166666666,1140.3919666666666,28.666958772014958,0.8796243869903331,34.992082438375775
20250826 plate2 E07,20250826,plate2,E07,E,7,triploid,hnry,32.59,4,4.134722222222222,1217.75,55.583933333333334,1.4599547873322543,1162.1660666666667,1161.0370166666667,29.18783285892269,0.8956070223664525,35.62556049913061
20250826 plate2 F01,20250826,plate2,F01,F,1,triploid,hnry,23.69,0,0,36.5144,38.60465,1,-2.0902499999999975,0,0,0,0
20250826 plate2 F01,20250826,plate2,F01,F,1,triploid,hnry,23.69,1,1.113611111111111,464.039,45.71875,1.1963029682502728,418.32025,420.41049999999996,11.512080573585276,0.4859468372133928,17.74632756437315
20250826 plate2 F01,20250826,plate2,F01,F,1,triploid,hnry,23.69,2,2.1141666666666667,685.19,53.23186666666667,1.4009199099547227,631.9581333333334,634.0483833333334,17.36400570843145,0.7329677377978662,26.764389334458986
20250826 plate2 F01,20250826,plate2,F01,F,1,triploid,hnry,23.69,3,3.262777777777778,1021.81,55.69898333333333,1.4641390114786523,966.1110166666666,968.2012666666666,26.519615342967807,1.1194434505262898,40.86961868580273
20250826 plate2 F01,20250826,plate2,F01,F,1,triploid,hnry,23.69,4,4.134722222222222,1005.08,55.583933333333334,1.4599547873322543,949.4960666666667,951.5863166666667,26.065624162342395,1.1002796185032668,40.168270015477695
20250826 plate2 F02,20250826,plate2,F02,F,2,diploid,hnry,23.32,0,0,51.8731,38.60465,1,13.268450000000001,0,0,0,0
20250826 plate2 F02,20250826,plate2,F02,F,2,diploid,hnry,23.32,1,1.113611111111111,574.127,45.71875,1.1963029682502728,528.40825,515.1397999999999,9.871610844496603,0.42331092815165533,22.090042881646653
20250826 plate2 F02,20250826,plate2,F02,F,2,diploid,hnry,23.32,2,2.1141666666666667,633.593,53.23186666666667,1.4009199099547227,580.3611333333333,567.0926833333333,10.813368420605817,0.46369504376525805,24.31786806746712
20250826 plate2 F02,20250826,plate2,F02,F,2,diploid,hnry,23.32,3,3.262777777777778,843.018,55.69898333333333,1.4641390114786523,787.3190166666667,774.0505666666667,14.78740562340918,0.6341083028906166,33.192562893081764
20250826 plate2 F02,20250826,plate2,F02,F,2,diploid,hnry,23.32,4,4.134722222222222,855.301,55.583933333333334,1.4599547873322543,799.7170666666667,786.4486166666667,15.028379243215372,0.6444416485083779,33.724211692395656
20250826 plate2 F03,20250826,plate2,F03,F,3,triploid,hnry,34.89,0,0,35.5472,38.60465,1,-3.057450000000003,0,0,0,0
20250826 plate2 F03,20250826,plate2,F03,F,3,triploid,hnry,34.89,1,1.113611111111111,512.838,45.71875,1.1963029682502728,467.11924999999997,470.1767,13.230656117134794,0.37921055079205485,13.47597305818286
20250826 plate2 F03,20250826,plate2,F03,F,3,triploid,hnry,34.89,2,2.1141666666666667,571.184,53.23186666666667,1.4009199099547227,517.9521333333333,521.0095833333334,14.667406146668583,0.42038997267608436,14.932920129932167
20250826 plate2 F03,20250826,plate2,F03,F,3,triploid,hnry,34.89,3,3.262777777777778,776.764,55.69898333333333,1.4641390114786523,721.0650166666667,724.1224666666667,20.38748361983971,0.5843360166190802,20.754441578293687
20250826 plate2 F03,20250826,plate2,F03,F,3,triploid,hnry,34.89,4,4.134722222222222,980.183,55.583933333333334,1.4599547873322543,924.5990666666667,927.6565166666667,26.114172007464525,0.7484715393369024,26.588034298270756
20250826 plate2 F04,20250826,plate2,F04,F,4,diploid,hnry,22.01,0,0,35.6003,38.60465,1,-3.0043500000000023,0,0,0,0
20250826 plate2 F04,20250826,plate2,F04,F,4,diploid,hnry,22.01,1,1.113611111111111,342.032,45.71875,1.1963029682502728,296.31325,299.31759999999997,8.411256518607985,0.3821561344210806,13.5991640163562
20250826 plate2 F04,20250826,plate2,F04,F,4,diploid,hnry,22.01,2,2.1141666666666667,410.082,53.23186666666667,1.4009199099547227,356.8501333333333,359.8544833333333,10.118140322683766,0.4597065117075768,16.349590337725274
20250826 plate2 F04,20250826,plate2,F04,F,4,diploid,hnry,22.01,3,3.262777777777778,605.609,55.69898333333333,1.4641390114786523,549.9100166666667,552.9143666666668,15.547206398531939,0.7063701226048131,25.121052551870363
20250826 plate2 F04,20250826,plate2,F04,F,4,diploid,hnry,22.01,4,4.134722222222222,665.422,55.583933333333334,1.4599547873322543,609.8380666666667,612.8424166666667,17.23151691374892,0.7828949074851849,27.843817204301075
20250826 plate2 F05,20250826,plate2,F05,F,5,triploid,hnry,27.24,0,0,36.9096,38.60465,1,-1.695050000000002,0,0,0,0
20250826 plate2 F05,20250826,plate2,F05,F,5,triploid,hnry,27.24,1,1.113611111111111,531.467,45.71875,1.1963029682502728,485.74825,487.44329999999997,13.202850639483218,0.4846861468239067,17.89439427312775
20250826 plate2 F05,20250826,plate2,F05,F,5,triploid,hnry,27.24,2,2.1141666666666667,699.936,53.23186666666667,1.4009199099547227,646.7041333333334,648.3991833333334,17.562601775460454,0.6447357479978141,23.803200562897704
20250826 plate2 F05,20250826,plate2,F05,F,5,triploid,hnry,27.24,3,3.262777777777778,945.632,55.69898333333333,1.4641390114786523,889.9330166666666,891.6280666666667,24.156079034774894,0.8867870423926173,32.732307880567795
20250826 plate2 F05,20250826,plate2,F05,F,5,triploid,hnry,27.24,4,4.134722222222222,977.377,55.583933333333334,1.4599547873322543,921.7930666666666,923.4881166666667,25.02033760272345,0.9185145962820651,33.901913240332846
20250826 plate2 F06,20250826,plate2,F06,F,6,diploid,hnry,23.73,0,0,34.7787,38.60465,1,-3.825949999999999,0,0,0,0
20250826 plate2 F06,20250826,plate2,F06,F,6,diploid,hnry,23.73,1,1.113611111111111,595.568,45.71875,1.1963029682502728,549.84925,553.6752,15.928201397927875,0.671226354737795,23.33228824273072
20250826 plate2 F06,20250826,plate2,F06,F,6,diploid,hnry,23.73,2,2.1141666666666667,694.895,53.23186666666667,1.4009199099547227,641.6631333333333,645.4890833333334,18.57955664609826,0.7829564536914564,27.201394156482653
20250826 plate2 F06,20250826,plate2,F06,F,6,diploid,hnry,23.73,3,3.262777777777778,1017.73,55.69898333333333,1.4641390114786523,962.0310166666667,965.8569666666667,27.798886921060515,1.1714659469473456,40.70193706981318
20250826 plate2 F06,20250826,plate2,F06,F,6,diploid,hnry,23.73,4,4.134722222222222,1048.65,55.583933333333334,1.4599547873322543,993.0660666666668,996.8920166666668,28.692121052190213,1.2091075032528535,42.00977735637028
20250826 plate2 F07,20250826,plate2,F07,F,7,triploid,hnry,28.82,0,0,35.1431,38.60465,1,-3.4615500000000026,0,0,0,0
20250826 plate2 F07,20250826,plate2,F07,F,7,triploid,hnry,28.82,1,1.113611111111111,445.889,45.71875,1.1963029682502728,400.17025,403.6318,11.491507725740869,0.39873378645873936,14.005267175572518
20250826 plate2 F07,20250826,plate2,F07,F,7,triploid,hnry,28.82,2,2.1141666666666667,501.991,53.23186666666667,1.4009199099547227,448.7591333333333,452.2206833333333,12.88327812607511,0.44702561159178034,15.691210386305805
20250826 plate2 F07,20250826,plate2,F07,F,7,triploid,hnry,28.82,3,3.262777777777778,1027.54,55.69898333333333,1.4641390114786523,971.8410166666666,975.3025666666666,27.77460202161177,0.9637266489108872,33.841171640064765
20250826 plate2 F07,20250826,plate2,F07,F,7,triploid,hnry,28.82,4,4.134722222222222,1055.46,55.583933333333334,1.4599547873322543,999.8760666666667,1003.3376166666667,28.573252300261046,0.9914383171499322,34.81393534582466
20250826 plate3 A01,20250826,plate3,A01,A,1,triploid,hnry,25.19,0,0,36.9536,38.34493333333333,1,-1.3913333333333284,0,0,0,0
20250826 plate3 A01,20250826,plate3,A01,A,1,triploid,hnry,25.19,1,1.1527777777777777,676.964,47.172466666666665,1.2246094922228135,629.7915333333334,631.1828666666668,17.094688221667038,0.6786299413127049,25.056882360725158
20250826 plate3 A01,20250826,plate3,A01,A,1,triploid,hnry,25.19,2,2.160277777777778,766.852,49.3457,1.2952117233830271,717.5063,718.8976333333334,19.45654182701531,0.7723914976981068,28.5390088659521
20250826 plate3 A01,20250826,plate3,A01,A,1,triploid,hnry,25.19,3,3.1458333333333335,986.542,54.6038,1.4343493031338967,931.9382,933.3295333333334,25.262427194961013,1.0028752360048039,37.05158925499537
20250826 plate3 A01,20250826,plate3,A01,A,1,triploid,hnry,25.19,4,4.130277777777778,1042.07,58.984766666666665,1.548030967931167,983.0852333333332,984.4765666666666,26.651386680146416,1.0580145565758798,39.0820391689824
20250826 plate3 A02,20250826,plate3,A02,A,2,diploid,hnry,21,0,0,37.4652,38.34493333333333,1,-0.879733333333327,0,0,0,0
20250826 plate3 A02,20250826,plate3,A02,A,2,diploid,hnry,21,1,1.1527777777777777,445.503,47.172466666666665,1.2246094922228135,398.33053333333334,399.21026666666666,10.666505462455127,0.5079288315454823,19.010012698412698
20250826 plate3 A02,20250826,plate3,A02,A,2,diploid,hnry,21,2,2.160277777777778,676.242,49.3457,1.2952117233830271,626.8963,627.7760333333333,16.754658556236457,0.7978408836303075,29.894096825396826
20250826 plate3 A02,20250826,plate3,A02,A,2,diploid,hnry,21,3,3.1458333333333335,841.429,54.6038,1.4343493031338967,786.8252,787.7049333333333,21.0245992678066,1.0011713937050761,37.50975873015873
20250826 plate3 A02,20250826,plate3,A02,A,2,diploid,hnry,21,4,4.130277777777778,860.829,58.984766666666665,1.548030967931167,801.8442333333332,802.7239666666666,21.428731467609012,1.0204157841718577,38.22495079365079
20250826 plate3 A03,20250826,plate3,A03,A,3,triploid,hnry,25.04,0,0,38.6664,38.34493333333333,1,0.321466666666673,0,0,0,0
20250826 plate3 A03,20250826,plate3,A03,A,3,triploid,hnry,25.04,1,1.1527777777777777,736.758,47.172466666666665,1.2246094922228135,689.5855333333334,689.2640666666667,17.829608123071083,0.712045052838302,27.526520234291805
20250826 plate3 A03,20250826,plate3,A03,A,3,triploid,hnry,25.04,2,2.160277777777778,854.764,49.3457,1.2952117233830271,805.4183,805.0968333333334,20.810906249844372,0.8311064796263727,32.15242944621939
20250826 plate3 A03,20250826,plate3,A03,A,3,triploid,hnry,25.04,3,3.1458333333333335,1079.57,54.6038,1.4343493031338967,1024.9661999999998,1024.644733333333,26.485757042427103,1.0577379010553956,40.92031682641107
20250826 plate3 A03,20250826,plate3,A03,A,3,triploid,hnry,25.04,4,4.130277777777778,1082.99,58.984766666666665,1.548030967931167,1024.0052333333333,1023.6837666666667,26.460524263484217,1.0567302022158234,40.881939563365286
20250826 plate3 A04,20250826,plate3,A04,A,4,diploid,hnry,20.88,0,0,36.8192,38.34493333333333,1,-1.5257333333333278,0,0,0,0
20250826 plate3 A04,20250826,plate3,A04,A,4,diploid,hnry,20.88,1,1.1527777777777777,391.818,47.172466666666665,1.2246094922228135,344.64553333333333,346.17126666666667,9.417066589821337,0.45100893629412536,16.579083652618138
20250826 plate3 A04,20250826,plate3,A04,A,4,diploid,hnry,20.88,2,2.160277777777778,442.244,49.3457,1.2952117233830271,392.8983,394.42403333333334,10.716021546215444,0.5132194227114677,18.890039910600258
20250826 plate3 A04,20250826,plate3,A04,A,4,diploid,hnry,20.88,3,3.1458333333333335,523.388,54.6038,1.4343493031338967,468.78420000000006,470.3099333333334,12.78073413159581,0.6121041250764278,22.524422094508306
20250826 plate3 A04,20250826,plate3,A04,A,4,diploid,hnry,20.88,4,4.130277777777778,541.082,58.984766666666665,1.548030967931167,482.09723333333335,483.6229666666667,13.147616954891706,0.629675141517802,23.162019476372926
20250826 plate3 A06,20250826,plate3,A06,A,6,diploid,hnry,19.39,0,0,41.326,38.34493333333333,1,2.9810666666666705,0,0,0,0
20250826 plate3 A06,20250826,plate3,A06,A,6,diploid,hnry,19.39,1,1.1527777777777777,634.059,47.172466666666665,1.2246094922228135,586.8865333333333,583.9054666666666,14.118249724735033,0.728120150837289,30.11374247894103
20250826 plate3 A06,20250826,plate3,A06,A,6,diploid,hnry,19.39,2,2.160277777777778,658.761,49.3457,1.2952117233830271,609.4153,606.4342333333333,14.645382575605502,0.7553059605779011,31.27561801615953
20250826 plate3 A06,20250826,plate3,A06,A,6,diploid,hnry,19.39,3,3.1458333333333335,1011.6,54.6038,1.4343493031338967,956.9962,954.0151333333333,23.044187211409007,1.1884573084790617,49.201399346742306
20250826 plate3 A06,20250826,plate3,A06,A,6,diploid,hnry,19.39,4,4.130277777777778,872.802,58.984766666666665,1.548030967931167,813.8172333333333,810.8361666666666,19.571893534803188,1.0093807908614332,41.81723396940003
20250826 plate3 A07,20250826,plate3,A07,A,7,triploid,hnry,28.29,0,0,39.8539,38.34493333333333,1,1.508966666666673,0,0,0,0
20250826 plate3 A07,20250826,plate3,A07,A,7,triploid,hnry,28.29,1,1.1527777777777777,653.764,47.172466666666665,1.2246094922228135,606.5915333333334,605.0825666666667,15.179406175001725,0.5365643752209871,21.388567220454814
20250826 plate3 A07,20250826,plate3,A07,A,7,triploid,hnry,28.29,2,2.160277777777778,974.504,49.3457,1.2952117233830271,925.1583,923.6493333333334,23.15669888009618,0.8185471502331629,32.649322493224936
20250826 plate3 A07,20250826,plate3,A07,A,7,triploid,hnry,28.29,3,3.1458333333333335,1088.83,54.6038,1.4343493031338967,1034.2261999999998,1032.717233333333,25.886188962882727,0.9150296558106302,36.504674207611636
20250826 plate3 A07,20250826,plate3,A07,A,7,triploid,hnry,28.29,4,4.130277777777778,1074.6,58.984766666666665,1.548030967931167,1015.6152333333332,1014.1062666666666,25.4154531578382,0.8983900020444752,35.84681041593024
20250826 plate3 A08,20250826,plate3,A08,A,8,diploid,hnry,19.13,0,0,37.0047,38.34493333333333,1,-1.3402333333333303,0,0,0,0
20250826 plate3 A08,20250826,plate3,A08,A,8,diploid,hnry,19.13,1,1.1527777777777777,437.289,47.172466666666665,1.2246094922228135,390.11653333333334,391.4567666666667,10.592511035710125,0.5537120248672308,20.462977870709185
20250826 plate3 A08,20250826,plate3,A08,A,8,diploid,hnry,19.13,2,2.160277777777778,473.84,49.3457,1.2952117233830271,424.49429999999995,425.8345333333333,11.509648199815919,0.6016543753170893,22.260038334204566
20250826 plate3 A08,20250826,plate3,A08,A,8,diploid,hnry,19.13,3,3.1458333333333335,689.038,54.6038,1.4343493031338967,634.4342,635.7744333333334,17.185934066275937,0.898376062011288,33.23441888830807
20250826 plate3 A08,20250826,plate3,A08,A,8,diploid,hnry,19.13,4,4.130277777777778,688.818,58.984766666666665,1.548030967931167,629.8332333333333,631.1734666666666,17.066307210732624,0.8921226978950667,32.99390834640181
20250826 plate3 B01,20250826,plate3,B01,B,1,triploid,hnry,31.13,0,0,38.8379,38.34493333333333,1,0.49296666666666766,0,0,0,0
20250826 plate3 B01,20250826,plate3,B01,B,1,triploid,hnry,31.13,1,1.1527777777777777,929.899,47.172466666666665,1.2246094922228135,882.7265333333334,882.2335666666667,22.718471879324053,0.7297935072060409,28.340300888746118
20250826 plate3 B01,20250826,plate3,B01,B,1,triploid,hnry,31.13,2,2.160277777777778,1141.82,49.3457,1.2952117233830271,1092.4742999999999,1091.9813333333332,28.104421109494137,0.9028082592192141,35.07810258057607
20250826 plate3 B01,20250826,plate3,B01,B,1,triploid,hnry,31.13,3,3.1458333333333335,1415.5,54.6038,1.4343493031338967,1360.8962,1360.4032333333332,35.01200850714936,1.1247031322566452,43.70071420923011
20250826 plate3 B01,20250826,plate3,B01,B,1,triploid,hnry,31.13,4,4.130277777777778,1475.98,58.984766666666665,1.548030967931167,1416.9952333333333,1416.5022666666666,36.455568608770974,1.1710751239566648,45.502803297997644
20250826 plate3 B02,20250826,plate3,B02,B,2,diploid,hnry,18.06,0,0,38.0136,38.34493333333333,1,-0.33133333333333326,0,0,0,0
20250826 plate3 B02,20250826,plate3,B02,B,2,diploid,hnry,18.06,1,1.1527777777777777,280.239,47.172466666666665,1.2246094922228135,233.06653333333333,233.39786666666666,6.147462608288582,0.3403910635818706,12.923469915097822
20250826 plate3 B02,20250826,plate3,B02,B,2,diploid,hnry,18.06,2,2.160277777777778,302.049,49.3457,1.2952117233830271,252.70329999999998,253.03463333333332,6.650602406296877,0.3682504100939578,14.01077703949797
20250826 plate3 B02,20250826,plate3,B02,B,2,diploid,hnry,18.06,3,3.1458333333333335,330.119,54.6038,1.4343493031338967,275.51520000000005,275.84653333333335,7.249884760464396,0.4014332646990253,15.273894425987452
20250826 plate3 B02,20250826,plate3,B02,B,2,diploid,hnry,18.06,4,4.130277777777778,336.684,58.984766666666665,1.548030967931167,277.6992333333334,278.0305666666667,7.308904444658014,0.40470124278283576,15.394826504245112
20250826 plate3 B03,20250826,plate3,B03,B,3,triploid,hnry,19.48,0,0,36.8976,38.34493333333333,1,-1.447333333333333,0,0,0,0
20250826 plate3 B03,20250826,plate3,B03,B,3,triploid,hnry,19.48,1,1.1527777777777777,406.706,47.172466666666665,1.2246094922228135,359.53353333333337,360.9808666666667,9.797950240659544,0.5029748583500793,18.53084531143053
20250826 plate3 B03,20250826,plate3,B03,B,3,triploid,hnry,19.48,2,2.160277777777778,1026.08,49.3457,1.2952117233830271,976.7343,978.1816333333333,26.5136430530794,1.3610699719239938,50.21466290212183
20250826 plate3 B03,20250826,plate3,B03,B,3,triploid,hnry,19.48,3,3.1458333333333335,1125.19,54.6038,1.4343493031338967,1070.5862,1072.0335333333333,29.06058803696411,1.4918166343410733,55.03252224503764
20250826 plate3 B03,20250826,plate3,B03,B,3,triploid,hnry,19.48,4,4.130277777777778,1108.77,58.984766666666665,1.548030967931167,1049.7852333333333,1051.2325666666666,28.501890978211676,1.4631360871771908,53.9647108145106
20250826 plate3 B04,20250826,plate3,B04,B,4,diploid,hnry,21.25,0,0,34.9258,38.34493333333333,1,-3.4191333333333276,0,0,0,0
20250826 plate3 B04,20250826,plate3,B04,B,4,diploid,hnry,21.25,1,1.1527777777777777,571.225,47.172466666666665,1.2246094922228135,524.0525333333334,527.4716666666667,15.130778215431699,0.7120366219026681,24.822196078431375
20250826 plate3 B04,20250826,plate3,B04,B,4,diploid,hnry,21.25,2,2.160277777777778,546.446,49.3457,1.2952117233830271,497.1003,500.5194333333333,14.350700467604725,0.6753270808284576,23.55385568627451
20250826 plate3 B04,20250826,plate3,B04,B,4,diploid,hnry,21.25,3,3.1458333333333335,1046.04,54.6038,1.4343493031338967,991.4362,994.8553333333333,28.51600258572763,1.3419295334460062,46.81672156862745
20250826 plate3 B04,20250826,plate3,B04,B,4,diploid,hnry,21.25,4,4.130277777777778,1055.69,58.984766666666665,1.548030967931167,996.7052333333334,1000.1243666666667,28.67862096273327,1.3495821629521538,47.064676078431376
20250826 plate3 B06,20250826,plate3,B06,B,6,diploid,hnry,22.49,0,0,36.5958,38.34493333333333,1,-1.749133333333333,0,0,0,0
20250826 plate3 B06,20250826,plate3,B06,B,6,diploid,hnry,22.49,1,1.1527777777777777,454.037,47.172466666666665,1.2246094922228135,406.8645333333333,408.61366666666663,11.18219675330263,0.49720750348166437,18.168682377352898
20250826 plate3 B06,20250826,plate3,B06,B,6,diploid,hnry,22.49,2,2.160277777777778,578.33,49.3457,1.2952117233830271,528.9843000000001,530.7334333333334,14.507967876461766,0.6450852768546806,23.598640877427012
20250826 plate3 B06,20250826,plate3,B06,B,6,diploid,hnry,22.49,3,3.1458333333333335,655.759,54.6038,1.4343493031338967,601.1552,602.9043333333334,16.484619540285298,0.732975524245678,26.807662664888102
20250826 plate3 B06,20250826,plate3,B06,B,6,diploid,hnry,22.49,4,4.130277777777778,670.402,58.984766666666665,1.548030967931167,611.4172333333333,613.1663666666667,16.77106575901564,0.7457121280131456,27.263955832221733
20250826 plate3 B07,20250826,plate3,B07,B,7,triploid,hnry,27.02,0,0,36.8406,38.34493333333333,1,-1.504333333333328,0,0,0,0
20250826 plate3 B07,20250826,plate3,B07,B,7,triploid,hnry,27.02,1,1.1527777777777777,484.402,47.172466666666665,1.2246094922228135,437.22953333333334,438.73386666666664,11.923982007372741,0.44130207281172246,16.237374784110536
20250826 plate3 B07,20250826,plate3,B07,B,7,triploid,hnry,27.02,2,2.160277777777778,495.955,49.3457,1.2952117233830271,446.60929999999996,448.11363333333327,12.166974017348664,0.45029511537189726,16.584516407599306
20250826 plate3 B07,20250826,plate3,B07,B,7,triploid,hnry,27.02,3,3.1458333333333335,667.048,54.6038,1.4343493031338967,612.4442,613.9485333333333,16.671979041138457,0.6170236506712974,22.722003454231434
20250826 plate3 B07,20250826,plate3,B07,B,7,triploid,hnry,27.02,4,4.130277777777778,681.209,58.984766666666665,1.548030967931167,622.2242333333332,623.7285666666666,16.94268308124284,0.6270423050052865,23.08395879595361
20250826 plate3 B08,20250826,plate3,B08,B,8,diploid,hnry,20.67,0,0,37.2521,38.34493333333333,1,-1.0928333333333313,0,0,0,0
20250826 plate3 B08,20250826,plate3,B08,B,8,diploid,hnry,20.67,1,1.1527777777777777,770.372,47.172466666666665,1.2246094922228135,723.1995333333333,724.2923666666667,19.455352174367793,0.94123619614745,35.04075310433801
20250826 plate3 B08,20250826,plate3,B08,B,8,diploid,hnry,20.67,2,2.160277777777778,1207.47,49.3457,1.2952117233830271,1158.1243,1159.2171333333333,31.118262953212387,1.5054795816745228,56.082106111917426
20250826 plate3 B08,20250826,plate3,B08,B,8,diploid,hnry,20.67,3,3.1458333333333335,1261.81,54.6038,1.4343493031338967,1207.2061999999999,1208.2990333333332,32.43783508378657,1.5693195492881744,58.45665376552168
20250826 plate3 B08,20250826,plate3,B08,B,8,diploid,hnry,20.67,4,4.130277777777778,1260.57,58.984766666666665,1.548030967931167,1201.5852333333332,1202.6780666666666,32.2908667049517,1.5622093229294485,58.184715368488945
20250826 plate3 C01,20250826,plate3,C01,C,1,triploid,hnry,26.95,0,0,38.2885,38.34493333333333,1,-0.05643333333333089,0,0,0,0
20250826 plate3 C01,20250826,plate3,C01,C,1,triploid,hnry,26.95,1,1.1527777777777777,526.738,47.172466666666665,1.2246094922228135,479.5655333333334,479.6219666666667,12.53247161568165,0.46502677609208354,17.796733457019172
20250826 plate3 C01,20250826,plate3,C01,C,1,triploid,hnry,26.95,2,2.160277777777778,599.543,49.3457,1.2952117233830271,550.1973,550.2537333333333,14.36335416454677,0.5329630487772457,20.417578231292516
20250826 plate3 C01,20250826,plate3,C01,C,1,triploid,hnry,26.95,3,3.1458333333333335,948.895,54.6038,1.4343493031338967,894.2912,894.3476333333333,23.34841836862133,0.8663606073699938,33.18544094001237
20250826 plate3 C01,20250826,plate3,C01,C,1,triploid,hnry,26.95,4,4.130277777777778,911.49,58.984766666666665,1.548030967931167,852.5052333333333,852.5616666666666,22.25781151741039,0.8258928206831313,31.634941249226962
20250826 plate3 C02,20250826,plate3,C02,C,2,diploid,hnry,21.14,0,0,37.6609,38.34493333333333,1,-0.6840333333333319,0,0,0,0
20250826 plate3 C02,20250826,plate3,C02,C,2,diploid,hnry,21.14,1,1.1527777777777777,337.729,47.172466666666665,1.2246094922228135,290.55653333333333,291.24056666666667,7.743020065222708,0.36627341841167016,13.77675339009776
20250826 plate3 C02,20250826,plate3,C02,C,2,diploid,hnry,21.14,2,2.160277777777778,340.729,49.3457,1.2952117233830271,291.38329999999996,292.0673333333333,7.752076047222562,0.3667017997740095,13.815862503941972
20250826 plate3 C02,20250826,plate3,C02,C,2,diploid,hnry,21.14,3,3.1458333333333335,457.959,54.6038,1.4343493031338967,403.3552,404.03923333333336,10.725715910389944,0.5073659371045385,19.11254651529486
20250826 plate3 C02,20250826,plate3,C02,C,2,diploid,hnry,21.14,4,4.130277777777778,494.752,58.984766666666665,1.548030967931167,435.76723333333337,436.4512666666667,11.588989124525467,0.5482019453417912,20.64575528224535
20250826 plate3 C03,20250826,plate3,C03,C,3,triploid,hnry,36.16,0,0,36.357,38.34493333333333,1,-1.9879333333333307,0,0,0,0
20250826 plate3 C03,20250826,plate3,C03,C,3,triploid,hnry,36.16,1,1.1527777777777777,510.262,47.172466666666665,1.2246094922228135,463.08953333333335,465.0774666666667,12.810156852635124,0.3542631872963254,12.861655604719765
20250826 plate3 C03,20250826,plate3,C03,C,3,triploid,hnry,36.16,2,2.160277777777778,971.489,49.3457,1.2952117233830271,922.1433000000001,924.1312333333334,25.42561232700617,0.7031419338220734,25.55672658554573
20250826 plate3 C03,20250826,plate3,C03,C,3,triploid,hnry,36.16,3,3.1458333333333335,1070.83,54.6038,1.4343493031338967,1016.2262,1018.2141333333333,28.01885090590425,0.7748576024862902,28.15857669616519
20250826 plate3 C03,20250826,plate3,C03,C,3,triploid,hnry,36.16,4,4.130277777777778,1068.39,58.984766666666665,1.548030967931167,1009.4052333333334,1011.3931666666667,27.838056993121725,0.7698577708274814,27.969943768436583
20250826 plate3 C04,20250826,plate3,C04,C,4,diploid,hnry,24,0,0,34.6842,38.34493333333333,1,-3.660733333333333,0,0,0,0
20250826 plate3 C04,20250826,plate3,C04,C,4,diploid,hnry,24,1,1.1527777777777777,528.696,47.172466666666665,1.2246094922228135,481.5235333333334,485.1842666666667,14.01852715212822,0.5841052980053425,20.21601111111111
20250826 plate3 C04,20250826,plate3,C04,C,4,diploid,hnry,24,2,2.160277777777778,620.69,49.3457,1.2952117233830271,571.3443000000001,575.0050333333335,16.60025653017335,0.6916773554238896,23.958543055555563
20250826 plate3 C04,20250826,plate3,C04,C,4,diploid,hnry,24,3,3.1458333333333335,1042.46,54.6038,1.4343493031338967,987.8562000000001,991.5169333333334,28.621410956580906,1.1925587898575378,41.31320555555556
20250826 plate3 C04,20250826,plate3,C04,C,4,diploid,hnry,24,4,4.130277777777778,1063.43,58.984766666666665,1.548030967931167,1004.4452333333334,1008.1059666666667,29.11232735084223,1.2130136396184261,42.00441527777778
20250826 plate3 C06,20250826,plate3,C06,C,6,diploid,hnry,29.03,0,0,36.7362,38.34493333333333,1,-1.6087333333333333,0,0,0,0
20250826 plate3 C06,20250826,plate3,C06,C,6,diploid,hnry,29.03,1,1.1527777777777777,916.741,47.172466666666665,1.2246094922228135,869.5685333333333,871.1772666666667,23.730094587132157,0.8174335028292166,30.009551039154896
20250826 plate3 C06,20250826,plate3,C06,C,6,diploid,hnry,29.03,2,2.160277777777778,1451.5,49.3457,1.2952117233830271,1402.1543,1403.7630333333332,38.21622386331348,1.3164389894355315,48.35559880583304
20250826 plate3 C06,20250826,plate3,C06,C,6,diploid,hnry,29.03,3,3.1458333333333335,1968.29,54.6038,1.4343493031338967,1913.6861999999999,1915.2949333333331,52.144681734371346,1.7962343001850274,65.97640142381444
20250826 plate3 C06,20250826,plate3,C06,C,6,diploid,hnry,29.03,4,4.130277777777778,2031.92,58.984766666666665,1.548030967931167,1972.9352333333334,1974.5439666666666,53.763079054335705,1.8519834328052258,68.01736020208979
20250826 plate3 C07,20250826,plate3,C07,C,7,triploid,hnry,18.98,0,0,38.5306,38.34493333333333,1,0.18566666666666976,0,0,0,0
20250826 plate3 C07,20250826,plate3,C07,C,7,triploid,hnry,18.98,1,1.1527777777777777,406.176,47.172466666666665,1.2246094922228135,359.00353333333334,358.81786666666665,9.317037925673612,0.4908871404464495,18.905050930804354
20250826 plate3 C07,20250826,plate3,C07,C,7,triploid,hnry,18.98,2,2.160277777777778,574.45,49.3457,1.2952117233830271,525.1043000000001,524.9186333333334,13.613717802759833,0.717266480651203,27.65640850017563
20250826 plate3 C07,20250826,plate3,C07,C,7,triploid,hnry,18.98,3,3.1458333333333335,676.994,54.6038,1.4343493031338967,622.3902,622.2045333333334,16.13594547556148,0.8501551883857471,32.78211450649807
20250826 plate3 C07,20250826,plate3,C07,C,7,triploid,hnry,18.98,4,4.130277777777778,663.694,58.984766666666665,1.548030967931167,604.7092333333333,604.5235666666666,15.67708361632135,0.8259791157176686,31.850556726378642
20250826 plate3 C08,20250826,plate3,C08,C,8,diploid,hnry,23.54,0,0,33.5087,38.34493333333333,1,-4.8362333333333325,0,0,0,0
20250826 plate3 C08,20250826,plate3,C08,C,8,diploid,hnry,23.54,1,1.1527777777777777,655.589,47.172466666666665,1.2246094922228135,608.4165333333334,613.2527666666667,18.340130411145566,0.7791049452483249,26.051519399603514
20250826 plate3 C08,20250826,plate3,C08,C,8,diploid,hnry,23.54,2,2.160277777777778,1286.84,49.3457,1.2952117233830271,1237.4942999999998,1242.3305333333333,37.10794924675309,1.5763784726743029,52.77529878221467
20250826 plate3 C08,20250826,plate3,C08,C,8,diploid,hnry,23.54,3,3.1458333333333335,1533.58,54.6038,1.4343493031338967,1478.9761999999998,1483.8124333333333,44.332272499562116,1.8832741078828428,63.03366326819598
20250826 plate3 C08,20250826,plate3,C08,C,8,diploid,hnry,23.54,4,4.130277777777778,1536.58,58.984766666666665,1.548030967931167,1477.5952333333332,1482.4314666666667,44.30811982275901,1.8822480808308841,62.974998583970546
20250826 plate3 D01,20250826,plate3,D01,D,1,triploid,hnry,24.79,0,0,36.5348,38.34493333333333,1,-1.810133333333333,0,0,0,0
20250826 plate3 D01,20250826,plate3,D01,D,1,triploid,hnry,24.79,1,1.1527777777777777,551.096,47.172466666666665,1.2246094922228135,503.92353333333335,505.7336666666667,13.859529465702236,0.5590774290319579,20.400712652951462
20250826 plate3 D01,20250826,plate3,D01,D,1,triploid,hnry,24.79,2,2.160277777777778,578.219,49.3457,1.2952117233830271,528.8733000000001,530.6834333333334,14.531315313852708,0.586176495113058,21.40715745596343
20250826 plate3 D01,20250826,plate3,D01,D,1,triploid,hnry,24.79,3,3.1458333333333335,910.775,54.6038,1.4343493031338967,856.1712,857.9813333333333,23.494622526464187,0.9477459671829039,34.60997714132042
20250826 plate3 D01,20250826,plate3,D01,D,1,triploid,hnry,24.79,4,4.130277777777778,995.718,58.984766666666665,1.548030967931167,936.7332333333333,938.5433666666665,25.705929639489703,1.036947544957229,37.85975662229393
20250826 plate3 D02,20250826,plate3,D02,D,2,diploid,hnry,25.54,0,0,41.4561,38.34493333333333,1,3.1111666666666693,0,0,0,0
20250826 plate3 D02,20250826,plate3,D02,D,2,diploid,hnry,25.54,1,1.1527777777777777,428.261,47.172466666666665,1.2246094922228135,381.0885333333334,377.9773666666667,9.105860571290156,0.3565333034960907,14.799427042547638
20250826 plate3 D02,20250826,plate3,D02,D,2,diploid,hnry,25.54,2,2.160277777777778,701.649,49.3457,1.2952117233830271,652.3033,649.1921333333333,15.62989700609225,0.6119771733004014,25.418642652049076
20250826 plate3 D02,20250826,plate3,D02,D,2,diploid,hnry,25.54,3,3.1458333333333335,1102.01,54.6038,1.4343493031338967,1047.4062,1044.2950333333333,25.14822841160531,0.9846604703056112,40.88860741320804
20250826 plate3 D02,20250826,plate3,D02,D,2,diploid,hnry,25.54,4,4.130277777777778,973.438,58.984766666666665,1.548030967931167,914.4532333333333,911.3420666666666,21.93314550549494,0.8587762531517206,35.6829313495171
20250826 plate3 D03,20250826,plate3,D03,D,3,triploid,hnry,21.27,0,0,35.8903,38.34493333333333,1,-2.4546333333333266,0,0,0,0
20250826 plate3 D03,20250826,plate3,D03,D,3,triploid,hnry,21.27,1,1.1527777777777777,415.737,47.172466666666665,1.2246094922228135,368.5645333333334,371.0191666666667,10.35893815156952,0.48702106965536063,17.44330825889359
20250826 plate3 D03,20250826,plate3,D03,D,3,triploid,hnry,21.27,2,2.160277777777778,461.823,49.3457,1.2952117233830271,412.47729999999996,414.9319333333333,11.572415462792623,0.5440721891298835,19.507848299639555
20250826 plate3 D03,20250826,plate3,D03,D,3,triploid,hnry,21.27,3,3.1458333333333335,619.721,54.6038,1.4343493031338967,565.1172,567.5718333333333,15.832739576034012,0.7443695146231317,26.68414825262498
20250826 plate3 D03,20250826,plate3,D03,D,3,triploid,hnry,21.27,4,4.130277777777778,630.358,58.984766666666665,1.548030967931167,571.3732333333332,573.8278666666665,16.015433254992573,0.752958780206515,26.978272997962694
20250826 plate3 D04,20250826,plate3,D04,D,4,diploid,hnry,19.53,0,0,40.9569,38.34493333333333,1,2.6119666666666674,0,0,0,0
20250826 plate3 D04,20250826,plate3,D04,D,4,diploid,hnry,19.53,1,1.1527777777777777,459.364,47.172466666666665,1.2246094922228135,412.1915333333333,409.57956666666666,9.991180765340626,0.5115811963820085,20.971816009557944
20250826 plate3 D04,20250826,plate3,D04,D,4,diploid,hnry,19.53,2,2.160277777777778,463.94,49.3457,1.2952117233830271,414.5943,411.9823333333333,10.032305740096875,0.5136869298564708,21.09484553678102
20250826 plate3 D04,20250826,plate3,D04,D,4,diploid,hnry,19.53,3,3.1458333333333335,864.859,54.6038,1.4343493031338967,810.2552000000001,807.6432333333333,19.68197053552577,1.007781389427843,41.35398020139955
20250826 plate3 D04,20250826,plate3,D04,D,4,diploid,hnry,19.53,4,4.130277777777778,879.981,58.984766666666665,1.548030967931167,820.9962333333333,818.3842666666666,19.937506267552962,1.0208656563007148,41.90395630653695
20250826 plate3 D06,20250826,plate3,D06,D,6,diploid,hnry,23.36,0,0,42.6103,38.34493333333333,1,4.265366666666672,0,0,0,0
20250826 plate3 D06,20250826,plate3,D06,D,6,diploid,hnry,23.36,1,1.1527777777777777,383.733,47.172466666666665,1.2246094922228135,336.56053333333335,332.29516666666666,7.781029989310993,0.33309203721365555,14.224964326484018
20250826 plate3 D06,20250826,plate3,D06,D,6,diploid,hnry,23.36,2,2.160277777777778,404.664,49.3457,1.2952117233830271,355.31829999999997,351.05293333333327,8.20164701734398,0.35109790313972516,15.027950913242007
20250826 plate3 D06,20250826,plate3,D06,D,6,diploid,hnry,23.36,3,3.1458333333333335,574.965,54.6038,1.4343493031338967,520.3612,516.0958333333334,12.05921915331912,0.5162336966318116,22.093143550228316
20250826 plate3 D06,20250826,plate3,D06,D,6,diploid,hnry,23.36,4,4.130277777777778,578.634,58.984766666666665,1.548030967931167,519.6492333333333,515.3838666666667,12.031643430043031,0.5150532290258147,22.062665525114156
20250826 plate3 D07,20250826,plate3,D07,D,7,triploid,hnry,23.69,0,0,45.281,38.34493333333333,1,6.936066666666669,0,0,0,0
20250826 plate3 D07,20250826,plate3,D07,D,7,triploid,hnry,23.69,1,1.1527777777777777,583.996,47.172466666666665,1.2246094922228135,536.8235333333333,529.8874666666667,11.672543839196546,0.4927202971378871,22.367558744899394
20250826 plate3 D07,20250826,plate3,D07,D,7,triploid,hnry,23.69,2,2.160277777777778,584.332,49.3457,1.2952117233830271,534.9863,528.0502333333334,11.609361938859415,0.49005326884168066,22.290005628253834
20250826 plate3 D07,20250826,plate3,D07,D,7,triploid,hnry,23.69,3,3.1458333333333335,823.938,54.6038,1.4343493031338967,769.3342,762.3981333333334,16.76175944004757,0.707545776278918,32.18227662867595
20250826 plate3 D07,20250826,plate3,D07,D,7,triploid,hnry,23.69,4,4.130277777777778,853.415,58.984766666666665,1.548030967931167,794.4302333333333,787.4941666666666,17.299057214750313,0.730226138233445,33.241627972421554
20250826 plate3 D08,20250826,plate3,D08,D,8,diploid,hnry,20.2,0,0,42.2968,38.34493333333333,1,3.9518666666666675,0,0,0,0
20250826 plate3 D08,20250826,plate3,D08,D,8,diploid,hnry,20.2,1,1.1527777777777777,424.279,47.172466666666665,1.2246094922228135,377.10653333333335,373.1546666666667,8.806385760373129,0.43595969110758065,18.473003300330035
20250826 plate3 D08,20250826,plate3,D08,D,8,diploid,hnry,20.2,2,2.160277777777778,685.019,49.3457,1.2952117233830271,635.6733,631.7214333333334,14.900316070681775,0.7376394094396919,31.273338283828387
20250826 plate3 D08,20250826,plate3,D08,D,8,diploid,hnry,20.2,3,3.1458333333333335,784.075,54.6038,1.4343493031338967,729.4712000000001,725.5193333333334,17.103105066936656,0.8466883696503296,35.916798679867995
20250826 plate3 D08,20250826,plate3,D08,D,8,diploid,hnry,20.2,4,4.130277777777778,795.883,58.984766666666665,1.548030967931167,736.8982333333333,732.9463666666667,17.268593457557287,0.8548808642355094,36.284473597359735
20250826 plate3 E01,20250826,plate3,E01,E,1,triploid,hnry,31.97,0,0,37.2924,38.34493333333333,1,-1.0525333333333293,0,0,0,0
20250826 plate3 E01,20250826,plate3,E01,E,1,triploid,hnry,31.97,1,1.1527777777777777,536.604,47.172466666666665,1.2246094922228135,489.4315333333334,490.4840666666667,13.164488554564201,0.4117763076185237,15.342010217912629
20250826 plate3 E01,20250826,plate3,E01,E,1,triploid,hnry,31.97,2,2.160277777777778,575.287,49.3457,1.2952117233830271,525.9413000000001,526.9938333333334,14.131175422523379,0.4420136197223453,16.484011052027945
20250826 plate3 E01,20250826,plate3,E01,E,1,triploid,hnry,31.97,3,3.1458333333333335,986.616,54.6038,1.4343493031338967,932.0122,933.0647333333334,25.02187233988184,0.7826672611786625,29.18563444896257
20250826 plate3 E01,20250826,plate3,E01,E,1,triploid,hnry,31.97,4,4.130277777777778,1002.07,58.984766666666665,1.548030967931167,943.0852333333333,944.1377666666667,25.322591464521558,0.7920735522215064,29.53199145031801
20250826 plate3 E02,20250826,plate3,E02,E,2,diploid,hnry,24.11,0,0,37.0757,38.34493333333333,1,-1.2692333333333323,0,0,0,0
20250826 plate3 E02,20250826,plate3,E02,E,2,diploid,hnry,24.11,1,1.1527777777777777,398.138,47.172466666666665,1.2246094922228135,350.9655333333333,352.23476666666664,9.513906570858936,0.39460417133384224,14.6094884556892
20250826 plate3 E02,20250826,plate3,E02,E,2,diploid,hnry,24.11,2,2.160277777777778,574.353,49.3457,1.2952117233830271,525.0073,526.2765333333333,14.196147846362116,0.5888074594094614,21.828143232407022
20250826 plate3 E02,20250826,plate3,E02,E,2,diploid,hnry,24.11,3,3.1458333333333335,745.718,54.6038,1.4343493031338967,691.1142,692.3834333333333,18.679040329428673,0.7747424441903225,28.71768699018388
20250826 plate3 E02,20250826,plate3,E02,E,2,diploid,hnry,24.11,4,4.130277777777778,755.149,58.984766666666665,1.548030967931167,696.1642333333333,697.4334666666666,18.819730126262606,0.7805777737977024,28.92714502972487
20250826 plate3 E03,20250826,plate3,E03,E,3,triploid,hnry,29.43,0,0,34.6425,38.34493333333333,1,-3.7024333333333317,0,0,0,0
20250826 plate3 E03,20250826,plate3,E03,E,3,triploid,hnry,29.43,1,1.1527777777777777,445.308,47.172466666666665,1.2246094922228135,398.13553333333334,401.83796666666666,11.629774573592298,0.39516733175644914,13.654025370936687
20250826 plate3 E03,20250826,plate3,E03,E,3,triploid,hnry,29.43,2,2.160277777777778,444.659,49.3457,1.2952117233830271,395.31329999999997,399.0157333333333,11.540438128677305,0.39213177467473004,13.558128893419411
20250826 plate3 E03,20250826,plate3,E03,E,3,triploid,hnry,29.43,3,3.1458333333333335,587.181,54.6038,1.4343493031338967,532.5772000000001,536.2796333333334,15.515380075519495,0.5271960610098367,18.2222097632801
20250826 plate3 E03,20250826,plate3,E03,E,3,triploid,hnry,29.43,4,4.130277777777778,620.028,58.984766666666665,1.548030967931167,561.0432333333333,564.7456666666667,16.349869010419127,0.5555511046693553,19.189455204439916
20250826 plate3 E04,20250826,plate3,E04,E,4,diploid,hnry,26.16,0,0,34.2394,38.34493333333333,1,-4.105533333333327,0,0,0,0
20250826 plate3 E04,20250826,plate3,E04,E,4,diploid,hnry,26.16,1,1.1527777777777777,525.175,47.172466666666665,1.2246094922228135,478.0025333333333,482.1080666666666,14.113714193355786,0.5395150685533557,18.42920744138634
20250826 plate3 E04,20250826,plate3,E04,E,4,diploid,hnry,26.16,2,2.160277777777778,640.44,49.3457,1.2952117233830271,591.0943000000001,595.1998333333335,17.40955529940359,0.6655028784175684,22.752287206931708
20250826 plate3 E04,20250826,plate3,E04,E,4,diploid,hnry,26.16,3,3.1458333333333335,899.391,54.6038,1.4343493031338967,844.7872,848.8927333333334,24.833371509730814,0.9492879017481198,32.45002803261978
20250826 plate3 E04,20250826,plate3,E04,E,4,diploid,hnry,26.16,4,4.130277777777778,927.908,58.984766666666665,1.548030967931167,868.9232333333333,873.0287666666667,25.55256074804516,0.9767798451087599,33.372659276248726
20250826 plate3 E06,20250826,plate3,E06,E,6,diploid,hnry,22.25,0,0,39.3144,38.34493333333333,1,0.9694666666666691,0,0,0,0
20250826 plate3 E06,20250826,plate3,E06,E,6,diploid,hnry,22.25,1,1.1527777777777777,432.32,47.172466666666665,1.2246094922228135,385.14753333333334,384.17806666666667,9.771870169173521,0.4391851761426302,17.266429962546816
20250826 plate3 E06,20250826,plate3,E06,E,6,diploid,hnry,22.25,2,2.160277777777778,463.287,49.3457,1.2952117233830271,413.94129999999996,412.9718333333333,10.488943700583764,0.4714132000262366,18.56053183520599
20250826 plate3 E06,20250826,plate3,E06,E,6,diploid,hnry,22.25,3,3.1458333333333335,590.666,54.6038,1.4343493031338967,536.0622000000001,535.0927333333334,13.589814870807459,0.6107781964407847,24.049111610486893
20250826 plate3 E06,20250826,plate3,E06,E,6,diploid,hnry,22.25,4,4.130277777777778,610.307,58.984766666666665,1.548030967931167,551.3222333333333,550.3527666666666,13.975721143254557,0.6281222985732385,24.734955805243445
20250826 plate3 E08,20250826,plate3,E08,E,8,diploid,hnry,18.79,0,0,41.6138,38.34493333333333,1,3.2688666666666677,0,0,0,0
20250826 plate3 E08,20250826,plate3,E08,E,8,diploid,hnry,18.79,1,1.1527777777777777,520.25,47.172466666666665,1.2246094922228135,473.07753333333335,469.8086666666667,11.27725287074332,0.6001731171231145,25.003122228135535
20250826 plate3 E08,20250826,plate3,E08,E,8,diploid,hnry,18.79,2,2.160277777777778,468.764,49.3457,1.2952117233830271,419.4183,416.1494333333333,9.969416837334814,0.5305703479156367,22.147388681923008
20250826 plate3 E08,20250826,plate3,E08,E,8,diploid,hnry,18.79,3,3.1458333333333335,716.152,54.6038,1.4343493031338967,661.5482000000001,658.2793333333334,15.775134089394545,0.8395494459496831,35.033492992726636
20250826 plate3 E08,20250826,plate3,E08,E,8,diploid,hnry,18.79,4,4.130277777777778,721.031,58.984766666666665,1.548030967931167,662.0462333333332,658.7773666666666,15.778697184748955,0.8397390731638614,35.05999822600674
20250826 plate3 F01,20250826,plate3,F01,F,1,triploid,hnry,24.4,0,0,37.2412,38.34493333333333,1,-1.1037333333333308,0,0,0,0
20250826 plate3 F01,20250826,plate3,F01,F,1,triploid,hnry,24.4,1,1.1527777777777777,546.91,47.172466666666665,1.2246094922228135,499.7375333333333,500.8412666666666,13.461007512599803,0.551680635762287,20.526281420765027
20250826 plate3 F01,20250826,plate3,F01,F,1,triploid,hnry,24.4,2,2.160277777777778,849.231,49.3457,1.2952117233830271,799.8853,800.9890333333334,21.508323071414132,0.8814886504677923,32.82741939890711
20250826 plate3 F01,20250826,plate3,F01,F,1,triploid,hnry,24.4,3,3.1458333333333335,1121.77,54.6038,1.4343493031338967,1067.1662,1068.2699333333333,28.687397579351096,1.1757130155471762,43.78155464480874
20250826 plate3 F01,20250826,plate3,F01,F,1,triploid,hnry,24.4,4,4.130277777777778,1166.81,58.984766666666665,1.548030967931167,1107.8252333333332,1108.9289666666666,29.78312914506197,1.2206200469287694,45.447908469945354
20250826 plate3 F02,20250826,plate3,F02,F,2,diploid,hnry,29.57,0,0,37.5326,38.34493333333333,1,-0.8123333333333278,0,0,0,0
20250826 plate3 F02,20250826,plate3,F02,F,2,diploid,hnry,29.57,1,1.1527777777777777,646.686,47.172466666666665,1.2246094922228135,599.5135333333334,600.3258666666667,16.00537191061099,0.5412706090839022,20.301855484161877
20250826 plate3 F02,20250826,plate3,F02,F,2,diploid,hnry,29.57,2,2.160277777777778,802.512,49.3457,1.2952117233830271,753.1663,753.9786333333333,20.086520424136726,0.6792871296630614,25.498093788749856
20250826 plate3 F02,20250826,plate3,F02,F,2,diploid,hnry,29.57,3,3.1458333333333335,1039.59,54.6038,1.4343493031338967,984.9861999999999,985.7985333333332,26.263971623207468,0.8881965378156059,33.33779280802615
20250826 plate3 F02,20250826,plate3,F02,F,2,diploid,hnry,29.57,4,4.130277777777778,1056.99,58.984766666666665,1.548030967931167,998.0052333333333,998.8175666666666,26.613886938102517,0.9000299945249414,33.7780712433773
20250826 plate3 F03,20250826,plate3,F03,F,3,triploid,hnry,30.81,0,0,35.0052,38.34493333333333,1,-3.339733333333328,0,0,0,0
20250826 plate3 F03,20250826,plate3,F03,F,3,triploid,hnry,30.81,1,1.1527777777777777,391.817,47.172466666666665,1.2246094922228135,344.64453333333336,347.9842666666667,9.968498960235678,0.32354751574929175,11.29452342313102
20250826 plate3 F03,20250826,plate3,F03,F,3,triploid,hnry,30.81,2,2.160277777777778,416.527,49.3457,1.2952117233830271,367.18129999999996,370.5210333333333,10.603791853228447,0.3441672136718094,12.025999134480147
20250826 plate3 F03,20250826,plate3,F03,F,3,triploid,hnry,30.81,3,3.1458333333333335,683.369,54.6038,1.4343493031338967,628.7652,632.1049333333334,18.08757886753789,0.5870684475020412,20.516226333441526
20250826 plate3 F03,20250826,plate3,F03,F,3,triploid,hnry,30.81,4,4.130277777777778,712.024,58.984766666666665,1.548030967931167,653.0392333333333,656.3789666666667,18.792489868973064,0.6099477399861429,21.304088499404955
20250826 plate3 F04,20250826,plate3,F04,F,4,diploid,hnry,26.77,0,0,34.1994,38.34493333333333,1,-4.145533333333333,0,0,0,0
20250826 plate3 F04,20250826,plate3,F04,F,4,diploid,hnry,26.77,1,1.1527777777777777,428.256,47.172466666666665,1.2246094922228135,381.0835333333333,385.22906666666665,11.29771546084654,0.4220289675325566,14.390327481011083
20250826 plate3 F04,20250826,plate3,F04,F,4,diploid,hnry,26.77,2,2.160277777777778,711.643,49.3457,1.2952117233830271,662.2973000000001,666.4428333333334,19.51342819427635,0.728928957574761,24.895137591831656
20250826 plate3 F04,20250826,plate3,F04,F,4,diploid,hnry,26.77,3,3.1458333333333335,1042.34,54.6038,1.4343493031338967,987.7361999999999,991.8817333333333,29.04396318188046,1.0849444595398006,37.05198854439048
20250826 plate3 F04,20250826,plate3,F04,F,4,diploid,hnry,26.77,4,4.130277777777778,1069.46,58.984766666666665,1.548030967931167,1010.4752333333333,1014.6207666666667,29.72327788544053,1.110320429041484,37.90141078321504
20250826 plate3 F06,20250826,plate3,F06,F,6,diploid,hnry,24.01,0,0,37.7528,38.34493333333333,1,-0.5921333333333294,0,0,0,0
20250826 plate3 F06,20250826,plate3,F06,F,6,diploid,hnry,24.01,1,1.1527777777777777,385.999,47.172466666666665,1.2246094922228135,338.8265333333334,339.4186666666667,8.99977121596307,0.3748342863791366,14.136554213522144
20250826 plate3 F06,20250826,plate3,F06,F,6,diploid,hnry,24.01,2,2.160277777777778,391.462,49.3457,1.2952117233830271,342.11629999999997,342.7084333333333,9.073873483542023,0.3779205948997094,14.273570734416213
20250826 plate3 F06,20250826,plate3,F06,F,6,diploid,hnry,24.01,3,3.1458333333333335,500.992,54.6038,1.4343493031338967,446.38820000000004,446.98033333333336,11.835977665991571,0.4929603359430058,18.61642371234208
20250826 plate3 F06,20250826,plate3,F06,F,6,diploid,hnry,24.01,4,4.130277777777778,525.548,58.984766666666665,1.548030967931167,466.56323333333336,467.1553666666667,12.37273782272807,0.5153160276021687,19.456699986116895
20250826 plate4 A01,20250826,plate4,A01,A,1,triploid,hnry,30.01,0,0,36.4329,34.9595,1,1.473399999999998,0,0,0,0
20250826 plate4 A01,20250826,plate4,A01,A,1,triploid,hnry,30.01,1,1.1875,688.562,41.956900000000005,1.1998841656629016,646.6051,645.1317,17.699572095024557,0.5897891401207783,21.497224258580474
20250826 plate4 A01,20250826,plate4,A01,A,1,triploid,hnry,30.01,2,2.189722222222222,982.191,47.318266666666666,1.352624566011697,934.8727333333334,933.3993333333334,25.606277964393517,0.8532581794199772,31.102943463290014
20250826 plate4 A01,20250826,plate4,A01,A,1,triploid,hnry,30.01,3,3.1980555555555554,1261.91,51.19815,1.4635601090832528,1210.7118500000001,1209.23845,33.17299092034345,1.105397898045433,40.294516827724095
20250826 plate4 A01,20250826,plate4,A01,A,1,triploid,hnry,30.01,4,4.115555555555556,1279.44,53.68265,1.5346783552967107,1225.75735,1224.28395,33.583031187451745,1.1190613524642368,40.79586637787404
20250826 plate4 A03,20250826,plate4,A03,A,3,triploid,hnry,36.55,0,0,33.9782,34.9595,1,-0.9812999999999974,0,0,0,0
20250826 plate4 A03,20250826,plate4,A03,A,3,triploid,hnry,36.55,1,1.1875,557.295,41.956900000000005,1.1998841656629016,515.3380999999999,516.3194,15.201661531283964,0.4159141321828718,14.126385772913817
20250826 plate4 A03,20250826,plate4,A03,A,3,triploid,hnry,36.55,2,2.189722222222222,682.433,47.318266666666666,1.352624566011697,635.1147333333333,636.0960333333334,18.73181192562117,0.5124982742988008,17.403448244414047
20250826 plate4 A03,20250826,plate4,A03,A,3,triploid,hnry,36.55,3,3.1980555555555554,815.265,51.19815,1.4635601090832528,764.0668499999999,765.04815,22.53020648243719,0.6164215179873377,20.931549931600546
20250826 plate4 A03,20250826,plate4,A03,A,3,triploid,hnry,36.55,4,4.115555555555556,812.286,53.68265,1.5346783552967107,758.60335,759.58465,22.371414374747843,0.6120770006770956,20.78206976744186
20250826 plate4 A04,20250826,plate4,A04,A,4,diploid,hnry,22.96,0,0,34.2882,34.9595,1,-0.6712999999999951,0,0,0,0
20250826 plate4 A04,20250826,plate4,A04,A,4,diploid,hnry,22.96,1,1.1875,361.425,41.956900000000005,1.1998841656629016,319.4681,320.13939999999997,9.34091412646092,0.4068342389573571,13.943353658536584
20250826 plate4 A04,20250826,plate4,A04,A,4,diploid,hnry,22.96,2,2.189722222222222,442.551,47.318266666666666,1.352624566011697,395.23273333333333,395.9040333333333,11.554177190860928,0.503230713887671,17.243207026713122
20250826 plate4 A04,20250826,plate4,A04,A,4,diploid,hnry,22.96,3,3.1980555555555554,589.422,51.19815,1.4635601090832528,538.2238500000001,538.8951500000001,15.726668599335387,0.6849594337689628,23.471043118466902
20250826 plate4 A04,20250826,plate4,A04,A,4,diploid,hnry,22.96,4,4.115555555555556,568.952,53.68265,1.5346783552967107,515.26935,515.94065,15.058551968838122,0.6558602773884199,22.471282665505225
20250826 plate4 A05,20250826,plate4,A05,A,5,triploid,hnry,32.57,0,0,34.2489,34.9595,1,-0.7105999999999995,0,0,0,0
20250826 plate4 A05,20250826,plate4,A05,A,5,triploid,hnry,32.57,1,1.1875,974.222,41.956900000000005,1.1998841656629016,932.2651,932.9757,27.245467363875274,0.83652033662497,28.645247159963155
20250826 plate4 A05,20250826,plate4,A05,A,5,triploid,hnry,32.57,2,2.189722222222222,1398.45,47.318266666666666,1.352624566011697,1351.1317333333334,1351.8423333333335,39.479343759978335,1.212138279397554,41.505751714256476
20250826 plate4 A05,20250826,plate4,A05,A,5,triploid,hnry,32.57,3,3.1980555555555554,1373.7,51.19815,1.4635601090832528,1322.50185,1323.21245,38.645757270453025,1.1865445892064177,40.62672551427694
20250826 plate4 A05,20250826,plate4,A05,A,5,triploid,hnry,32.57,4,4.115555555555556,1302.7,53.68265,1.5346783552967107,1249.01735,1249.72795,36.50157974350354,1.1207116900062493,38.370523487872276
20250826 plate4 A06,20250826,plate4,A06,A,6,diploid,hnry,24.09,0,0,33.4686,34.9595,1,-1.4908999999999963,0,0,0,0
20250826 plate4 A06,20250826,plate4,A06,A,6,diploid,hnry,24.09,1,1.1875,85.6588,41.956900000000005,1.1998841656629016,43.701899999999995,45.19279999999999,1.3594938782349608,0.05643395094375097,1.875998339559983
20250826 plate4 A06,20250826,plate4,A06,A,6,diploid,hnry,24.09,2,2.189722222222222,140.054,47.318266666666666,1.352624566011697,92.73573333333334,94.22663333333334,2.832014169997578,0.11755974138636686,3.9114418154144186
20250826 plate4 A06,20250826,plate4,A06,A,6,diploid,hnry,24.09,3,3.1980555555555554,182.013,51.19815,1.4635601090832528,130.81485,132.30575,3.9747611831130145,0.16499631312216748,5.49214404317144
20250826 plate4 A06,20250826,plate4,A06,A,6,diploid,hnry,24.09,4,4.115555555555556,196.315,53.68265,1.5346783552967107,142.63235,144.12324999999998,4.330968848350887,0.17978284966172217,5.982700290577002
20250826 plate4 A07,20250826,plate4,A07,A,7,triploid,hnry,27.06,0,0,32.7743,34.9595,1,-2.185200000000002,0,0,0,0
20250826 plate4 A07,20250826,plate4,A07,A,7,triploid,hnry,27.06,1,1.1875,640.097,41.956900000000005,1.1998841656629016,598.1401,600.3253,18.330571099590667,0.6774046969545702,22.184970436067996
20250826 plate4 A07,20250826,plate4,A07,A,7,triploid,hnry,27.06,2,2.189722222222222,664.737,47.318266666666666,1.352624566011697,617.4187333333333,619.6039333333333,18.929639280965965,0.6995432106787127,22.89741069228874
20250826 plate4 A07,20250826,plate4,A07,A,7,triploid,hnry,27.06,3,3.1980555555555554,806.099,51.19815,1.4635601090832528,754.90085,757.08605,23.1319003584172,0.854837411619261,27.978050628233557
20250826 plate4 A07,20250826,plate4,A07,A,7,triploid,hnry,27.06,4,4.115555555555556,801.921,53.68265,1.5346783552967107,748.2383500000001,750.4235500000001,22.933304179799393,0.8474983067183811,27.73183850702144
20250826 plate4 A08,20250826,plate4,A08,A,8,diploid,hnry,23.63,0,0,33.2147,34.9595,1,-1.744799999999998,0,0,0,0
20250826 plate4 A08,20250826,plate4,A08,A,8,diploid,hnry,23.63,1,1.1875,462.825,41.956900000000005,1.1998841656629016,420.86809999999997,422.61289999999997,12.734458158669398,0.5389106288053067,17.88459162082099
20250826 plate4 A08,20250826,plate4,A08,A,8,diploid,hnry,23.63,2,2.189722222222222,613.895,47.318266666666666,1.352624566011697,566.5767333333333,568.3215333333333,17.13000511301596,0.7249261579778232,24.05084779235435
20250826 plate4 A08,20250826,plate4,A08,A,8,diploid,hnry,23.63,3,3.1980555555555554,860.73,51.19815,1.4635601090832528,809.5318500000001,811.27665,24.45056827383154,1.0347256992734464,34.33248624629708
20250826 plate4 A08,20250826,plate4,A08,A,8,diploid,hnry,23.63,4,4.115555555555556,878.757,53.68265,1.5346783552967107,825.07435,826.81915,24.922191645034466,1.0546843692354833,34.9902306390182
20250826 plate4 B01,20250826,plate4,B01,B,1,triploid,hnry,27.51,0,0,35.0455,34.9595,1,0.08599999999999852,0,0,0,0
20250826 plate4 B01,20250826,plate4,B01,B,1,triploid,hnry,27.51,1,1.1875,269.897,41.956900000000005,1.1998841656629016,227.94009999999997,227.85409999999996,6.501446961015274,0.23633031483152575,8.282591784805524
20250826 plate4 B01,20250826,plate4,B01,B,1,triploid,hnry,27.51,2,2.189722222222222,312.154,47.318266666666666,1.352624566011697,264.83573333333334,264.7497333333333,7.554481909855392,0.27460857542186085,9.623763479946685
20250826 plate4 B01,20250826,plate4,B01,B,1,triploid,hnry,27.51,3,3.1980555555555554,581.018,51.19815,1.4635601090832528,529.8198500000001,529.7338500000001,15.115401526504769,0.5494511641768364,19.25604689203926
20250826 plate4 B01,20250826,plate4,B01,B,1,triploid,hnry,27.51,4,4.115555555555556,585.862,53.68265,1.5346783552967107,532.17935,532.09335,15.18250359388364,0.5518903523767226,19.341815703380586
20250826 plate4 B03,20250826,plate4,B03,B,3,triploid,hnry,27.77,0,0,34.1946,34.9595,1,-0.7648999999999972,0,0,0,0
20250826 plate4 B03,20250826,plate4,B03,B,3,triploid,hnry,27.77,1,1.1875,400.683,41.956900000000005,1.1998841656629016,358.7261,359.491,10.517843194797521,0.37874840456598924,12.945300684191574
20250826 plate4 B03,20250826,plate4,B03,B,3,triploid,hnry,27.77,2,2.189722222222222,363.929,47.318266666666666,1.352624566011697,316.6107333333333,317.3756333333333,9.290254719021611,0.33454284188050454,11.428722842395871
20250826 plate4 B03,20250826,plate4,B03,B,3,triploid,hnry,27.77,3,3.1980555555555554,452.372,51.19815,1.4635601090832528,401.17385,401.93875,11.765780196111134,0.42368671934141644,14.473847677349658
20250826 plate4 B03,20250826,plate4,B03,B,3,triploid,hnry,27.77,4,4.115555555555556,433.113,53.68265,1.5346783552967107,379.43035,380.19525,11.131444365834696,0.4008442335554446,13.690862441483615
20250826 plate4 B04,20250826,plate4,B04,B,4,diploid,hnry,20.86,0,0,33.1122,34.9595,1,-1.847299999999997,0,0,0,0
20250826 plate4 B04,20250826,plate4,B04,B,4,diploid,hnry,20.86,1,1.1875,461.683,41.956900000000005,1.1998841656629016,419.7261,421.5734,12.743103615275846,0.6108870381244413,20.209654841802493
20250826 plate4 B04,20250826,plate4,B04,B,4,diploid,hnry,20.86,2,2.189722222222222,608.316,47.318266666666666,1.352624566011697,560.9977333333334,562.8450333333334,17.018731006858722,0.81585479419265206,26.98202460850112
20250826 plate4 B04,20250826,plate4,B04,B,4,diploid,hnry,20.86,3,3.1980555555555554,693.555,51.19815,1.4635601090832528,642.3568499999999,644.2041499999999,19.48204302208894,0.9339426185085782,30.882269894534993
20250826 plate4 B04,20250826,plate4,B04,B,4,diploid,hnry,20.86,4,4.115555555555556,687.429,53.68265,1.5346783552967107,633.74635,635.59365,19.225917437190645,0.92166430667261,30.469494247363375
20250826 plate4 B05,20250826,plate4,B05,B,5,triploid,hnry,31.18,0,0,40.7046,34.9595,1,5.745100000000001,0,0,0,0
20250826 plate4 B05,20250826,plate4,B05,B,5,triploid,hnry,31.18,1,1.1875,1016.99,41.956900000000005,1.1998841656629016,975.0331,969.288,23.784761304382254,0.7628210809615861,31.086850545221296
20250826 plate4 B05,20250826,plate4,B05,B,5,triploid,hnry,31.18,2,2.189722222222222,1505.35,47.318266666666666,1.352624566011697,1458.0317333333332,1452.2866333333332,35.629682102030735,1.1427094965372269,46.577505879837496
20250826 plate4 B05,20250826,plate4,B05,B,5,triploid,hnry,31.18,3,3.1980555555555554,1460.03,51.19815,1.4635601090832528,1408.83185,1403.08675,34.40535888287343,1.1034431970132594,44.99957504810776
20250826 plate4 B05,20250826,plate4,B05,B,5,triploid,hnry,31.18,4,4.115555555555556,1506.36,53.68265,1.5346783552967107,1452.67735,1446.9322499999998,35.47244123315275,1.1376664924038726,46.405780949326484
20250826 plate4 B06,20250826,plate4,B06,B,6,diploid,hnry,15.86,0,0,35.7861,34.9595,1,0.8265999999999991,0,0,0,0
20250826 plate4 B06,20250826,plate4,B06,B,6,diploid,hnry,15.86,1,1.1875,295.792,41.956900000000005,1.1998841656629016,253.83509999999995,253.00849999999997,7.065671455094879,0.4455026138143051,15.952616645649432
20250826 plate4 B06,20250826,plate4,B06,B,6,diploid,hnry,15.86,2,2.189722222222222,400.78,47.318266666666666,1.352624566011697,353.4617333333333,352.63513333333333,9.84669584051486,0.6208509357197264,22.23424548129466
20250826 plate4 B06,20250826,plate4,B06,B,6,diploid,hnry,15.86,3,3.1980555555555554,458.582,51.19815,1.4635601090832528,407.38385,406.55725,11.350968436916453,0.7156978837904447,25.634126733921818
20250826 plate4 B06,20250826,plate4,B06,B,6,diploid,hnry,15.86,4,4.115555555555556,603.117,53.68265,1.5346783552967107,549.43435,548.60775,15.318708853703432,0.9658706717341383,34.5906525851198
20250826 plate4 B07,20250826,plate4,B07,B,7,triploid,hnry,25.61,0,0,32.6308,34.9595,1,-2.3286999999999978,0,0,0,0
20250826 plate4 B07,20250826,plate4,B07,B,7,triploid,hnry,25.61,1,1.1875,560.52,41.956900000000005,1.1998841656629016,518.5631,520.8918,15.977751687580046,0.6238872193510365,20.339390862944164
20250826 plate4 B07,20250826,plate4,B07,B,7,triploid,hnry,25.61,2,2.189722222222222,641.856,47.318266666666666,1.352624566011697,594.5377333333333,596.8664333333334,18.317625627057424,0.715252855410286,23.305991149290644
20250826 plate4 B07,20250826,plate4,B07,B,7,triploid,hnry,25.61,3,3.1980555555555554,694.982,51.19815,1.4635601090832528,643.78385,646.11255,19.83478378686781,0.7744937050709805,25.228916438891062
20250826 plate4 B07,20250826,plate4,B07,B,7,triploid,hnry,25.61,4,4.115555555555556,716.906,53.68265,1.5346783552967107,663.22335,665.55205,20.435546095222428,0.797951819415167,25.987975400234284
20250826 plate4 B08,20250826,plate4,B08,B,8,diploid,hnry,18.23,0,0,33.3031,34.9595,1,-1.6563999999999979,0,0,0,0
20250826 plate4 B08,20250826,plate4,B08,B,8,diploid,hnry,18.23,1,1.1875,497.837,41.956900000000005,1.1998841656629016,455.88009999999997,457.5365,13.748784276614243,0.7541845461664423,25.09799780581459
20250826 plate4 B08,20250826,plate4,B08,B,8,diploid,hnry,18.23,2,2.189722222222222,802.141,47.318266666666666,1.352624566011697,754.8227333333333,756.4791333333333,22.733451504984693,1.247035189521925,41.496386908027056
20250826 plate4 B08,20250826,plate4,B08,B,8,diploid,hnry,18.23,3,3.1980555555555554,1050.84,51.19815,1.4635601090832528,999.64185,1001.2982499999999,30.09025920503465,1.6505901922673971,54.925850246845854
20250826 plate4 B08,20250826,plate4,B08,B,8,diploid,hnry,18.23,4,4.115555555555556,1071.17,53.68265,1.5346783552967107,1017.4873500000001,1019.1437500000001,30.6295946403103,1.6801752408288702,55.90475863960505
20250826 plate4 C01,20250826,plate4,C01,C,1,triploid,hnry,30.1,0,0,34.734,34.9595,1,-0.2254999999999967,0,0,0,0
20250826 plate4 C01,20250826,plate4,C01,C,1,triploid,hnry,30.1,1,1.1875,549.903,41.956900000000005,1.1998841656629016,507.9461,508.1716,14.6319520754841,0.48611136463402327,16.882777408637875
20250826 plate4 C01,20250826,plate4,C01,C,1,triploid,hnry,30.1,2,2.189722222222222,511.189,47.318266666666666,1.352624566011697,463.87073333333336,464.0962333333334,13.364626542412326,0.4440075263259909,15.418479512735328
20250826 plate4 C01,20250826,plate4,C01,C,1,triploid,hnry,30.1,3,3.1980555555555554,682.292,51.19815,1.4635601090832528,631.09385,631.31935,18.179786467757882,0.6039796168690326,20.974064784053155
20250826 plate4 C01,20250826,plate4,C01,C,1,triploid,hnry,30.1,4,4.115555555555556,694.369,53.68265,1.5346783552967107,640.6863500000001,640.9118500000001,18.45636788181966,0.613168368166766,21.292752491694355
20250826 plate4 C03,20250826,plate4,C03,C,3,triploid,hnry,26.08,0,0,34.0358,34.9595,1,-0.9236999999999966,0,0,0,0
20250826 plate4 C03,20250826,plate4,C03,C,3,triploid,hnry,26.08,1,1.1875,491.48,41.956900000000005,1.1998841656629016,449.5231,450.4468,13.240205387102128,0.5076765869287626,17.271733128834356
20250826 plate4 C03,20250826,plate4,C03,C,3,triploid,hnry,26.08,2,2.189722222222222,638.09,47.318266666666666,1.352624566011697,590.7717333333334,591.6954333333333,17.394988241679027,0.6669857454631529,22.687708333333333
20250826 plate4 C03,20250826,plate4,C03,C,3,triploid,hnry,26.08,3,3.1980555555555554,1128.22,51.19815,1.4635601090832528,1077.02185,1077.9455500000001,31.68447813300302,1.214895633934165,41.3322680214724
20250826 plate4 C03,20250826,plate4,C03,C,3,triploid,hnry,26.08,4,4.115555555555556,1031.05,53.68265,1.5346783552967107,977.36735,978.29105,28.758424789039545,1.1027003370030501,37.51115989263804
20250826 plate4 C04,20250826,plate4,C04,C,4,diploid,hnry,20.71,0,0,34.2326,34.9595,1,-0.7269000000000005,0,0,0,0
20250826 plate4 C04,20250826,plate4,C04,C,4,diploid,hnry,20.71,1,1.1875,470.826,41.956900000000005,1.1998841656629016,428.8691,429.596,12.553847657219382,0.6061732330864018,20.743408981168518
20250826 plate4 C04,20250826,plate4,C04,C,4,diploid,hnry,20.71,2,2.189722222222222,592.892,47.318266666666666,1.352624566011697,545.5737333333334,546.3006333333334,15.966889581321551,0.7709748711405867,26.378591662642847
20250826 plate4 C04,20250826,plate4,C04,C,4,diploid,hnry,20.71,3,3.1980555555555554,897.543,51.19815,1.4635601090832528,846.34485,847.07175,24.755394922085866,1.1953353414816932,40.90158136166103
20250826 plate4 C04,20250826,plate4,C04,C,4,diploid,hnry,20.71,4,4.115555555555556,869.829,53.68265,1.5346783552967107,816.14635,816.87325,23.874697502803464,1.152810116021413,39.44342105263158
20250826 plate4 C05,20250826,plate4,C05,C,5,triploid,hnry,27.1,0,0,35.5919,34.9595,1,0.6324000000000041,0,0,0,0
20250826 plate4 C05,20250826,plate4,C05,C,5,triploid,hnry,27.1,1,1.1875,813.455,41.956900000000005,1.1998841656629016,771.4981,770.8657000000001,21.655175552980946,0.7990839687446843,28.445228782287824
20250826 plate4 C05,20250826,plate4,C05,C,5,triploid,hnry,27.1,2,2.189722222222222,952.209,47.318266666666666,1.352624566011697,904.8907333333333,904.2583333333333,25.400906434019205,0.9373028204435131,33.36746617466174
20250826 plate4 C05,20250826,plate4,C05,C,5,triploid,hnry,27.1,3,3.1980555555555554,1151.32,51.19815,1.4635601090832528,1100.12185,1099.48945,30.884249364420548,1.1396401979490975,40.571566420664205
20250826 plate4 C05,20250826,plate4,C05,C,5,triploid,hnry,27.1,4,4.115555555555556,1201.61,53.68265,1.5346783552967107,1147.92735,1147.29495,32.22609305617612,1.189154725320152,42.33560701107011
20250826 plate4 C06,20250826,plate4,C06,C,6,diploid,hnry,21.67,0,0,29.2764,34.9595,1,-5.6831,0,0,0,0
20250826 plate4 C06,20250826,plate4,C06,C,6,diploid,hnry,21.67,1,1.1875,616.788,41.956900000000005,1.1998841656629016,574.8311,580.5142,19.867870066414813,0.9168375665166041,26.788841716658972
20250826 plate4 C06,20250826,plate4,C06,C,6,diploid,hnry,21.67,2,2.189722222222222,1040.92,47.318266666666666,1.352624566011697,993.6017333333334,999.2848333333334,34.202293388381605,1.5783245679917675,46.11374403937855
20250826 plate4 C06,20250826,plate4,C06,C,6,diploid,hnry,21.67,3,3.1980555555555554,1392.18,51.19815,1.4635601090832528,1340.9818500000001,1346.66495,46.08941771605919,2.1268766827899945,62.144206275957544
20250826 plate4 C06,20250826,plate4,C06,C,6,diploid,hnry,21.67,4,4.115555555555556,1354.14,53.68265,1.5346783552967107,1300.4573500000001,1306.14045,44.71895938704866,2.0636344894807874,60.2741324411629
20250826 plate4 C07,20250826,plate4,C07,C,7,triploid,hnry,25.03,0,0,31.8889,34.9595,1,-3.070599999999999,0,0,0,0
20250826 plate4 C07,20250826,plate4,C07,C,7,triploid,hnry,25.03,1,1.1875,543.092,41.956900000000005,1.1998841656629016,501.13509999999997,504.2057,15.830869482158128,0.6324758083163455,20.14405513383939
20250826 plate4 C07,20250826,plate4,C07,C,7,triploid,hnry,25.03,2,2.189722222222222,855.205,47.318266666666666,1.352624566011697,807.8867333333334,810.9573333333334,25.46564135096882,1.0174047683167726,32.399414036489546
20250826 plate4 C07,20250826,plate4,C07,C,7,triploid,hnry,25.03,3,3.1980555555555554,918.39,51.19815,1.4635601090832528,867.1918499999999,870.26245,27.336116267336127,1.0921340897857021,34.76877546943667
20250826 plate4 C07,20250826,plate4,C07,C,7,triploid,hnry,25.03,4,4.115555555555556,935.943,53.68265,1.5346783552967107,882.26035,885.33095,27.815440338041725,1.1112840726345075,35.37079304834199
20250826 plate4 C08,20250826,plate4,C08,C,8,diploid,hnry,21.69,0,0,34.3816,34.9595,1,-0.5778999999999996,0,0,0,0
20250826 plate4 C08,20250826,plate4,C08,C,8,diploid,hnry,21.69,1,1.1875,492.465,41.956900000000005,1.1998841656629016,450.50809999999996,451.08599999999996,13.123620266940584,0.6050539542157946,20.7969571230982
20250826 plate4 C08,20250826,plate4,C08,C,8,diploid,hnry,21.69,2,2.189722222222222,906.182,47.318266666666666,1.352624566011697,858.8637333333334,859.4416333333334,25.003973149045194,1.152788065884979,39.623865068387886
20250826 plate4 C08,20250826,plate4,C08,C,8,diploid,hnry,21.69,3,3.1980555555555554,1014.81,51.19815,1.4635601090832528,963.61185,964.18975,28.052518258415642,1.2933387855424454,44.453192715537114
20250826 plate4 C08,20250826,plate4,C08,C,8,diploid,hnry,21.69,4,4.115555555555556,1047.13,53.68265,1.5346783552967107,993.4473500000001,994.0252500000001,28.92143770678301,1.3333996176479026,45.82873443983403
20250826 plate4 D01,20250826,plate4,D01,D,1,triploid,hnry,25.73,0,0,35.0345,34.9595,1,0.07500000000000284,0,0,0,0
20250826 plate4 D01,20250826,plate4,D01,D,1,triploid,hnry,25.73,1,1.1875,966.329,41.956900000000005,1.1998841656629016,924.3720999999999,924.2970999999999,26.382327654114743,1.0253528042796247,35.92293431791683
20250826 plate4 D01,20250826,plate4,D01,D,1,triploid,hnry,25.73,2,2.189722222222222,1251.15,47.318266666666666,1.352624566011697,1203.8317333333334,1203.7567333333334,34.35931652063147,1.3353795771718409,46.78417152480891
20250826 plate4 D01,20250826,plate4,D01,D,1,triploid,hnry,25.73,3,3.1980555555555554,1493.33,51.19815,1.4635601090832528,1442.13185,1442.05685,41.16099568591881,1.5997277763668407,56.04573843762145
20250826 plate4 D01,20250826,plate4,D01,D,1,triploid,hnry,25.73,4,4.115555555555556,1451.12,53.68265,1.5346783552967107,1397.43735,1397.3623499999999,39.88506504049886,1.5501385557908611,54.30868052856587
20250826 plate4 D03,20250826,plate4,D03,D,3,triploid,hnry,29.95,0,0,34.407,34.9595,1,-0.552500000000002,0,0,0,0
20250826 plate4 D03,20250826,plate4,D03,D,3,triploid,hnry,29.95,1,1.1875,110.371,41.956900000000005,1.1998841656629016,68.41409999999999,68.9666,2.0079223853296293,0.06704248365040498,2.3027245409015027
20250826 plate4 D03,20250826,plate4,D03,D,3,triploid,hnry,29.95,2,2.189722222222222,157.049,47.318266666666666,1.352624566011697,109.73073333333335,110.28323333333336,3.2118245286492737,0.10723955020531799,3.6822448525319986
20250826 plate4 D03,20250826,plate4,D03,D,3,triploid,hnry,29.95,3,3.1980555555555554,299.351,51.19815,1.4635601090832528,248.15285,248.70535,7.236733435834933,0.2416271597941547,8.3040183639399
20250826 plate4 D03,20250826,plate4,D03,D,3,triploid,hnry,29.95,4,4.115555555555556,324.439,53.68265,1.5346783552967107,270.75635,271.30885,7.894769140852331,0.26359830186485245,9.058726210350585
20250826 plate4 D04,20250826,plate4,D04,D,4,diploid,hnry,21.68,0,0,34.0851,34.9595,1,-0.8744000000000014,0,0,0,0
20250826 plate4 D04,20250826,plate4,D04,D,4,diploid,hnry,21.68,1,1.1875,373.477,41.956900000000005,1.1998841656629016,331.52009999999996,332.39449999999994,9.757308273262025,0.450060344707658,15.331849630996308
20250826 plate4 D04,20250826,plate4,D04,D,4,diploid,hnry,21.68,2,2.189722222222222,347.926,47.318266666666666,1.352624566011697,300.60773333333333,301.4821333333333,8.854944137028635,0.40843838270427285,13.906002460024599
20250826 plate4 D04,20250826,plate4,D04,D,4,diploid,hnry,21.68,3,3.1980555555555554,986.87,51.19815,1.4635601090832528,935.67185,936.54625,27.48956016927885,1.2679686424944119,43.198627767527675
20250826 plate4 D04,20250826,plate4,D04,D,4,diploid,hnry,21.68,4,4.115555555555556,877.202,53.68265,1.5346783552967107,823.51935,824.3937500000001,24.200965665111035,1.1162807041102876,38.02554197416975
20250826 plate4 D05,20250826,plate4,D05,D,5,triploid,hnry,22.84,0,0,35.2515,34.9595,1,0.2920000000000016,0,0,0,0
20250826 plate4 D05,20250826,plate4,D05,D,5,triploid,hnry,22.84,1,1.1875,741.31,41.956900000000005,1.1998841656629016,699.3530999999999,699.0610999999999,19.82929189776702,0.8681826575204475,30.60687828371278
20250826 plate4 D05,20250826,plate4,D05,D,5,triploid,hnry,22.84,2,2.189722222222222,1198.84,47.318266666666666,1.352624566011697,1151.5217333333333,1151.2297333333333,32.655573666687616,1.429753663164957,50.40410391126679
20250826 plate4 D05,20250826,plate4,D05,D,5,triploid,hnry,22.84,3,3.1980555555555554,1239.67,51.19815,1.4635601090832528,1188.4718500000001,1188.1798500000002,33.70288670878266,1.475607999508873,52.02188485113837
20250826 plate4 D05,20250826,plate4,D05,D,5,triploid,hnry,22.84,4,4.115555555555556,1386.46,53.68265,1.5346783552967107,1332.77735,1332.4853500000002,37.79584658690433,1.6548093952234821,58.339989054290726
20250826 plate4 D06,20250826,plate4,D06,D,6,diploid,hnry,25.18,0,0,32.5168,34.9595,1,-2.442699999999995,0,0,0,0
20250826 plate4 D06,20250826,plate4,D06,D,6,diploid,hnry,25.18,1,1.1875,836.914,41.956900000000005,1.1998841656629016,794.9571,797.3997999999999,24.538011322207982,0.9745040239161232,31.667982525814136
20250826 plate4 D06,20250826,plate4,D06,D,6,diploid,hnry,25.18,2,2.189722222222222,802.794,47.318266666666666,1.352624566011697,755.4757333333333,757.9184333333333,23.335967177333277,0.9267659720942525,30.100017209425467
20250826 plate4 D06,20250826,plate4,D06,D,6,diploid,hnry,25.18,3,3.1980555555555554,966.389,51.19815,1.4635601090832528,915.19085,917.6335499999999,28.256123254593366,1.1221653397376237,36.44295274027005
20250826 plate4 D06,20250826,plate4,D06,D,6,diploid,hnry,25.18,4,4.115555555555556,1028.52,53.68265,1.5346783552967107,974.83735,977.28005,30.09574038209442,1.1952240024660215,38.81175734710087
20250826 plate4 D07,20250826,plate4,D07,D,7,triploid,hnry,25.6,0,0,29.3164,34.9595,1,-5.643099999999997,0,0,0,0
20250826 plate4 D07,20250826,plate4,D07,D,7,triploid,hnry,25.6,1,1.1875,490.472,41.956900000000005,1.1998841656629016,448.51509999999996,454.15819999999997,15.53041014059571,0.6066566461170199,17.740554687499998
20250826 plate4 D07,20250826,plate4,D07,D,7,triploid,hnry,25.6,2,2.189722222222222,589.662,47.318266666666666,1.352624566011697,542.3437333333334,547.9868333333334,18.761100175088846,0.732855475589408,21.405735677083335
20250826 plate4 D07,20250826,plate4,D07,D,7,triploid,hnry,25.6,3,3.1980555555555554,1085.2,51.19815,1.4635601090832528,1034.00185,1039.64495,35.553263238940374,1.3887993452711083,40.611130859375
20250826 plate4 D07,20250826,plate4,D07,D,7,triploid,hnry,25.6,4,4.115555555555556,1035.8,53.68265,1.5346783552967107,982.11735,987.76045,33.79708134234692,1.3201984899354264,38.584392578125
20250826 plate4 D08,20250826,plate4,D08,D,8,diploid,hnry,21.5,0,0,32.9565,34.9595,1,-2.003,0,0,0,0
20250826 plate4 D08,20250826,plate4,D08,D,8,diploid,hnry,21.5,1,1.1875,785.814,41.956900000000005,1.1998841656629016,743.8571,745.8601,22.644091984717146,1.0532135806845184,34.691167441860465
20250826 plate4 D08,20250826,plate4,D08,D,8,diploid,hnry,21.5,2,2.189722222222222,1357.35,47.318266666666666,1.352624566011697,1310.0317333333332,1312.0347333333332,39.8334843958016,1.8527202044558884,61.02487131782945
20250826 plate4 D08,20250826,plate4,D08,D,8,diploid,hnry,21.5,3,3.1980555555555554,1801.35,51.19815,1.4635601090832528,1750.15185,1752.15485,53.194853253986246,2.4741792211156395,81.49557441860465
20250826 plate4 D08,20250826,plate4,D08,D,8,diploid,hnry,21.5,4,4.115555555555556,1760.84,53.68265,1.5346783552967107,1707.15735,1709.1603499999999,51.894538946297814,2.413699485874317,79.49583023255813
20250826 plate4 E01,20250826,plate4,E01,E,1,triploid,hnry,22.19,0,0,34.2941,34.9595,1,-0.6653999999999982,0,0,0,0
20250826 plate4 E01,20250826,plate4,E01,E,1,triploid,hnry,22.19,1,1.1875,399.806,41.956900000000005,1.1998841656629016,357.84909999999996,358.51449999999994,10.458272776784925,0.4713056681741742,16.156579540333478
20250826 plate4 E01,20250826,plate4,E01,E,1,triploid,hnry,22.19,2,2.189722222222222,459.25,47.318266666666666,1.352624566011697,411.93173333333334,412.5971333333333,12.038891758953822,0.5425368075238315,18.593832056481897
20250826 plate4 E01,20250826,plate4,E01,E,1,triploid,hnry,22.19,3,3.1980555555555554,1034.24,51.19815,1.4635601090832528,983.0418500000001,983.70725,28.694397090551668,1.293122897275875,44.33110635421361
20250826 plate4 E01,20250826,plate4,E01,E,1,triploid,hnry,22.19,4,4.115555555555556,1077.51,53.68265,1.5346783552967107,1023.82735,1024.4927500000001,29.88501191212538,1.3467783646744198,46.16911897251014
20250826 plate4 E03,20250826,plate4,E03,E,3,triploid,hnry,29.73,0,0,34.6979,34.9595,1,-0.2616000000000014,0,0,0,0
20250826 plate4 E03,20250826,plate4,E03,E,3,triploid,hnry,29.73,1,1.1875,377.148,41.956900000000005,1.1998841656629016,335.1911,335.4527,9.669592085061208,0.3252469587978879,11.28330642448705
20250826 plate4 E03,20250826,plate4,E03,E,3,triploid,hnry,29.73,2,2.189722222222222,334.646,47.318266666666666,1.352624566011697,287.32773333333336,287.58933333333334,8.29193605581268,0.27890804089514565,9.673371454198902
20250826 plate4 E03,20250826,plate4,E03,E,3,triploid,hnry,29.73,3,3.1980555555555554,564.417,51.19815,1.4635601090832528,513.21885,513.48045,14.803043921708237,0.4979160417661701,17.271458123107973
20250826 plate4 E03,20250826,plate4,E03,E,3,triploid,hnry,29.73,4,4.115555555555556,544.263,53.68265,1.5346783552967107,490.58035,490.84195,14.15108360724281,0.47598666691028624,16.50998822737975
20250826 plate4 E04,20250826,plate4,E04,E,4,diploid,hnry,18.27,0,0,32.8392,34.9595,1,-2.1203000000000003,0,0,0,0
20250826 plate4 E04,20250826,plate4,E04,E,4,diploid,hnry,18.27,1,1.1875,395.374,41.956900000000005,1.1998841656629016,353.4171,355.5374,10.839812294665,0.5933121124611385,19.460175150519976
20250826 plate4 E04,20250826,plate4,E04,E,4,diploid,hnry,18.27,2,2.189722222222222,506.005,47.318266666666666,1.352624566011697,458.68673333333334,460.8070333333333,14.055942025135469,0.7693454857764351,25.222059843094325
20250826 plate4 E04,20250826,plate4,E04,E,4,diploid,hnry,18.27,3,3.1980555555555554,810.451,51.19815,1.4635601090832528,759.2528500000001,761.3731500000001,23.21581697683845,1.2707070047530624,41.67340722495896
20250826 plate4 E04,20250826,plate4,E04,E,4,diploid,hnry,18.27,4,4.115555555555556,983.121,53.68265,1.5346783552967107,929.43835,931.5586500000001,28.402743993603387,1.554611056026458,50.98843185550083
20250826 plate4 E05,20250826,plate4,E05,E,5,triploid,hnry,29.37,0,0,33.361,34.9595,1,-1.5985000000000014,0,0,0,0
20250826 plate4 E05,20250826,plate4,E05,E,5,triploid,hnry,29.37,1,1.1875,659.058,41.956900000000005,1.1998841656629016,617.1011,618.6995999999999,18.55545889959294,0.6317827340685372,21.06569969356486
20250826 plate4 E05,20250826,plate4,E05,E,5,triploid,hnry,29.37,2,2.189722222222222,662.643,47.318266666666666,1.352624566011697,615.3247333333334,616.9232333333334,18.510179306773892,0.6302410387052738,21.005217341958918
20250826 plate4 E05,20250826,plate4,E05,E,5,triploid,hnry,29.37,3,3.1980555555555554,1438.72,51.19815,1.4635601090832528,1387.52185,1389.1203500000001,41.66224547228422,1.4185306595942873,47.29725400068097
20250826 plate4 E05,20250826,plate4,E05,E,5,triploid,hnry,29.37,4,4.115555555555556,1359.21,53.68265,1.5346783552967107,1305.52735,1307.1258500000001,39.20780538320034,1.3349610276881285,44.50547667688117
20250826 plate4 E06,20250826,plate4,E06,E,6,diploid,hnry,22.53,0,0,32.3339,34.9595,1,-2.6255999999999986,0,0,0,0
20250826 plate4 E06,20250826,plate4,E06,E,6,diploid,hnry,22.53,1,1.1875,700.313,41.956900000000005,1.1998841656629016,658.3561,660.9816999999999,20.458901195830762,0.9080737326156574,29.33784731469152
20250826 plate4 E06,20250826,plate4,E06,E,6,diploid,hnry,22.53,2,2.189722222222222,1006.49,47.318266666666666,1.352624566011697,959.17173333333335,961.7973333333333,29.775386592555627,1.3215883973615457,42.689628643290426
20250826 plate4 E06,20250826,plate4,E06,E,6,diploid,hnry,22.53,3,3.1980555555555554,1670.79,51.19815,1.4635601090832528,1619.59185,1622.21745,50.20945180720275,2.2285597783933753,72.0025499334221
20250826 plate4 E06,20250826,plate4,E06,E,6,diploid,hnry,22.53,4,4.115555555555556,1495.69,53.68265,1.5346783552967107,1442.00735,1444.6329500000002,44.72296455199254,1.985040592631715,64.12041500221926
20250826 plate4 E07,20250826,plate4,E07,E,7,triploid,hnry,25.14,0,0,32.5792,34.9595,1,-2.3802999999999983,0,0,0,0
20250826 plate4 E07,20250826,plate4,E07,E,7,triploid,hnry,25.14,1,1.1875,696.088,41.956900000000005,1.1998841656629016,654.1311,656.5114,20.166140782770455,0.8021535713114739,26.114216388225934
20250826 plate4 E07,20250826,plate4,E07,E,7,triploid,hnry,25.14,2,2.189722222222222,1061.44,47.318266666666666,1.352624566011697,1014.1217333333334,1016.5020333333334,31.227672064967578,1.242150837906427,40.4336528772209
20250826 plate4 E07,20250826,plate4,E07,E,7,triploid,hnry,25.14,3,3.1980555555555554,1147.77,51.19815,1.4635601090832528,1096.57185,1098.95215,33.7665867330737,1.343141874823934,43.71329156722355
20250826 plate4 E07,20250826,plate4,E07,E,7,triploid,hnry,25.14,4,4.115555555555556,1166.23,53.68265,1.5346783552967107,1112.54735,1114.92765,34.262087679473936,1.3628515385630047,44.34875298329356
20250826 plate4 E08,20250826,plate4,E08,E,8,diploid,hnry,21.21,0,0,32.5629,34.9595,1,-2.3965999999999994,0,0,0,0
20250826 plate4 E08,20250826,plate4,E08,E,8,diploid,hnry,21.21,1,1.1875,698.138,41.956900000000005,1.1998841656629016,656.1811,658.5777,20.239791047539857,0.9542570036558159,31.05033946251768
20250826 plate4 E08,20250826,plate4,E08,E,8,diploid,hnry,21.21,2,2.189722222222222,1050.22,47.318266666666666,1.352624566011697,1002.9017333333334,1005.2983333333334,30.899416867644398,1.4568324784367939,47.3973754518309
20250826 plate4 E08,20250826,plate4,E08,E,8,diploid,hnry,21.21,3,3.1980555555555554,1514.99,51.19815,1.4635601090832528,1463.79185,1466.18845,45.061472980721405,2.124539037280594,69.12722536539368
20250826 plate4 E08,20250826,plate4,E08,E,8,diploid,hnry,21.21,4,4.115555555555556,1359.65,53.68265,1.5346783552967107,1305.9673500000001,1308.3639500000002,40.21989510099865,1.8962703960866878,61.686183404054695
20250826 plate4 F01,20250826,plate4,F01,F,1,triploid,hnry,23.79,0,0,34.565,34.9595,1,-0.39450000000000074,0,0,0,0
20250826 plate4 F01,20250826,plate4,F01,F,1,triploid,hnry,23.79,1,1.1875,511.354,41.956900000000005,1.1998841656629016,469.39709999999997,469.79159999999996,13.594098186427365,0.571420688794761,19.747440100882724
20250826 plate4 F01,20250826,plate4,F01,F,1,triploid,hnry,23.79,2,2.189722222222222,582.808,47.318266666666666,1.352624566011697,535.4897333333333,535.8842333333333,15.508593429070034,0.6518954783131582,22.52560879921536
20250826 plate4 F01,20250826,plate4,F01,F,1,triploid,hnry,23.79,3,3.1980555555555554,755.094,51.19815,1.4635601090832528,703.8958500000001,704.2903500000001,20.382064077232386,0.8567492256087594,29.60447036569988
20250826 plate4 F01,20250826,plate4,F01,F,1,triploid,hnry,23.79,4,4.115555555555556,764.527,53.68265,1.5346783552967107,710.8443500000001,711.2388500000001,20.58385194992534,0.8652312715395267,29.896546868432118
20250826 plate4 F03,20250826,plate4,F03,F,3,triploid,hnry,32.22,0,0,34.5541,34.9595,1,-0.4054000000000002,0,0,0,0
20250826 plate4 F03,20250826,plate4,F03,F,3,triploid,hnry,32.22,1,1.1875,563.467,41.956900000000005,1.1998841656629016,521.5101,521.9155,15.10692168371532,0.46886783624194045,16.198494723774054
20250826 plate4 F03,20250826,plate4,F03,F,3,triploid,hnry,32.22,2,2.189722222222222,1279.55,47.318266666666666,1.352624566011697,1232.2317333333333,1232.6371333333334,35.677713367836965,1.1073157469843875,38.25689426857025
20250826 plate4 F03,20250826,plate4,F03,F,3,triploid,hnry,32.22,3,3.1980555555555554,1915.09,51.19815,1.4635601090832528,1863.89185,1864.29725,53.95938535903775,1.6747171123227111,57.8614913097455
20250826 plate4 F03,20250826,plate4,F03,F,3,triploid,hnry,32.22,4,4.115555555555556,1825.37,53.68265,1.5346783552967107,1771.68735,1772.09275,51.29175902840016,1.5919229990192476,54.99977498448169
20250826 plate4 F04,20250826,plate4,F04,F,4,diploid,hnry,26.21,0,0,34.1905,34.9595,1,-0.7689999999999984,0,0,0,0
20250826 plate4 F04,20250826,plate4,F04,F,4,diploid,hnry,26.21,1,1.1875,461.227,41.956900000000005,1.1998841656629016,419.27009999999996,420.03909999999996,12.290032624088637,0.4689062428114703,16.025909958031285
20250826 plate4 F04,20250826,plate4,F04,F,4,diploid,hnry,26.21,2,2.189722222222222,709.253,47.318266666666666,1.352624566011697,661.9347333333334,662.7037333333334,19.391529511875436,0.739852327809059,25.284385094747552
20250826 plate4 F04,20250826,plate4,F04,F,4,diploid,hnry,26.21,3,3.1980555555555554,793.27,51.19815,1.4635601090832528,742.07185,742.84085,21.73791398459774,0.829374818183813,28.341886684471575
20250826 plate4 F04,20250826,plate4,F04,F,4,diploid,hnry,26.21,4,4.115555555555556,838.789,53.68265,1.5346783552967107,785.10635,785.87535,22.998130465867064,0.8774563321582245,29.983798168637925
20250826 plate4 F05,20250826,plate4,F05,F,5,triploid,hnry,24.23,0,0,34.4319,34.9595,1,-0.5275999999999996,0,0,0,0
20250826 plate4 F05,20250826,plate4,F05,F,5,triploid,hnry,24.23,1,1.1875,400.206,41.956900000000005,1.1998841656629016,358.2491,358.7767,10.423232769504779,0.4301788183864952,14.807127527858027
20250826 plate4 F05,20250826,plate4,F05,F,5,triploid,hnry,24.23,2,2.189722222222222,437.665,47.318266666666666,1.352624566011697,390.34673333333336,390.87433333333337,11.358407935825264,0.4687745743221322,16.131833814830102
20250826 plate4 F05,20250826,plate4,F05,F,5,triploid,hnry,24.23,3,3.1980555555555554,832.405,51.19815,1.4635601090832528,781.20685,781.73445,22.711841190293196,0.9373438378164752,32.26308089145687
20250826 plate4 F05,20250826,plate4,F05,F,5,triploid,hnry,24.23,4,4.115555555555556,852.45,53.68265,1.5346783552967107,798.7673500000001,799.2949500000001,23.222886577222262,0.9584352693859786,32.98782294676022
20250826 plate4 F06,20250826,plate4,F06,F,6,diploid,hnry,22.6,0,0,32.6185,34.9595,1,-2.341000000000001,0,0,0,0
20250826 plate4 F06,20250826,plate4,F06,F,6,diploid,hnry,22.6,1,1.1875,628.956,41.956900000000005,1.1998841656629016,586.9991,589.3401,18.08230232359933,0.8001018727256339,26.076995575221236
20250826 plate4 F06,20250826,plate4,F06,F,6,diploid,hnry,22.6,2,2.189722222222222,1100.33,47.318266666666666,1.352624566011697,1053.0117333333333,1055.3527333333332,32.380686285192375,1.432773729433291,46.697023598820046
20250826 plate4 F06,20250826,plate4,F06,F,6,diploid,hnry,22.6,3,3.1980555555555554,1117.15,51.19815,1.4635601090832528,1065.9518500000001,1068.29285,32.78540903419434,1.4506818156723158,47.26959513274336
20250826 plate4 F06,20250826,plate4,F06,F,6,diploid,hnry,22.6,4,4.115555555555556,1244.47,53.68265,1.5346783552967107,1190.78735,1193.12835,36.61759719385485,1.6202476634449048,52.79328982300884
20250826 plate4 F08,20250826,plate4,F08,F,8,diploid,hnry,22.06,0,0,34.5485,34.9595,1,-0.41100000000000136,0,0,0,0
20250826 plate4 F08,20250826,plate4,F08,F,8,diploid,hnry,22.06,1,1.1875,435.813,41.956900000000005,1.1998841656629016,393.85609999999997,394.26709999999997,11.414643237842316,0.5174362301832419,17.872488667271078
20250826 plate4 F08,20250826,plate4,F08,F,8,diploid,hnry,22.06,2,2.189722222222222,962.728,47.318266666666666,1.352624566011697,915.4097333333333,915.8207333333332,26.513360932635134,1.2018749289499155,41.51499244484739
20250826 plate4 F08,20250826,plate4,F08,F,8,diploid,hnry,22.06,3,3.1980555555555554,946.337,51.19815,1.4635601090832528,895.13885,895.5498500000001,25.92799089891999,1.1753395693073432,40.59609474161379
20250826 plate4 F08,20250826,plate4,F08,F,8,diploid,hnry,22.06,4,4.115555555555556,954.062,53.68265,1.5346783552967107,900.37935,900.79035,26.080471361767707,1.182251648312226,40.83365140525839
