trace_id,family_id_group,phenotype,value_metric,baseline_value,final_value,peak_value,trough_value,time_to_peak,time_to_trough,auc_total,auc_early,auc_late,delta_auc_late_minus_early,late_early_auc_ratio,initial_slope,vmax,time_to_vmax,min_slope,time_to_min_slope,inflection_time,metabolic_scope,final_delta,depression_abs,metabolic_depression_index,resilience_ratio,stability_cv,trajectory_class,n_timepoints
20250701 plate1 A02,48,low-salinity,corrected_fc,0,6.212643324814706,6.4128113733162495,0,3,0,22.18610364806639,9.488683305513813,12.697420342552576,3.2087370370387625,1.3381646255570765,6.31039599868484,6.31039599868484,0.5,-0.2001680485015438,3.5,1.5,6.4128113733162495,6.212643324814706,0.2001680485015438,0.031213774559851293,0.9687862254401487,0.5592051122767542,rise_then_depress,5
20250701 plate1 A04,78,low-salinity,corrected_fc,0,7.01455241739349,7.01455241739349,0,4,0,19.508933518018857,6.883210939345204,12.625722578673653,5.742511639328448,1.8342780266261505,4.478040430917283,4.478040430917283,0.5,0.3012765558445052,3.5,1.5,7.01455241739349,7.01455241739349,0,0,1,0.60976893246776,monotonic_increase,5
20250701 plate1 A05,39,high-salinity,corrected_fc,0,2.8462493469623134,2.8462493469623134,0,4,0,8.671149658980381,3.3329341732106768,5.338215485769704,2.0052813125590276,1.6016564409453378,2.1561665335874944,2.1561665335874944,0.5,0.10792617429694751,3.5,1.5,2.8462493469623134,2.8462493469623134,0,0,1,0.5759935810925888,monotonic_increase,5
20250701 plate1 A06,2,high-salinity,corrected_fc,0,6.638942259235005,6.885976467457284,0,3,0,17.4114979093629,5.2698742775377525,12.141623631825151,6.871749354287399,2.3039683666795354,3.333698242787388,3.333698242787388,0.5,-0.24703420822227873,3.5,3.5,6.885976467457284,6.638942259235005,0.24703420822227873,0.03587497131158489,0.9641250286884151,0.6783934372300896,rise_then_depress,5
20250701 plate1 B02,48,low-salinity,corrected_fc,0,6.652542122936834,6.652542122936834,0,4,0,23.040569377455462,9.7974218218157,13.243147555639766,3.445725733824066,1.3516971910050404,6.489322046370193,6.489322046370193,0.5,-0.007422832165175031,2.5,1.5,6.652542122936834,6.652542122936834,0,0,1,0.5591381977700002,rise_then_depress,5
20250701 plate1 B04,78,low-salinity,corrected_fc,0,7.686964063016612,7.686964063016612,0,4,0,20.887087908014344,7.362530093668101,13.524557814346245,6.162027720678144,1.836944317005589,4.831726515792868,4.831726515792868,0.5,0.22988063995759855,1.5,1.5,7.686964063016612,7.686964063016612,0,0,1,0.6137474088901131,monotonic_increase,5
20250701 plate1 B05,39,high-salinity,corrected_fc,0,4.8573510902063095,4.8573510902063095,0,4,0,11.46195984975703,3.8549597166192626,7.607000133137768,3.752040416518505,1.9733021075013941,2.4250916567265075,2.4250916567265075,0.5,0.43464446305900184,1.5,1.5,4.8573510902063095,4.8573510902063095,0,0,1,0.6517565696003051,monotonic_increase,5
20250701 plate1 B06,2,high-salinity,corrected_fc,0,0.7888101993688007,0.7888101993688007,0,4,0,1.827036250553395,0.5094520061971848,1.3175842443562105,0.8081322381590257,2.5862774674131637,0.2691352467171723,0.2691352467171723,0.5,0.10594781417700316,3.5,3.5,0.7888101993688007,0.7888101993688007,0,0,1,0.7162013440298882,monotonic_increase,5
20250701 plate1 C03,49,low-salinity,corrected_fc,0,5.086764613213869,5.086764613213869,0,4,0,10.827666251619439,3.4990883159832267,7.328577935636213,3.8294896196529864,2.09442496840121,2.2065549965245466,2.2065549965245466,0.5,0.37851164239281365,1.5,1.5,5.086764613213869,5.086764613213869,0,0,1,0.6962843581728825,monotonic_increase,5
20250701 plate1 C04,78,low-salinity,corrected_fc,0,7.593083608398779,7.593083608398779,0,4,0,17.025626400815995,4.988322119680526,12.037304281135471,7.048982161454945,2.41309682741707,3.1239783975748154,3.1239783975748154,0.5,0.6047090466366054,1.5,1.5,7.593083608398779,7.593083608398779,0,0,1,0.7129785207739212,monotonic_increase,5
20250701 plate1 C05,39,high-salinity,corrected_fc,0,2.8932205523265373,2.8932205523265373,0,4,0,4.870311055569851,1.1057081769080381,3.7646028786618126,2.6588947017537743,3.4046984161671032,0.4952543828723477,1.1856817438636837,3.5,0.48663122039147266,2.5,3.5,2.8932205523265373,2.8932205523265373,0,0,1,0.8886260530011664,monotonic_increase,5
20250701 plate1 C06,2,high-salinity,corrected_fc,0,2.727766806947733,2.727766806947733,0,4,0,8.508187793059058,3.320850152012814,5.187337641046244,1.86648748903343,1.5620511024570396,2.1250030893721594,2.1250030893721594,0.5,0.1001596320160103,3.5,1.5,2.727766806947733,2.727766806947733,0,0,1,0.5712961222946182,monotonic_increase,5
20250701 plate1 D02,48,low-salinity,corrected_fc,0,7.307424948528541,7.376740339878731,0,3,0,17.085484013480137,4.477376414002911,12.608107599477227,8.130731185474318,2.815958819107906,2.899721628668685,4.221430769210279,2.5,-0.06931539135019005,3.5,3.5,7.376740339878731,7.307424948528541,0.06931539135019005,0.009396479767014484,0.9906035202329855,0.7638793156482699,rise_then_depress,5
20250701 plate1 D04,78,low-salinity,corrected_fc,0,7.218205825174983,7.218205825174983,0,4,0,20.089519230199336,6.554006915593001,13.535512314606336,6.9815053990133356,2.0652270418578977,3.759212234506448,3.759212234506448,0.5,0.08659110424269034,3.5,1.5,7.218205825174983,7.218205825174983,0,0,1,0.6330595744672828,monotonic_increase,5
20250701 plate1 D05,39,high-salinity,corrected_fc,0,4.994494459548359,4.994494459548359,0,4,0,11.455985983101261,3.5478584333288383,7.9081275497724235,4.360269116443585,2.228986217568013,2.252737929195916,2.252737929195916,0.5,0.3375030790699278,1.5,1.5,4.994494459548359,4.994494459548359,0,0,1,0.6876505769511957,monotonic_increase,5
20250701 plate1 D06,2,high-salinity,corrected_fc,0,6.114052982052764,6.114052982052764,0,4,0,14.922703642495861,3.888185056719873,11.034518585775988,7.146333529056115,2.8379612659395543,1.8116649145346229,2.3413753698358777,1.5,0.213081029488408,3.5,3.5,6.114052982052764,6.114052982052764,0,0,1,0.7367946833216759,monotonic_increase,5
20250701 plate10 A02,37,high-salinity,corrected_fc,0,2.6093765865801646,2.6093765865801646,0,4,0,6.85070832848321,2.490299826812456,4.360408501670754,1.8701086748582982,1.750957236041737,1.5747862289910923,1.5747862289910923,0.5,0.25624096665163565,1.5,1.5,2.6093765865801646,2.6093765865801646,0,0,1,0.6069170118052983,monotonic_increase,5
20250701 plate10 A04,83,low-salinity,corrected_fc,0,1.365579839604045,1.365579839604045,0,4,0,3.319942891536183,0.9440295873076083,2.3759133042285745,1.4318837169209662,2.5167784317064976,0.5355988418545433,0.5355988418545433,0.5,0.08088720063055832,3.5,3.5,1.365579839604045,1.365579839604045,0,0,1,0.7024709643719902,monotonic_increase,5
20250701 plate10 A05,49,low-salinity,corrected_fc,0,3.873005522336612,3.87438462738586,0,3,0,11.068735298733298,3.845673132606879,7.223062166126419,3.37738903351954,1.878230914864597,2.4334983550346263,2.4334983550346263,0.5,-0.0013791050492479862,3.5,1.5,3.87438462738586,3.873005522336612,0.0013791050492479862,3.559546048938619e-4,0.9996440453951061,0.6103922804617044,rise_then_depress,5
20250701 plate10 A06,71,low-salinity,corrected_fc,0,5.959685571284209,5.959685571284209,0,4,0,16.0173234353755,4.716391207370964,11.300932228004536,6.584541020633572,2.396097297938939,2.3356680766664817,2.4257781847424824,1.5,0.019319259626259466,3.5,2.5,5.959685571284209,5.959685571284209,0,0,1,0.6806847075775618,monotonic_increase,5
20250701 plate10 B02,37,high-salinity,corrected_fc,0,3.684782892737061,3.684782892737061,0,4,0,10.975936437871997,4.175207256953799,6.8007291809182,2.625521923964401,1.6288363097644074,2.647288004477368,2.647288004477368,0.5,0.2543644106638232,3.5,1.5,3.684782892737061,3.684782892737061,0,0,1,0.5795399712709286,monotonic_increase,5
20250701 plate10 B03,31,high-salinity,corrected_fc,0,1.4216158007819557,1.4216158007819557,0,4,0,2.9793149420642706,0.6900326758664027,2.289282266197868,1.599249590331465,3.3176432743905244,0.2760732575042879,0.5518455792199417,1.5,0.2571008533371806,3.5,1.5,1.4216158007819557,1.4216158007819557,0,0,1,0.8059930644976084,monotonic_increase,5
20250701 plate10 B05,49,low-salinity,corrected_fc,0,6.5524734196932695,6.5524734196932695,0,4,0,16.13023419917011,4.755546086848039,11.37468811232207,6.619142025474032,2.391878430908274,2.9722731302912626,2.9722731302912626,0.5,0.23729497377460884,3.5,3.5,6.5524734196932695,6.5524734196932695,0,0,1,0.6943168440601543,monotonic_increase,5
20250701 plate10 C02,37,high-salinity,corrected_fc,0,4.092606125339711,4.092606125339711,0,4,0,12.630256518709919,4.874490269626296,7.7557662490836226,2.8812759794573264,1.5910927748509425,3.0969728740049867,3.0969728740049867,0.5,0.16066033454725304,3.5,1.5,4.092606125339711,4.092606125339711,0,0,1,0.5740940400313531,monotonic_increase,5
20250701 plate10 C04,83,low-salinity,corrected_fc,0,5.274220373338422,5.274220373338422,0,4,0,14.93083971415326,5.450130889602531,9.48070882455073,4.030577934948199,1.7395378233277885,3.562818622470157,3.562818622470157,0.5,0.2118059117945914,1.5,1.5,5.274220373338422,5.274220373338422,0,0,1,0.5969515670715472,monotonic_increase,5
20250701 plate10 C06,71,low-salinity,corrected_fc,0,7.207388343201288,7.207388343201288,0,4,0,15.457864464860542,4.127152148978099,11.330712315882444,7.203560166904345,2.745406979650115,2.6297114867448967,3.2346961575821958,2.5,0.3651698377215067,1.5,2.5,7.207388343201288,7.207388343201288,0,0,1,0.7644172771127957,monotonic_increase,5
20250701 plate10 D02,37,high-salinity,corrected_fc,0,5.088468732198055,5.088468732198055,0,4,0,12.986033427282905,4.385235336299643,8.600798090983261,4.215562754683618,1.9613082152714754,2.769595527456886,2.769595527456886,0.5,0.46168409022862766,1.5,1.5,5.088468732198055,5.088468732198055,0,0,1,0.6335238705813083,monotonic_increase,5
20250701 plate10 D03,31,high-salinity,corrected_fc,0,7.050138902515166,7.050138902515166,0,4,0,12.84443155798117,4.003627163756955,8.840804394224214,4.837177230467259,2.208198723961127,2.532225497923308,3.2058056253821823,3.5,0.41057783374398715,1.5,3.5,7.050138902515166,7.050138902515166,0,0,1,0.7781909931879266,monotonic_increase,5
20250701 plate10 D04,83,low-salinity,corrected_fc,0,4.407794385042365,4.407794385042365,0,4,0,12.82628144104098,4.768750654467338,8.057530786573642,3.2887801321063037,1.6896523576936013,3.012988864536431,3.012988864536431,0.5,0.30992258092081304,3.5,1.5,4.407794385042365,4.407794385042365,0,0,1,0.5868680838441114,monotonic_increase,5
20250701 plate10 D05,49,low-salinity,corrected_fc,0,4.311375371309755,4.311375371309755,0,4,0,11.926281855616661,4.390985725425777,7.535296130190885,3.1443104047651085,1.7160830395230258,2.807033973871345,2.807033973871345,0.5,0.3608695292375188,1.5,1.5,4.311375371309755,4.311375371309755,0,0,1,0.5954510213192283,monotonic_increase,5
20250701 plate10 D06,71,low-salinity,corrected_fc,0,3.631836273367042,3.631836273367042,0,4,0,9.06194255221769,3.0978613341803274,5.964081218037364,2.866219883857037,1.9252253650712288,1.9530071058800365,1.9530071058800365,0.5,0.3367013507205454,1.5,1.5,3.631836273367042,3.631836273367042,0,0,1,0.6336464631044042,monotonic_increase,5
20250701 plate11 A03,42,high-salinity,corrected_fc,0,4.921756682947775,4.921756682947775,0,4,0,12.66255716730517,4.133415717672161,8.52914144963301,4.395725731960848,2.0634608353491273,2.631987311759846,2.631987311759846,0.5,0.3549219807009676,3.5,1.5,4.921756682947775,4.921756682947775,0,0,1,0.6461874678720815,monotonic_increase,5
20250701 plate11 A04,43,high-salinity,corrected_fc,0,1.626584492789838,1.626584492789838,0,4,0,4.780214348726997,1.7560040200769476,3.0242103286500486,1.268206308573101,1.7222115063936634,1.0926702839370053,1.0926702839370053,0.5,0.07900014667465038,3.5,1.5,1.626584492789838,1.626584492789838,0,0,1,0.5891067951584282,monotonic_increase,5
20250701 plate11 B03,42,high-salinity,corrected_fc,0,6.703769198305371,7.073842703718161,0,3,0,22.826926429379185,9.228440227856225,13.59848620152296,4.370045973666734,1.4735411256688498,6.055681329204113,6.055681329204113,0.5,-0.3700735054127904,3.5,1.5,7.073842703718161,6.703769198305371,0.3700735054127904,0.05231576682052485,0.9476842331794751,0.5637613710989122,rise_then_depress,5
20250701 plate11 B04,43,high-salinity,corrected_fc,0,2.54183712461449,2.54183712461449,0,4,0,7.759590993941691,2.9994514430473602,4.760139550894331,1.7606881078469705,1.5870033708757625,1.904683866060584,1.904683866060584,0.5,0.14738371301418018,3.5,1.5,2.54183712461449,2.54183712461449,0,0,1,0.5744804071958297,monotonic_increase,5
20250701 plate11 B06,71,low-salinity,corrected_fc,0,5.38180701869446,5.38180701869446,0,4,0,13.331815469007086,4.689195840601547,8.64261962840554,3.9534237878039935,1.8430920614518063,3.027993850845516,3.027993850845516,0.5,0.2944101286665446,1.5,1.5,5.38180701869446,5.38180701869446,0,0,1,0.6286604559043913,monotonic_increase,5
20250701 plate11 C03,42,high-salinity,corrected_fc,0,4.992632419613813,4.992632419613813,0,4,0,15.94398352047698,6.415816940433058,9.528166580043921,3.112349639610863,1.485105742340707,4.2295787562259886,4.2295787562259886,0.5,0.14289761218815134,1.5,1.5,4.992632419613813,4.992632419613813,0,0,1,0.5656042694859622,monotonic_increase,5
20250701 plate11 C04,43,high-salinity,corrected_fc,0,2.647317874245888,2.647317874245888,0,4,0,7.7134616938368925,2.8094962660192193,4.903965427817674,2.0944691617984548,1.7454963322539354,1.740621427888703,1.740621427888703,0.5,0.13588622168167452,3.5,1.5,2.647317874245888,2.647317874245888,0,0,1,0.5921195458964394,monotonic_increase,5
20250701 plate11 C06,71,low-salinity,corrected_fc,0,2.861423292802503,2.861423292802503,0,4,0,9.016210977799574,3.5046050464412195,5.511605931358353,2.007000884917134,1.5726753395379487,2.226067009487275,2.226067009487275,0.5,0.05906704479934488,3.5,1.5,2.861423292802503,2.861423292802503,0,0,1,0.571699293357371,monotonic_increase,5
20250701 plate11 D02,88,low-salinity,corrected_fc,0,8.172637515717177,8.172637515717177,0,4,0,22.181840775755582,6.844564602258153,15.337276173497427,8.492711571239274,2.2407964662116515,3.38471329508113,3.534989319272917,1.5,0.3815314072553617,3.5,2.5,8.172637515717177,8.172637515717177,0,0,1,0.6650400370822667,monotonic_increase,5
20250701 plate11 D03,42,high-salinity,corrected_fc,0,3.713598931046685,3.713598931046685,0,4,0,11.593761402052827,4.514593914471534,7.079167487581294,2.5645735731097608,1.5680629579748067,2.869966172730432,2.869966172730432,0.5,0.13585865072983427,3.5,1.5,3.713598931046685,3.713598931046685,0,0,1,0.5717734144979185,monotonic_increase,5
20250701 plate11 D04,43,high-salinity,corrected_fc,0,2.874151007255405,2.874151007255405,0,4,0,7.785590099908207,2.635657229470792,5.149932870437415,2.5142756409666234,1.9539463678558306,1.5720394410823877,1.5720394410823877,0.5,0.22491142883409632,3.5,1.5,2.874151007255405,2.874151007255405,0,0,1,0.62193832449680575,monotonic_increase,5
20250701 plate11 D06,71,low-salinity,corrected_fc,0,5.736805967695307,5.736805967695307,0,4,0,18.55238472641563,7.419452583224743,11.132932143190889,3.713479559966146,1.5005058686354114,4.791741344409384,4.791741344409384,0.5,0.0999880471674306,3.5,1.5,5.736805967695307,5.736805967695307,0,0,1,0.5657065272173383,monotonic_increase,5
20250701 plate12 A03,79,low-salinity,corrected_fc,0,5.067708723578186,5.067708723578186,0,4,0,13.505016689654347,4.898201763993137,8.606814925661212,3.708613161668075,1.757137688555467,3.1833953111445275,3.1833953111445275,0.5,0.2462175945526912,1.5,1.5,5.067708723578186,5.067708723578186,0,0,1,0.606144111522859,monotonic_increase,5
20250701 plate12 A04,47,low-salinity,corrected_fc,0,4.308073750400078,4.308073750400078,0,4,0,11.825675841748028,4.356800409955816,7.468875431792212,3.1120750218363966,1.7143028665543019,2.777444560470521,2.777444560470521,0.5,0.38126713850006766,1.5,1.5,4.308073750400078,4.308073750400078,0,0,1,0.5963004706249048,monotonic_increase,5
20250701 plate12 A06,76,low-salinity,corrected_fc,0,5.977298609280596,5.977298609280596,0,4,0,15.158048133821712,5.134972529301628,10.023075604520084,4.888103075218456,1.9519238997532191,3.2503548557945896,3.2503548557945896,0.5,0.5188804912194853,1.5,1.5,5.977298609280596,5.977298609280596,0,0,1,0.6337247826901654,monotonic_increase,5
20250701 plate12 B02,70,low-salinity,corrected_fc,0,8.360424991250504,8.360424991250504,0,4,0,18.094439105673157,5.751012631679224,12.343426473993931,6.592413842314707,2.1463048795964483,3.6887360613777034,3.6887360613777034,0.5,0.4358170792253375,1.5,1.5,8.360424991250504,8.360424991250504,0,0,1,0.69644483383264,monotonic_increase,5
20250701 plate12 B03,79,low-salinity,corrected_fc,0,4.762680168118839,4.762680168118839,0,4,0,14.661760802020506,5.617507028797118,9.044253773223389,3.4267467444262705,1.6100120083267688,3.559832176666116,3.559832176666116,0.5,0.157441331085872,3.5,1.5,4.762680168118839,4.762680168118839,0,0,1,0.575760608539964,monotonic_increase,5
20250701 plate12 B04,47,low-salinity,corrected_fc,0,5.937837252356325,5.939607332821053,0,3,0,15.935048787652683,5.202148432588006,10.732900355064677,5.5307519224766715,2.063166880789134,3.377774036522545,3.377774036522545,0.5,-0.001770080464727819,3.5,1.5,5.939607332821053,5.937837252356325,0.001770080464727819,2.980130445571237e-4,0.9997019869554429,0.6450035917225497,rise_then_depress,5
20250701 plate12 B05,77,low-salinity,corrected_fc,0,8.333023067792045,8.333023067792045,0,4,0,17.180316908505432,5.564638103794093,11.61567880471134,6.051040700917247,2.087409565195536,3.5678548848779754,3.5678548848779754,0.5,0.42571155295425944,1.5,1.5,8.333023067792045,8.333023067792045,0,0,1,0.7095614717636486,monotonic_increase,5
20250701 plate12 B06,76,low-salinity,corrected_fc,0,4.55404837276244,4.55404837276244,0,4,0,14.48079043918978,5.693228073936714,8.787562365253066,3.0943342913163523,1.5435113877629538,3.671528218051983,3.671528218051983,0.5,0.06521004977532652,3.5,1.5,4.55404837276244,4.55404837276244,0,0,1,0.5691204765189841,monotonic_increase,5
20250701 plate12 C02,70,low-salinity,corrected_fc,0,5.634120934279331,5.634120934279331,0,4,0,12.272112095818239,3.334711982770007,8.93740011304823,5.602688130278223,2.680111553629379,2.064501342499492,2.3097077250970197,2.5,0.4759199380415393,1.5,2.5,5.634120934279331,5.634120934279331,0,0,1,0.7491736316438534,monotonic_increase,5
20250701 plate12 C03,79,low-salinity,corrected_fc,0,6.887988775005047,6.887988775005047,0,4,0,15.5874790778868,4.830124372048937,10.757354705837862,5.927230333788925,2.227138242669018,3.0269183183950004,3.0269183183950004,0.5,0.5794937889128735,1.5,1.5,6.887988775005047,6.887988775005047,0,0,1,0.6893058976243975,monotonic_increase,5
20250701 plate12 C04,47,low-salinity,corrected_fc,0,6.060012640362528,6.060012640362528,0,4,0,15.937202373699183,5.896013996537529,10.041188377161653,4.145174380624124,1.7030469030532158,3.760266710531677,3.760266710531677,0.5,0.5112278614800254,1.5,1.5,6.060012640362528,6.060012640362528,0,0,1,0.6029749720524673,monotonic_increase,5
20250701 plate12 C05,77,low-salinity,corrected_fc,0,6.121793482755488,6.121793482755488,0,4,0,15.489963422756354,5.3070610041260915,10.182902418630263,4.875841414504172,1.9187460650468011,3.459053490701232,3.459053490701232,0.5,0.23696153614848736,1.5,1.5,6.121793482755488,6.121793482755488,0,0,1,0.6333953533248695,monotonic_increase,5
20250701 plate12 C06,76,low-salinity,corrected_fc,0,5.539775519200729,5.539775519200729,0,4,0,17.502444482310292,6.873903120818332,10.628541361491958,3.7546382406736267,1.5462163453107616,4.409900311720727,4.409900311720727,0.5,0.14512472640673924,3.5,1.5,5.539775519200729,5.539775519200729,0,0,1,0.569554351624984,monotonic_increase,5
20250701 plate12 D02,70,low-salinity,corrected_fc,0,2.581293027702133,2.581293027702133,0,4,0,3.953859282437975,0.8663626106756075,3.0874966717623673,2.22113406108676,3.563746442560204,0.46948139037668646,1.181324090089753,3.5,0.3242810502211556,1.5,3.5,2.581293027702133,2.581293027702133,0,0,1,0.9500946021357388,monotonic_increase,5
20250701 plate12 D03,79,low-salinity,corrected_fc,0,5.463990643055375,5.463990643055375,0,4,0,12.43683852384961,3.3304149352370267,9.106423588612584,5.776008653375557,2.7343210277684142,2.0733202825050348,2.6031443088889197,2.5,0.34665702870247106,3.5,3.5,5.463990643055375,5.463990643055375,0,0,1,0.7488216737454882,monotonic_increase,5
20250701 plate12 D04,47,low-salinity,corrected_fc,0,6.249668966108468,6.249668966108468,0,4,0,16.267222830157664,5.612702561454331,10.654520268703331,5.041817707249001,1.8982869931277089,3.608258419184599,3.608258419184599,0.5,0.40062986535486367,1.5,1.5,6.249668966108468,6.249668966108468,0,0,1,0.6245178486986807,monotonic_increase,5
20250701 plate12 D06,76,low-salinity,corrected_fc,0,3.702967868754404,3.702967868754404,0,4,0,11.657258734805925,4.537670090009553,7.119588644796373,2.58191855478682,1.5689965342503303,2.875188591483858,2.875188591483858,0.5,0.09734465686092797,3.5,1.5,3.702967868754404,3.702967868754404,0,0,1,0.5715299529313915,monotonic_increase,5
20250701 plate13 A02,24,high-salinity,corrected_fc,0,7.687482821044711,7.702918661058537,0,3,0,18.380072424023822,5.045521986707578,13.334550437316242,8.289028450608665,2.642848544203375,3.257631620972228,4.127137929587837,2.5,-0.015435840013826585,3.5,3.5,7.702918661058537,7.687482821044711,0.015435840013826585,0.0020038949770898123,0.9979961050229101,0.7380975149975103,rise_then_depress,5
20250701 plate13 A03,5,high-salinity,corrected_fc,0,5.977199051181883,6.1331404662429785,0,3,0,17.762310079768007,6.114284609511999,11.648025470256007,5.533740860744008,1.9050512388865841,3.587999131089912,3.587999131089912,0.5,-0.15594141506109516,3.5,1.5,6.1331404662429785,5.977199051181883,0.15594141506109516,0.025426030256342932,0.9745739697436571,0.6098603720738847,rise_then_depress,5
20250701 plate13 A04,20,high-salinity,corrected_fc,0,4.627755319346902,4.627755319346902,0,4,0,9.653079074070433,2.594201952879655,7.058877121190779,4.464675168311124,2.7210206643145796,1.6400159053428989,1.8824413189070601,2.5,0.26835618973061304,1.5,2.5,4.627755319346902,4.627755319346902,0,0,1,0.7669054126115563,monotonic_increase,5
20250701 plate13 A05,88,low-salinity,corrected_fc,0,6.765030177961681,6.765030177961681,0,4,0,16.67482955465583,5.039676440574483,11.635153114081348,6.595476673506865,2.3087103410859116,2.5860286097780203,2.5860286097780203,0.5,0.8916945327111208,2.5,2.5,6.765030177961681,6.765030177961681,0,0,1,0.6793148660765161,monotonic_increase,5
20250701 plate13 B02,24,high-salinity,corrected_fc,0,4.610664496782987,4.610664496782987,0,4,0,11.554189221940252,4.267727207818327,7.286462014121924,3.0187348063035975,1.707340150695054,2.7750921604915213,2.7750921604915213,0.5,0.21017793416209019,1.5,1.5,4.610664496782987,4.610664496782987,0,0,1,0.6149797044928565,monotonic_increase,5
20250701 plate13 B03,5,high-salinity,corrected_fc,0,4.444089629476641,4.444089629476641,0,4,0,10.901231381162795,3.8836197127967456,7.01761166836605,3.1339919555693045,1.8069770439269903,2.422812001472169,2.422812001472169,0.5,0.41314371965399976,2.5,1.5,4.444089629476641,4.444089629476641,0,0,1,0.6269872146911017,monotonic_increase,5
20250701 plate13 B05,88,low-salinity,corrected_fc,0,4.294330940302847,4.294330940302847,0,4,0,10.042807677405198,3.680860378225458,6.3619472991797394,2.6810869209542814,1.7283859330320028,2.363869510164838,2.363869510164838,0.5,0.26380922484645764,2.5,1.5,4.294330940302847,4.294330940302847,0,0,1,0.6369290945976079,monotonic_increase,5
20250701 plate13 B06,54,low-salinity,corrected_fc,0,9.941187108341849,9.941187108341849,0,4,0,25.184674612066473,7.6929263658625935,17.49174824620388,9.798821880341286,2.273744400287466,4.377326227893392,4.377326227893392,0.5,0.7356325542780944,3.5,1.5,9.941187108341849,9.941187108341849,0,0,1,0.6675475939957181,monotonic_increase,5
20250701 plate13 C02,24,high-salinity,corrected_fc,0,4.795883803381043,4.795883803381043,0,4,0,11.234366888446974,3.8364200427139625,7.397946845733013,3.56152680301905,1.9283464175887144,2.421479828761632,2.421479828761632,0.5,0.4084005991430302,1.5,1.5,4.795883803381043,4.795883803381043,0,0,1,0.6498508780400453,monotonic_increase,5
20250701 plate13 C03,5,high-salinity,corrected_fc,0,8.00612715175774,8.00612715175774,0,4,0,16.867819591385576,4.996228808819234,11.871590782566344,6.8753619737471094,2.376110309762209,3.243240765374087,3.243240765374087,0.5,0.26273532151620804,1.5,1.5,8.00612715175774,8.00612715175774,0,0,1,0.7304828711969755,monotonic_increase,5
20250701 plate13 C04,20,high-salinity,corrected_fc,0,4.398675282972752,4.398675282972752,0,4,0,9.484258623203267,3.74526039873584,5.738998224467428,1.9937378257315883,1.53233623659507,2.6203745439200463,2.6203745439200463,0.5,-0.3706028342884595,1.5,1.5,4.398675282972752,4.398675282972752,0,0,1,0.6700545016352994,rise_then_depress,5
20250701 plate13 C06,54,low-salinity,corrected_fc,0,5.592736608531344,5.64118207742889,0,3,0,16.06173075986885,5.445648363782406,10.616082396086446,5.17043403230404,1.9494616043685917,3.267116349390521,3.267116349390521,0.5,-0.04844546889754575,3.5,1.5,5.64118207742889,5.592736608531344,0.04844546889754575,0.008587822238779073,0.9914121777612209,0.6166115481631833,rise_then_depress,5
20250701 plate13 D02,24,high-salinity,corrected_fc,0,4.8726165465807,4.8726165465807,0,4,0,13.652886889905954,5.255315062172867,8.397571827733088,3.142256765560221,1.597919768536393,3.36261183097462,3.36261183097462,0.5,0.28315386084799554,2.5,1.5,4.8726165465807,4.8726165465807,0,0,1,0.5846973287598208,monotonic_increase,5
20250701 plate13 D04,20,high-salinity,corrected_fc,0,3.458082586035119,3.624974641739216,0,3,0,10.961620301147208,4.202819838730353,6.758800462416856,2.5559806236865033,1.60815850352002,2.798035311070272,2.798035311070272,0.5,-0.1668920557040967,3.5,1.5,3.624974641739216,3.458082586035119,0.1668920557040967,0.04603950984441206,0.9539604901555879,0.578068706720664,rise_then_depress,5
20250701 plate13 D06,54,low-salinity,corrected_fc,0,5.830011027002515,5.830011027002515,0,4,0,15.824536971551176,5.055480958979882,10.769056012571294,5.713575053591412,2.130174379045495,2.8788551859827223,2.8788551859827223,0.5,0.1525863009296371,3.5,1.5,5.830011027002515,5.830011027002515,0,0,1,0.6429463585467995,monotonic_increase,5
20250701 plate14 A02,24,high-salinity,corrected_fc,0,5.964353418403995,6.377238572177665,0,3,0,16.27886002942546,5.127052279562347,11.151807749863114,6.024755470300766,2.1750914837199686,3.3346598110788976,3.3346598110788976,0.5,-0.4128851537736704,3.5,3.5,6.377238572177665,5.964353418403995,0.4128851537736704,0.06474356402079538,0.9352564359792046,0.6620321338822563,rise_then_depress,5
20250701 plate14 A03,85,low-salinity,corrected_fc,0,6.496656133863367,6.496656133863367,0,4,0,15.932184851398473,4.63460711288087,11.297577738517603,6.662970625636733,2.4376559788894454,2.974957220556051,3.0702999946114646,2.5,0.10705635460226581,3.5,3.5,6.496656133863367,6.496656133863367,0,0,1,0.7058065994199461,monotonic_increase,5
20250701 plate14 A04,79,low-salinity,corrected_fc,0,4.12902369915437,4.12902369915437,0,4,0,12.628664321009976,4.840567830739314,7.7880964902706635,2.9475286595313497,1.6089220857134783,3.124915051140063,3.124915051140063,0.5,0.1210918380601429,3.5,1.5,4.12902369915437,4.12902369915437,0,0,1,0.5763294232461397,monotonic_increase,5
20250701 plate14 A05,60,low-salinity,corrected_fc,0,2.749121252997722,2.749121252997722,0,4,0,8.513769217757567,3.285585736632421,5.228183481125145,1.9425977444927236,1.5912485322887358,2.08832745113428,2.08832745113428,0.5,0.09275668386957969,3.5,1.5,2.749121252997722,2.749121252997722,0,0,1,0.5739115286408104,monotonic_increase,5
20250701 plate14 A06,82,low-salinity,corrected_fc,0,5.453219394248139,5.880626244869455,0,3,0,16.592335574273438,5.9259937749118095,10.666341799361629,4.740348024449819,1.7999245703764455,3.866887917543705,3.866887917543705,0.5,-0.427406850621316,3.5,1.5,5.880626244869455,5.453219394248139,0.427406850621316,0.07268049912102585,0.9273195008789742,0.601254095289201,rise_then_depress,5
20250701 plate14 B02,24,high-salinity,corrected_fc,0,4.130783202087998,4.130783202087998,0,4,0,12.878612654896859,5.143384726298788,7.7352279285980705,2.591843202299282,1.5039178168117298,3.383527471814753,3.383527471814753,0.5,0.13618703715331737,1.5,1.5,4.130783202087998,4.130783202087998,0,0,1,0.5678864379451822,monotonic_increase,5
20250701 plate14 B04,79,low-salinity,corrected_fc,0,5.698387837361861,5.698387837361861,0,4,0,16.172195326190888,6.34059571034812,9.831599615842766,3.4910039054946456,1.5505797980144325,4.137231425432671,4.137231425432671,0.5,0.2694971443982288,1.5,1.5,5.698387837361861,5.698387837361861,0,0,1,0.5801476339456427,monotonic_increase,5
20250701 plate14 B05,60,low-salinity,corrected_fc,0,3.675969771915878,3.675969771915878,0,4,0,9.868468806579328,3.750670714035097,6.117798092544231,2.3671273785091334,1.6311210871301731,2.4082210408088804,2.4082210408088804,0.5,0.25246418690764116,2.5,1.5,3.675969771915878,3.675969771915878,0,0,1,0.5941679980485008,monotonic_increase,5
20250701 plate14 C02,24,high-salinity,corrected_fc,0,3.08831390783144,3.08831390783144,0,4,0,9.25851742751918,3.524049837669966,5.7344675898492135,2.2104177521792474,1.6272379375998647,2.2233762381591897,2.2233762381591897,0.5,0.19867687140872325,3.5,1.5,3.08831390783144,3.08831390783144,0,0,1,0.5789555450371612,monotonic_increase,5
20250701 plate14 D02,24,high-salinity,corrected_fc,0,5.770273120956989,5.770273120956989,0,4,0,17.98378144135391,6.766884302582169,11.216897138771742,4.450012836189573,1.6576162140811979,3.9942799343267192,3.9942799343267192,0.5,0.013947473526898513,2.5,1.5,5.770273120956989,5.770273120956989,0,0,1,0.5844435239680602,monotonic_increase,5
20250701 plate14 D03,85,low-salinity,corrected_fc,0,6.169328187350291,6.169328187350291,0,4,0,8.623126724913948,1.375977628334491,7.247149096579458,5.871171468244967,5.266909103276295,0.8060927832946914,2.576728029485778,3.5,0.33367690678490813,1.5,2.5,6.169328187350291,6.169328187350291,0,0,1,1.0783264216751234,monotonic_increase,5
20250701 plate14 D04,79,low-salinity,corrected_fc,0,4.032309037207612,4.032309037207612,0,4,0,12.113437899777653,4.6465230396998365,7.466914860077815,2.8203918203779788,1.6069897418522592,2.967790840869564,2.967790840869564,0.5,0.2602808945638757,3.5,1.5,4.032309037207612,4.032309037207612,0,0,1,0.577112509234527,monotonic_increase,5
20250701 plate14 D05,60,low-salinity,corrected_fc,0,5.9818360176316485,5.9818360176316485,0,4,0,10.33846568209703,1.37796987866957,8.96049580342746,7.582525924757889,6.502679007816063,0.7618494682866254,4.121216563462802,2.5,0.4703913524792639,1.5,2.5,5.9818360176316485,5.9818360176316485,0,0,1,1.044369680017712,monotonic_increase,5
20250701 plate15 A02,80,low-salinity,corrected_fc,0,5.10663668647666,5.10663668647666,0,4,0,12.633403068658163,4.650876579673562,7.982526488984602,3.3316499093110403,1.7163488112911576,2.98689320747538,2.98689320747538,0.5,0.3410735369209852,1.5,1.5,5.10663668647666,5.10663668647666,0,0,1,0.6186694213437325,monotonic_increase,5
20250701 plate15 A03,47,low-salinity,corrected_fc,0,4.7698652445993766,4.7698652445993766,0,4,0,12.248339045244638,4.519003089464624,7.729335955780013,3.2103328663153894,1.71040731833085,2.890499827365658,2.890499827365658,0.5,0.3665066968322739,1.5,1.5,4.7698652445993766,4.7698652445993766,0,0,1,0.6087421989728736,monotonic_increase,5
20250701 plate15 A04,88,low-salinity,corrected_fc,0,5.1745400332533285,5.1745400332533285,0,4,0,10.956605397940942,3.7741922209827976,7.1824131769581445,3.408220955975347,1.9030332204669342,2.3858106617176595,2.3858106617176595,0.5,0.3909524568126166,1.5,1.5,5.1745400332533285,5.1745400332533285,0,0,1,0.6850670193027516,monotonic_increase,5
20250701 plate15 A05,78,low-salinity,corrected_fc,0,6.584430284180657,6.584430284180657,0,4,0,16.741580750086676,5.275837324537026,11.465743425549649,6.189906101012623,2.1732556787193604,3.3873276285677294,3.3873276285677294,0.5,0.29941169669063417,3.5,1.5,6.584430284180657,6.584430284180657,0,0,1,0.6641484551021414,monotonic_increase,5
20250701 plate15 A06,26,high-salinity,corrected_fc,0,5.37848667030448,5.37848667030448,0,4,0,15.15519763130179,5.879361259589342,9.275836371712447,3.396475112123105,1.5776945763595311,3.7939370524136016,3.7939370524136016,0.5,0.33032041503298526,2.5,1.5,5.37848667030448,5.37848667030448,0,0,1,0.5826151504576814,monotonic_increase,5
20250701 plate15 B02,80,low-salinity,corrected_fc,0,7.182708696359644,7.182708696359644,0,4,0,17.54012163865256,6.424662589358652,11.115459049293909,4.690796459935257,1.730123394760801,4.21375285342127,4.21375285342127,0.5,0.2080666184534934,1.5,1.5,7.182708696359644,7.182708696359644,0,0,1,0.6240249151491818,monotonic_increase,5
20250701 plate15 B03,47,low-salinity,corrected_fc,0,4.546321226259581,4.546321226259581,0,4,0,12.896795983648698,4.520454321681199,8.376341661967498,3.8558873402862988,1.8529866836155218,2.5717529948077185,2.5717529948077185,0.5,0.25707706821726584,2.5,1.5,4.546321226259581,4.546321226259581,0,0,1,0.6101337080404691,monotonic_increase,5
20250701 plate15 B04,88,low-salinity,corrected_fc,0,4.849641998539448,4.849641998539448,0,4,0,11.424838554118054,4.108720284971412,7.316118269146642,3.2073979841752305,1.780631866303244,2.5992007962198675,2.5992007962198675,0.5,0.3627388036222854,2.5,1.5,4.849641998539448,4.849641998539448,0,0,1,0.6372605162375122,monotonic_increase,5
20250701 plate15 B06,26,high-salinity,corrected_fc,0,6.685216344570403,6.685216344570403,0,4,0,16.394207912197906,5.892292984804813,10.501914927393091,4.609621942588278,1.782313770628121,3.748525255910767,3.748525255910767,0.5,0.539010201877324,1.5,1.5,6.685216344570403,6.685216344570403,0,0,1,0.6253515967743217,monotonic_increase,5
20250701 plate15 C02,80,low-salinity,corrected_fc,0,7.376469000917643,7.376469000917643,0,4,0,18.649609518687765,6.15150890175084,12.498100616936924,6.346591715186084,2.0317130018912466,3.96148346190359,3.96148346190359,0.5,0.4185674177909102,1.5,1.5,7.376469000917643,7.376469000917643,0,0,1,0.645998077534825,monotonic_increase,5
20250701 plate15 C03,47,low-salinity,corrected_fc,0,3.6435675348555088,3.6435675348555088,0,4,0,10.958014046232682,4.195701246884052,6.76231279934863,2.566611552464577,1.6117240960305925,2.648243404882976,2.648243404882976,0.5,0.25049634493571027,3.5,1.5,3.6435675348555088,3.6435675348555088,0,0,1,0.5775157468734173,monotonic_increase,5
20250701 plate15 C05,78,low-salinity,corrected_fc,0,8.156216114978903,8.183201153399308,0,3,0,26.171972646078824,9.851075506983438,16.320897139095386,6.469821632111948,1.6567629724820894,5.791487578776812,5.791487578776812,0.5,-0.02698503842040445,3.5,1.5,8.183201153399308,8.156216114978903,0.02698503842040445,0.003297613967266935,0.9967023860327331,0.5840189197807627,rise_then_depress,5
20250701 plate15 C06,26,high-salinity,corrected_fc,0,3.2652525687972167,3.2652525687972167,0,4,0,7.226074279735315,2.5054629344233224,4.720611345311992,2.21514841088867,1.8841273923689181,1.5771243333249876,1.5771243333249876,0.5,0.2795528688716815,1.5,1.5,3.2652525687972167,3.2652525687972167,0,0,1,0.6657489780755211,monotonic_increase,5
20250701 plate15 D02,80,low-salinity,corrected_fc,0,3.3179010652816365,3.3179010652816365,0,4,0,8.978297173131503,3.4529191931373022,5.525377979994202,2.0724587868568998,1.6002048327617757,2.2168475753763883,2.2168475753763883,0.5,0.15821259407064003,2.5,1.5,3.3179010652816365,3.3179010652816365,0,0,1,0.590976428151583,monotonic_increase,5
20250701 plate15 D03,47,low-salinity,corrected_fc,0,3.3848468962537885,3.3848468962537885,0,4,0,10.322068291597438,3.9676621724802437,6.354406119117194,2.3867439466369507,1.6015491851074009,2.510606212957354,2.510606212957354,0.5,0.17992018478637828,3.5,1.5,3.3848468962537885,3.3848468962537885,0,0,1,0.5756894726100332,monotonic_increase,5
20250701 plate15 D04,88,low-salinity,corrected_fc,0,8.222967237179764,8.222967237179764,0,4,0,18.462769786625014,5.213543054523167,13.24922673210185,8.035683677578682,2.5413095458389057,3.3424454885069177,3.524450415463218,2.5,0.3997496435255812,1.5,2.5,8.222967237179764,8.222967237179764,0,0,1,0.7319097629561344,monotonic_increase,5
20250701 plate15 D06,26,high-salinity,corrected_fc,0,6.713559210183706,6.713559210183706,0,4,0,16.42490842532621,5.142025673629693,11.282882751696516,6.140857078066823,2.194248622592362,3.319257769277267,3.319257769277267,0.5,0.32627803942758504,1.5,1.5,6.713559210183706,6.713559210183706,0,0,1,0.673105203212223,monotonic_increase,5
20250701 plate16 A02,90,low-salinity,corrected_fc,0,4.753575058740993,4.753575058740993,0,4,0,10.664046664597056,3.27114845984896,7.392898204748096,4.121749744899136,2.260031391265394,2.0142675340222045,2.0142675340222045,0.5,0.49949431763130603,1.5,1.5,4.753575058740993,4.753575058740993,0,0,1,0.6936425556996593,monotonic_increase,5
20250701 plate16 A05,36,high-salinity,corrected_fc,0,3.7575276068174976,3.7575276068174976,0,4,0,9.73311025940485,3.7313170446572457,6.001793214747602,2.2704761700903564,1.6084918925185892,2.427163094866784,2.427163094866784,0.5,0.18114480471413952,1.5,1.5,3.7575276068174976,3.7575276068174976,0,0,1,0.6009960603998649,monotonic_increase,5
20250701 plate16 A06,42,high-salinity,corrected_fc,0,7.797457844442905,7.797457844442905,0,4,0,20.21126332058959,6.5209585333637,13.690304787225891,7.169346253862191,2.0994313515691125,4.190907901875202,4.190907901875202,0.5,0.3359326109269656,3.5,1.5,7.797457844442905,7.797457844442905,0,0,1,0.6516627216264107,monotonic_increase,5
20250701 plate16 B02,90,low-salinity,corrected_fc,0,5.795815598645969,5.795815598645969,0,4,0,8.389344606092848,0.860037215825318,7.52930739026753,6.669270174442212,8.754629743600312,0.3917975098601168,3.226680473048941,2.5,0.3917975098601168,0.5,2.5,5.795815598645969,5.795815598645969,0,0,1,1.1396123839097716,monotonic_increase,5
20250701 plate16 B03,12,high-salinity,corrected_fc,0,3.9876330002072673,3.9876330002072673,0,4,0,9.315355520158347,3.4386417976864365,5.87671372247191,2.438071924785474,1.7090217790134001,2.2157644016214326,2.2157644016214326,0.5,0.21426503417326526,2.5,1.5,3.9876330002072673,3.9876330002072673,0,0,1,0.6364355230084804,monotonic_increase,5
20250701 plate16 B04,55,low-salinity,corrected_fc,0,4.00586531232019,4.00586531232019,0,4,0,10.494417871171626,3.896871588986871,6.597546282184755,2.7006746931978842,1.6930366145064637,2.500151842355306,2.500151842355306,0.5,0.2932876509078235,1.5,1.5,4.00586531232019,4.00586531232019,0,0,1,0.6031466327604625,monotonic_increase,5
20250701 plate16 B05,36,high-salinity,corrected_fc,0,9.69152930172656,9.69152930172656,0,4,0,19.78741772527579,5.613486927938804,14.173930797336986,8.560443869398181,2.524977964550362,3.4740006417611045,3.4740006417611045,0.5,0.8049719305942937,1.5,1.5,9.69152930172656,9.69152930172656,0,0,1,0.7500753899112286,monotonic_increase,5
20250701 plate16 B06,42,high-salinity,corrected_fc,0,6.469984736261395,6.469984736261395,0,4,0,16.862562228277106,6.064204784338895,10.798357443938212,4.734152659599316,1.7806716342801445,3.916679205492832,3.916679205492832,0.5,0.3783719521992941,1.5,1.5,6.469984736261395,6.469984736261395,0,0,1,0.6119024927765074,monotonic_increase,5
20250701 plate16 C03,12,high-salinity,corrected_fc,0,3.650413360444877,3.650413360444877,0,4,0,11.292469104461304,4.403142435673768,6.889326668787536,2.486184233113768,1.5646386119538132,2.7665302525108224,2.7665302525108224,0.5,0.15428343907626196,2.5,1.5,3.650413360444877,3.650413360444877,0,0,1,0.5725833954527607,monotonic_increase,5
20250701 plate16 C05,36,high-salinity,corrected_fc,0,3.160939950607346,3.160939950607346,0,4,0,9.992379587340778,3.9341611017075664,6.05821848563321,2.124057383925644,1.5399009671982489,2.5115384982841733,2.5115384982841733,0.5,0.10581404370120184,3.5,1.5,3.160939950607346,3.160939950607346,0,0,1,0.5691869034871583,monotonic_increase,5
20250701 plate16 C06,42,high-salinity,corrected_fc,0,3.961164681747314,3.961164681747314,0,4,0,12.3966158746338,4.823978959659799,7.572636914974002,2.7486579553142025,1.5697906185536195,3.1093664273828114,3.1093664273828114,0.5,0.08372263992395768,3.5,1.5,3.961164681747314,3.961164681747314,0,0,1,0.5717761207760603,monotonic_increase,5
20250701 plate16 D02,90,low-salinity,corrected_fc,0,7.279503846118556,7.279503846118556,0,4,0,17.473761766596645,5.361093256971142,12.1126685096255,6.751575252654359,2.2593653810955714,3.364432020131539,3.364432020131539,0.5,0.6288904535476658,1.5,1.5,7.279503846118556,7.279503846118556,0,0,1,0.6806427063807572,monotonic_increase,5
20250701 plate16 D03,12,high-salinity,corrected_fc,0,2.603562690024603,2.603562690024603,0,4,0,7.794321088536099,3.005289263458508,4.789031825077591,1.7837425616190825,1.5935344006008723,1.9097940746160045,1.9097940746160045,0.5,0.2007649135377787,2.5,1.5,2.603562690024603,2.603562690024603,0,0,1,0.5764479345124288,monotonic_increase,5
20250701 plate16 D05,36,high-salinity,corrected_fc,0,5.840631711171961,5.840631711171961,0,4,0,14.578102032200583,4.468439842837924,10.109662189362659,5.641222346524735,2.2624590561662283,2.8221654757713184,2.8221654757713184,0.5,0.2975597444618874,3.5,1.5,5.840631711171961,5.840631711171961,0,0,1,0.6762629414638129,monotonic_increase,5
20250701 plate17 A02,55,low-salinity,corrected_fc,0,5.25970176127096,5.25970176127096,0,4,0,12.515097782422796,4.183178761993316,8.331919020429481,4.148740258436165,1.9917673842031218,2.696690969989948,2.696690969989948,0.5,0.2762846140167885,1.5,1.5,5.25970176127096,5.25970176127096,0,0,1,0.6534917770966879,monotonic_increase,5
20250701 plate17 A03,41,high-salinity,corrected_fc,0,2.768721726487988,2.768721726487988,0,4,0,8.507118347642145,3.288009083265193,5.21910926437695,1.931100181111757,1.5873159508410046,2.109113142123417,2.109113142123417,0.5,0.11286926649680762,3.5,1.5,2.768721726487988,2.768721726487988,0,0,1,0.5740456292393183,monotonic_increase,5
20250701 plate17 A04,38,high-salinity,corrected_fc,0,4.1557260211720255,4.1557260211720255,0,4,0,9.509624354273289,2.431051118471614,7.0785732358016755,4.647522117330062,2.911733604454985,1.383042592063418,1.8566846459910753,2.5,0.2030243223645587,3.5,3.5,4.1557260211720255,4.1557260211720255,0,0,1,0.7580789164439939,monotonic_increase,5
20250701 plate17 A05,15,high-salinity,corrected_fc,0,4.174394851329438,4.174394851329438,0,4,0,9.32168404372902,2.337408727746532,6.9842753159824875,4.646866588235955,2.988041942803878,1.462721900253402,2.2730174078383794,2.5,0.15200378850479979,3.5,3.5,4.174394851329438,4.174394851329438,0,0,1,0.7831334147123789,monotonic_increase,5
20250701 plate17 A06,6,high-salinity,corrected_fc,0,2.0795642285919693,2.0795642285919693,0,4,0,6.692998985286172,2.6660870959433223,4.02691188934285,1.3608247933995279,1.5104202317584217,1.724092277809292,1.724092277809292,0.5,0.034429271679134565,3.5,1.5,2.0795642285919693,2.0795642285919693,0,0,1,0.5664558142120303,monotonic_increase,5
20250701 plate17 B03,41,high-salinity,corrected_fc,0,5.285649060939221,5.285649060939221,0,4,0,11.969732599359556,3.601033990225675,8.368698609133881,4.767664618908206,2.3239710127283244,2.313185297253493,2.313185297253493,0.5,0.2625120886908703,1.5,1.5,5.285649060939221,5.285649060939221,0,0,1,0.7036145484485512,monotonic_increase,5
20250701 plate17 B04,38,high-salinity,corrected_fc,0,5.847227982300834,5.847227982300834,0,4,0,12.373415549436327,3.763399268291014,8.610016281145313,4.846617012854299,2.2878296102382945,2.428660193223895,2.428660193223895,0.5,0.2408179569103428,1.5,1.5,5.847227982300834,5.847227982300834,0,0,1,0.7189402398278133,monotonic_increase,5
20250701 plate17 B06,6,high-salinity,corrected_fc,0,6.3197930249014185,6.3197930249014185,0,4,0,14.526085691919473,4.003722039402225,10.522363652517248,6.518641613115022,2.628145397947827,2.595400033524708,3.137501122433987,2.5,0.22124397823032638,1.5,2.5,6.3197930249014185,6.3197930249014185,0,0,1,0.7413038871596632,monotonic_increase,5
20250701 plate17 C02,55,low-salinity,corrected_fc,0,1.307547550730482,1.307547550730482,0,4,0,2.7394626999494904,0.8895726065230906,1.8498900934264,0.9603174869033094,2.0795268198025187,0.5575084948895597,0.5575084948895597,0.5,0.10661972837750211,1.5,1.5,1.307547550730482,1.307547550730482,0,0,1,0.7010213985608674,monotonic_increase,5
20250701 plate17 C04,38,high-salinity,corrected_fc,0,1.880670419882496,1.880670419882496,0,4,0,4.645766987705314,1.4433441332936794,3.202422854411634,1.7590787211179548,2.2187521191524686,0.8156981913627119,0.8156981913627119,0.5,0.24622871734307705,3.5,1.5,1.880670419882496,1.880670419882496,0,0,1,0.6650943160752922,monotonic_increase,5
20250701 plate17 C05,15,high-salinity,corrected_fc,0,3.3326056370179344,3.3326056370179344,0,4,0,7.361396398346168,2.5325359958649054,4.828860402481263,2.2963244066163577,1.906729227290656,1.5809083337330778,1.5809083337330778,0.5,0.3076745975768129,2.5,1.5,3.3326056370179344,3.3326056370179344,0,0,1,0.6678586656760687,monotonic_increase,5
20250701 plate17 C06,6,high-salinity,corrected_fc,0,7.8126917498450705,7.8126917498450705,0,4,0,18.965943525457593,5.703894357046304,13.262049168411291,7.558154811364988,2.3250867456947244,3.676288455005439,3.676288455005439,0.5,0.3789233490762891,1.5,1.5,7.8126917498450705,7.8126917498450705,0,0,1,0.6919006223459937,monotonic_increase,5
20250701 plate17 D02,55,low-salinity,corrected_fc,0,3.3482990441702265,3.3482990441702265,0,4,0,10.327315526549173,4.029467702005483,6.297847824543688,2.268380122538205,1.5629478358665643,2.5922799578820324,2.5922799578820324,0.5,0.1617884858351024,3.5,1.5,3.3482990441702265,3.3482990441702265,0,0,1,0.5719891159140231,monotonic_increase,5
20250701 plate17 D03,41,high-salinity,corrected_fc,0,4.079145885107887,4.079145885107887,0,4,0,9.684415166361578,3.31016949008069,6.374245676280889,3.0640761862001993,1.9256553766754427,1.9849637976516008,1.9849637976516008,0.5,0.3590556564396774,2.5,1.5,4.079145885107887,4.079145885107887,0,0,1,0.6457523718497895,monotonic_increase,5
20250701 plate17 D04,38,high-salinity,corrected_fc,0,5.953025702322224,5.953025702322224,0,4,0,14.825896648519397,4.6997788184249805,10.126117830094415,5.426339011669435,2.154594550363956,2.853866501357017,2.853866501357017,0.5,0.6493330404568836,3.5,1.5,5.953025702322224,5.953025702322224,0,0,1,0.6580276380681181,monotonic_increase,5
20250701 plate18 A02,42,high-salinity,corrected_fc,0,3.246825018188214,3.246825018188214,0,4,0,10.447737518395716,4.182606663192568,6.2651308552031475,2.0825241920105793,1.4979010362932372,2.7125301982871712,2.7125301982871712,0.5,0.0751831369845708,3.5,1.5,3.246825018188214,3.246825018188214,0,0,1,0.5657037478127485,monotonic_increase,5
20250701 plate18 A03,57,low-salinity,corrected_fc,0,3.2541039606759776,3.2541039606759776,0,4,0,10.046694898861583,3.895603033862245,6.151091864999339,2.255488831137094,1.5789832309738498,2.481377744546032,2.481377744546032,0.5,0.1442893653308408,3.5,1.5,3.2541039606759776,3.2541039606759776,0,0,1,0.5731311324713729,monotonic_increase,5
20250701 plate18 A04,38,high-salinity,corrected_fc,0,2.9031588016201098,2.9031588016201098,0,4,0,9.089753170337648,3.5475810860169785,5.542172084320669,1.994590998303691,1.562239720514212,2.2643398322866566,2.2643398322866566,0.5,0.09580737183981691,3.5,1.5,2.9031588016201098,2.9031588016201098,0,0,1,0.5711452667253913,monotonic_increase,5
20250701 plate18 A05,54,low-salinity,corrected_fc,0,6.812744710585318,6.812744710585318,0,4,0,18.673943446221386,5.982510088503441,12.691433357717944,6.7089232692145035,2.1214228091494585,3.385943763743431,3.385943763743431,0.5,0.12425003292004178,3.5,1.5,6.812744710585318,6.812744710585318,0,0,1,0.6412324866444142,monotonic_increase,5
20250701 plate18 A06,36,high-salinity,corrected_fc,0,5.417532239553214,5.4345564108780335,0,3,0,14.01048684613763,4.3429909160933455,9.667495930044284,5.3245050139509384,2.2259995742152037,2.818817516703702,2.818817516703702,0.5,-0.01702417132481937,3.5,1.5,5.4345564108780335,5.417532239553214,0.01702417132481937,0.003132577902907233,0.9968674220970928,0.672303940008734,rise_then_depress,5
20250701 plate18 B02,42,high-salinity,corrected_fc,0,7.540819690967415,7.540819690967415,0,4,0,20.809801893831068,7.662098872172677,13.14770302165839,5.485604149485714,1.7159401413375663,5.039367115197274,5.039367115197274,0.5,0.20609639875353114,1.5,1.5,7.540819690967415,7.540819690967415,0,0,1,0.5979244787219854,monotonic_increase,5
20250701 plate18 B03,57,low-salinity,corrected_fc,0,2.05911953395439,2.05911953395439,0,4,0,4.619368070026888,1.2544377056876463,3.3649303643392416,2.1104926586515953,2.682421254624744,0.674243207759087,0.674243207759087,0.5,0.3039434345209029,3.5,3.5,2.05911953395439,2.05911953395439,0,0,1,0.7325228713806811,monotonic_increase,5
20250701 plate18 B04,38,high-salinity,corrected_fc,0,5.037989466397876,5.037989466397876,0,4,0,8.513167658757165,2.1849172821536604,6.3282503766035045,4.143333094449844,2.89633407557003,1.3276401083965492,2.0860109967504217,3.5,0.3869142391176732,1.5,1.5,5.037989466397876,5.037989466397876,0,0,1,0.8615990433933562,monotonic_increase,5
20250701 plate18 B05,54,low-salinity,corrected_fc,0,5.494398207217716,5.494398207217716,0,4,0,9.060340787036921,0.656402505918298,8.403938281118622,7.7475357752003235,12.803025895462769,0.2687432208468688,4.493761322295476,2.5,0.2253183147793818,3.5,3.5,5.494398207217716,5.494398207217716,0,0,1,1.173929732970473,monotonic_increase,5
20250701 plate18 B06,36,high-salinity,corrected_fc,0,4.560825027138549,4.560825027138549,0,4,0,14.279923647260901,5.593786709953223,8.686136937307676,3.092350227354453,1.552818759044231,3.6409632894137234,3.6409632894137234,0.5,0.10792402393964551,3.5,1.5,4.560825027138549,4.560825027138549,0,0,1,0.5706964286542,monotonic_increase,5
20250701 plate18 C02,42,high-salinity,corrected_fc,0,4.650715594096365,4.650715594096365,0,4,0,11.815497725082068,3.8905559551445537,7.924941769937515,4.034385814792961,2.0369689734080856,2.4162747491398675,2.4162747491398675,0.5,0.5254128272117189,3.5,1.5,4.650715594096365,4.650715594096365,0,0,1,0.642001534234523,monotonic_increase,5
20250701 plate18 C04,38,high-salinity,corrected_fc,0,1.353396673422976,1.353396673422976,0,4,0,3.106625319403447,0.8178868452610071,2.28873847414244,1.4708516288814328,2.798355894099323,0.3860467163079989,0.4776335415980174,1.5,0.17319666494503227,3.5,2.5,1.353396673422976,1.353396673422976,0,0,1,0.7408043427597443,monotonic_increase,5
20250701 plate18 C05,54,low-salinity,corrected_fc,0,4.986252204650411,4.986252204650411,0,4,0,11.688462364130087,3.1676674566157277,8.520794907514361,5.353127450898633,2.6899272174920177,1.960198290966461,2.405261308241354,2.5,0.16605256511052335,3.5,3.5,4.986252204650411,4.986252204650411,0,0,1,0.7384601846223837,monotonic_increase,5
20250701 plate18 C06,36,high-salinity,corrected_fc,0,4.338233856273489,4.338233856273489,0,4,0,12.639882650906575,4.323097741321989,8.316784909584586,3.9936871682625963,1.9238021916759485,2.382082855380218,2.382082855380218,0.5,0.1315807607674202,3.5,2.5,4.338233856273489,4.338233856273489,0,0,1,0.6179547791392587,monotonic_increase,5
20250701 plate18 D02,42,high-salinity,corrected_fc,0,3.1091573423471,3.1091573423471,0,4,0,9.71543140936148,3.776938772913959,5.938492636447522,2.1615538635335634,1.5723031252280257,2.409681737425594,2.409681737425594,0.5,0.09250041256149366,3.5,1.5,3.1091573423471,3.1091573423471,0,0,1,0.5719793602636438,monotonic_increase,5
20250701 plate18 D03,57,low-salinity,corrected_fc,0,4.175975278976317,4.175975278976317,0,4,0,12.21332608228375,4.674741952124643,7.538584130159107,2.8638421780344636,1.612620377202396,2.985127929335761,2.985127929335761,0.5,0.3817544223043021,2.5,1.5,4.175975278976317,4.175975278976317,0,0,1,0.579997961212152,monotonic_increase,5
20250701 plate18 D04,38,high-salinity,corrected_fc,0,5.9369592871254895,5.9369592871254895,0,4,0,15.766414312360736,5.209872744960113,10.556541567400624,5.346668822440511,2.026257086147206,3.2700136809083618,3.2700136809083618,0.5,0.28875642733936235,3.5,1.5,5.9369592871254895,5.9369592871254895,0,0,1,0.6357112833727976,monotonic_increase,5
20250701 plate19 A02,39,high-salinity,corrected_fc,0,2.62860046870605,2.62860046870605,0,4,0,8.007344083215282,3.1073170972815802,4.900026985933701,1.792709888652121,1.5769317493282111,1.9964446299286465,1.9964446299286465,0.5,0.15374618447830724,3.5,1.5,2.62860046870605,2.62860046870605,0,0,1,0.5738187264485057,monotonic_increase,5
20250701 plate19 A03,32,high-salinity,corrected_fc,0,3.4749674266020234,3.4749674266020234,0,4,0,10.688793584284015,4.173088755819287,6.515704828464728,2.3426160726454412,1.5613626284316888,2.6729348531177526,2.6729348531177526,0.5,0.19690021413984082,3.5,1.5,3.4749674266020234,3.4749674266020234,0,0,1,0.5720593119951092,monotonic_increase,5
20250701 plate19 A04,15,high-salinity,corrected_fc,0,5.098456173032171,5.098456173032171,0,4,0,12.463566730359526,3.6458547089786024,8.817712021380924,5.171857312402322,2.41855826006057,2.348535754796216,2.376527072317677,2.5,0.12729119234972064,3.5,3.5,5.098456173032171,5.098456173032171,0,0,1,0.7040999198123448,monotonic_increase,5
20250701 plate19 A05,19,high-salinity,corrected_fc,0,5.5027123317832105,5.5027123317832105,0,4,0,12.807418213823214,3.7338192332608293,9.073598980562384,5.339779747301554,2.4301120149938815,2.118416126140157,2.118416126140157,0.5,0.7958726242331045,3.5,1.5,5.5027123317832105,5.5027123317832105,0,0,1,0.6993758496622872,monotonic_increase,5
20250701 plate19 A06,14,high-salinity,corrected_fc,0,6.279973453636615,6.279973453636615,0,4,0,11.357085621461852,3.3309791362696695,8.026106485192184,4.695127348922514,2.409533700706556,2.1224304786735924,2.602402352858818,3.5,0.29466683651856185,1.5,1.5,6.279973453636615,6.279973453636615,0,0,1,0.7954470512939765,monotonic_increase,5
20250701 plate19 B02,39,high-salinity,corrected_fc,0,4.926094064826592,4.926094064826592,0,4,0,11.772375463126746,3.603107036780367,8.16926842634638,4.5661613895660125,2.267284413966842,2.2753033481792637,2.2753033481792637,0.5,0.380304029022942,1.5,1.5,4.926094064826592,4.926094064826592,0,0,1,0.6832599409927432,monotonic_increase,5
20250701 plate19 B03,32,high-salinity,corrected_fc,0,3.3358163555332867,3.3358163555332867,0,4,0,9.698356309282449,3.691506459635719,6.006849849646731,2.3153433900110114,1.6272082726463633,2.3394059993454395,2.3394059993454395,0.5,0.2826402910092485,2.5,1.5,3.3358163555332867,3.3358163555332867,0,0,1,0.5817652673288132,monotonic_increase,5
20250701 plate19 B04,15,high-salinity,corrected_fc,0,2.411507895041919,2.411507895041919,0,4,0,7.1171288578423795,2.7308141998697932,4.386314657972586,1.655500458102793,1.6062296212542502,1.7482156239742472,1.7482156239742472,0.5,0.21354576048583818,3.5,1.5,2.411507895041919,2.411507895041919,0,0,1,0.5786123661085982,monotonic_increase,5
20250701 plate19 B05,19,high-salinity,corrected_fc,0,5.75951130623661,5.75951130623661,0,4,0,15.845036716957008,5.505306698979384,10.339730017977624,4.83442331899824,1.8781387819673123,3.3971247405806277,3.3971247405806277,0.5,0.40771889977604747,3.5,1.5,5.75951130623661,5.75951130623661,0,0,1,0.6119530148728475,monotonic_increase,5
20250701 plate19 C02,39,high-salinity,corrected_fc,0,3.0208291971838666,3.0208291971838666,0,4,0,7.220553296049112,2.3356675934531186,4.8848857025959935,2.549218109142875,2.0914301830827036,1.4474997849207811,1.4474997849207811,0.5,0.32883583214389334,1.5,1.5,3.0208291971838666,3.0208291971838666,0,0,1,0.6599294810847157,monotonic_increase,5
20250701 plate19 C04,15,high-salinity,corrected_fc,0,2.8627322149082053,2.8627322149082053,0,4,0,8.02409594620988,2.7979133543506958,5.226182591859185,2.4282692375084896,1.8678857884332203,1.6546048808855829,1.6546048808855829,0.5,0.21122420396823616,3.5,1.5,2.8627322149082053,2.8627322149082053,0,0,1,0.6093149275266591,monotonic_increase,5
20250701 plate19 C05,19,high-salinity,corrected_fc,0,2.8881463945946653,2.8881463945946653,0,4,0,7.450419961600158,2.6381104464058667,4.812309515194291,2.174199068788424,1.8241501305415508,1.6700408900688897,1.6700408900688897,0.5,0.2660982226050639,1.5,1.5,2.8881463945946653,2.8881463945946653,0,0,1,0.6169185714022619,monotonic_increase,5
20250701 plate19 C06,14,high-salinity,corrected_fc,0,5.612946938990532,5.612946938990532,0,4,0,13.19196997855465,3.886657283743297,9.305312694811352,5.418655411068055,2.394168565809144,2.4639345862534943,2.4639345862534943,0.5,0.38151080872611054,1.5,1.5,5.612946938990532,5.612946938990532,0,0,1,0.7031869323003356,monotonic_increase,5
20250701 plate19 D02,39,high-salinity,corrected_fc,0,3.553187127980898,3.553187127980898,0,4,0,8.414746958974611,3.02480328896453,5.389943670010081,2.365140381045551,1.7819154355175277,1.928637023651456,1.928637023651456,0.5,0.26369550697469224,1.5,1.5,3.553187127980898,3.553187127980898,0,0,1,0.6356525467214541,monotonic_increase,5
20250701 plate19 D03,32,high-salinity,corrected_fc,0,4.820578469456361,4.820578469456361,0,4,0,12.355472358565287,4.551671266610147,7.80380109195514,3.2521298253449933,1.7144913669846404,2.909326420686513,2.909326420686513,0.5,0.3753632711607562,1.5,1.5,4.820578469456361,4.820578469456361,0,0,1,0.6094488963433988,monotonic_increase,5
20250701 plate19 D04,15,high-salinity,corrected_fc,0,3.544347699924156,3.544347699924156,0,4,0,8.759220402077005,2.718973579090715,6.040246822986289,3.3212732438955737,2.221517292200493,1.73357910829622,1.73357910829622,0.5,0.23720983329277034,1.5,1.5,3.544347699924156,3.544347699924156,0,0,1,0.6733396710838669,monotonic_increase,5
20250701 plate19 D06,14,high-salinity,corrected_fc,0,5.396101508596127,5.396101508596127,0,4,0,13.506013555733363,4.8350746962706435,8.67093885946272,3.835864163192076,1.7933412416876886,3.1232975301524224,3.1232975301524224,0.5,0.3002568020840193,1.5,1.5,5.396101508596127,5.396101508596127,0,0,1,0.6216704834329352,monotonic_increase,5
20250701 plate2 A02,84,low-salinity,corrected_fc,0,1.5052407496399338,1.5052407496399338,0,4,0,3.6185130607445037,1.0430656108380716,2.575447449906432,1.5323818390683606,2.469113565959804,0.5642715987886578,0.5642715987886578,0.5,0.1612076866028822,3.5,3.5,1.5052407496399338,1.5052407496399338,0,0,1,0.6972413942584964,monotonic_increase,5
20250701 plate2 A03,74,low-salinity,corrected_fc,0,8.27602755434357,8.27602755434357,0,4,0,20.62421029317729,6.392173815986505,14.232036477190784,7.839862661204279,2.22647832910882,4.154290353786643,4.154290353786643,0.5,0.3214765706130791,1.5,1.5,8.27602755434357,8.27602755434357,0,0,1,0.6762725231329818,monotonic_increase,5
20250701 plate2 A04,26,high-salinity,corrected_fc,0,3.038792995023704,3.038792995023704,0,4,0,7.637158179648325,2.3076226308093832,5.329535548838942,3.021912918029559,2.3095351370209274,1.387152885632992,1.387152885632992,0.5,0.14912368887300476,3.5,1.5,3.038792995023704,3.038792995023704,0,0,1,0.6759428219198138,monotonic_increase,5
20250701 plate2 A05,70,low-salinity,corrected_fc,0,2.135127771703329,2.135127771703329,0,4,0,5.42356645548754,1.7049804119669556,3.718586043520585,2.0136056315536295,2.1810139385886713,0.989644814584896,0.989644814584896,0.5,0.1994412114164681,3.5,1.5,2.135127771703329,2.135127771703329,0,0,1,0.6564269769365002,monotonic_increase,5
20250701 plate2 A06,90,low-salinity,corrected_fc,0,1.6378767000433674,1.6378767000433674,0,4,0,3.8381032372301367,1.0072078542921759,2.830895382937961,1.823687528645785,2.8106367229705507,0.4995260020422276,0.5158377024576688,1.5,0.13360151937703857,3.5,3.5,1.6378767000433674,1.6378767000433674,0,0,1,0.737688502641663,monotonic_increase,5
20250701 plate2 B02,84,low-salinity,corrected_fc,0,3.727909166178781,3.727909166178781,0,4,0,10.81784594321282,4.144832395783762,6.673013547429058,2.5281811516452954,1.6099598030108602,2.6703156959096805,2.6703156959096805,0.5,0.2787177038384834,1.5,1.5,3.727909166178781,3.727909166178781,0,0,1,0.5807312085927755,monotonic_increase,5
20250701 plate2 B03,74,low-salinity,corrected_fc,0,6.610345479010094,6.610345479010094,0,4,0,16.172689806915013,5.675451115938529,10.497238690976484,4.8217875750379555,1.8495866630754327,3.575965795928164,3.575965795928164,0.5,0.6230048440925651,1.5,1.5,6.610345479010094,6.610345479010094,0,0,1,0.6310438510358717,monotonic_increase,5
20250701 plate2 B04,26,high-salinity,corrected_fc,0,6.927172886658489,7.053783215726891,0,3,0,20.83467016780925,7.707479994478131,13.127190173331119,5.419710178852988,1.7031753806348937,5.097659480203148,5.097659480203148,0.5,-0.1266103290684013,3.5,1.5,7.053783215726891,6.927172886658489,0.1266103290684013,0.017949279868158544,0.9820507201318415,0.5900726570420655,rise_then_depress,5
20250701 plate2 B05,70,low-salinity,corrected_fc,0,1.634870774725732,1.634870774725732,0,4,0,3.975531093171995,1.2211241530827635,2.7544069400892317,1.5332827870064683,2.255632183783812,0.6827369105599419,0.6827369105599419,0.5,0.23628646452218782,3.5,1.5,1.634870774725732,1.634870774725732,0,0,1,0.6720129180924407,monotonic_increase,5
20250701 plate2 B06,90,low-salinity,corrected_fc,0,2.712482004146433,2.712482004146433,0,4,0,5.092427329546172,0.8152637231407532,4.277163606405418,3.461899883264665,5.246355853941236,0.40526925119984,1.6909391885094622,2.5,0.20155387175514416,3.5,3.5,2.712482004146433,2.712482004146433,0,0,1,0.9638960957941834,monotonic_increase,5
20250701 plate2 C02,84,low-salinity,corrected_fc,0,3.512684944021972,3.512684944021972,0,4,0,10.132545401764785,3.6931385057725485,6.439406895992237,2.7462683902196883,1.7436137003600438,2.3104128113885176,2.3104128113885176,0.5,0.21234621442475232,3.5,1.5,3.512684944021972,3.512684944021972,0,0,1,0.5928187650138402,monotonic_increase,5
20250701 plate2 C03,74,low-salinity,corrected_fc,0,5.296433810241773,5.296433810241773,0,4,0,13.955720172726524,5.234658594000261,8.721061578726264,3.486402984726003,1.6660229931178256,3.386884577851589,3.386884577851589,0.5,0.30866345444575494,1.5,1.5,5.296433810241773,5.296433810241773,0,0,1,0.600256203672085,monotonic_increase,5
20250701 plate2 C05,70,low-salinity,corrected_fc,0,2.59968318910763,2.59968318910763,0,4,0,7.7319825129339526,2.884083857055624,4.847898655878328,1.9638147988227042,1.6809145975483433,1.804591601424209,1.804591601424209,0.5,0.13111838341453197,3.5,1.5,2.59968318910763,2.59968318910763,0,0,1,0.5842466287970187,monotonic_increase,5
20250701 plate2 C06,90,low-salinity,corrected_fc,0,7.467057814768343,7.467057814768343,0,4,0,18.564514077319334,5.181418382794408,13.383095694524926,8.201677311730517,2.5829019596188725,2.7692311867684736,2.7692311867684736,0.5,0.22967822365352308,3.5,3.5,7.467057814768343,7.467057814768343,0,0,1,0.7058887415296745,monotonic_increase,5
20250701 plate2 D02,84,low-salinity,corrected_fc,0,1.650273529907054,1.650273529907054,0,4,0,4.194157562205566,1.327237854082187,2.8669197081233797,1.5396818540411927,2.1600647535071364,0.7678639722629532,0.7678639722629532,0.5,0.16786446855643478,3.5,1.5,1.650273529907054,1.650273529907054,0,0,1,0.6538851316228357,monotonic_increase,5
20250701 plate2 D03,74,low-salinity,corrected_fc,0,4.927784687901174,4.927784687901174,0,4,0,11.744993098121002,3.9710663586264254,7.773926739494576,3.8028603808681507,1.9576421135867252,2.4850913891342072,2.4850913891342072,0.5,0.4868585498502287,1.5,1.5,4.927784687901174,4.927784687901174,0,0,1,0.647333292709339,monotonic_increase,5
20250701 plate2 D04,26,high-salinity,corrected_fc,0,7.541759052169191,7.541759052169191,0,4,0,16.33775512765425,5.367571859654708,10.970183267999543,5.602611408344835,2.043788803361311,3.492655759910296,3.492655759910296,0.5,0.2571764395785281,1.5,1.5,7.541759052169191,7.541759052169191,0,0,1,0.6879064657350912,monotonic_increase,5
20250701 plate2 D05,70,low-salinity,corrected_fc,0,0.7873435974273214,0.7873435974273214,0,4,0,1.961227217136562,0.5875657412586576,1.3736614758779044,0.7860957346192469,2.3378855835524157,0.32345296666514106,0.32345296666514106,0.5,0.07146669485659429,3.5,1.5,0.7873435974273214,0.7873435974273214,0,0,1,0.6772114570715293,monotonic_increase,5
20250701 plate2 D06,90,low-salinity,corrected_fc,0,5.582830338727315,5.582830338727315,0,4,0,15.19364474550398,4.619766684117705,10.573878061386274,5.954111377268569,2.2888337841255506,2.2605157304144825,2.4579861769919624,1.5,0.15961840040792108,3.5,2.5,5.582830338727315,5.582830338727315,0,0,1,0.6704119249835215,monotonic_increase,5
20250701 plate20 A02,71,low-salinity,corrected_fc,0,3.5602916354346634,3.5602916354346634,0,4,0,11.307988191011088,4.4774248424217955,6.830563348589292,2.3531385061674968,1.5255562268454979,2.875587380921207,2.875587380921207,0.5,0.11171156606329102,3.5,1.5,3.5602916354346634,3.5602916354346634,0,0,1,0.5679558839340116,monotonic_increase,5
20250701 plate20 A03,21,high-salinity,corrected_fc,0,4.210301415590964,4.210301415590964,0,4,0,12.369717747943323,4.807711136939874,7.562006611003448,2.754295474063574,1.5728912148862366,3.083703614516431,3.083703614516431,0.5,0.2848333359376367,2.5,1.5,4.210301415590964,4.210301415590964,0,0,1,0.5768326076739702,monotonic_increase,5
20250701 plate20 A05,16,high-salinity,corrected_fc,0,5.646996010918694,5.646996010918694,0,4,0,13.936618638955895,5.27028096932944,8.666337669626454,3.396056700297014,1.64437868114821,3.4334178910273043,3.4334178910273043,0.5,0.24030826557696772,1.5,1.5,5.646996010918694,5.646996010918694,0,0,1,0.6157538037884,monotonic_increase,5
20250701 plate20 A06,15,high-salinity,corrected_fc,0,4.8859240673735655,4.8859240673735655,0,4,0,13.702364330313621,4.913245740734556,8.789118589579065,3.8758728488445087,1.7888619974186444,3.1728640142254383,3.1728640142254383,0.5,0.28014923799040226,3.5,1.5,4.8859240673735655,4.8859240673735655,0,0,1,0.602376986559003,monotonic_increase,5
20250701 plate20 B02,71,low-salinity,corrected_fc,0,7.20043875121478,7.20043875121478,0,4,0,17.603133709149905,6.586172007862736,11.016961701287169,4.430789693424433,1.672741265811893,4.296344685999021,4.296344685999021,0.5,0.2833099577284086,1.5,1.5,7.20043875121478,7.20043875121478,0,0,1,0.6199534838720684,monotonic_increase,5
20250701 plate20 B03,21,high-salinity,corrected_fc,0,7.084298063319767,7.084298063319767,0,4,0,14.66190530017154,3.126147381146888,11.535757919024652,8.409610537877764,3.6900876742389976,1.7552462627354146,3.880905532130348,2.5,0.4615902943664718,3.5,3.5,7.084298063319767,7.084298063319767,0,0,1,0.8506651846048416,monotonic_increase,5
20250701 plate20 B04,84,low-salinity,corrected_fc,0,6.233936388683948,6.233936388683948,0,4,0,15.992689204535758,5.451046049590387,10.541643154945373,5.090597105354986,1.9338752707358826,3.5254227016413746,3.5254227016413746,0.5,0.3258239942566492,1.5,1.5,6.233936388683948,6.233936388683948,0,0,1,0.6318460990505138,monotonic_increase,5
20250701 plate20 B05,16,high-salinity,corrected_fc,0,9.05668308469986,9.05668308469986,0,4,0,19.46245687095654,5.738270143315761,13.72418672764078,7.985916584325018,2.3916940793781616,3.0310681955656333,3.0310681955656333,0.5,1.0742393420404666,2.5,3.5,9.05668308469986,9.05668308469986,0,0,1,0.7183265593806442,monotonic_increase,5
20250701 plate20 B06,15,high-salinity,corrected_fc,0,2.3145507812689545,2.3145507812689545,0,4,0,5.698117351792715,1.727458727439412,3.970658624353303,2.2431998969138913,2.298554843182248,1.0248676690795646,1.0248676690795646,0.5,0.20375860590997608,3.5,1.5,2.3145507812689545,2.3145507812689545,0,0,1,0.676196750522841,monotonic_increase,5
20250701 plate20 C02,71,low-salinity,corrected_fc,0,4.280109978719189,4.280109978719189,0,4,0,13.770029589028642,5.507308528029022,8.26272106099962,2.755412532970598,1.5003192610232636,3.554485603026736,3.554485603026736,0.5,0.11026683208145016,3.5,1.5,4.280109978719189,4.280109978719189,0,0,1,0.5658799708893141,monotonic_increase,5
20250701 plate20 C04,84,low-salinity,corrected_fc,0,4.504464010597279,4.504464010597279,0,4,0,10.659117883882471,3.791815774429004,6.867302109453467,3.075486335024463,1.8110853791380699,2.407347513505545,2.407347513505545,0.5,0.3615890083413733,1.5,1.5,4.504464010597279,4.504464010597279,0,0,1,0.6377606223657606,monotonic_increase,5
20250701 plate20 C06,15,high-salinity,corrected_fc,0,1.4241184183583009,1.4241184183583009,0,4,0,3.226043676819954,0.8571164760896047,2.368927200730349,1.5118107246407444,2.763833465829557,0.4461564746771147,0.4461564746771147,0.5,0.178210428219592,3.5,3.5,1.4241184183583009,1.4241184183583009,0,0,1,0.7384929179532344,monotonic_increase,5
20250701 plate20 D04,84,low-salinity,corrected_fc,0,3.332426375434467,3.332426375434467,0,4,0,9.42568321337508,3.3740921742139953,6.051591039161084,2.677498864947089,1.7935464494448259,2.126814185906252,2.126814185906252,0.5,0.1943265122983595,3.5,1.5,3.332426375434467,3.332426375434467,0,0,1,0.6002672232453928,monotonic_increase,5
20250701 plate20 D05,16,high-salinity,corrected_fc,0,4.681671959902688,4.732598176862546,0,3,0,12.30527763759893,3.827908579101197,8.477369058497734,4.649460479396537,2.2146216095077804,2.423973677417352,2.423973677417352,0.5,-0.05092621695985855,3.5,1.5,4.732598176862546,4.681671959902688,0.05092621695985855,0.010760731221347816,0.9892392687786522,0.6649083483204826,rise_then_depress,5
20250701 plate20 D06,15,high-salinity,corrected_fc,0,2.3556232746994388,2.3556232746994388,0,4,0,6.58053189533152,2.260971912718837,4.319559982612683,2.0585880698938457,1.9104881216407403,1.341420641212075,1.341420641212075,0.5,0.1334262009432381,3.5,1.5,2.3556232746994388,2.3556232746994388,0,0,1,0.6139757258564558,monotonic_increase,5
20250701 plate21 A02,14,high-salinity,corrected_fc,0,4.190020760706932,4.190020760706932,0,4,0,10.502810730630454,3.516210196266985,6.98660053436347,3.470390338096485,1.986968964989879,2.2722986059101373,2.2722986059101373,0.5,0.2155245748035579,1.5,1.5,4.190020760706932,4.190020760706932,0,0,1,0.6422273606277225,monotonic_increase,5
20250701 plate21 A03,24,high-salinity,corrected_fc,0,9.560601635659276,9.560601635659276,0,4,0,18.923667312720646,4.123557127614605,14.800110185106039,10.676553057491434,3.5891609421372577,2.362330985060141,4.736130939613007,2.5,1.1601213000487882,1.5,2.5,9.560601635659276,9.560601635659276,0,0,1,0.8517573068803828,monotonic_increase,5
20250701 plate21 A04,37,high-salinity,corrected_fc,0,3.707167762529449,3.707167762529449,0,4,0,11.575009264159442,4.509656862937654,7.065352401221789,2.5556955382841346,1.5667161861666163,2.8892973581093617,2.8892973581093617,0.5,0.11575874740067782,3.5,1.5,3.707167762529449,3.707167762529449,0,0,1,0.5715806711909147,monotonic_increase,5
20250701 plate21 A05,54,low-salinity,corrected_fc,0,5.397591270436196,5.446042830069187,0,3,0,15.317656884383378,5.25409743603323,10.063559448350148,4.809462012316918,1.9153735862096983,3.335376452970367,3.335376452970367,0.5,-0.04845155963299064,3.5,1.5,5.446042830069187,5.397591270436196,0.04845155963299064,0.008896654166117733,0.9911033458338823,0.6162903725013127,rise_then_depress,5
20250701 plate21 A06,6,high-salinity,corrected_fc,0,3.3398446805292448,3.3398446805292448,0,4,0,10.549279312696132,4.11692221600511,6.432357096691023,2.3154348806859124,1.5624189040260066,2.6660761281861234,2.6660761281861234,0.5,0.028256011921830915,3.5,1.5,3.3398446805292448,3.3398446805292448,0,0,1,0.5709359417212648,monotonic_increase,5
20250701 plate21 B02,14,high-salinity,corrected_fc,0,3.0595258962383376,3.0595258962383376,0,4,0,7.456719278028854,2.600853732866342,4.855865545162512,2.25501181229617,1.8670275393806834,1.6325650536269796,1.6325650536269796,0.5,0.30401230485174535,1.5,1.5,3.0595258962383376,3.0595258962383376,0,0,1,0.6334199144061718,monotonic_increase,5
20250701 plate21 B03,24,high-salinity,corrected_fc,0,5.2941853137563,5.2941853137563,0,4,0,11.138489987982338,3.703944135913517,7.434545852068821,3.730601716155304,2.007197079454659,2.39958557471965,2.39958557471965,0.5,0.2091315476680835,1.5,1.5,5.2941853137563,5.2941853137563,0,0,1,0.6956639683698881,monotonic_increase,5
20250701 plate21 B04,37,high-salinity,corrected_fc,0,2.9083674458509408,2.9083674458509408,0,4,0,9.269160847389326,3.6932909283506774,5.575869919038649,1.8825789906879713,1.5097294058902313,2.3953609943131964,2.3953609943131964,0.5,0.08461118377524368,3.5,1.5,2.9083674458509408,2.9083674458509408,0,0,1,0.566785726972711,monotonic_increase,5
20250701 plate21 B06,6,high-salinity,corrected_fc,0,3.4214235507941204,3.4214235507941204,0,4,0,9.939540264750864,3.572764936049791,6.366775328701074,2.794010392651283,1.7820302882115906,2.3054980792739936,2.3054980792739936,0.5,0.03262685426590428,3.5,1.5,3.4214235507941204,3.4214235507941204,0,0,1,0.5986798877551917,monotonic_increase,5
20250701 plate21 C02,14,high-salinity,corrected_fc,0,4.058973639305256,4.130310379398407,0,3,0,11.926303346728753,4.2618313671887975,7.664471979539956,3.402640612351158,1.7983986974584634,2.757156586699877,2.757156586699877,0.5,-0.07133674009315083,3.5,1.5,4.130310379398407,4.058973639305256,0.07133674009315083,0.017271520428336736,0.9827284795716633,0.6005773779312676,rise_then_depress,5
20250701 plate21 C03,24,high-salinity,corrected_fc,0,1.4989969296129184,1.4989969296129184,0,4,0,2.786900472084003,0.49812894920785744,2.2887715228761456,1.790642573668288,4.594737018428325,0.26653735508753185,0.8444982757087094,2.5,0.19131546566355784,3.5,3.5,1.4989969296129184,1.4989969296129184,0,0,1,0.9328794507517431,monotonic_increase,5
20250701 plate21 C04,37,high-salinity,corrected_fc,0,4.875108658073741,4.875108658073741,0,4,0,12.758247968915125,4.404267662619086,8.35398030629604,3.9497126436769534,1.8967921448552874,2.830479212920061,2.830479212920061,0.5,0.31709768647798775,1.5,1.5,4.875108658073741,4.875108658073741,0,0,1,0.6234722527466939,monotonic_increase,5
20250701 plate21 C05,54,low-salinity,corrected_fc,0,5.124173422964756,5.124173422964756,0,4,0,8.66810960047719,0.7326973326338365,7.935412267843352,7.2027149352095154,10.830409658129673,0.2941263829096261,4.057612707188343,2.5,0.18941881632799262,3.5,3.5,5.124173422964756,5.124173422964756,0,0,1,1.1403706152837318,monotonic_increase,5
20250701 plate21 C06,6,high-salinity,corrected_fc,0,5.481461763396168,5.481461763396168,0,4,0,13.576092979343148,4.8487224553216155,8.727370524021534,3.8786480686999187,1.7999319623755714,3.17719832916144,3.17719832916144,0.5,0.16584992315891167,1.5,1.5,5.481461763396168,5.481461763396168,0,0,1,0.6259296077616554,monotonic_increase,5
20250701 plate21 D02,14,high-salinity,corrected_fc,0,8.49597105331223,8.49597105331223,0,4,0,19.184054333591092,4.971074023397075,14.212980310194016,9.24190628679694,2.859136726449572,2.8400139765805976,3.5718146430884685,2.5,0.6620363165908065,3.5,3.5,8.49597105331223,8.49597105331223,0,0,1,0.7542064850215986,monotonic_increase,5
20250701 plate21 D03,24,high-salinity,corrected_fc,0,7.38924172896613,7.38924172896613,0,4,0,19.01981874092688,5.766480398924633,13.253338342002245,7.486857943077611,2.2983410026805613,3.074279888878638,3.074279888878638,0.5,0.5227247614929453,3.5,3.5,7.38924172896613,7.38924172896613,0,0,1,0.6695159806831215,monotonic_increase,5
20250701 plate21 D04,37,high-salinity,corrected_fc,0,2.482746009576258,2.482746009576258,0,4,0,7.6165639035762105,2.88589422127327,4.73066968230294,1.8447754610296703,1.6392387660749903,1.7975910308193044,1.7975910308193044,0.5,0.0817525225154121,3.5,1.5,2.482746009576258,2.482746009576258,0,0,1,0.5787586624682269,monotonic_increase,5
20250701 plate22 A02,80,low-salinity,corrected_fc,0,1.4856402646746432,1.4856402646746432,0,4,0,3.718598727196788,1.1202207740710617,2.5983779531257265,1.4781571790546648,2.319523091580247,0.614470501139766,0.614470501139766,0.5,0.13583271681753417,3.5,1.5,1.4856402646746432,1.4856402646746432,0,0,1,0.6745213102811503,monotonic_increase,5
20250701 plate22 A03,61,low-salinity,corrected_fc,0,3.2363842513300893,3.2363842513300893,0,4,0,10.343735034993486,4.102503212216696,6.24123182277679,2.1387286105600936,1.5213228363091225,2.63856127551835,2.63856127551835,0.5,0.07728649091668949,3.5,1.5,3.2363842513300893,3.2363842513300893,0,0,1,0.5674185931971457,monotonic_increase,5
20250701 plate22 A04,37,high-salinity,corrected_fc,0,2.8832817857918918,2.8832817857918918,0,4,0,8.886513753652702,3.4289177447673156,5.457596008885385,2.02867826411807,1.591638066329799,2.190277237276705,2.190277237276705,0.5,0.10596717729306215,3.5,1.5,2.8832817857918918,2.8832817857918918,0,0,1,0.5741835228988276,monotonic_increase,5
20250701 plate22 A05,72,low-salinity,corrected_fc,0,2.223847488019362,2.223847488019362,0,4,0,6.624807820340033,2.491694840144448,4.133112980195586,1.6414181400511376,1.6587556845267544,1.5633102314891674,1.5633102314891674,0.5,0.13104286048873792,3.5,1.5,2.223847488019362,2.223847488019362,0,0,1,0.5821305389485544,monotonic_increase,5
20250701 plate22 A06,36,high-salinity,corrected_fc,0,4.640010604299412,4.740490390979324,0,3,0,12.101157757161427,3.3380126814788635,8.763145075682562,5.425132394203699,2.625258173614896,1.6353632989253306,1.7699354661817357,1.5,-0.10047978667991231,3.5,3.5,4.740490390979324,4.640010604299412,0.10047978667991231,0.02119607432832587,0.9788039256716742,0.7079740261960336,rise_then_depress,5
20250701 plate22 B02,80,low-salinity,corrected_fc,0,3.755813585519536,3.755813585519536,0,4,0,11.933448276919282,4.777723267021663,7.155725009897618,2.378001742875955,1.4977269737010852,3.120078209246854,3.120078209246854,0.5,0.13564042615649496,3.5,1.5,3.755813585519536,3.755813585519536,0,0,1,0.566279942522923,monotonic_increase,5
20250701 plate22 B03,61,low-salinity,corrected_fc,0,5.0709929498237125,5.0709929498237125,0,4,0,16.47186086101068,6.7259249515077375,9.745935909502942,3.020010957995204,1.4490105048404107,4.452645274817303,4.452645274817303,0.5,0.09391407856356615,1.5,1.5,5.0709929498237125,5.0709929498237125,0,0,1,0.563146401756681,monotonic_increase,5
20250701 plate22 B04,37,high-salinity,corrected_fc,0,3.4400499585949564,3.4400499585949564,0,4,0,9.994798319122307,3.753958726336283,6.240839592786024,2.486880866449741,1.662468888909932,2.3344956241392145,2.3344956241392145,0.5,0.26242530689734034,2.5,1.5,3.4400499585949564,3.4400499585949564,0,0,1,0.5849893316091751,monotonic_increase,5
20250701 plate22 B05,72,low-salinity,corrected_fc,0,5.282300972623962,5.282300972623962,0,4,0,10.168230403198107,3.2226539720900833,6.945576431108024,3.7229224590179406,2.155234937185454,2.028699286330473,2.171829713587529,3.5,0.35921008518874675,1.5,1.5,5.282300972623962,5.282300972623962,0,0,1,0.7452156744754797,monotonic_increase,5
20250701 plate22 B06,36,high-salinity,corrected_fc,0,4.483188479883459,4.483188479883459,0,4,0,12.81135470252735,4.456193276837653,8.355161425689698,3.8989681488520445,1.8749549013320526,2.7790657603521893,2.7790657603521893,0.5,0.04674881062095615,3.5,1.5,4.483188479883459,4.483188479883459,0,0,1,0.608791876685071,monotonic_increase,5
20250701 plate22 C02,80,low-salinity,corrected_fc,0,4.338596876073562,4.338596876073562,0,4,0,13.812178848071891,5.52298153363232,8.289197314439571,2.7662157808072507,1.5008555187016863,3.597260810691695,3.597260810691695,0.5,0.14441872261139732,3.5,1.5,4.338596876073562,4.338596876073562,0,0,1,0.5663349367860733,monotonic_increase,5
20250701 plate22 C03,61,low-salinity,corrected_fc,0,3.172196619536,3.172196619536,0,4,0,9.82881724518277,3.860835552043329,5.96798169313944,2.107146141096111,1.5457746419634253,2.4713752243333285,2.4713752243333285,0.5,0.17977356387456078,3.5,1.5,3.172196619536,3.172196619536,0,0,1,0.570585919534969,monotonic_increase,5
20250701 plate22 C04,37,high-salinity,corrected_fc,0,4.110200976750094,4.110200976750094,0,4,0,12.808676415153744,4.9683425030089605,7.840333912144783,2.8719914091358225,1.5780582573356141,3.1566663212325845,3.1566663212325845,0.5,0.13664373475673397,3.5,1.5,4.110200976750094,4.110200976750094,0,0,1,0.5725956863009126,monotonic_increase,5
20250701 plate22 C06,36,high-salinity,corrected_fc,0,4.214540550151216,4.214540550151216,0,4,0,11.298510566309078,3.7396692439041095,7.558841322404969,3.819172078500859,2.021259322526008,2.4080304492982822,2.4080304492982822,0.5,0.09460829742768251,3.5,1.5,4.214540550151216,4.214540550151216,0,0,1,0.637469851124457,monotonic_increase,5
20250701 plate22 D02,80,low-salinity,corrected_fc,0,3.742481741264581,3.742481741264581,0,4,0,11.136946701253054,4.303532891979801,6.833413809273253,2.529880917293452,1.587861410797677,2.8156029489672347,2.8156029489672347,0.5,0.1602569370578979,1.5,1.5,3.742481741264581,3.742481741264581,0,0,1,0.5771140551113652,monotonic_increase,5
20250701 plate22 D03,61,low-salinity,corrected_fc,0,5.737319201330382,5.737319201330382,0,4,0,12.249181037451098,3.7069468286454788,8.54223420880562,4.835287380160142,2.304385415726872,2.3213406689890745,2.3213406689890745,0.5,0.4498716503237339,1.5,1.5,5.737319201330382,5.737319201330382,0,0,1,0.7143786316509319,monotonic_increase,5
20250701 plate22 D04,37,high-salinity,corrected_fc,0,3.9579656204224576,3.9579656204224576,0,4,0,10.901329678157099,4.238182177601399,6.6631475005557,2.424965322954302,1.5721710915991611,2.764255689726747,2.764255689726747,0.5,0.18359728602255654,1.5,1.5,3.9579656204224576,3.9579656204224576,0,0,1,0.5862037532158586,monotonic_increase,5
20250701 plate22 D05,72,low-salinity,corrected_fc,0,2.795109564342694,2.795109564342694,0,4,0,8.745134296920138,3.41961674699491,5.325517549925228,1.9059008029303177,1.5573433937019945,2.1913074287583623,2.1913074287583623,0.5,0.09545611482536076,3.5,1.5,2.795109564342694,2.795109564342694,0,0,1,0.5707952066986711,monotonic_increase,5
20250701 plate22 D06,36,high-salinity,corrected_fc,0,4.403784230536029,4.403784230536029,0,4,0,12.488188841926135,4.7032786783140725,7.784910163612063,3.08163148529799,1.6552092053372915,3.0576309903122043,3.0576309903122043,0.5,0.23366438569153347,1.5,1.5,4.403784230536029,4.403784230536029,0,0,1,0.5875188989798081,monotonic_increase,5
20250701 plate23 A02,51,low-salinity,corrected_fc,0,6.777505327335804,6.777505327335804,0,4,0,14.705115987859743,3.7455266091859976,10.959589378673746,7.214062769487748,2.9260476622419604,2.3777988093618307,3.4676533155333447,2.5,0.357656790286502,1.5,2.5,6.777505327335804,6.777505327335804,0,0,1,0.7824790618233675,monotonic_increase,5
20250701 plate23 A03,76,low-salinity,corrected_fc,0,3.462628041446517,3.462628041446517,0,4,0,9.4145469012119,3.4238240920278136,5.990722809184085,2.5668987171562714,1.7497168803540912,2.1856846342905203,2.1856846342905203,0.5,0.2905942811840667,1.5,1.5,3.462628041446517,3.462628041446517,0,0,1,0.6010611166164617,monotonic_increase,5
20250701 plate23 A04,43,high-salinity,corrected_fc,0,2.7600086715228334,2.7600086715228334,0,4,0,8.446712933047365,3.2612503171021596,5.185462615945207,1.9242122988430475,1.5900228782661614,2.0736160196918147,2.0736160196918147,0.5,0.14218468874938806,3.5,1.5,2.7600086715228334,2.7600086715228334,0,0,1,0.574510414056544,monotonic_increase,5
20250701 plate23 A05,77,low-salinity,corrected_fc,0,2.7138961057406488,2.7138961057406488,0,4,0,5.86539142020937,2.014461983145421,3.850929437063949,1.836467453918528,1.9116416538429934,1.2535137196632509,1.2535137196632509,0.5,0.21113659374711435,2.5,1.5,2.7138961057406488,2.7138961057406488,0,0,1,0.6768648717208172,monotonic_increase,5
20250701 plate23 A06,80,low-salinity,corrected_fc,0,3.1854460905359017,3.1854460905359017,0,4,0,10.194891066702231,4.0800127807532265,6.114878285949006,2.0348655051957794,1.498739983069395,2.6584689299796485,2.6584689299796485,0.5,0.08483470062842535,3.5,1.5,3.1854460905359017,3.1854460905359017,0,0,1,0.5659940006213455,monotonic_increase,5
20250701 plate23 B02,51,low-salinity,corrected_fc,0,6.667490093385844,6.667490093385844,0,4,0,15.401340763187164,5.430198721855836,9.97114204133133,4.540943319475494,1.836238884075972,3.5236024981432115,3.5236024981432115,0.5,0.28958994928203774,1.5,1.5,6.667490093385844,6.667490093385844,0,0,1,0.6481289089172556,monotonic_increase,5
20250701 plate23 B03,76,low-salinity,corrected_fc,0,4.268865854171363,4.268865854171363,0,4,0,9.996438223766956,3.4207140877196593,6.575724136047297,3.1550100483276378,1.9223249787680599,2.1964288461546797,2.1964288461546797,0.5,0.25214163697527914,1.5,1.5,4.268865854171363,4.268865854171363,0,0,1,0.6504131485166854,monotonic_increase,5
20250701 plate23 B04,43,high-salinity,corrected_fc,0,2.2400366954992728,2.2400366954992728,0,4,0,6.576590736634104,2.4508740941859246,4.12571664244818,1.674842548262255,1.6833653969558833,1.5627004865097955,1.5627004865097955,0.5,0.12251200847685828,3.5,1.5,2.2400366954992728,2.2400366954992728,0,0,1,0.5857150852662808,monotonic_increase,5
20250701 plate23 B05,77,low-salinity,corrected_fc,0,7.535531922699407,7.535531922699407,0,4,0,16.704871711224015,4.813290599349993,11.891581111874022,7.0782905125240285,2.470572026854126,3.048093962501792,3.048093962501792,0.5,0.48229931119460945,1.5,1.5,7.535531922699407,7.535531922699407,0,0,1,0.7239328161378978,monotonic_increase,5
20250701 plate23 B06,80,low-salinity,corrected_fc,0,1.0428377411321768,1.0428377411321768,0,4,0,2.108016291749001,0.5070212424509561,1.600995049298045,1.0939738068470888,3.1576488621241707,0.267939875611864,0.36233207821468016,2.5,0.2023429292393124,3.5,3.5,1.0428377411321768,1.0428377411321768,0,0,1,0.8020320617248876,monotonic_increase,5
20250701 plate23 C02,51,low-salinity,corrected_fc,0,3.642179106027133,3.642179106027133,0,4,0,9.772823272425956,3.750338107086266,6.022485165339692,2.272147058253426,1.6058512575066772,2.419624501861226,2.419624501861226,0.5,0.20925479665100521,2.5,1.5,3.642179106027133,3.642179106027133,0,0,1,0.5928972658273453,monotonic_increase,5
20250701 plate23 C04,43,high-salinity,corrected_fc,0,8.146544264327222,8.146544264327222,0,4,0,16.294844483623592,4.420542109784923,11.87430237383867,7.453760264053748,2.686164293640538,2.8200403115674866,2.999524847022751,2.5,0.38096328486738607,1.5,2.5,8.146544264327222,8.146544264327222,0,0,1,0.7766669598496371,monotonic_increase,5
20250701 plate23 C05,77,low-salinity,corrected_fc,0,4.013401489318061,4.013401489318061,0,4,0,9.908818444096742,2.965832854086135,6.942985590010608,3.9771527359244727,2.3409901810363336,1.8947740564855329,1.8947740564855329,0.5,0.14817544156708573,3.5,1.5,4.013401489318061,4.013401489318061,0,0,1,0.6904733155036413,monotonic_increase,5
20250701 plate23 C06,80,low-salinity,corrected_fc,0,4.931543707215703,4.931543707215703,0,4,0,12.519665021955781,4.438769951888938,8.080895070066845,3.6421251181779066,1.8205257667449029,2.850084267641691,2.850084267641691,0.5,0.3272871008528031,1.5,1.5,4.931543707215703,4.931543707215703,0,0,1,0.620600913266829,monotonic_increase,5
20250701 plate23 D02,51,low-salinity,corrected_fc,0,6.085835355852931,6.085835355852931,0,4,0,12.922555601277935,3.7674984080849763,9.155057193192958,5.387558785107982,2.4300095717482955,2.2900670434531825,2.2900670434531825,0.5,0.6647956858104043,1.5,1.5,6.085835355852931,6.085835355852931,0,0,1,0.7263090716049153,monotonic_increase,5
20250701 plate23 D04,43,high-salinity,corrected_fc,0,2.6628716745178367,2.6628716745178367,0,4,0,8.291180662776922,3.2290644507465958,5.062116212030325,1.8330517612837296,1.5676727080687125,2.05920666464061,2.05920666464061,0.5,0.10204908585241457,3.5,1.5,2.6628716745178367,2.6628716745178367,0,0,1,0.5718268645171002,monotonic_increase,5
20250701 plate23 D05,77,low-salinity,corrected_fc,0,5.585046415427639,5.5908663873423965,0,3,0,14.377876314725153,4.080277471650651,10.297598843074502,6.217321371423851,2.5237496505130257,2.1660682236323656,2.1660682236323656,0.5,-0.00581997191475736,3.5,3.5,5.5908663873423965,5.585046415427639,0.00581997191475736,0.0010409785374112417,0.9989590214625887,0.6957556659298539,rise_then_depress,5
20250701 plate23 D06,80,low-salinity,corrected_fc,0,3.229722342581656,3.229722342581656,0,4,0,9.916821612999149,3.794643801719708,6.122177811279441,2.3275340095597326,1.6133735157183684,2.463222763806059,2.463222763806059,0.5,0.05382674050669234,3.5,1.5,3.229722342581656,3.229722342581656,0,0,1,0.5768380377594114,monotonic_increase,5
20250701 plate24 A03,5,high-salinity,corrected_fc,0,5.529048068658882,5.529048068658882,0,4,0,13.62582073946201,3.8888217507293583,9.736998988732651,5.848177238003293,2.503842966550589,2.278517352334487,2.278517352334487,0.5,0.16687751265054196,3.5,3.5,5.529048068658882,5.529048068658882,0,0,1,0.701608175054709,monotonic_increase,5
20250701 plate24 A04,19,high-salinity,corrected_fc,0,3.504176875978279,3.504176875978279,0,4,0,9.229899732920916,3.744724473806028,5.485175259114889,1.7404507853088607,1.464774056805284,2.441829395271792,2.441829395271792,0.5,-0.17559841447695979,2.5,1.5,3.504176875978279,3.504176875978279,0,0,1,0.5943660857767236,rise_then_depress,5
20250701 plate24 A05,80,low-salinity,corrected_fc,0,3.9051505365890535,3.9051505365890535,0,4,0,12.140996462824077,4.749006763687248,7.391989699136829,2.642982935449581,1.5565338326445133,3.068081304265617,3.068081304265617,0.5,0.1466615651683827,3.5,1.5,3.9051505365890535,3.9051505365890535,0,0,1,0.5711121960501985,monotonic_increase,5
20250701 plate24 A06,24,high-salinity,corrected_fc,0,1.1640451477334728,1.1640451477334728,0,4,0,2.9173359865764388,0.9415869651818249,1.9757490213946136,1.0341620562127887,2.098318152708377,0.5770457926557712,0.5770457926557712,0.5,0.13485987273164923,3.5,1.5,1.1640451477334728,1.1640451477334728,0,0,1,0.6507328945927197,monotonic_increase,5
20250701 plate24 B02,7,high-salinity,corrected_fc,0,4.884155201943979,4.884155201943979,0,4,0,9.784566835795946,1.944398632252278,7.840168203543668,5.895769571291391,4.032181505117639,1.206700676890815,3.18499673648729,2.5,0.22376255473376272,3.5,3.5,4.884155201943979,4.884155201943979,0,0,1,0.8984883334620852,monotonic_increase,5
20250701 plate24 B04,19,high-salinity,corrected_fc,0,3.2055412649364428,3.2055412649364428,0,4,0,10.36430390894279,4.1438341120429465,6.220469796899844,2.076635684856898,1.501138710843108,2.633273957606901,2.633273957606901,0.5,0.08601870112348742,2.5,1.5,3.2055412649364428,3.2055412649364428,0,0,1,0.5663229305477381,monotonic_increase,5
20250701 plate24 B06,24,high-salinity,corrected_fc,0,4.942919012589497,5.0067119655170265,0,3,0,14.07229546262448,4.7708985661389605,9.30139689648552,4.530498330346559,1.9496111199054573,2.9476731414652155,2.9476731414652155,0.5,-0.06379295292752918,3.5,1.5,5.0067119655170265,4.942919012589497,0.06379295292752918,0.012741486501898555,0.9872585134981015,0.6183854097607844,rise_then_depress,5
20250701 plate24 C03,5,high-salinity,corrected_fc,0,1.3771134067969792,2.8099638529070985,0,2,0,7.917582588875202,3.78508654129064,4.132496047584562,0.34740950629392175,1.091783768350898,2.380104614837091,2.380104614837091,0.5,-0.7710064351745753,2.5,1.5,2.8099638529070985,1.3771134067969792,1.4328504461101192,0.5099177502328858,0.49008224976711423,0.6365289363278794,rise_then_depress,5
20250701 plate24 C04,19,high-salinity,corrected_fc,0,5.211155110965333,5.211155110965333,0,4,0,12.270845426449945,4.278792995627173,7.992052430822771,3.7132594351955985,1.8678287168812475,2.691540366170792,2.691540366170792,0.5,0.48296489274196874,1.5,1.5,5.211155110965333,5.211155110965333,0,0,1,0.6432322887936345,monotonic_increase,5
20250701 plate24 C05,80,low-salinity,corrected_fc,0,1.3590924842282912,1.3590924842282912,0,4,0,3.0118877054236184,0.8140182976266216,2.197869407796997,1.3838511101703754,2.7000245746381584,0.41686312862382113,0.41686312862382113,0.5,0.23792448754824047,3.5,3.5,1.3590924842282912,1.3590924842282912,0,0,1,0.7367703541309328,monotonic_increase,5
20250701 plate24 D02,7,high-salinity,corrected_fc,0,4.114718089527668,4.114718089527668,0,4,0,10.007095536187201,3.475627196682786,6.531468339504414,3.0558411428216283,1.8792200572426725,2.257147903611248,2.257147903611248,0.5,0.17981068253182864,1.5,1.5,4.114718089527668,4.114718089527668,0,0,1,0.637124192224816,monotonic_increase,5
20250701 plate24 D03,5,high-salinity,corrected_fc,0,3.269101332669387,3.269101332669387,0,4,0,7.4895638910295546,2.6486898173982003,4.840874073631354,2.1921842562331535,1.8276485384711938,1.6840190302437543,1.6840190302437543,0.5,0.24532254406513765,1.5,1.5,3.269101332669387,3.269101332669387,0,0,1,0.6495812769574222,monotonic_increase,5
20250701 plate24 D04,19,high-salinity,corrected_fc,0,6.129580717829146,6.129580717829146,0,4,0,12.255058372258311,3.2061647513920284,9.048893620866282,5.842728869474254,2.8223420574184472,2.0147860180523454,2.40996706193266,2.5,0.3679714486270207,1.5,2.5,6.129580717829146,6.129580717829146,0,0,1,0.7883690151927728,monotonic_increase,5
20250701 plate24 D05,80,low-salinity,corrected_fc,0,2.725677104424543,2.725677104424543,0,4,0,8.424755967528974,3.2388826935111705,5.185873274017804,1.9469905805066334,1.601130317071151,2.043275326521371,2.043275326521371,0.5,0.09824974960880928,3.5,1.5,2.725677104424543,2.725677104424543,0,0,1,0.574915417685654,monotonic_increase,5
20250701 plate24 D06,24,high-salinity,corrected_fc,0,2.189978203879192,2.189978203879192,0,4,0,6.771920986933864,2.6280685216748343,4.14385246525903,1.515783943584196,1.576767284065412,1.67016709435632,1.67016709435632,0.5,0.09901626787827178,3.5,1.5,2.189978203879192,2.189978203879192,0,0,1,0.5729185466347824,monotonic_increase,5
20250701 plate3 A02,85,low-salinity,corrected_fc,0,7.1739018939489565,7.189775227998986,0,3,0,12.725624156097739,1.3431377578047548,11.382486398292984,10.03934864048823,8.474548743903005,0.7373775344852341,5.9782547813599445,2.5,-0.015873334050029442,3.5,3.5,7.189775227998986,7.1739018939489565,0.015873334050029442,0.002207764992181433,0.9977922350078186,1.1046050129880318,rise_then_depress,5
20250701 plate3 A04,47,low-salinity,corrected_fc,0,6.057644292881848,6.342517891133437,0,3,0,19.65739689714491,7.520759662926183,12.136637234218727,4.615877571292543,1.6137515062536374,4.755462466281819,4.755462466281819,0.5,-0.28487359825158887,3.5,1.5,6.342517891133437,6.057644292881848,0.28487359825158887,0.044914906531021336,0.9550850934689786,0.5746389974839808,rise_then_depress,5
20250701 plate3 A05,72,low-salinity,corrected_fc,0,6.342973812264814,6.342973812264814,0,4,0,16.663153398367655,6.32799585563783,10.33515754272982,4.00716168709199,1.6332434120546826,4.088001579928303,4.088001579928303,0.5,0.3919869714907529,1.5,1.5,6.342973812264814,6.342973812264814,0,0,1,0.598870756825304,monotonic_increase,5
20250701 plate3 A06,37,high-salinity,corrected_fc,0,5.239815101704514,5.239815101704514,0,4,0,14.067647707202795,4.479243666418222,9.588404040784575,5.109160374366352,2.1406301498332723,2.4978929354426267,2.4978929354426267,0.5,0.25266934274779373,3.5,1.5,5.239815101704514,5.239815101704514,0,0,1,0.6456691428608221,monotonic_increase,5
20250701 plate3 B02,85,low-salinity,corrected_fc,0,5.138768906453451,5.691618680048253,0,3,0,11.681033673951731,2.4876266705609913,9.193407003390739,6.705780332829748,3.695653818230494,1.55522280044523,3.826810939816731,2.5,-0.5528497735948026,3.5,3.5,5.691618680048253,5.138768906453451,0.5528497735948026,0.09713401488627406,0.902865985113726,0.8609263400253757,rise_then_depress,5
20250701 plate3 B04,47,low-salinity,corrected_fc,0,7.858389117253727,7.858389117253727,0,4,0,15.842225311384047,5.157393594216233,10.684831717167814,5.527438122951581,2.0717502982805764,3.2774663984817978,3.2774663984817978,0.5,0.48238799298707136,1.5,1.5,7.858389117253727,7.858389117253727,0,0,1,0.7177731703027332,monotonic_increase,5
20250701 plate3 B05,72,low-salinity,corrected_fc,0,5.80497030517935,5.80497030517935,0,4,0,13.205361354162944,3.74716386259315,9.458197491569795,5.7110336289766455,2.524094979135617,2.349228692299957,2.36190682810054,2.5,0.44664164828642905,1.5,2.5,5.80497030517935,5.80497030517935,0,0,1,0.7237155984597912,monotonic_increase,5
20250701 plate3 B06,37,high-salinity,corrected_fc,0,5.034682107437218,5.034682107437218,0,4,0,13.252962321978627,4.777819867472523,8.475142454506104,3.6973225870335806,1.7738513986692999,3.057903088195433,3.057903088195433,0.5,0.3819304703587463,1.5,1.5,5.034682107437218,5.034682107437218,0,0,1,0.6088386165878071,monotonic_increase,5
20250701 plate3 C03,48,low-salinity,corrected_fc,0,6.985330792040321,6.985330792040321,0,4,0,15.560108499189868,4.288121367933216,11.271987131256651,6.983865763323435,2.628653940522563,2.7293252998844677,3.1029335310902466,2.5,0.3882668362130284,1.5,2.5,6.985330792040321,6.985330792040321,0,0,1,0.7429190647120067,monotonic_increase,5
20250701 plate3 C04,47,low-salinity,corrected_fc,0,5.699113421416669,5.699113421416669,0,4,0,14.240261910437223,5.070682702617304,9.169579207819918,4.098896505202615,1.8083520002320224,3.21815993820795,3.21815993820795,0.5,0.4868855906107563,1.5,1.5,5.699113421416669,5.699113421416669,0,0,1,0.6225318564718221,monotonic_increase,5
20250701 plate3 C06,37,high-salinity,corrected_fc,0,4.484879024348704,4.484879024348704,0,4,0,14.015839895479877,5.505941143301595,8.509898752178282,3.0039576088766875,1.5455847657454957,3.5247633330726527,3.5247633330726527,0.5,0.19859759457371595,3.5,1.5,4.484879024348704,4.484879024348704,0,0,1,0.5700667952043961,monotonic_increase,5
20250701 plate3 D02,85,low-salinity,corrected_fc,0,1.7454434561220131,1.7454434561220131,0,4,0,3.906790874109946,1.0418016553758334,2.8649892187341126,1.8231875633582793,2.7500332754804067,0.5487781526445512,0.5487781526445512,0.5,0.24619946818018912,3.5,3.5,1.7454434561220131,1.7454434561220131,0,0,1,0.739542547519553,monotonic_increase,5
20250701 plate3 D04,47,low-salinity,corrected_fc,0,6.193326418887113,6.193326418887113,0,4,0,15.80350457795873,5.384612057965579,10.41889251999315,5.034280462027572,1.934938377701741,3.408572934700873,3.408572934700873,0.5,0.5435053118285382,1.5,1.5,6.193326418887113,6.193326418887113,0,0,1,0.6306717047670946,monotonic_increase,5
20250701 plate3 D05,72,low-salinity,corrected_fc,0,5.826163709395992,5.826163709395992,0,4,0,14.127098382361437,4.384766000221146,9.742332382140292,5.357566381919146,2.221859132653587,2.7687161185124745,2.7687161185124745,0.5,0.4633836449048676,1.5,1.5,5.826163709395992,5.826163709395992,0,0,1,0.6748811337958799,monotonic_increase,5
20250701 plate3 D06,37,high-salinity,corrected_fc,0,3.424246805523651,3.424246805523651,0,4,0,10.491851089929366,4.04596957237048,6.4458815175588855,2.3999119451884052,1.5931611452486354,2.559196184639513,2.559196184639513,0.5,0.17726207845755892,3.5,1.5,3.424246805523651,3.424246805523651,0,0,1,0.5747691843938786,monotonic_increase,5
20250701 plate4 A02,21,high-salinity,corrected_fc,0,4.377748959377077,4.377748959377077,0,4,0,13.727181478449392,5.522281675223625,8.204899803225768,2.682618128002143,1.4857807489317376,3.617212219076805,3.617212219076805,0.5,0.19292669321683498,1.5,1.5,4.377748959377077,4.377748959377077,0,0,1,0.5663791849053827,monotonic_increase,5
20250701 plate4 A03,51,low-salinity,corrected_fc,0,4.76110261762638,4.76110261762638,0,4,0,10.252453701397416,3.537305336959742,6.715148364437674,3.177843027477932,1.8983796208582995,2.243917304286537,2.243917304286537,0.5,0.34285876105987256,1.5,1.5,4.76110261762638,4.76110261762638,0,0,1,0.6776273488903654,monotonic_increase,5
20250701 plate4 A04,47,low-salinity,corrected_fc,0,3.3455614043641857,3.3455614043641857,0,4,0,8.976058584844914,3.1767576049017476,5.799300979943167,2.6225433750414195,1.8255409134756855,2.006092994291584,2.006092994291584,0.5,0.33523622692874344,1.5,1.5,3.3455614043641857,3.3455614043641857,0,0,1,0.6102389253186427,monotonic_increase,5
20250701 plate4 A05,60,low-salinity,corrected_fc,0,6.404387827624418,6.404387827624418,0,4,0,15.763108395738895,6.112805031412439,9.650303364326454,3.5374983329140157,1.5787029546559304,4.015940098049023,4.015940098049023,0.5,0.15751465042399637,2.5,1.5,6.404387827624418,6.404387827624418,0,0,1,0.6144567290725482,monotonic_increase,5
20250701 plate4 B02,21,high-salinity,corrected_fc,0,8.08975591267466,8.08975591267466,0,4,0,19.151050384930073,5.76571956203618,13.385330822893895,7.619611260857715,2.321536918137383,3.722748026872706,3.722748026872706,0.5,0.36319504345424125,1.5,1.5,8.08975591267466,8.08975591267466,0,0,1,0.6954862749827223,monotonic_increase,5
20250701 plate4 B03,51,low-salinity,corrected_fc,0,3.646237379236231,3.646237379236231,0,4,0,11.135831173462847,4.359249452743896,6.776581720718952,2.4173322679750564,1.5545294652623023,2.781219907937841,2.781219907937841,0.5,0.21937439668267134,2.5,1.5,3.646237379236231,3.646237379236231,0,0,1,0.5722063558848475,monotonic_increase,5
20250701 plate4 B04,47,low-salinity,corrected_fc,0,5.705049933610161,5.705049933610161,0,4,0,14.406774224374539,5.17731838738197,9.22945583699257,4.0521374496105995,1.7826710946513096,3.330525146831241,3.330525146831241,0.5,0.3630613342702156,1.5,1.5,5.705049933610161,5.705049933610161,0,0,1,0.6184246953042898,monotonic_increase,5
20250701 plate4 B05,60,low-salinity,corrected_fc,0,5.614936822104104,5.614936822104104,0,4,0,13.030065608592047,4.758574550122332,8.271491058469715,3.5129165083473834,1.7382287429451062,3.030314332040533,3.030314332040533,0.5,0.2792419931722656,2.5,1.5,5.614936822104104,5.614936822104104,0,0,1,0.6401955761254767,monotonic_increase,5
20250701 plate4 B06,74,low-salinity,corrected_fc,0,2.0902619402289133,2.0902619402289133,0,4,0,4.955879595423797,1.488135962226008,3.467743633197789,1.979607670971781,2.330259950179963,0.8403464387470982,0.8403464387470982,0.5,0.3154388006244906,3.5,1.5,2.0902619402289133,2.0902619402289133,0,0,1,0.6847247042288243,monotonic_increase,5
20250701 plate4 C02,21,high-salinity,corrected_fc,0,3.55279114919684,3.55279114919684,0,4,0,10.979177149539693,4.370325090621186,6.608852058918506,2.23852696829732,1.5122106300744647,2.8395823250197467,2.8395823250197467,0.5,0.22190320618313208,1.5,1.5,3.55279114919684,3.55279114919684,0,0,1,0.568670668231817,monotonic_increase,5
20250701 plate4 C03,51,low-salinity,corrected_fc,0,4.908147067681623,4.908147067681623,0,4,0,9.8917136831357535,3.2372863711887803,6.654427311946973,3.417140940758193,2.0555572009847767,2.0468801886659,2.0468801886659,0.5,0.33393217637985995,1.5,1.5,4.908147067681623,4.908147067681623,0,0,1,0.7166259066500179,monotonic_increase,5
20250701 plate4 C04,47,low-salinity,corrected_fc,0,5.168788078995678,5.287365059055573,0,3,0,12.458606571606254,3.3509240864582788,9.107682485147974,5.756758398689695,2.717961448889233,2.115000699863717,2.815518285866449,2.5,-0.11857698005989548,3.5,3.5,5.287365059055573,5.168788078995678,0.11857698005989548,0.022426478734773735,0.9775735212652262,0.7431785660448412,rise_then_depress,5
20250701 plate4 C05,60,low-salinity,corrected_fc,0,5.867035875647939,5.867035875647939,0,4,0,13.986958528865813,5.004546173178542,8.98241235568727,3.977866182508728,1.7948505308688683,3.233818314951082,3.233818314951082,0.5,0.3076374015038379,1.5,1.5,5.867035875647939,5.867035875647939,0,0,1,0.634874682471697,monotonic_increase,5
20250701 plate4 C06,74,low-salinity,corrected_fc,0,4.604096321780721,4.604096321780721,0,4,0,14.194146971605342,5.500078130566819,8.694068841038522,3.193990710471703,1.580717334308584,3.486358153761433,3.486358153761433,0.5,0.22579561843794593,3.5,1.5,4.604096321780721,4.604096321780721,0,0,1,0.5734383180400471,monotonic_increase,5
20250701 plate4 D02,21,high-salinity,corrected_fc,0,7.059363584972892,7.059363584972892,0,4,0,15.696698143288199,4.838371827336333,10.858326315951865,6.019954488615532,2.244210801369868,3.095004098748689,3.095004098748689,0.5,0.3917313584265991,1.5,1.5,7.059363584972892,7.059363584972892,0,0,1,0.6982432527310578,monotonic_increase,5
20250701 plate4 D03,51,low-salinity,corrected_fc,0,5.485309749737255,5.485309749737255,0,4,0,7.363510742605758,1.3808699897031311,5.982640752902626,4.601770763199495,4.332515586198535,0.8025493917918002,2.8236444696145875,3.5,0.3540918040308615,1.5,3.5,5.485309749737255,5.485309749737255,0,0,1,1.0705332039163225,monotonic_increase,5
20250701 plate4 D04,47,low-salinity,corrected_fc,0,4.342625280951417,4.342625280951417,0,4,0,10.15786501898441,3.0682468839341084,7.089618135050302,4.021371251116194,2.3106413542446065,1.9356188722243663,1.9356188722243663,0.5,0.3296371511951177,1.5,1.5,4.342625280951417,4.342625280951417,0,0,1,0.6925759853267833,monotonic_increase,5
20250701 plate4 D05,60,low-salinity,corrected_fc,0,4.05998519098065,4.05998519098065,0,4,0,11.073049774576713,4.266479811160566,6.8065699634161465,2.5400901522555808,1.5953597027720674,2.7411789789356416,2.7411789789356416,0.5,0.20067487125104888,2.5,1.5,4.05998519098065,4.05998519098065,0,0,1,0.5892015917618182,monotonic_increase,5
20250701 plate4 D06,74,low-salinity,corrected_fc,0,2.7811539820904083,2.7811539820904083,0,4,0,8.698351581395698,3.3761446664417356,5.322206914953964,1.946062248512228,1.576415539255688,2.137971305046731,2.137971305046731,0.5,0.08769741957665422,3.5,1.5,2.7811539820904083,2.7811539820904083,0,0,1,0.5723744659095379,monotonic_increase,5
20250701 plate5 A02,2,high-salinity,corrected_fc,0,3.712074976215912,3.712074976215912,0,4,0,10.382605651776363,4.051835319513214,6.33077033226315,2.278935012749936,1.5624451225287523,2.6327019046119147,2.6327019046119147,0.5,0.2055649251906826,1.5,1.5,3.712074976215912,3.712074976215912,0,0,1,0.5830207131240372,monotonic_increase,5
20250701 plate5 A04,88,low-salinity,corrected_fc,0,4.191933084698039,4.191933084698039,0,4,0,10.287238750347214,3.8370504154738567,6.450188334873358,2.6131379193995015,1.6810277782281347,2.450416474165546,2.450416474165546,0.5,0.19431996859940792,2.5,1.5,4.191933084698039,4.191933084698039,0,0,1,0.619158832746584,monotonic_increase,5
20250701 plate5 A05,50,low-salinity,corrected_fc,0,6.623687094500658,6.623687094500658,0,4,0,17.492881259061438,6.599393609582529,10.89348764947891,4.294094039896381,1.650680091828622,4.280463851420545,4.280463851420545,0.5,0.35739566490342245,1.5,1.5,6.623687094500658,6.623687094500658,0,0,1,0.5988292855896197,monotonic_increase,5
20250701 plate5 A06,24,high-salinity,corrected_fc,0,3.088199803986287,3.088199803986287,0,4,0,9.620435876742098,3.711082165181881,5.909353711560216,2.1982715463783356,1.5923532405191567,2.3605449527411952,2.3605449527411952,0.5,0.07348320685989851,3.5,1.5,3.088199803986287,3.088199803986287,0,0,1,0.5737026594583607,monotonic_increase,5
20250701 plate5 B04,88,low-salinity,corrected_fc,0,6.575954949504361,6.589468201089967,0,3,0,17.928845123998023,5.499183387209472,12.429661736788553,6.930478349579081,2.260274091913111,2.946967326263068,2.946967326263068,0.5,-0.013513251585606234,3.5,3.5,6.589468201089967,6.575954949504361,0.013513251585606234,0.002050734774525659,0.9979492652254743,0.6599947780903651,rise_then_depress,5
20250701 plate5 B06,24,high-salinity,corrected_fc,0,4.258747871040727,4.258747871040727,0,4,0,12.61520559769488,4.628463972045599,7.98674162564928,3.3582776536036816,1.7255706588376998,2.9145543992900045,2.9145543992900045,0.5,0.11528975366740557,3.5,1.5,4.258747871040727,4.258747871040727,0,0,1,0.5890434167721605,monotonic_increase,5
20250701 plate5 C02,2,high-salinity,corrected_fc,0,1.8817280879037823,1.8817280879037823,0,4,0,4.001664542834446,1.2724520789774578,2.729212463856988,1.45676038487953,2.144844987836542,0.773395641192296,0.773395641192296,0.5,0.2247172343780276,1.5,1.5,1.8817280879037823,1.8817280879037823,0,0,1,0.6993830274377484,monotonic_increase,5
20250701 plate5 C04,88,low-salinity,corrected_fc,0,5.21689355796824,5.21689355796824,0,4,0,13.155470768435654,4.603040535906219,8.552430232529435,3.949389696623216,1.8579958542219712,2.934030634313123,2.934030634313123,0.5,0.403989168873069,1.5,1.5,5.21689355796824,5.21689355796824,0,0,1,0.6252162879516644,monotonic_increase,5
20250701 plate5 C05,50,low-salinity,corrected_fc,0,5.603551166538523,5.603551166538523,0,4,0,12.45634561798611,3.0264120776940753,9.429933540292033,6.403521462597958,3.1158789015529624,1.9881838012316624,3.513473127635532,2.5,0.013621485978164927,3.5,3.5,5.603551166538523,5.603551166538523,0,0,1,0.8085089042110999,monotonic_increase,5
20250701 plate5 D02,2,high-salinity,corrected_fc,0,2.7656710873388133,2.7656710873388133,0,4,0,8.810034903665947,3.4923063399525835,5.317728563713365,1.8254222237607811,1.522698195996622,2.2678552056293326,2.2678552056293326,0.5,0.05522920161810685,3.5,1.5,2.7656710873388133,2.7656710873388133,0,0,1,0.5676703483797201,monotonic_increase,5
20250701 plate5 D04,88,low-salinity,corrected_fc,0,4.464486399979206,4.464486399979206,0,4,0,11.186684850790098,3.818708772108449,7.367976078681649,3.5492673065732,1.9294417349908355,2.4422278865279115,2.4422278865279115,0.5,0.310733884633164,1.5,1.5,4.464486399979206,4.464486399979206,0,0,1,0.6343470415183763,monotonic_increase,5
20250701 plate5 D05,50,low-salinity,corrected_fc,0,4.22557262877514,4.22557262877514,0,4,0,11.238198998596527,4.300911768577028,6.937287230019498,2.63637546144247,1.6129805965107544,2.7645401947173074,2.7645401947173074,0.5,0.21538619405276638,2.5,1.5,4.22557262877514,4.22557262877514,0,0,1,0.5951533236572297,monotonic_increase,5
20250701 plate5 D06,24,high-salinity,corrected_fc,0,2.427043379090485,2.427043379090485,0,4,0,7.727195877060095,3.048878200730203,4.6783176763298915,1.6294394755996886,1.5344390193119029,1.959639003525516,1.959639003525516,0.5,0.051486589510523206,3.5,1.5,2.427043379090485,2.427043379090485,0,0,1,0.5684245629191143,monotonic_increase,5
20250701 plate6 A02,48,low-salinity,corrected_fc,0,6.523610614875061,6.523610614875061,0,4,0,17.6248033942112,5.9052654400073,11.719537954203899,5.814272514196599,1.9845912217265904,3.6822472716966463,3.6822472716966463,0.5,0.2888961364193463,3.5,1.5,6.523610614875061,6.523610614875061,0,0,1,0.6277402150327871,monotonic_increase,5
20250701 plate6 A03,76,low-salinity,corrected_fc,0,6.335462089695431,6.335462089695431,0,4,0,11.280391831000324,2.2618910656816356,9.018500765318688,6.756609699637052,3.9871507970260733,1.270950529180437,2.8779481109673783,2.5,0.7109305438219597,1.5,2.5,6.335462089695431,6.335462089695431,0,0,1,0.9082088518364532,monotonic_increase,5
20250701 plate6 A04,74,low-salinity,corrected_fc,0,4.173438052195761,4.173438052195761,0,4,0,12.686795096072823,4.833839560626571,7.8529555354462515,3.0191159748196803,1.6245792680856659,3.05059332083797,3.05059332083797,0.5,0.1904477826359905,3.5,1.5,4.173438052195761,4.173438052195761,0,0,1,0.5777489720803952,monotonic_increase,5
20250701 plate6 A05,78,low-salinity,corrected_fc,0,3.0966052187454443,3.5030381674549136,0,3,0,10.322175501360302,3.8056753292962826,6.516500172064019,2.710824842767736,1.7123111164790303,2.3405159340598995,2.3405159340598995,0.5,-0.40643294870946933,3.5,1.5,3.5030381674549136,3.0966052187454443,0.40643294870946933,0.11602298612828357,0.8839770138717165,0.5860529997138588,rise_then_depress,5
20250701 plate6 B02,48,low-salinity,corrected_fc,0,8.227329961723676,8.227329961723676,0,4,0,24.64699436981717,9.23356927305946,15.413425096757708,6.179855823698247,1.6692813624877487,5.924953887202977,5.924953887202977,0.5,0.2361852316842903,3.5,1.5,8.227329961723676,8.227329961723676,0,0,1,0.5831387282675589,monotonic_increase,5
20250701 plate6 B03,76,low-salinity,corrected_fc,0,8.07697570422627,8.07697570422627,0,4,0,20.10291074615396,5.8636430805158515,14.239267665638106,8.375624585122255,2.428399455784306,3.141109655218524,3.141109655218524,0.5,0.5987293159986242,3.5,3.5,8.07697570422627,8.07697570422627,0,0,1,0.6878182467001812,monotonic_increase,5
20250701 plate6 B04,74,low-salinity,corrected_fc,0,5.177803863917397,5.177803863917397,0,4,0,12.632433022515933,3.3494364242864445,9.282996598229488,5.933560173943043,2.7715100161087887,1.6482796003873117,1.7540340474109535,1.5,0.18486602154574072,3.5,3.5,5.177803863917397,5.177803863917397,0,0,1,0.7288739680476042,monotonic_increase,5
20250701 plate6 C03,76,low-salinity,corrected_fc,0,4.381175858946789,4.381175858946789,0,4,0,13.484411594382252,5.2024103825431824,8.28200121183907,3.0795908292958876,1.5919546138900404,3.305590179336916,3.305590179336916,0.5,0.1865827797873818,3.5,1.5,4.381175858946789,4.381175858946789,0,0,1,0.5743138589474822,monotonic_increase,5
20250701 plate6 C05,78,low-salinity,corrected_fc,0,5.188025432797617,6.264845105617749,0,3,0,17.37967905570888,6.411589544630013,10.968089511078865,4.556499966448852,1.710666198254241,4.302357855567705,4.302357855567705,0.5,-1.0768196728201325,3.5,1.5,6.264845105617749,5.188025432797617,1.0768196728201325,0.1718828885098113,0.8281171114901887,0.596077290316683,rise_then_depress,5
20250701 plate6 C06,34,high-salinity,corrected_fc,0,6.695365701166662,6.695365701166662,0,4,0,16.175117098625826,4.6039157013495755,11.571201397276251,6.967285695926676,2.5133391112883126,2.893891111839602,3.0934447781629992,2.5,0.18187174398371564,3.5,3.5,6.695365701166662,6.695365701166662,0,0,1,0.7140960332689767,monotonic_increase,5
20250701 plate6 D02,48,low-salinity,corrected_fc,0,8.363091066653572,8.363091066653572,0,4,0,18.468133725131246,5.021402821395156,13.44673090373609,8.425328082340933,2.677883329025578,3.197791583808599,3.7943516576496323,2.5,0.44943089136451464,1.5,2.5,8.363091066653572,8.363091066653572,0,0,1,0.7506016751679503,monotonic_increase,5
20250701 plate6 D03,76,low-salinity,corrected_fc,0,1.3704397133996056,1.3704397133996056,0,4,0,2.87118051089099,0.7761245235251559,2.095055987365834,1.318931463840678,2.6993812511555415,0.39899628374625706,0.39899628374625706,0.5,0.2784514113293346,2.5,2.5,1.3704397133996056,1.3704397133996056,0,0,1,0.7515718022949842,monotonic_increase,5
20250701 plate6 D04,74,low-salinity,corrected_fc,0,5.041634390107521,5.041634390107521,0,4,0,12.02056847219449,4.016511720048831,8.00405675214566,3.987545032096829,1.992788098237729,2.4958240312473934,2.4958240312473934,0.5,0.5455513463554813,1.5,1.5,5.041634390107521,5.041634390107521,0,0,1,0.6503288865176096,monotonic_increase,5
20250701 plate6 D05,78,low-salinity,corrected_fc,0,5.963247715135563,5.963247715135563,0,4,0,17.65003918246181,6.5627061895157395,11.08733299294607,4.524626803430331,1.689445279549259,4.28556030369853,4.28556030369853,0.5,0.13468446557448388,3.5,1.5,5.963247715135563,5.963247715135563,0,0,1,0.5874948920033698,monotonic_increase,5
20250701 plate6 D06,34,high-salinity,corrected_fc,0,3.383803225462753,3.3870074331788937,0,3,0,10.709159028403782,4.134238730727047,6.574920297676735,2.4406815669496886,1.590358159244585,2.6382274789605824,2.6382274789605824,0.5,-0.003204207716140939,3.5,1.5,3.3870074331788937,3.383803225462753,0.003204207716140939,9.460291361491382e-4,0.9990539708638508,0.5729405928802321,rise_then_depress,5
20250701 plate7 A03,38,high-salinity,corrected_fc,0,1.7610747392366597,1.7610747392366597,0,4,0,3.9603540653491622,1.0665891385387813,2.8937649268103813,1.8271757882716,2.713101814232626,0.5450455237598223,0.5450455237598223,0.5,0.26939079682356737,3.5,3.5,1.7610747392366597,1.7610747392366597,0,0,1,0.7348555196180391,monotonic_increase,5
20250701 plate7 A04,49,low-salinity,corrected_fc,0,7.259538107139871,7.259538107139871,0,4,0,16.976993367088635,6.33078238221576,10.646210984872877,4.315428602657117,1.6816580229925273,4.108306046203346,4.108306046203346,0.5,0.33664662582148175,1.5,1.5,7.259538107139871,7.259538107139871,0,0,1,0.6349427853542805,monotonic_increase,5
20250701 plate7 A05,32,high-salinity,corrected_fc,0,2.970741674739962,2.970741674739962,0,4,0,5.510365055475368,1.0562138641438041,4.4541511913315635,3.3979373271877593,4.2170921463355535,0.6119043013691585,1.6358516656376456,2.5,0.2767148241801328,1.5,2.5,2.970741674739962,2.970741674739962,0,0,1,0.9162842568894486,monotonic_increase,5
20250701 plate7 A06,74,low-salinity,corrected_fc,0,1.7402926621647374,1.7402926621647374,0,4,0,3.852152245734423,1.0755521325952322,2.7766001131391906,1.7010479805439584,2.581557907787741,0.5780025546925441,0.5780025546925441,0.5,0.33138845801060324,3.5,1.5,1.7402926621647374,1.7402926621647374,0,0,1,0.7254790775741317,monotonic_increase,5
20250701 plate7 B02,36,high-salinity,corrected_fc,0,3.2284041556426266,3.2284041556426266,0,4,0,9.642763110610096,3.7464461847301225,5.896316925879973,2.1498707411498508,1.5738426858798502,2.387755782260706,2.387755782260706,0.5,0.20604364065041025,2.5,1.5,3.2284041556426266,3.2284041556426266,0,0,1,0.5753103342657161,monotonic_increase,5
20250701 plate7 B04,49,low-salinity,corrected_fc,0,3.841021387779378,3.841021387779378,0,4,0,9.563394541092318,3.572270293055012,5.9911242480373055,2.4188539549822936,1.6771195224742317,2.294324540109525,2.294324540109525,0.5,0.23677629531115674,2.5,1.5,3.841021387779378,3.841021387779378,0,0,1,0.6146945553200004,monotonic_increase,5
20250701 plate7 B05,32,high-salinity,corrected_fc,0,8.541283232947723,8.541283232947723,0,4,0,16.512734376809178,3.7132512488567633,12.799483127952417,9.086231879095653,3.446974704955159,2.3849026050305384,4.543795579999879,2.5,0.2717946826219122,1.5,2.5,8.541283232947723,8.541283232947723,0,0,1,0.8603498062469966,monotonic_increase,5
20250701 plate7 B06,74,low-salinity,corrected_fc,0,3.97078159874688,3.97078159874688,0,4,0,12.059723051586145,4.699031572384395,7.360691479201751,2.6616599068173565,1.5664273299331697,3.0813402493778708,3.0813402493778708,0.5,0.15404239663517671,1.5,1.5,3.97078159874688,3.97078159874688,0,0,1,0.5739167427359131,monotonic_increase,5
20250701 plate7 C02,36,high-salinity,corrected_fc,0,5.080008403034485,5.080008403034485,0,4,0,13.290863790334605,5.033798745973953,8.257065044360653,3.2232662983867,1.6403248244607869,3.2364902714304704,3.2364902714304704,0.5,0.32513541921296474,2.5,1.5,5.080008403034485,5.080008403034485,0,0,1,0.6001725590326931,monotonic_increase,5
20250701 plate7 C03,38,high-salinity,corrected_fc,0,4.425231325008047,4.425231325008047,0,4,0,8.488078775314587,1.429615274066056,7.058463501248531,5.628848227182475,4.937316793750479,0.8601275841673043,3.137384769048253,2.5,0.14887117616229073,3.5,3.5,4.425231325008047,4.425231325008047,0,0,1,0.9634510408199761,monotonic_increase,5
20250701 plate7 C04,49,low-salinity,corrected_fc,0,7.966471494246234,7.966471494246234,0,4,0,17.598512447300266,5.264410166336138,12.334102280964128,7.0696921146279905,2.342921978199178,3.353582304335366,3.353582304335366,0.5,0.468073419666176,1.5,1.5,7.966471494246234,7.966471494246234,0,0,1,0.7106485881983957,monotonic_increase,5
20250701 plate7 C05,32,high-salinity,corrected_fc,0,0.6367628916473848,0.6367628916473848,0,4,0,1.3408968715721252,0.35957502702672467,0.9813218445454005,0.6217468175186758,2.7291156804181114,0.2010027425039509,0.2010027425039509,0.5,0.11614182654159666,1.5,1.5,0.6367628916473848,0.6367628916473848,0,0,1,0.7536348851020511,monotonic_increase,5
20250701 plate7 C06,74,low-salinity,corrected_fc,0,1.6961666655974366,1.6961666655974366,0,4,0,4.091500089022085,1.184528032173859,2.9069720568482262,1.7224440246743673,2.454118415005611,0.6225401758553969,0.6225401758553969,0.5,0.19926579786639076,3.5,3.5,1.6961666655974366,1.6961666655974366,0,0,1,0.6955497947698573,monotonic_increase,5
20250701 plate7 D02,36,high-salinity,corrected_fc,0,5.768266650652364,5.768266650652364,0,4,0,15.570242474096114,5.2554920006067904,10.314750473489323,5.059258472882532,1.9626612450933991,3.406135238530274,3.406135238530274,0.5,0.18700626456573932,3.5,1.5,5.768266650652364,5.768266650652364,0,0,1,0.6294992605150199,monotonic_increase,5
20250701 plate7 D05,32,high-salinity,corrected_fc,0,1.107264646449115,1.107264646449115,0,4,0,2.653661740377764,0.7663169961853882,1.887344744192376,1.121027748006988,2.46287731263602,0.4132170805189944,0.4132170805189944,0.5,0.12665214114769008,3.5,3.5,1.107264646449115,1.107264646449115,0,0,1,0.6970754990210191,monotonic_increase,5
20250701 plate7 D06,74,low-salinity,corrected_fc,0,5.519817504870327,5.556444487535735,0,3,0,11.391959120765648,2.1523876785746863,9.239571442190961,7.087183763616275,4.292707830547244,1.2291694763546228,3.710008083095609,2.5,-0.03662698266540865,3.5,3.5,5.556444487535735,5.519817504870327,0.03662698266540865,0.006591802140302241,0.9934081978596978,0.9043564567778878,rise_then_depress,5
20250701 plate8 A02,32,high-salinity,corrected_fc,0,5.416589094207114,5.732962241902489,0,3,0,16.398383449180997,5.377313710188015,11.021069738992981,5.643756028804966,2.0495493350354734,2.7975007602010806,2.7975007602010806,0.5,-0.3163731476953746,3.5,2.5,5.732962241902489,5.416589094207114,0.3163731476953746,0.05518493482880255,0.9448150651711974,0.6361915255810444,rise_then_depress,5
20250701 plate8 A03,41,high-salinity,corrected_fc,0,6.444605760439149,6.444605760439149,0,4,0,12.544021592467507,4.0038702575380984,8.540151334929408,4.53628107739131,2.1329740440142486,2.5438990781698045,2.58672848509761,3.5,0.3760432805667837,1.5,1.5,6.444605760439149,6.444605760439149,0,0,1,0.7386214095452265,monotonic_increase,5
20250701 plate8 A04,7,high-salinity,corrected_fc,0,6.556630190311796,6.556630190311796,0,4,0,16.350399517250295,5.230147255996398,11.1202522612539,5.890105005257501,2.126183397322983,3.41076911373506,3.41076911373506,0.5,0.22798717078761488,1.5,1.5,6.556630190311796,6.556630190311796,0,0,1,0.662750713858269,monotonic_increase,5
20250701 plate8 A05,70,low-salinity,corrected_fc,0,6.82827621149657,6.82827621149657,0,4,0,18.25844704399274,6.239629407407659,12.01881763658508,5.7791882291774215,1.9262069670862818,4.011050426361392,4.011050426361392,0.5,0.44610753573113815,1.5,1.5,6.82827621149657,6.82827621149657,0,0,1,0.624342835060891,monotonic_increase,5
20250701 plate8 B02,32,high-salinity,corrected_fc,0,7.761016008958742,7.761016008958742,0,4,0,20.485272117792874,6.533077616058513,13.952194501734361,7.419116885675848,2.1356235639141072,4.162619991567072,4.162619991567072,0.5,0.05978713619519027,3.5,1.5,7.761016008958742,7.761016008958742,0,0,1,0.6538287968767228,monotonic_increase,5
20250701 plate8 B03,41,high-salinity,corrected_fc,0,3.829510791806084,5.010657234512065,0,3,0,10.727994241708801,2.7027328330491485,8.025261408659652,5.322528575610503,2.9693136186182985,1.6028840548046033,2.810959678022974,2.5,-1.1811464427059812,3.5,3.5,5.010657234512065,3.829510791806084,1.1811464427059812,0.23572684927848603,0.7642731507215139,0.7712417167976681,rise_then_depress,5
20250701 plate8 B05,70,low-salinity,corrected_fc,0,1.647370246202389,1.647370246202389,0,4,0,4.022877500195343,1.2147317403525806,2.8081457598427626,1.593414019490182,2.3117414870773754,0.6617931754724826,0.6617931754724826,0.5,0.21584817434091863,3.5,1.5,1.647370246202389,1.647370246202389,0,0,1,0.6777192442569818,monotonic_increase,5
20250701 plate8 B06,88,low-salinity,corrected_fc,0,6.3610063407421285,6.3610063407421285,0,4,0,15.874663315050238,5.376727738078513,10.497935576971726,5.121207838893213,1.9524766899808441,3.441910262349108,3.441910262349108,0.5,0.4277246891097013,1.5,1.5,6.3610063407421285,6.3610063407421285,0,0,1,0.6378422170069407,monotonic_increase,5
20250701 plate8 C03,41,high-salinity,corrected_fc,0,6.681913147989537,6.681913147989537,0,4,0,16.405758621944372,4.963489159259243,11.442269462685127,6.478780303425884,2.3052874894145603,3.1445899122775787,3.1445899122775787,0.5,0.3994995062808435,3.5,1.5,6.681913147989537,6.681913147989537,0,0,1,0.6847374571746867,monotonic_increase,5
20250701 plate8 C05,70,low-salinity,corrected_fc,0,1.0930152550633343,1.0930152550633343,0,4,0,2.538371845664841,0.6760318552863709,1.86233999037847,1.1863081350920992,2.7548109986467613,0.3240993617613718,0.37976562528862623,1.5,0.12911538574153025,3.5,3.5,1.0930152550633343,1.0930152550633343,0,0,1,0.7342797924194019,monotonic_increase,5
20250701 plate8 C06,88,low-salinity,corrected_fc,0,6.610031507350452,6.610031507350452,0,4,0,15.095874727985228,4.653047497054246,10.442827230930984,5.789779733876738,2.2442984382906332,2.948990272481079,2.948990272481079,0.5,0.4591241766652545,1.5,1.5,6.610031507350452,6.610031507350452,0,0,1,0.69025132152669,monotonic_increase,5
20250701 plate8 D02,32,high-salinity,corrected_fc,0,4.313190952416737,4.313190952416737,0,4,0,10.497535472769357,3.717450676158599,6.7800847966107565,3.0626341204521577,1.8238533304810136,2.3612419109751355,2.3612419109751355,0.5,0.35117561939179076,1.5,1.5,4.313190952416737,4.313190952416737,0,0,1,0.6305356101385164,monotonic_increase,5
20250701 plate8 D03,41,high-salinity,corrected_fc,0,2.8414745980820366,2.8414745980820366,0,4,0,8.547835707020639,3.2335489204168635,5.314286786603775,2.0807378661869116,1.6434842698834649,2.0456634158978244,2.0456634158978244,0.5,0.1358106150383196,3.5,1.5,2.8414745980820366,2.8414745980820366,0,0,1,0.5800276510279977,monotonic_increase,5
20250701 plate8 D04,7,high-salinity,corrected_fc,0,7.959281760225196,7.959281760225196,0,4,0,21.219707970163753,7.206858857085163,14.012849113078593,6.8059902559934295,1.9443767931298344,4.602742499011471,4.602742499011471,0.5,0.5301898853328941,3.5,1.5,7.959281760225196,7.959281760225196,0,0,1,0.6262830257263113,monotonic_increase,5
20250701 plate8 D05,70,low-salinity,corrected_fc,0,3.9685322521338793,3.9685322521338793,0,4,0,9.668300054769688,3.345581687181311,6.322718367588377,2.9771366804070656,1.889871167042206,2.0456318436360656,2.0456318436360656,0.5,0.4386027108857018,2.5,1.5,3.9685322521338793,3.9685322521338793,0,0,1,0.6353348976463131,monotonic_increase,5
20250701 plate9 A02,39,high-salinity,corrected_fc,0,1.1310569273921476,1.1310569273921476,0,4,0,2.9177237537417913,0.9118637994723119,2.0058599542694795,1.0939961547971677,2.1997363591254024,0.5284661736083389,0.5284661736083389,0.5,0.07412306268271518,3.5,1.5,1.1310569273921476,1.1310569273921476,0,0,1,0.6566417755349954,monotonic_increase,5
20250701 plate9 A03,76,low-salinity,corrected_fc,0,5.276095634276017,6.444908138820927,0,3,0,19.6030560875601,7.402597803234126,12.200458284325972,4.7978604810918455,1.6481319948242636,4.285095474867092,4.285095474867092,0.5,-1.1688125045449098,3.5,1.5,6.444908138820927,5.276095634276017,1.1688125045449098,0.18135440868498398,0.818645591315016,0.5913588689441094,rise_then_depress,5
20250701 plate9 A04,25,high-salinity,corrected_fc,0,3.232704203738152,3.232704203738152,0,4,0,10.220446937171783,4.02041837255329,6.200028564618492,2.1796101920652022,1.542135168554852,2.5797819480572795,2.5797819480572795,0.5,0.08966416548474587,3.5,1.5,3.232704203738152,3.232704203738152,0,0,1,0.56924251454531,monotonic_increase,5
20250701 plate9 A05,31,high-salinity,corrected_fc,0,0.7546996745536433,0.7546996745536433,0,4,0,1.7843661119224372,0.47889210533536686,1.3054740065870702,0.8265819012517034,2.726029500262591,0.238340309645445,0.24276328173439876,1.5,0.067127300933316425,3.5,3.5,0.7546996745536433,0.7546996745536433,0,0,1,0.7277530292082268,monotonic_increase,5
20250701 plate9 A06,90,low-salinity,corrected_fc,0,1.8535317533161493,1.8535317533161493,0,4,0,4.999717935255778,1.6490162545836677,3.3507016806721106,1.7016854260884429,2.031939752781923,0.992114281759792,0.992114281759792,0.5,0.08649792212598917,3.5,1.5,1.8535317533161493,1.8535317533161493,0,0,1,0.6318689903755055,monotonic_increase,5
20250701 plate9 B02,39,high-salinity,corrected_fc,0,7.751357775305935,7.751357775305935,0,4,0,16.358961342898134,5.426567120392226,10.93239422250591,5.505827102113683,2.0146059156669436,3.539604178536222,3.539604178536222,0.5,0.2343217051757862,1.5,1.5,7.751357775305935,7.751357775305935,0,0,1,0.6955472946468859,monotonic_increase,5
20250701 plate9 B03,76,low-salinity,corrected_fc,0,4.63134343744198,4.63134343744198,0,4,0,11.99869642132416,4.4246171250935955,7.574079296230565,3.1494621711369692,1.7118044527006047,2.8720083176492706,2.8720083176492706,0.5,0.23320929723938066,1.5,1.5,4.63134343744198,4.63134343744198,0,0,1,0.6073408285002703,monotonic_increase,5
20250701 plate9 B04,25,high-salinity,corrected_fc,0,4.456425964090286,4.456425964090286,0,4,0,11.41104648927409,3.8658756946010007,7.54517079467309,3.679295100072089,1.951736525106204,2.3274788249979035,2.3274788249979035,0.5,0.6778650210654362,3.5,1.5,4.456425964090286,4.456425964090286,0,0,1,0.6300421768457453,monotonic_increase,5
20250701 plate9 B05,31,high-salinity,corrected_fc,0,5.9015332350861724,5.954095515189858,0,3,0,12.560685254418534,2.6605463719919618,9.900138882426573,7.239592510434611,3.721092399157959,1.6652696222983323,3.9635420158025987,2.5,-0.05256228010368513,3.5,3.5,5.954095515189858,5.9015332350861724,0.05256228010368513,0.00882792020544351,0.9911720797945565,0.8663422329297157,rise_then_depress,5
20250701 plate9 C02,39,high-salinity,corrected_fc,0,3.9325796188722704,3.9325796188722704,0,4,0,9.970065640383229,3.4768177322367357,6.493247908146494,3.0164301759097585,1.8675836377448534,2.2106307318309475,2.2106307318309475,0.5,0.321743268980629,1.5,1.5,3.9325796188722704,3.9325796188722704,0,0,1,0.6249127621336618,monotonic_increase,5
20250701 plate9 C03,76,low-salinity,corrected_fc,0,6.541897170128755,6.541897170128755,0,4,0,16.233063950271802,4.9172032354521615,11.31586071481964,6.398657479367479,2.3012798481124994,3.1072585394366645,3.1072585394366645,0.5,0.3069297363889891,3.5,1.5,6.541897170128755,6.541897170128755,0,0,1,0.6824671988521893,monotonic_increase,5
20250701 plate9 C04,25,high-salinity,corrected_fc,0,1.8297779274758663,1.8297779274758663,0,4,0,3.223733199337953,0.6516268545965466,2.5721063447414063,1.9204794901448596,3.947207403436313,0.3818649277819836,0.8479316005597846,2.5,0.1576589258471422,1.5,2.5,1.8297779274758663,1.8297779274758663,0,0,1,0.912996615410641,monotonic_increase,5
20250701 plate9 C05,31,high-salinity,corrected_fc,0,2.927834604795346,2.927834604795346,0,4,0,7.997306303275964,2.7233483611279077,5.273957942148057,2.550609581020149,1.936571177388332,1.741616908327365,1.741616908327365,0.5,0.09952541784550473,3.5,1.5,2.927834604795346,2.927834604795346,0,0,1,0.622892992692929,monotonic_increase,5
20250701 plate9 D02,39,high-salinity,corrected_fc,0,1.593421184176802,1.593421184176802,0,4,0,3.617029783784237,1.0189645482158391,2.5980652355683977,1.5791006873525586,2.5497111161693433,0.5800138785503061,0.5800138785503061,0.5,0.23101721036233847,3.5,1.5,1.593421184176802,1.593421184176802,0,0,1,0.7178135190707317,monotonic_increase,5
20250701 plate9 D03,76,low-salinity,corrected_fc,0,4.115186822610887,4.441121042250274,0,3,0,13.64544959985443,5.069098743543903,8.576350856310526,3.507252112766623,1.691888694658695,2.9914623407890946,2.9914623407890946,0.5,-0.32593421963938685,3.5,1.5,4.441121042250274,4.115186822610887,0.32593421963938685,0.07339007798675963,0.9266099220132403,0.5861752900523087,rise_then_depress,5
20250701 plate9 D05,31,high-salinity,corrected_fc,0,5.505688997490834,5.505688997490834,0,4,0,15.851376511320048,5.553559939801061,10.297816571518988,4.744256631717927,1.8542730578483457,3.3040313499248946,3.3040313499248946,0.5,0.21024551459342966,3.5,1.5,5.505688997490834,5.505688997490834,0,0,1,0.6052844579417962,monotonic_increase,5
20250701 plate9 D06,90,low-salinity,corrected_fc,0,6.081077140230176,6.081077140230176,0,4,0,16.77064987029582,5.617211591821616,11.153438278474203,5.536226686652587,1.9855827212763466,3.55983212162158,3.55983212162158,0.5,0.025556902071096843,3.5,1.5,6.081077140230176,6.081077140230176,0,0,1,0.6278678582617911,monotonic_increase,5
20250702 plate25 A02,33,high-salinity,corrected_fc,0,1.7518669376364775,1.7518669376364775,0,4,0,2.9048879612954477,0.5270501883955367,2.3778377728999107,1.850787584504374,4.511596476492308,0.3175836707785833,0.8735047512308122,2.5,0.1013493644553235,1.5,2.5,1.7518669376364775,1.7518669376364775,0,0,1,0.9711053909870114,monotonic_increase,5
20250702 plate25 A03,60,low-salinity,corrected_fc,0,3.1507603833724978,3.1507603833724978,0,4,0,8.678467955607392,3.2600021886317103,5.418465766975682,2.158463578343972,1.662104947619659,2.106406860786026,2.106406860786026,0.5,0.20078379490534326,1.5,1.5,3.1507603833724978,3.1507603833724978,0,0,1,0.5918354426231814,monotonic_increase,5
20250702 plate25 A04,48,low-salinity,corrected_fc,0,4.949342416436856,4.949342416436856,0,4,0,13.261920447357308,4.402782934943097,8.859137512414211,4.456354577471114,2.012167677425757,2.772964612867603,2.772964612867603,0.5,0.19469443431656863,3.5,1.5,4.949342416436856,4.949342416436856,0,0,1,0.6332568762333589,monotonic_increase,5
20250702 plate25 A05,7,high-salinity,corrected_fc,0,2.3526906341782827,2.3526906341782827,0,4,0,6.819380615611514,2.4838960642699,4.335484551341614,1.851588487071714,1.745437183828365,1.6568945455618305,1.6568945455618305,0.5,-0.0028915081456910574,1.5,1.5,2.3526906341782827,2.3526906341782827,0,0,1,0.5988793016958465,rise_then_depress,5
20250702 plate25 A06,6,high-salinity,corrected_fc,0,1.1361281176204066,1.1361281176204066,0,4,0,3.8572968382977306,1.6202968572452343,2.2369999810524965,0.6167031238072622,1.380611195442147,1.0720140602651465,1.0720140602651465,0.5,0.015474992358201156,3.5,1.5,1.1361281176204066,1.1361281176204066,0,0,1,0.5596919597233606,monotonic_increase,5
20250702 plate25 B02,33,high-salinity,corrected_fc,0,0.6186193810659172,0.6186193810659172,0,4,0,1.1573295570878255,0.24807531171180125,0.9092542453760243,0.6611789336642231,3.6652347188515897,0.1479438178463793,0.29955007324679994,2.5,0.05231916988446453,1.5,2.5,0.6186193810659172,0.6186193810659172,0,0,1,0.8763078252506051,monotonic_increase,5
20250702 plate25 B03,60,low-salinity,corrected_fc,0,5.126254333738734,5.126254333738734,0,4,0,7.962842365891411,1.579004342763328,6.3838380231280825,4.804833680364754,4.042951529795086,1.0721792837926567,2.3002356793467014,2.5,-0.05852916585131429,1.5,2.5,5.126254333738734,5.126254333738734,0,0,1,0.9872491745917059,rise_then_depress,5
20250702 plate25 B04,48,low-salinity,corrected_fc,0,5.736029982264636,5.752357595522886,0,3,0,11.520148755877326,2.112567750494655,9.40758100538267,7.2950132548880156,4.45314996557147,1.3253593317671877,4.177940758067951,2.5,-0.01632761325824994,3.5,3.5,5.752357595522886,5.736029982264636,0.01632761325824994,0.0028384211146674668,0.9971615788853325,0.9328364909958321,rise_then_depress,5
20250702 plate25 B05,7,high-salinity,corrected_fc,0,3.3243742843164656,3.3243742843164656,0,4,0,5.99888798586227,0.9159223953616118,5.082965590500658,4.167043195139046,5.54955923803334,0.6516775827741781,2.6280440105801244,2.5,-0.12318795759931067,1.5,2.5,3.3243742843164656,3.3243742843164656,0,0,1,1.0309358635860284,rise_then_depress,5
20250702 plate25 B06,6,high-salinity,corrected_fc,0,0.4769899672059264,0.4769899672059264,0,4,0,0.6228524020478714,0.03735993006579352,0.585492471982078,0.5481325419162845,15.67166937815418,0.02156323292829025,0.2996073969666049,2.5,0.0100301613467163,1.5,2.5,0.4769899672059264,0.4769899672059264,0,0,1,1.2661135884885912,monotonic_increase,5
20250702 plate25 C02,33,high-salinity,corrected_fc,0,4.435562079044813,4.435562079044813,0,4,0,6.266454552805144,0.7551354175318878,5.511319135273257,4.756183717741369,7.29845138675478,0.5443329408598282,2.6611306657346705,2.5,-0.12272798751570879,1.5,2.5,4.435562079044813,4.435562079044813,0,0,1,1.150891456617234,rise_then_depress,5
20250702 plate25 C03,60,low-salinity,corrected_fc,0,3.242727835895891,3.242727835895891,0,4,0,4.39405341804204,0.19221032052856277,4.201843097513477,4.009632776984914,21.86065288252342,0.08932421526608537,2.2718208637780983,2.5,0.08932421526608537,0.5,2.5,3.242727835895891,3.242727835895891,0,0,1,1.2787362143016727,monotonic_increase,5
20250702 plate25 C04,48,low-salinity,corrected_fc,0,4.010190483815336,4.010190483815336,0,4,0,6.923112144040473,0.7885453125683476,6.1345668314721244,5.346021518903777,7.779599642145368,0.5734720310026236,3.4842517448672847,2.5,-0.1433254678711755,1.5,2.5,4.010190483815336,4.010190483815336,0,0,1,1.1191864251986126,rise_then_depress,5
20250702 plate25 C05,7,high-salinity,corrected_fc,0,2.195329752154489,2.195329752154489,0,4,0,2.9519652292733056,0.29085624283656974,2.6611089864367363,2.3702527436001666,9.149224236978116,0.20846099301095097,1.3162583608826353,2.5,-0.04367049335971346,1.5,2.5,2.195329752154489,2.195329752154489,0,0,1,1.2040019315221655,rise_then_depress,5
20250702 plate25 C06,6,high-salinity,corrected_fc,0,0.2251418596227787,0.2251418596227787,-0.013403346435711987,4,1,0.296456700118204,-0.016865919202958442,0.31332261932116245,0.3301885385241209,-18.57726315125491,-0.013403346435711987,0.21113940781151247,2.5,-0.013403346435711987,0.5,2.5,0.2251418596227787,0.2251418596227787,0,0,1,1.4866151059723003,depress_then_recover,5
20250702 plate25 D02,33,high-salinity,corrected_fc,0,2.7905219520454083,2.7905219520454083,0,4,0,4.6417581759975235,0.517878160454811,4.123880015542713,3.606001855087902,7.963031327525065,0.35484278203778147,2.23951290426892,2.5,-0.02877202520372224,1.5,2.5,2.7905219520454083,2.7905219520454083,0,0,1,1.119813952183577,rise_then_depress,5
20250702 plate25 D03,60,low-salinity,corrected_fc,0,7.076541587170384,7.076541587170384,0,4,0,9.26882772706322,0.5229507311060453,8.745876995957175,8.22292626485113,16.724093639681065,0.3427543404559154,4.667017030421593,2.5,0.017638440844344294,1.5,2.5,7.076541587170384,7.076541587170384,0,0,1,1.276989399107001,monotonic_increase,5
20250702 plate25 D04,48,low-salinity,corrected_fc,0,9.343755827640909,9.343755827640909,0,4,0,12.958983979339216,0.8479176407395737,12.111066338599642,11.263148697860068,14.283305071983271,0.5594468996496557,6.5737762015094345,2.5,0.017494582530180325,1.5,2.5,9.343755827640909,9.343755827640909,0,0,1,1.2435743702137614,monotonic_increase,5
20250702 plate25 D05,7,high-salinity,corrected_fc,0,1.5900546417448298,1.5900546417448298,0,4,0,2.5320067934113513,0.277673802723025,2.2543329906883263,1.9766591879653013,8.11863765533901,0.19453685996805248,1.2098948415509938,2.5,-0.02826297445810741,1.5,2.5,1.5900546417448298,1.5900546417448298,0,0,1,1.1330692481571167,rise_then_depress,5
20250702 plate25 D06,6,high-salinity,corrected_fc,0,1.1932843219865834,1.1932843219865834,0,4,0,2.0179382577295133,0.23609976572574054,1.7818384920037724,1.545738726278032,7.546972723698511,0.16037143103180154,0.9580113269286639,2.5,-0.008914761643923547,1.5,2.5,1.1932843219865834,1.1932843219865834,0,0,1,1.1053244402659852,rise_then_depress,5
20250702 plate26 A02,34,high-salinity,corrected_fc,0,1.2818259428162884,1.2818259428162884,0,4,0,4.12737753775649,1.6637049146731528,2.4636726230833377,0.7999677084101848,1.4808350936243668,1.107292298115406,1.107292298115406,0.5,0.005532935000087225,1.5,1.5,1.2818259428162884,1.2818259428162884,0,0,1,0.565626207011882,monotonic_increase,5
20250702 plate26 A03,49,low-salinity,corrected_fc,0,3.851816560049542,3.851816560049542,0,4,0,10.2067644447066,3.676067801262215,6.530696643444386,2.8546288421821706,1.7765441217384523,2.315422931246661,2.315422931246661,0.5,0.4058668087844475,1.5,1.5,3.851816560049542,3.851816560049542,0,0,1,0.6073285174241443,monotonic_increase,5
20250702 plate26 A04,61,low-salinity,corrected_fc,0,3.184467895314722,3.184467895314722,0,4,0,7.377067737817336,2.443529919699084,4.9335378181182525,2.4900078984191687,2.0190208347134986,1.5426748052663986,1.5426748052663986,0.5,0.2590354235989718,1.5,1.5,3.184467895314722,3.184467895314722,0,0,1,0.6615300577454468,monotonic_increase,5
20250702 plate26 A05,55,low-salinity,corrected_fc,0,2.6393439047873968,2.6393439047873968,0,4,0,6.82019304720774,2.5474449677325417,4.272748079475198,1.7253031117426563,1.677268060192222,1.6710361170374055,1.6710361170374055,0.5,0.08178158435286731,1.5,1.5,2.6393439047873968,2.6393439047873968,0,0,1,0.6059064298112882,monotonic_increase,5
20250702 plate26 A06,7,high-salinity,corrected_fc,0,1.8297588858092648,1.8297588858092648,0,4,0,5.94893395312031,2.398402980365045,3.550530972755265,1.15212799239022,1.4803729822812604,1.5470134452190762,1.5470134452190762,0.5,0.0454968911046012,3.5,1.5,1.8297588858092648,1.8297588858092648,0,0,1,0.5644878518879963,monotonic_increase,5
20250702 plate26 B02,34,high-salinity,corrected_fc,0,2.8460698105824123,2.8460698105824123,0,4,0,6.386923474794697,1.611997552291255,4.774925922503442,3.162928370212187,2.962117352918108,1.0089520865877957,1.5427546201018572,2.5,0.09722425907363608,3.5,3.5,2.8460698105824123,2.8460698105824123,0,0,1,0.7794923506697788,monotonic_increase,5
20250702 plate26 B03,49,low-salinity,corrected_fc,0,7.98849124118108,7.98849124118108,0,4,0,11.857140903918015,1.45476571456834,10.402375189349677,8.947609474781336,7.150550143695326,0.856955003070688,4.61469743426618,2.5,0.3386664199246162,1.5,2.5,7.98849124118108,7.98849124118108,0,0,1,1.1094701832735583,monotonic_increase,5
20250702 plate26 B04,61,low-salinity,corrected_fc,0,8.733508938379519,8.733508938379519,0,4,0,13.280721761280784,1.5926935278492835,11.688028233431499,10.095334705582216,7.338529371193336,0.8921278856940427,5.219576837776018,2.5,0.5090033986164388,1.5,2.5,8.733508938379519,8.733508938379519,0,0,1,1.1026133021119031,monotonic_increase,5
20250702 plate26 B05,55,low-salinity,corrected_fc,0,3.617122984883668,3.617122984883668,0,4,0,6.141536417078665,1.0997948433360727,5.041741573742593,3.9419467304065203,4.584256422269794,0.7038679804411927,2.045399492616119,2.5,0.08798574534856696,1.5,2.5,3.617122984883668,3.617122984883668,0,0,1,0.9750962738064154,monotonic_increase,5
20250702 plate26 B06,7,high-salinity,corrected_fc,0,1.800938460751739,1.800938460751739,0,4,0,3.5284547157326798,0.803400014855349,2.725054700877331,1.921654686021982,3.391902726524063,0.5108567285007497,0.9469556114376637,2.5,0.07422984420844869,1.5,2.5,1.800938460751739,1.800938460751739,0,0,1,0.8506039713982817,monotonic_increase,5
20250702 plate26 C02,34,high-salinity,corrected_fc,0,4.258889060536378,4.258889060536378,0,4,0,8.473260038624943,1.50228108191877,6.970978956706173,5.468697874787402,4.6402627581534714,0.770514095023278,2.646233465751508,2.5,0.1491216209938857,3.5,3.5,4.258889060536378,4.258889060536378,0,0,1,0.9217047722583369,monotonic_increase,5
20250702 plate26 C03,49,low-salinity,corrected_fc,0,3.001671799561577,3.001671799561577,0,4,0,5.202339398438058,0.8345116096002207,4.367827788837837,3.533316179237616,5.233992839153284,0.4961196237410042,1.8518159314793987,2.5,0.18066434797742897,1.5,2.5,3.001671799561577,3.001671799561577,0,0,1,0.9952804886606171,monotonic_increase,5
20250702 plate26 C04,61,low-salinity,corrected_fc,0,2.832934865166369,2.832934865166369,0,4,0,5.078769104997649,0.8547418876461805,4.224027217351469,3.3692853297052885,4.941874592087384,0.5266445356388747,1.8232677287463663,2.5,0.12955016837573685,1.5,2.5,2.832934865166369,2.832934865166369,0,0,1,0.9770317133609568,monotonic_increase,5
20250702 plate26 C05,55,low-salinity,corrected_fc,0,2.331546158054395,2.331546158054395,0,4,0,4.2532421457920435,0.8119332766535499,3.441308869138494,2.6293755924849442,4.238413387023787,0.4792089257125264,1.277362737288226,2.5,0.1862397761695206,1.5,2.5,2.331546158054395,2.331546158054395,0,0,1,0.9238227843561309,monotonic_increase,5
20250702 plate26 C06,7,high-salinity,corrected_fc,0,5.734513594607973,5.734513594607973,0,4,0,9.4478562730313609,0.9897041391330152,8.458152133898345,7.46844799476533,8.546142023117858,0.4297430453298168,3.911012055184764,2.5,0.4297430453298168,0.5,2.5,5.734513594607973,5.734513594607973,0,0,1,1.0988695743268968,monotonic_increase,5
20250702 plate26 D02,34,high-salinity,corrected_fc,0,0.27992182037479685,0.27992182037479685,0,4,0,0.46664777739587604,0.04267896296507882,0.4239688144307972,0.38128985146571837,9.933906191153259,0.012410529475995268,0.19320260377614806,2.5,0.012410529475995268,0.5,3.5,0.27992182037479685,0.27992182037479685,0,0,1,1.1132309647848124,monotonic_increase,5
20250702 plate26 D03,49,low-salinity,corrected_fc,0,8.028768193070514,8.028768193070514,0,4,0,14.073873402615845,1.7846516720687415,12.289221730547103,10.504570058478361,6.886061814125118,0.9937366333168164,5.9020925177560715,2.5,0.5448455978105917,3.5,3.5,8.028768193070514,8.028768193070514,0,0,1,1.0573194168416016,monotonic_increase,5
20250702 plate26 D04,61,low-salinity,corrected_fc,0,6.591812283600938,7.462806910995763,0,3,0,15.031253215864083,2.703639298295333,12.327613917568751,9.623974619273419,4.559637051192966,1.1347384335228137,4.3250051814507255,2.5,-0.8709946273948246,3.5,3.5,7.462806910995763,6.591812283600938,0.8709946273948246,0.11671139797433239,0.8832886020256676,0.8955571958644785,rise_then_depress,5
20250702 plate26 D05,55,low-salinity,corrected_fc,0,2.2867450876934643,2.2867450876934643,0,4,0,4.330850232626638,0.845422538932541,3.485427693694097,2.640005154761556,4.1227049589840785,0.4864413977091851,1.2651117261772968,2.5,0.2315208847375269,1.5,2.5,2.2867450876934643,2.2867450876934643,0,0,1,0.9042446065882387,monotonic_increase,5
20250702 plate26 D06,7,high-salinity,corrected_fc,0,2.084752480170326,2.084752480170326,0,4,0,2.348911566046527,0.12424789340045114,2.2246636726460762,2.1004157792456253,17.90504137946212,0.05508570087054793,0.9748008549712037,2.5,0.05508570087054793,0.5,2.5,2.084752480170326,2.084752480170326,0,0,1,1.340628227023226,monotonic_increase,5
20250702 plate27 A02,20,high-salinity,corrected_fc,0,9.928131136783476,9.928131136783476,0,4,0,23.59243691191555,6.038881543874285,17.553555368041266,11.51467382416698,2.9067560342936725,2.6219312945738387,4.211969204027053,1.5,0.7555915864343952,3.5,2.5,9.928131136783476,9.928131136783476,0,0,1,0.7489394244570526,monotonic_increase,5
20250702 plate27 A03,83,low-salinity,corrected_fc,0,4.352726002282658,4.352726002282658,0,4,0,10.897415590327366,3.2047238163851826,7.692691773942185,4.487967957557002,2.4004226930916235,1.752886208509789,1.752886208509789,0.5,0.2882348373571961,3.5,3.5,4.352726002282658,4.352726002282658,0,0,1,0.6837510221670212,monotonic_increase,5
20250702 plate27 A04,33,high-salinity,corrected_fc,0,0.4472302214013281,0.4472302214013281,0,4,0,1.0729585166555622,0.31394162722000507,0.7590168894355572,0.44507526221555216,2.4177006921852096,0.17277142701933423,0.17277142701933423,0.5,0.052998642867105816,3.5,1.5,0.4472302214013281,0.4472302214013281,0,0,1,0.6919346552332837,monotonic_increase,5
20250702 plate27 A05,43,high-salinity,corrected_fc,0,7.1262339931113,7.1262339931113,0,4,0,14.667274583324208,3.3697225461673384,11.29755203715687,7.927829490989531,3.3526653551956382,1.805834952784379,3.0427722604523435,2.5,0.9556865458930384,3.5,3.5,7.1262339931113,7.1262339931113,0,0,1,0.8163017431930156,monotonic_increase,5
20250702 plate27 A06,57,low-salinity,corrected_fc,0,2.0471255845133083,2.0471255845133083,0,4,0,5.4482174965013455,1.7814431779652007,3.6667743185361448,1.885331140570944,2.058316742229413,1.0938199377887123,1.0938199377887123,0.5,0.09153729841030578,3.5,1.5,2.0471255845133083,2.0471255845133083,0,0,1,0.6377928073031601,monotonic_increase,5
20250702 plate27 B02,20,high-salinity,corrected_fc,0,0.5412357703173938,0.5412357703173938,0,4,0,0.9059607068470077,0.13563561941350727,0.7703250874335004,0.634689468019993,5.67937161908067,0.049969859794996,0.24270992341926972,2.5,0.049969859794996,0.5,2.5,0.5412357703173938,0.5412357703173938,0,0,1,0.9951496528372595,monotonic_increase,5
20250702 plate27 B03,83,low-salinity,corrected_fc,0,4.342056548495007,4.342056548495007,0,4,0,5.471471405254446,0.05956447358199252,5.411906931672453,5.352342458090461,90.8579662711663,0.0010419209682089024,3.065310999583599,2.5,0.0010419209682089024,0.5,2.5,4.342056548495007,4.342056548495007,0,0,1,1.3611016678334091,monotonic_increase,5
20250702 plate27 B04,33,high-salinity,corrected_fc,0,0.965064314366181,0.965064314366181,0,4,0,2.2086511608991515,0.5640135764331813,1.64463758446597,1.0806240080327887,2.91595389399427,0.3661339235659035,0.5684664686810461,2.5,8.385399505793645e-4,3.5,3.5,0.965064314366181,0.965064314366181,0,0,1,0.7790344584421509,monotonic_increase,5
20250702 plate27 B05,43,high-salinity,corrected_fc,0,0.6954714036991553,0.6954714036991553,0,4,0,1.49384694754416,0.35087284462155544,1.1429741029226048,0.7921012583010494,3.2575165631737453,0.2194253612115973,0.4008959508431527,2.5,0.03168048603608631,3.5,3.5,0.6954714036991553,0.6954714036991553,0,0,1,0.8182130780829747,monotonic_increase,5
20250702 plate27 B06,57,low-salinity,corrected_fc,0,2.737952310086054,2.737952310086054,0,4,0,5.307839495440941,0.9225758623040007,4.38526363313694,3.4626877708329395,4.753282426211948,0.5257481256092744,1.8258042680097344,2.5,0.1184925686868672,3.5,3.5,2.737952310086054,2.737952310086054,0,0,1,0.9434059709982979,monotonic_increase,5
20250702 plate27 C02,20,high-salinity,corrected_fc,0,1.6214055995026255,1.6214055995026255,0,4,0,2.680303913760253,0.4896894838748483,2.1906144298854047,1.7009249460105564,4.473476564273673,0.3103389304037588,0.8418599697208237,2.5,0.04836217653842012,1.5,2.5,1.6214055995026255,1.6214055995026255,0,0,1,0.9761018511338169,monotonic_increase,5
20250702 plate27 C03,83,low-salinity,corrected_fc,0,0.3013225455874957,0.3013225455874957,-0.017058327829360405,4,1,0.41349091412140493,0.005838814288413891,0.407652099832991,0.4018132855445771,69.81761701890494,-0.017058327829360405,0.18829940068592024,2.5,-0.017058327829360405,0.5,2.5,0.3013225455874957,0.3013225455874957,0,0,1,1.2868679863425503,depress_then_recover,5
20250702 plate27 C04,33,high-salinity,corrected_fc,0,0.2977984138274441,0.2977984138274441,-0.013527851515049953,4,1,0.39317977318978425,0.008398457318265412,0.38478131587151887,0.3763828585532535,45.81571368287792,-0.013527851515049953,0.17010318245785075,2.5,-0.013527851515049953,0.5,2.5,0.2977984138274441,0.2977984138274441,0,0,1,1.2863500704653692,depress_then_recover,5
20250702 plate27 C05,43,high-salinity,corrected_fc,0,1.089713848431472,1.089713848431472,0,4,0,1.9302200730457506,0.20611905746476777,1.7241010155809828,1.517981958116215,8.364588101591169,0.07918477844897885,0.7984412543178803,2.5,0.037404036082013814,3.5,3.5,1.089713848431472,1.089713848431472,0,0,1,1.0786249587309336,monotonic_increase,5
20250702 plate27 C06,57,low-salinity,corrected_fc,0,0.6005544067048931,0.6005544067048931,0,4,0,0.9675014172584571,0.08381181494870163,0.8836896023097554,0.7998777873610537,10.543735425018916,0.023325072733337934,0.40195217231121777,2.5,0.023325072733337934,0.5,3.5,0.6005544067048931,0.6005544067048931,0,0,1,1.1290924738081987,monotonic_increase,5
20250702 plate27 D02,20,high-salinity,corrected_fc,0,0.7811619455403901,0.7811619455403901,0,4,0,1.3205465080713146,0.13015272240489412,1.1903937856664206,1.0602410632615265,9.146130512454485,0.03376791634146625,0.510658394705942,2.5,0.03376791634146625,0.5,3.5,0.7811619455403901,0.7811619455403901,0,0,1,1.091116592211701,monotonic_increase,5
20250702 plate27 D03,83,low-salinity,corrected_fc,0,3.4022401979538563,3.4022401979538563,0,4,0,3.8781567457437323,0.12421109804740756,3.753945647696325,3.6297345496489175,30.22230466285355,0.03077244394460651,1.7725095864109934,2.5,0.03077244394460651,0.5,2.5,3.4022401979538563,3.4022401979538563,0,0,1,1.36093316118533,monotonic_increase,5
20250702 plate27 D04,33,high-salinity,corrected_fc,0,4.570763288786097,4.570763288786097,0,4,0,6.2061464398960045,0.552085679055007,5.654060760840997,5.10197508178599,10.241274090860188,0.2449471259237252,2.4472634570541034,2.5,0.2449471259237252,0.5,2.5,4.570763288786097,4.570763288786097,0,0,1,1.1879417351880377,monotonic_increase,5
20250702 plate27 D05,43,high-salinity,corrected_fc,0,0.3312172068114669,0.3312172068114669,-0.003656803689845224,4,1,0.5256667063103916,0.028665608786395777,0.4970010975239958,0.4683354887376,17.337887404640234,-0.003656803689845224,0.2344252566895393,2.5,-0.003656803689845224,0.5,3.5,0.3312172068114669,0.3312172068114669,0,0,1,1.1872260153492415,depress_then_recover,5
20250702 plate27 D06,57,low-salinity,corrected_fc,0,2.0143291216572208,2.0143291216572208,0,4,0,4.034444059425235,0.7042014738074307,3.330242585617805,2.626041111810374,4.729104822249329,0.3470552702801968,1.251639414207493,2.5,0.04839730039526002,3.5,3.5,2.0143291216572208,2.0143291216572208,0,0,1,0.9236443533648163,monotonic_increase,5
20250702 plate28 A02,79,low-salinity,corrected_fc,0,2.844567761801885,2.844567761801885,0,4,0,9.440494162591975,3.8628747042935556,5.57761945829842,1.7147447540048644,1.4439037984066474,2.5058743711492024,2.5058743711492024,0.5,0.046232517548761454,3.5,1.5,2.844567761801885,2.844567761801885,0,0,1,0.5622040274144027,monotonic_increase,5
20250702 plate28 A03,57,low-salinity,corrected_fc,0,2.30014818328676,2.30014818328676,0,4,0,6.875592945794052,2.6349755759575717,4.240617369836481,1.6056417938789092,1.6093573726183044,1.644605586093835,1.644605586093835,0.5,0.11943330860189016,2.5,1.5,2.30014818328676,2.30014818328676,0,0,1,0.5783519625882547,monotonic_increase,5
20250702 plate28 A04,49,low-salinity,corrected_fc,0,10.256393063202712,10.256393063202712,0,4,0,13.88424155145,2.7119960985022713,11.172245452947728,8.460249354445455,4.119565459226774,1.7249160497761231,5.199424190582486,3.5,0.2492440476761728,1.5,2.5,10.256393063202712,10.256393063202712,0,0,1,1.0629359624531165,monotonic_increase,5
20250702 plate28 A05,82,low-salinity,corrected_fc,0,10.353718328103811,10.353718328103811,0,4,0,25.014402577990644,6.810387190665732,18.20401538732491,11.39362819665918,2.672978037471233,3.425102483807746,3.425102483807746,0.5,0.7118468116887922,3.5,3.5,10.353718328103811,10.353718328103811,0,0,1,0.7191909010503491,monotonic_increase,5
20250702 plate28 A06,16,high-salinity,corrected_fc,0,7.530942841303915,7.530942841303915,0,4,0,14.547547453574754,2.519101666993869,12.028445786580885,9.509344119587016,4.774894933452545,0.8346457799763645,3.209606704876415,2.5,0.8346457799763645,0.5,3.5,7.530942841303915,7.530942841303915,0,0,1,0.9154123214261748,monotonic_increase,5
20250702 plate28 B02,79,low-salinity,corrected_fc,0,2.093485445479151,2.093485445479151,0,4,0,5.162677392470569,1.5744086195611056,3.5882687729094638,2.013860153348358,2.279121651347258,0.9783341661093417,0.9783341661093417,0.5,0.1480338487610271,3.5,1.5,2.093485445479151,2.093485445479151,0,0,1,0.6778328702021054,monotonic_increase,5
20250702 plate28 B04,49,low-salinity,corrected_fc,0,7.853415851672787,7.853415851672787,0,4,0,12.986149201602043,1.7087874342456364,11.277361767356407,9.56857433311077,6.599628216680401,1.0244581626587497,5.2976660267593525,2.5,0.34420038051502355,1.5,2.5,7.853415851672787,7.853415851672787,0,0,1,1.0641745476982059,monotonic_increase,5
20250702 plate28 B05,82,low-salinity,corrected_fc,0,7.729182147531987,7.729182147531987,0,4,0,13.618006296778198,2.334690149134694,11.283316147643504,8.94862599850881,4.832896627342793,1.2848464660535268,4.269194024634009,2.5,0.8148409001088073,1.5,2.5,7.729182147531987,7.729182147531987,0,0,1,0.9617615802277657,monotonic_increase,5
20250702 plate28 B06,16,high-salinity,corrected_fc,0,6.94668779666498,6.94668779666498,0,4,0,11.989014444666669,1.7905469356059358,10.198467509060732,8.407920573454795,5.695727549085155,0.9977561594266248,4.346751282190309,2.5,0.5878253929319975,1.5,2.5,6.94668779666498,6.94668779666498,0,0,1,1.0115427859958395,monotonic_increase,5
20250702 plate28 C02,79,low-salinity,corrected_fc,0,1.1194846056010783,1.1194846056010783,0,4,0,1.9309395421363285,0.3221389281496767,1.6088006139866518,1.286661685836975,4.994120466059129,0.18674190709997104,0.6428672480369955,2.5,0.08405213499944028,1.5,2.5,1.1194846056010783,1.1194846056010783,0,0,1,0.9811669012922577,monotonic_increase,5
20250702 plate28 C03,57,low-salinity,corrected_fc,0,1.60890342969626,1.60890342969626,0,4,0,3.2900359358044575,0.6453397101896119,2.6446962256148456,1.9993565154252337,4.09814580422734,0.3666848023311968,1.0042797871914706,2.5,0.04731382678795937,3.5,3.5,1.60890342969626,1.60890342969626,0,0,1,0.8888496582871576,monotonic_increase,5
20250702 plate28 C04,49,low-salinity,corrected_fc,0,8.000011447791913,8.713974155284227,0,3,0,14.622420895678752,1.2687052389375624,13.35371565674119,12.085010417803629,10.525467418991541,0.628969461376556,7.434502600162213,2.5,-0.713962707492314,3.5,3.5,8.713974155284227,8.000011447791913,0.713962707492314,0.08193307608783314,0.9180669239121668,1.1439147337575093,rise_then_depress,5
20250702 plate28 C06,16,high-salinity,corrected_fc,0,3.3087346992108406,3.3087346992108406,0,4,0,5.133323641089303,0.53416715857263,4.5991564825166735,4.064989323944044,8.609957405105677,0.2940541483242288,2.2244501021660494,2.5,0.18617187217257358,1.5,2.5,3.3087346992108406,3.3087346992108406,0,0,1,1.127156454564041,monotonic_increase,5
20250702 plate28 D02,79,low-salinity,corrected_fc,0,3.705416343938345,3.705416343938345,0,4,0,6.587035136406085,0.8996689395263655,5.6873661968797204,4.787697257353355,6.321621150857846,0.46603754194146,2.533763832155831,2.5,0.304389716612703,3.5,3.5,3.705416343938345,3.705416343938345,0,0,1,1.0270069605455368,monotonic_increase,5
20250702 plate28 D03,57,low-salinity,corrected_fc,0,1.727149456317542,1.727149456317542,0,4,0,3.3527001453149623,0.5748817320883557,2.7778184132266066,2.202936681138251,4.831982402946966,0.29807044711725394,1.083809830154531,2.5,0.08971705622080783,3.5,3.5,1.727149456317542,1.727149456317542,0,0,1,0.9383045063000267,monotonic_increase,5
20250702 plate28 D04,49,low-salinity,corrected_fc,0,2.741224284043828,2.741224284043828,0,4,0,4.025367823069393,0.5751367107313741,3.4502311123380185,2.8750944016066446,5.9989756312903815,0.29906345054509353,1.251399189757263,2.5,0.25308306982746753,1.5,2.5,2.741224284043828,2.741224284043828,0,0,1,1.0704389740427194,monotonic_increase,5
20250702 plate28 D06,16,high-salinity,corrected_fc,0,2.08711505737751,2.08711505737751,0,4,0,3.5590378160424994,0.5259146400329804,3.0331231760095188,2.507208535976538,5.767329800553394,0.26219768940325217,1.1984147954315794,2.5,0.26219768940325217,0.5,2.5,2.08711505737751,2.08711505737751,0,0,1,1.0081304252094594,monotonic_increase,5
20250702 plate29 A02,79,low-salinity,corrected_fc,0,2.155803095611207,2.155803095611207,0,4,0,6.381485834271196,2.32983900483927,4.051646829431926,1.7218078245926556,1.7390243793739897,1.506706062340342,1.506706062340342,0.5,0.005190756483813175,3.5,1.5,2.155803095611207,2.155803095611207,0,0,1,0.592414833792367,monotonic_increase,5
20250702 plate29 A03,57,low-salinity,corrected_fc,0,1.4816230755509066,1.4816230755509066,0,4,0,2.7726931386874245,0.44389255085970925,2.328800587827715,1.8849080369680058,5.246315990924851,0.26098365811627033,1.039262371821945,2.5,0.07654291824208381,3.5,3.5,1.4816230755509066,1.4816230755509066,0,0,1,0.9814225150835056,monotonic_increase,5
20250702 plate29 A04,49,low-salinity,corrected_fc,0,3.4207019445675555,3.4207019445675555,0,4,0,8.705998606209217,2.548334105284351,6.1576645009248665,3.6093303956405154,2.4163489740831197,1.4837180434358437,1.4837180434358437,0.5,0.03800447777497418,3.5,3.5,3.4207019445675555,3.4207019445675555,0,0,1,0.6863883717897925,monotonic_increase,5
20250702 plate29 A05,82,low-salinity,corrected_fc,0,2.4780457432156107,2.4780457432156107,0,4,0,4.89423651446052,0.9865935853970034,3.907642929063517,2.9210493436665135,3.9607422822347753,0.5634262465050259,1.3991180407797787,2.5,0.23259302465187703,3.5,3.5,2.4780457432156107,2.4780457432156107,0,0,1,0.8830387940598184,monotonic_increase,5
20250702 plate29 A06,16,high-salinity,corrected_fc,0,4.645975296585871,4.711081889590398,0,3,0,12.587778220214892,3.902522110427565,8.685256109787327,4.7827339993597615,2.225549494410362,2.251335538523572,2.251335538523572,0.5,-0.06510659300452648,3.5,3.5,4.711081889590398,4.645975296585871,0.06510659300452648,0.013819881405242805,0.9861801185947572,0.655550971797124,rise_then_depress,5
20250702 plate29 B02,79,low-salinity,corrected_fc,0,3.27318602113402,3.27318602113402,0,4,0,5.872100064156166,0.9650232411666605,4.907076822989506,3.9420535818228455,5.0849312365338655,0.6862714104873715,2.434228320384628,2.5,-0.12876774912879352,1.5,2.5,3.27318602113402,3.27318602113402,0,0,1,1.0082256752510186,rise_then_depress,5
20250702 plate29 B03,57,low-salinity,corrected_fc,0,1.5125095821293943,1.5125095821293943,0,4,0,2.993073488636014,0.7077741023891131,2.285299386246901,1.5775252838577878,3.228854204375101,0.5192530576310583,0.9634814609080392,2.5,-0.1422109681149487,1.5,2.5,1.5125095821293943,1.5125095821293943,0,0,1,0.8655337206418331,rise_then_depress,5
20250702 plate29 B04,49,low-salinity,corrected_fc,0,2.65900137211785,2.65900137211785,0,4,0,4.607716088846651,0.9618294530212261,3.6458866358254243,2.684057182804198,3.790574955230618,0.7108577696096638,1.5634708995318127,2.5,-0.2089144027865394,1.5,2.5,2.65900137211785,2.65900137211785,0,0,1,0.9456229888864002,rise_then_depress,5
20250702 plate29 B05,82,low-salinity,corrected_fc,0,1.6236550700582706,1.6236550700582706,0,4,0,2.110181668320596,0.10218795752730932,2.007993710793287,1.9058057532659776,19.650003379866543,0.07446836926882555,1.1130074109887003,2.5,-0.019029192751858014,1.5,2.5,1.6236550700582706,1.6236550700582706,0,0,1,1.2982538965761041,rise_then_depress,5
20250702 plate29 B06,16,high-salinity,corrected_fc,0,2.21658898507006,2.21658898507006,0,4,0,4.502873357699432,0.9367826634496901,3.566090694249742,2.6293080308000523,3.8067428373595846,0.6835433814224463,1.698078355632981,2.5,-0.17706481736795887,1.5,2.5,2.21658898507006,2.21658898507006,0,0,1,0.9130907270969252,rise_then_depress,5
20250702 plate29 C02,79,low-salinity,corrected_fc,0,4.893641053870366,4.893641053870366,0,4,0,6.800027486593574,1.0455416950871976,5.754485791506377,4.708944096419179,5.503831954809278,0.8087070091307413,2.5971612067018244,2.5,-0.33503763721782853,1.5,2.5,4.893641053870366,4.893641053870366,0,0,1,1.1198113276169306,rise_then_depress,5
20250702 plate29 C03,57,low-salinity,corrected_fc,0,0.2833111993073342,0.2833111993073342,-0.004254670770090762,4,1,0.373289555351833,-0.004446068914594891,0.3777356242664279,0.3821816931810228,-84.95946228508825,-0.004254670770090762,0.23665421904627315,2.5,-0.004254670770090762,0.5,2.5,0.2833111993073342,0.2833111993073342,0,0,1,1.3993021692912886,depress_then_recover,5
20250702 plate29 C04,49,low-salinity,corrected_fc,0,2.081907400857237,2.081907400857237,-0.002814146153586669,4,1,2.3446525926896484,0.010718231532552646,2.333934361157096,2.3232161296245435,217.75368017276335,-0.002814146153586669,1.2523835276700594,2.5,-0.002814146153586669,0.5,2.5,2.081907400857237,2.081907400857237,0,0,1,1.4164586646360078,depress_then_recover,5
20250702 plate29 C05,82,low-salinity,corrected_fc,0,1.5598206482008647,1.5598206482008647,0,4,0,2.581113846866226,0.37751289395723,2.203600952908996,1.826088058951766,5.83715414276327,0.2985851041938085,1.186907259518299,2.5,-0.14072952466696564,1.5,2.5,1.5598206482008647,1.5598206482008647,0,0,1,1.0769237866792447,rise_then_depress,5
20250702 plate29 C06,16,high-salinity,corrected_fc,0,3.099132150478205,3.099132150478205,0,4,0,5.026513020220615,0.4525949138087084,4.573918106411907,4.121323192603199,10.10598653864921,0.3443663832146745,2.699666439390703,2.5,-0.12790932202660665,1.5,2.5,3.099132150478205,3.099132150478205,0,0,1,1.179425542056009,rise_then_depress,5
20250702 plate29 D02,79,low-salinity,corrected_fc,0,2.322687476397418,2.322687476397418,0,4,0,4.158986826615708,0.6226946054232164,3.5362922211924914,2.913597615769275,5.679015347802859,0.48690576821189246,1.9675819713598106,2.5,-0.2153280937892446,1.5,2.5,2.322687476397418,2.322687476397418,0,0,1,1.056832868575991,rise_then_depress,5
20250702 plate29 D03,57,low-salinity,corrected_fc,0,3.181182070859564,3.181182070859564,0,4,0,5.145525557503847,0.49846644055486095,4.647059116948986,4.148592676394125,9.322712100289394,0.38382052663378896,2.712530339755988,2.5,-0.15452869879164496,1.5,2.5,3.181182070859564,3.181182070859564,0,0,1,1.1676905243859421,rise_then_depress,5
20250702 plate29 D04,49,low-salinity,corrected_fc,0,6.201751818191233,6.201751818191233,0,4,0,9.111835464617123,0.6666852268496837,8.44515023776744,7.778465010917756,12.667372693517855,0.4900380658065464,4.81433284554241,2.5,-0.13674374372027176,1.5,2.5,6.201751818191233,6.201751818191233,0,0,1,1.2231170601706447,rise_then_depress,5
20250702 plate29 D05,82,low-salinity,corrected_fc,0,3.979034508003076,3.979034508003076,0,4,0,4.93735311894786,0.3988903615160212,4.538462757431839,4.139572395915818,11.3777197829072,0.3061916947635551,2.270849503172903,2.5,-0.120794361258623,1.5,2.5,3.979034508003076,3.979034508003076,0,0,1,1.270788314167592,rise_then_depress,5
20250702 plate29 D06,16,high-salinity,corrected_fc,0,4.043952074141408,4.043952074141408,0,4,0,6.996850978711705,0.8850980090059228,6.1117529697057815,5.226654960699859,6.90517084833357,0.6557729969591047,3.4018018964946237,2.5,-0.19712297286546848,1.5,2.5,4.043952074141408,4.043952074141408,0,0,1,1.0958677588304835,rise_then_depress,5
20250702 plate30 A02,50,low-salinity,corrected_fc,0,0.8820213518068092,0.8820213518068092,0,4,0,1.9877301357523762,0.5450593402660546,1.4426707954863216,0.897611455220267,2.6468141886755383,0.3187885117943664,0.32284763416785256,2.5,0.10663206069558029,3.5,3.5,0.8820213518068092,0.8820213518068092,0,0,1,0.7321016550531777,monotonic_increase,5
20250702 plate30 A03,74,low-salinity,corrected_fc,0,0.355986358559523,0.355986358559523,0,4,0,0.8639993515443126,0.2593063408419343,0.6046930107023784,0.34538666986044403,2.331963841451073,0.13704924851626535,0.13704924851626535,0.5,0.051543619462575185,3.5,2.5,0.355986358559523,0.355986358559523,0,0,1,0.6821284529154936,monotonic_increase,5
20250702 plate30 A04,90,low-salinity,corrected_fc,0,3.353153031149001,3.353153031149001,0,4,0,9.604495291163595,3.5370944690593875,6.067400822104208,2.5303063530448204,1.7153629554366128,2.320431361585741,2.320431361585741,0.5,0.11289485336155192,1.5,1.5,3.353153031149001,3.353153031149001,0,0,1,0.5934807711838622,monotonic_increase,5
20250702 plate30 A05,16,high-salinity,corrected_fc,0,0.425275247812094,0.425275247812094,0,4,0,1.1835686215617323,0.4191882559551244,0.7643803656066079,0.34519210965148356,1.82347753007765,0.2517052557593512,0.2517052557593512,0.5,0.041015506307306326,3.5,1.5,0.425275247812094,0.425275247812094,0,0,1,0.6050789040466794,monotonic_increase,5
20250702 plate30 A06,48,low-salinity,corrected_fc,0,4.546705735463495,4.579004232389102,0,3,0,12.256666302930546,3.80125455771721,8.455411745213336,4.654157187496127,2.2243739841225247,2.198199912624724,2.198199912624724,0.5,-0.03229849692560727,3.5,3.5,4.579004232389102,4.546705735463495,0.03229849692560727,0.007053607135181764,0.9929463928648182,0.6557796240565716,rise_then_depress,5
20250702 plate30 B02,50,low-salinity,corrected_fc,0,3.074881638729274,3.074881638729274,0,4,0,3.427307763868868,0.1945406636461723,3.232767100222696,3.0382264365765237,16.61743637362318,0.0471149656716842,1.5269810558457033,3.5,0.0471149656716842,0.5,2.5,3.074881638729274,3.074881638729274,0,0,1,1.3332487887492133,monotonic_increase,5
20250702 plate30 B03,74,low-salinity,corrected_fc,0,0.31364199150525723,0.31364199150525723,0,4,0,0.5336802119326209,0.06667828698761856,0.46700192494500237,0.4003236379573838,7.003808076708983,0.02949309533470613,0.19862535423363648,2.5,0.02949309533470613,0.5,3.5,0.31364199150525723,0.31364199150525723,0,0,1,1.0489651106394573,monotonic_increase,5
20250702 plate30 B04,90,low-salinity,corrected_fc,0,4.770349097007595,4.770349097007595,0,4,0,7.425269464042699,0.5544515358700226,6.870817928172676,6.316366392302654,12.392098287528901,0.13594342459062242,3.2301190458306777,2.5,0.13594342459062242,0.5,2.5,4.770349097007595,4.770349097007595,0,0,1,1.161309543067667,monotonic_increase,5
20250702 plate30 B06,48,low-salinity,corrected_fc,0,4.218259748962712,4.218259748962712,0,4,0,8.365658117658075,1.5777059890798806,6.787952128578194,5.210246139498313,4.302418939625712,1.0272435049130797,3.027434801596436,2.5,0.07368146342052229,1.5,2.5,4.218259748962712,4.218259748962712,0,0,1,0.9292782478057562,monotonic_increase,5
20250702 plate30 C02,50,low-salinity,corrected_fc,0,2.7733403334314035,2.7733403334314035,0,4,0,4.442368470590125,0.556698300184368,3.8856701704057572,3.3289718702213893,6.979849173455167,0.3309238915376165,1.821676777749801,2.5,0.12062492575588635,1.5,2.5,2.7733403334314035,2.7733403334314035,0,0,1,1.083043326709533,monotonic_increase,5
20250702 plate30 C03,74,low-salinity,corrected_fc,0,3.8191014991378296,3.8191014991378296,0,4,0,5.408581198592085,0.6884444020591394,4.7201367965329455,4.031692394473806,6.856235278281008,0.4645551735568641,2.1389183614572045,2.5,-0.016776716552313553,1.5,2.5,3.8191014991378296,3.8191014991378296,0,0,1,1.1320806894756792,rise_then_depress,5
20250702 plate30 C04,90,low-salinity,corrected_fc,0,0.2279719789178723,0.2279719789178723,-0.025953215380712755,4,1,0.2626041960824017,-0.02447277653678391,0.28707697261918563,0.31154974915596956,-11.730461894574708,-0.025953215380712755,0.16864966662846292,2.5,-0.025953215380712755,0.5,2.5,0.2279719789178723,0.2279719789178723,0,0,1,1.5389292314790461,depress_then_recover,5
20250702 plate30 C06,48,low-salinity,corrected_fc,0,8.402096719291375,8.402096719291375,0,4,0,13.343412332754465,1.1626552435210993,12.180757089233364,11.018101845712264,10.476671530198379,0.6806028490894344,6.533551546292682,2.5,0.2835019397738956,1.5,2.5,8.402096719291375,8.402096719291375,0,0,1,1.1632453314549163,monotonic_increase,5
20250702 plate30 D02,50,low-salinity,corrected_fc,0,2.315165645172815,2.315165645172815,0,4,0,3.5288299534126963,0.4977651020461932,3.0310648513665033,2.53329974932031,6.089347844809773,0.3423609355258688,1.4072695292191226,2.5,-0.03155260248522007,1.5,2.5,2.315165645172815,2.315165645172815,0,0,1,1.084520099522629,rise_then_depress,5
20250702 plate30 D03,74,low-salinity,corrected_fc,0,2.3297666021440877,2.3297666021440877,0,4,0,3.6614953232774248,0.4457165926224008,3.215778730655024,2.770062138032623,7.214850835448582,0.3078657047783893,1.6373427660509456,2.5,-0.032163929090366306,1.5,2.5,2.3297666021440877,2.3297666021440877,0,0,1,1.1109044132446821,rise_then_depress,5
20250702 plate30 D04,90,low-salinity,corrected_fc,0,3.81310976365868,3.81310976365868,0,4,0,5.521754420427699,0.3107546077802099,5.21099981264749,4.90024520486728,16.768857748790385,0.21136265303590823,3.006269066585245,2.5,-0.012578743547304871,1.5,2.5,3.81310976365868,3.81310976365868,0,0,1,1.2529622174758053,rise_then_depress,5
20250702 plate30 D06,48,low-salinity,corrected_fc,0,2.5011749136571177,2.5011749136571177,0,4,0,4.405582025933581,0.4992689640269713,3.9063130619066104,3.407044097879639,7.82406547044167,0.31906709775058767,2.1151200062489006,2.5,0.025651174855449987,3.5,3.5,2.5011749136571177,2.5011749136571177,0,0,1,1.1020970113307658,monotonic_increase,5
20250702 plate31 A02,47,low-salinity,corrected_fc,0,1.3016598121379526,1.3016598121379526,0,4,0,3.9475424529016516,1.5394383921642476,2.4081040607374042,0.8686656685731566,1.5642743957761942,0.9884190184974418,0.9884190184974418,0.5,0.09540503113633036,3.5,1.5,1.3016598121379526,1.3016598121379526,0,0,1,0.5732631707535817,monotonic_increase,5
20250702 plate31 A03,85,low-salinity,corrected_fc,0,1.605300392980342,1.605300392980342,0,4,0,3.441972718755171,0.8019902197156568,2.6399824990395144,1.8379922793238577,3.2917888948515013,0.3968589333077831,0.6219384433257228,2.5,0.173099376838872,3.5,3.5,1.605300392980342,1.605300392980342,0,0,1,0.7986815831215672,monotonic_increase,5
20250702 plate31 A05,60,low-salinity,corrected_fc,0,1.0077316276240489,1.0077316276240489,0,4,0,3.2968256567437493,1.3466153850904656,1.9502102716532836,0.603594886562818,1.4482310934849958,0.8755817895786968,0.8755817895786968,0.5,0.03242076529455851,3.5,1.5,1.0077316276240489,1.0077316276240489,0,0,1,0.5627100165983465,monotonic_increase,5
20250702 plate31 A06,16,high-salinity,corrected_fc,0,3.219687325762924,3.219687325762924,0,4,0,8.2156859252198,2.3953778063545492,5.820308118865251,3.4249303125107016,2.429807984120466,1.295252958256075,1.295252958256075,0.5,0.10934771787761033,3.5,3.5,3.219687325762924,3.219687325762924,0,0,1,0.6851538955274917,monotonic_increase,5
20250702 plate31 B02,47,low-salinity,corrected_fc,0,2.062091023617296,2.062091023617296,0,4,0,5.298542150688226,1.7139075076421206,3.5846346430461047,1.870727135403984,2.0914983025995406,1.146986692924746,1.146986692924746,0.5,-0.013145063489997,1.5,1.5,2.062091023617296,2.062091023617296,0,0,1,0.6594361995563709,rise_then_depress,5
20250702 plate31 B03,85,low-salinity,corrected_fc,0,0.23140569058038335,0.23140569058038335,0,4,0,0.40059680803104647,0.05044070768839583,0.3501561003426506,0.2997153926542548,6.94193472672482,0.01480683115749819,0.127551625459766,2.5,0.01480683115749819,0.5,3.5,0.23140569058038335,0.23140569058038335,0,0,1,1.027893834818137,monotonic_increase,5
20250702 plate31 B04,77,low-salinity,corrected_fc,0,4.781707557811541,4.781707557811541,0,4,0,8.259881317437483,1.4820954599653127,6.777785857472169,5.295690397506856,4.573110194690697,0.9585032968826128,2.8161555893182983,2.5,0.0886810292827871,1.5,2.5,4.781707557811541,4.781707557811541,0,0,1,0.9711461272753716,monotonic_increase,5
20250702 plate31 B05,60,low-salinity,corrected_fc,0,7.902310988663194,7.902310988663194,0,4,0,11.722748866994184,1.5349297870138663,10.187819079980319,8.652889292966453,6.63731928728821,0.9384512356107204,4.447227931439285,2.5,0.2545058671955711,1.5,2.5,7.902310988663194,7.902310988663194,0,0,1,1.0984473640416312,monotonic_increase,5
20250702 plate31 B06,16,high-salinity,corrected_fc,0,3.2079206542024443,3.2079206542024443,0,4,0,5.603255722814741,0.8991487833180232,4.704106939496718,3.804958156178695,5.23173364272118,0.57775409596729,2.1359625503432964,2.5,0.06503527873417636,1.5,2.5,3.2079206542024443,3.2079206542024443,0,0,1,1.0035653064363264,monotonic_increase,5
20250702 plate31 C02,47,low-salinity,corrected_fc,0,3.078891435103041,3.078891435103041,0,4,0,5.282660399134692,0.9057702715288236,4.3768901276058685,3.4711198560770447,4.832229832646463,0.5536459338181166,1.781071396922227,2.5,0.15060274160329767,1.5,2.5,3.078891435103041,3.078891435103041,0,0,1,0.9799284323767931,monotonic_increase,5
20250702 plate31 C03,85,low-salinity,corrected_fc,0,1.5452236528815433,1.5452236528815433,0,4,0,2.7431457621603674,0.4594921651932914,2.283653596967076,1.8241614317737844,4.969951111149909,0.29006114311421705,1.0027487042890812,2.5,0.04880090104393159,1.5,2.5,1.5452236528815433,1.5452236528815433,0,0,1,0.9838920091044423,monotonic_increase,5
20250702 plate31 C04,77,low-salinity,corrected_fc,0,4.359705350560691,4.359705350560691,0,4,0,6.315724014217118,0.7393680221445412,5.5763559920725765,4.836987969928035,7.542057304423748,0.4574227818623542,2.5506675959456695,2.5,0.10646769870201989,1.5,2.5,4.359705350560691,4.359705350560691,0,0,1,1.1320725959200226,monotonic_increase,5
20250702 plate31 C05,60,low-salinity,corrected_fc,0,0.7841082718463656,0.7841082718463656,0,4,0,1.2490505431718721,0.09992240722654108,1.1491281359453311,1.0492057287187901,11.500204687223581,0.03145008824685205,0.5516570430830813,2.5,0.03145008824685205,0.5,3.5,0.7841082718463656,0.7841082718463656,0,0,1,1.1502116297438139,monotonic_increase,5
20250702 plate31 C06,16,high-salinity,corrected_fc,0,4.102593985807081,4.102593985807081,0,4,0,6.351390983821894,0.9715675057617076,5.379823478060185,4.408255972298478,5.537261637669131,0.5826226286901084,2.1616918539418473,2.5,0.19526712545309,1.5,2.5,4.102593985807081,4.102593985807081,0,0,1,1.043284476325413,monotonic_increase,5
20250702 plate31 D02,47,low-salinity,corrected_fc,0,1.0125438047598068,1.0125438047598068,0,4,0,1.601332697692091,0.22675158341434626,1.3745811142777449,1.1478295308633986,6.062057400348795,0.132094647054648,0.5843384028187467,2.5,0.05721922566474849,1.5,2.5,1.0125438047598068,1.0125438047598068,0,0,1,1.0534140630564672,monotonic_increase,5
20250702 plate31 D03,85,low-salinity,corrected_fc,0,5.415712804721605,5.415712804721605,0,4,0,9.37289360268018,1.004765246458559,8.368128356221622,7.363363109763062,8.328441280902485,0.4286092133781649,3.9318038546196368,2.5,0.33159688394118003,3.5,3.5,5.415712804721605,5.415712804721605,0,0,1,1.0852225571749827,monotonic_increase,5
20250702 plate31 D04,77,low-salinity,corrected_fc,0,9.219669457659164,9.219669457659164,0,4,0,14.877916424234193,1.2992935956462868,13.578622828587907,12.27932923294162,10.450773307963324,0.5051204871414133,6.586268774243706,2.5,0.5051204871414133,0.5,3.5,9.219669457659164,9.219669457659164,0,0,1,1.1377006963843086,monotonic_increase,5
20250702 plate31 D05,60,low-salinity,corrected_fc,0,0.6165398853141649,0.6165398853141649,0,4,0,1.0242946743971284,0.12299883257033699,0.9012958418267913,0.7782970092564544,7.327678019312781,0.05974117861180872,0.40325293729412404,2.5,0.05974117861180872,0.5,2.5,0.6165398853141649,0.6165398853141649,0,0,1,1.069868779656949,monotonic_increase,5
20250702 plate31 D06,16,high-salinity,corrected_fc,0,12.628171469877127,12.628171469877127,0,4,0,20.416569756071247,2.447592758419985,17.96897699765126,15.521384239231276,7.341489688526013,1.0634220797639569,7.502379226744614,2.5,1.0634220797639569,0.5,2.5,12.628171469877127,12.628171469877127,0,0,1,1.0698255399902061,monotonic_increase,5
20250702 plate32 A02,48,low-salinity,corrected_fc,0,3.596829866418297,3.596829866418297,0,4,0,8.442757373433688,2.5672745043722425,5.875482869061446,3.3082083646892033,2.2886071820738687,1.6729631580977025,1.6729631580977025,0.5,0.11565953445137733,1.5,1.5,3.596829866418297,3.596829866418297,0,0,1,0.6942754868699607,monotonic_increase,5
20250702 plate32 A03,80,low-salinity,corrected_fc,0,1.7459194327807095,1.7459194327807095,0,4,0,2.3653603058710244,0.5026054212334642,1.8627548846375603,1.3601494634040963,3.7061973586876533,0.28738550953647496,0.9713441762304933,3.5,0.14305431385750345,1.5,3.5,1.7459194327807095,1.7459194327807095,0,0,1,1.0411277136307058,monotonic_increase,5
20250702 plate32 A04,20,high-salinity,corrected_fc,0,1.345444196363639,1.345444196363639,0,4,0,4.0114856062601705,1.613746285043558,2.3977393212166125,0.7839930361730545,1.4858217449912785,1.0499800553670111,1.0499800553670111,0.5,0.033718534005152234,2.5,1.5,1.345444196363639,1.345444196363639,0,0,1,0.5708809699962775,monotonic_increase,5
20250702 plate32 A05,77,low-salinity,corrected_fc,0,9.28393444748884,9.28393444748884,0,4,0,21.456967839851625,5.850455023898368,15.606512815953257,9.75605779205489,2.6675724797819362,3.0137930149678644,3.0137930149678644,0.5,1.1560508642105045,3.5,3.5,9.28393444748884,9.28393444748884,0,0,1,0.7250475585666475,monotonic_increase,5
20250702 plate32 A06,55,low-salinity,corrected_fc,0,4.457428930025373,4.457428930025373,0,4,0,10.474475728574003,3.189232722052511,7.285243006521492,4.096010284468981,2.2843246766366083,1.8146329938342571,1.8146329938342571,0.5,0.7755001167348223,3.5,1.5,4.457428930025373,4.457428930025373,0,0,1,0.6817968818489215,monotonic_increase,5
20250702 plate32 B02,48,low-salinity,corrected_fc,0,1.7648940382776832,1.7648940382776832,0,4,0,3.539459667101795,0.6087098701918207,2.930749796909974,2.3220399267181535,4.81469077540408,0.12888821681341697,0.8307550899433904,1.5,0.12888821681341697,0.5,1.5,1.7648940382776832,1.7648940382776832,0,0,1,0.9119528242127775,monotonic_increase,5
20250702 plate32 B03,80,low-salinity,corrected_fc,0,0.6191653776109904,0.6191653776109904,0,4,0,1.0457863435545132,0.1349719273540916,0.9108144162004216,0.77584248884633,6.748176706486149,0.02838232505662901,0.2814629205025385,2.5,0.02838232505662901,0.5,3.5,0.6191653776109904,0.6191653776109904,0,0,1,1.0218061216379788,monotonic_increase,5
20250702 plate32 B04,20,high-salinity,corrected_fc,0,7.106600496339586,7.106600496339586,0,4,0,8.898206364810477,1.7735948661372913,7.124611498673186,5.351016632535895,4.017045625639334,1.0511787116229208,4.257705400350563,3.5,0.3936535974058202,1.5,3.5,7.106600496339586,7.106600496339586,0,0,1,1.1143589348189764,monotonic_increase,5
20250702 plate32 B05,77,low-salinity,corrected_fc,0,5.499437264475313,5.499437264475313,0,4,0,11.056118107978289,2.0757150077754023,8.980403100202885,6.904688092427483,4.326414303776421,0.9915066254245276,2.9780593209126063,2.5,0.3529611788609577,3.5,3.5,5.499437264475313,5.499437264475313,0,0,1,0.8925550023922594,monotonic_increase,5
20250702 plate32 B06,55,low-salinity,corrected_fc,0,2.9523586365501187,2.9523586365501187,0,4,0,5.3926531968453215,1.2027408784756264,4.189912318369695,2.9871714398940683,3.483636744499828,0.7111872105610839,1.2390719963510082,2.5,0.27192012526800124,1.5,2.5,2.9523586365501187,2.9523586365501187,0,0,1,0.8682340008670258,monotonic_increase,5
20250702 plate32 C02,48,low-salinity,corrected_fc,0,4.852820799012643,4.852820799012643,0,4,0,7.918951035800557,1.248934061327342,6.6700169744732145,5.421082913145872,5.340567753740701,0.7062398802669848,2.6155240317858213,2.5,0.37914848185372996,1.5,2.5,4.852820799012643,4.852820799012643,0,0,1,1.0114365365126525,monotonic_increase,5
20250702 plate32 C03,80,low-salinity,corrected_fc,0,0.7416066377497931,0.7416066377497931,0,4,0,1.2098837039315247,0.14072367613336875,1.0691600277981559,0.9284363516647871,7.597584551336447,0.05014893646359532,0.42663248991393904,2.5,0.05014893646359532,0.5,2.5,0.7416066377497931,0.7416066377497931,0,0,1,1.066835535077704,monotonic_increase,5
20250702 plate32 C04,20,high-salinity,corrected_fc,0,6.362945617612711,6.362945617612711,0,4,0,9.326449903725546,1.114469306454442,8.211980597271104,7.097511290816662,7.368512124749843,0.6126735379395325,3.52512048292002,2.5,0.39091799909028624,1.5,2.5,6.362945617612711,6.362945617612711,0,0,1,1.1144483094538569,monotonic_increase,5
20250702 plate32 C05,77,low-salinity,corrected_fc,0,0.438652653771293,0.438652653771293,0,4,0,0.6824048575513519,0.046960610217715,0.635444247333637,0.588483637115922,13.531430796738833,0.014490009455991376,0.3187061181628197,2.5,0.014490009455991376,0.5,2.5,0.438652653771293,0.438652653771293,0,0,1,1.1808301663073557,monotonic_increase,5
20250702 plate32 C06,55,low-salinity,corrected_fc,0,1.7827016343375497,1.7827016343375497,0,4,0,3.609771974183993,0.7265533927209521,2.8832185814630407,2.1566651887420885,3.968350585585113,0.3850235616646421,0.9672782711253358,2.5,0.13236370109959372,3.5,3.5,1.7827016343375497,1.7827016343375497,0,0,1,0.8719220011082617,monotonic_increase,5
20250702 plate32 D02,48,low-salinity,corrected_fc,0,5.341349076321549,5.341349076321549,0,4,0,10.23807419706482,1.8025029327306514,8.435571264334168,6.633068331603517,4.67992096498558,0.8831135138761094,3.0067284696097687,2.5,0.4958417690026966,3.5,3.5,5.341349076321549,5.341349076321549,0,0,1,0.9256150948343527,monotonic_increase,5
20250702 plate32 D03,80,low-salinity,corrected_fc,0,0.3440844972071838,0.3440844972071838,0,4,0,0.5160827355134452,0.053068133156365986,0.46301460235707914,0.40994646920071315,8.724908430315425,0.013881291416006709,0.17341182853240944,2.5,0.013881291416006709,0.5,2.5,0.3440844972071838,0.3440844972071838,0,0,1,1.1104456017849123,monotonic_increase,5
20250702 plate32 D04,20,high-salinity,corrected_fc,0,1.8395467668307257,1.8395467668307257,0,4,0,3.8055035582318597,0.8427734422361033,2.9627301159957566,2.1199566737596536,3.515452632364448,0.4386120094701318,0.8304724342824795,2.5,0.2007514670163033,3.5,3.5,1.8395467668307257,1.8395467668307257,0,0,1,0.8280741272911823,monotonic_increase,5
20250702 plate32 D05,77,low-salinity,corrected_fc,0,4.463873506734673,4.463873506734673,0,4,0,9.091802705357505,1.5360672047951338,7.555735500562372,6.0196682957672385,4.918883416673221,0.5452964898518948,2.351486602365318,2.5,0.13084547448287687,3.5,3.5,4.463873506734673,4.463873506734673,0,0,1,0.9177380116304167,monotonic_increase,5
20250702 plate32 D06,55,low-salinity,corrected_fc,0,10.72595624447644,10.72595624447644,0,4,0,13.7989022202639,1.2332370269941662,12.565665193269734,11.332428166275568,10.189172817732123,0.5490988365963888,5.150272499838183,2.5,0.5490988365963888,0.5,2.5,10.72595624447644,10.72595624447644,0,0,1,1.2118428907145566,monotonic_increase,5
20250702 plate33 A02,33,high-salinity,corrected_fc,0,2.320488406546027,2.320488406546027,0,4,0,7.41406947247727,2.9416350706618233,4.472434401815447,1.530799331153624,1.5203906311904343,1.9290211201563536,1.9290211201563536,0.5,0.020912158509062806,3.5,1.5,2.320488406546027,2.320488406546027,0,0,1,0.5677444092641345,monotonic_increase,5
20250702 plate33 A03,5,high-salinity,corrected_fc,0,2.078746728109881,5.498014529565797,0,3,0,15.32818056310367,6.600599597863248,8.727580965240422,2.1269813673771747,1.3222406291794646,4.4104065262435626,4.4104065262435626,0.5,-3.419267801455916,3.5,3.5,5.498014529565797,2.078746728109881,3.419267801455916,0.6219095608184854,0.3780904391815147,0.6763772630412023,rise_then_depress,5
20250702 plate33 A04,25,high-salinity,corrected_fc,0,5.517642940572088,5.517642940572088,0,4,0,10.75728010117903,2.3903009493651846,8.366979151813844,5.976678202448659,3.500387327393207,1.4074444162164532,2.6595880820816067,2.5,0.5582686500810097,1.5,2.5,5.517642940572088,5.517642940572088,0,0,1,0.8505499381561624,monotonic_increase,5
20250702 plate33 A05,26,high-salinity,corrected_fc,0,5.762337248243004,5.762337248243004,0,4,0,12.846988139684775,3.6413084627365144,9.205679676948261,5.5643712142117465,2.528124099112991,2.4377875281182617,2.7139482489720015,2.5,-0.030745658881757176,1.5,2.5,5.762337248243004,5.762337248243004,0,0,1,0.7402858069190074,rise_then_depress,5
20250702 plate33 A06,20,high-salinity,corrected_fc,0,2.033719294233189,2.033719294233189,0,4,0,5.705931314456093,2.193945672851774,3.511985641604319,1.318039968752545,1.600762354812235,1.4408287283402157,1.4408287283402157,0.5,0.06540516068290114,1.5,1.5,2.033719294233189,2.033719294233189,0,0,1,0.5851661906601968,monotonic_increase,5
20250702 plate33 B02,33,high-salinity,corrected_fc,0,0.51364814606337,0.51364814606337,0,4,0,0.9283577420441258,0.17011163961664272,0.758246102427483,0.5881344628108403,4.4573440367527954,0.10574273063029102,0.308315302436743,2.5,0.022995087342412374,1.5,2.5,0.51364814606337,0.51364814606337,0,0,1,0.9472826164741747,monotonic_increase,5
20250702 plate33 B03,5,high-salinity,corrected_fc,0,3.125548581995905,3.125548581995905,0,4,0,5.0415175172860485,1.0353215683729293,4.006195948913119,2.9708743805401894,3.8695184871006783,0.7078935043301635,1.461137465786869,2.5,-0.053037376244631895,1.5,2.5,3.125548581995905,3.125548581995905,0,0,1,0.9616076345536412,rise_then_depress,5
20250702 plate33 B04,25,high-salinity,corrected_fc,0,9.623190141277409,9.623190141277409,0,4,0,16.07695858549436,2.4004843706874155,13.676474214806944,11.275989844119529,5.697381071008796,1.5973479386161222,6.455469847954361,2.5,0.008924925526464067,1.5,2.5,9.623190141277409,9.623190141277409,0,0,1,1.0396760632262476,monotonic_increase,5
20250702 plate33 B05,26,high-salinity,corrected_fc,0,1.9818024863317345,1.9818024863317345,0,4,0,3.3670652450306537,0.6957460100402917,2.671319234990362,1.9755732249500702,3.8395034918499378,0.5089561426015985,1.120048389508415,2.5,-0.135376407724212,1.5,2.5,1.9818024863317345,1.9818024863317345,0,0,1,0.9528127536066169,rise_then_depress,5
20250702 plate33 B06,20,high-salinity,corrected_fc,0,3.3775740185893546,3.3775740185893546,0,4,0,6.1752621708276605,0.9556972303590128,5.219564940468648,4.263867710109635,5.461525653378623,0.6516705001550814,2.6186977405621765,2.5,-0.043617039747218866,1.5,2.5,3.3775740185893546,3.3775740185893546,0,0,1,1.0175696912786942,rise_then_depress,5
20250702 plate33 C02,33,high-salinity,corrected_fc,0,1.1351100346367935,1.1351100346367935,0,4,0,2.0675317045396477,0.365173986581928,1.7023577179577196,1.3371837313757915,4.661771595211341,0.2818672737405083,0.8848825621150637,2.5,-0.11525384805766889,1.5,2.5,1.1351100346367935,1.1351100346367935,0,0,1,1.0007208387462319,rise_then_depress,5
20250702 plate33 C03,5,high-salinity,corrected_fc,0,1.7617497401889846,1.7617497401889846,0,4,0,2.9116430735001133,0.370212078501945,2.5414309949981684,2.1712189164962234,6.864797618927002,0.27935571692034056,1.3879870401588623,2.5,-0.09764299375713167,1.5,2.5,1.7617497401889846,1.7617497401889846,0,0,1,1.1034617693945643,rise_then_depress,5
20250702 plate33 C04,25,high-salinity,corrected_fc,0,3.5023394071529697,3.5023394071529697,0,4,0,6.0165735954665855,0.9380773729816232,5.078496222484962,4.140418849503339,5.413728514038521,0.7358664166741055,2.720693649985925,2.5,-0.3314445040590701,1.5,2.5,3.5023394071529697,3.5023394071529697,0,0,1,1.0513124013513533,rise_then_depress,5
20250702 plate33 C05,26,high-salinity,corrected_fc,0,2.569541205918622,2.569541205918622,0,4,0,3.868849321866752,0.4899152920701445,3.3789340297966075,2.889018737726463,6.896976037467356,0.385561564982802,1.7811022455752687,2.5,-0.17685411080811686,1.5,2.5,2.569541205918622,2.569541205918622,0,0,1,1.1316510668058395,rise_then_depress,5
20250702 plate33 C06,20,high-salinity,corrected_fc,0,2.0337672676028693,2.0337672676028693,0,4,0,2.922417372471715,0.2747507121059611,2.647666660365754,2.3729159482597932,9.636614369700517,0.21680592310393887,1.4569486595582528,2.5,-0.10091634509989447,1.5,2.5,2.0337672676028693,2.0337672676028693,0,0,1,1.198568969027564,rise_then_depress,5
20250702 plate33 D02,33,high-salinity,corrected_fc,0,5.747834800844495,5.747834800844495,0,4,0,9.309424298186887,0.9251208490048296,8.384303449182056,7.459182600177226,9.062927787435786,0.7144763021215637,4.878452408110011,2.5,-0.29318720835503176,1.5,2.5,5.747834800844495,5.747834800844495,0,0,1,1.1630605786271941,rise_then_depress,5
20250702 plate33 D03,5,high-salinity,corrected_fc,0,2.2907366398757945,2.2907366398757945,0,4,0,2.442315423403404,0.09653590800582962,2.3457795153975747,2.2492436073917452,24.299554060815563,0.07318832109230844,1.1303684347191136,2.5,-0.026493147265266075,1.5,2.5,2.2907366398757945,2.2907366398757945,0,0,1,1.4051411876475715,rise_then_depress,5
20250702 plate33 D04,25,high-salinity,corrected_fc,0,6.09894243105629,6.09894243105629,0,4,0,9.633996038381799,0.9090468032424877,8.724949235139311,7.8159024318968235,9.597909815004252,0.6928606569319821,5.0269195806796505,2.5,-0.26048836431097105,1.5,2.5,6.09894243105629,6.09894243105629,0,0,1,1.1742995023225398,rise_then_depress,5
20250702 plate33 D05,26,high-salinity,corrected_fc,0,2.727141838811616,2.727141838811616,0,4,0,4.231735845832477,0.3685993222322792,3.8631365236001978,3.4945372013679186,10.480584989154636,0.29548759612890907,2.280230425884279,2.5,-0.14926414392216875,1.5,2.5,2.727141838811616,2.727141838811616,0,0,1,1.1965801903358066,rise_then_depress,5
20250702 plate33 D06,20,high-salinity,corrected_fc,0,2.935340888584331,2.935340888584331,0,4,0,5.026790168033669,0.5414176486329769,4.485372519400692,3.9439548707677154,8.284496323172673,0.3839103420006936,2.545180155211677,2.5,-0.0688957287361272,1.5,2.5,2.935340888584331,2.935340888584331,0,0,1,1.1293979313279527,rise_then_depress,5
20250702 plate34 A02,25,high-salinity,corrected_fc,0,6.702169518140193,6.702169518140193,0,4,0,15.428442629755668,3.482094466944049,11.946348162811619,8.46425369586757,3.4307938156818465,1.5388682100127995,2.7655846329477747,2.5,0.05013237132991932,3.5,3.5,6.702169518140193,6.702169518140193,0,0,1,0.799930202739735,monotonic_increase,5
20250702 plate34 A03,72,low-salinity,corrected_fc,0,6.216863565515353,6.271371791785392,0,3,0,17.09177480494219,5.32568598012686,11.76608882481533,6.440402844688471,2.209309536597022,2.939400729854597,2.939400729854597,0.5,-0.05450822627003937,3.5,3.5,6.271371791785392,6.216863565515353,0.05450822627003937,0.008691595408430005,0.99130840459157,0.6523905072787921,rise_then_depress,5
20250702 plate34 A04,71,low-salinity,corrected_fc,0,3.949014909899856,3.949014909899856,0,4,0,12.742502287297743,5.117721116268997,7.624781171028747,2.5070600547597506,1.4898782090313447,3.347977092032935,3.347977092032935,0.5,0.06848521805709895,3.5,1.5,3.949014909899856,3.949014909899856,0,0,1,0.5652428137846959,monotonic_increase,5
20250702 plate34 A05,16,high-salinity,corrected_fc,0,8.670050991330083,8.670050991330083,0,4,0,21.411926915365616,5.901532827623694,15.510394087741922,9.608861260118228,2.628197544736411,3.1330309034665227,3.1330309034665227,0.5,0.263184323410373,3.5,3.5,8.670050991330083,8.670050991330083,0,0,1,0.711797468115339,monotonic_increase,5
20250702 plate34 A06,33,high-salinity,corrected_fc,0,0.714338303568649,0.714338303568649,0,4,0,1.7202903081894119,0.4797676338178313,1.2405226743715805,0.7607550405537492,2.5856739532425594,0.2733949182669632,0.2733949182669632,0.5,0.03735749653226117,3.5,3.5,0.714338303568649,0.714338303568649,0,0,1,0.7124637289162248,monotonic_increase,5
20250702 plate34 B02,25,high-salinity,corrected_fc,0,3.383517917303557,3.383517917303557,0,4,0,6.666171156991106,1.8610610765813238,4.805110080409782,2.944049003828458,2.5819196053664877,1.258017015781362,1.3042189393581167,2.5,-0.05192889418143776,1.5,2.5,3.383517917303557,3.383517917303557,0,0,1,0.7809243609814781,rise_then_depress,5
20250702 plate34 B03,72,low-salinity,corrected_fc,0,4.585795633710765,4.585795633710765,0,4,0,9.068840333863715,1.9790973427340346,7.089742991129682,5.110645648395647,3.5823114093698485,1.3337831127828186,2.860902484420652,2.5,-0.04315465288038656,1.5,2.5,4.585795633710765,4.585795633710765,0,0,1,0.8771607669162017,rise_then_depress,5
20250702 plate34 B04,71,low-salinity,corrected_fc,0,2.358344817386792,2.358344817386792,0,4,0,5.213792448644034,1.3591785225222415,3.8546139261217918,2.4954354035995503,2.8359879605577825,0.9063506653153648,1.3169579458077658,2.5,-6.949509016115352e-4,1.5,2.5,2.358344817386792,2.358344817386792,0,0,1,0.7791208175519999,rise_then_depress,5
20250702 plate34 B06,33,high-salinity,corrected_fc,0,9.817244706567656,9.96780761159586,0,3,0,18.858121325439953,2.712530097516132,16.14559122792382,13.433061130407687,5.9522256518769545,1.4433688344720008,7.429485085507597,2.5,-0.15056290502820424,3.5,3.5,9.96780761159586,9.817244706567656,0.15056290502820424,0.015104916837785847,0.9848950831622142,1.005038130282126,rise_then_depress,5
20250702 plate34 C02,25,high-salinity,corrected_fc,0,2.3367766706587947,2.3367766706587947,0,4,0,4.368838290863385,0.8480308437677757,3.52080744709561,2.672776603327834,4.151744565625429,0.5730028523389182,1.5273351374796396,2.5,-0.02294686948120317,1.5,2.5,2.3367766706587947,2.3367766706587947,0,0,1,0.9334809672549176,rise_then_depress,5
20250702 plate34 C03,72,low-salinity,corrected_fc,0,4.943975153662921,4.943975153662921,0,4,0,9.090508085254111,1.3052065033902227,7.785301581863889,6.480095078473666,5.964804467064694,0.8303172311447393,3.888646188295979,2.5,0.10555042087597499,3.5,3.5,4.943975153662921,4.943975153662921,0,0,1,1.0302993343402467,monotonic_increase,5
20250702 plate34 C04,71,low-salinity,corrected_fc,0,2.56985002186053,2.56985002186053,0,4,0,5.146878427513479,1.0035383696125604,4.143340057900918,3.1398016882883577,4.128731081304397,0.6490408300768279,1.7949224283634562,2.5,0.05995424899463708,1.5,2.5,2.56985002186053,2.56985002186053,0,0,1,0.9135570841352629,monotonic_increase,5
20250702 plate34 C05,16,high-salinity,corrected_fc,0,10.206326570442153,10.206326570442153,0,4,0,15.473945169149108,1.1224429874432873,14.351502181705822,13.229059194262534,12.785952019171885,0.7438045326506074,8.112423532106705,2.5,0.01347237693475234,1.5,2.5,10.206326570442153,10.206326570442153,0,0,1,1.2105845491834788,monotonic_increase,5
20250702 plate34 C06,33,high-salinity,corrected_fc,0,6.399685892655397,6.399685892655397,0,4,0,10.984701699766488,1.2594825030202947,9.725219196746192,8.465736693725898,7.721599286551966,0.6563222218495678,4.715895406906315,2.5,0.4774699234076287,3.5,3.5,6.399685892655397,6.399685892655397,0,0,1,1.081800976446299,monotonic_increase,5
20250702 plate34 D02,25,high-salinity,corrected_fc,0,8.53096332200235,8.53096332200235,0,4,0,14.674133292966307,1.4688576053570293,13.205275687609278,11.73641808225225,8.99016735144965,0.5524979899482575,6.190715180381787,2.5,0.5075289108030194,3.5,3.5,8.53096332200235,8.53096332200235,0,0,1,1.0970584539642863,monotonic_increase,5
20250702 plate34 D03,72,low-salinity,corrected_fc,0,5.8149433681355776,5.8149433681355776,0,4,0,10.01452238524537,1.499806890478221,8.514715494767149,7.014908604288928,5.67720787844373,0.9734661600712984,4.028221619478591,2.5,0.07921530074254668,1.5,2.5,5.8149433681355776,5.8149433681355776,0,0,1,1.0290152465462694,monotonic_increase,5
20250702 plate34 D04,71,low-salinity,corrected_fc,0,3.0699998886047983,3.0699998886047983,0,4,0,5.128213509539583,0.8892696054316558,4.238943904107927,3.3496742986762715,4.7667702552931885,0.5785774639741116,1.7718675354328952,2.5,0.0428068189409766,1.5,2.5,3.0699998886047983,3.0699998886047983,0,0,1,0.9922270462855675,monotonic_increase,5
20250702 plate34 D05,16,high-salinity,corrected_fc,0,8.459923740300457,8.459923740300457,0,4,0,11.531814638991367,1.2084194442830523,10.323395194708315,9.114975750425263,8.54289066892094,0.6296033834092857,4.356985141936787,2.5,0.5280287383382477,1.5,2.5,8.459923740300457,8.459923740300457,0,0,1,1.1658878392900514,monotonic_increase,5
20250702 plate34 D06,33,high-salinity,corrected_fc,0,2.7162185761001703,2.7162185761001703,0,4,0,5.063170571643747,0.7802752666509958,4.282895304992751,3.502620038341755,5.488954331944011,0.5101177183879947,2.1143133721536627,2.5,0.030197378138007713,1.5,2.5,2.7162185761001703,2.7162185761001703,0,0,1,1.0100473287722196,monotonic_increase,5
20250702 plate35 A02,33,high-salinity,corrected_fc,0,5.23630286587819,5.23630286587819,0,4,0,13.119909002644949,4.032950358822476,9.086958643822474,5.054008284999997,2.253178897663309,2.4940245135558645,2.4940245135558645,0.5,0.3064215002614228,3.5,1.5,5.23630286587819,5.23630286587819,0,0,1,0.6716697245262551,monotonic_increase,5
20250702 plate35 A03,84,low-salinity,corrected_fc,0,0.9179168935864468,0.9179168935864468,0,4,0,1.9447527791442463,0.44222035259038617,1.5025324265538602,1.0603120739634742,3.3977007565402704,0.18096367252494777,0.34154968760592913,1.5,0.13559959389124843,3.5,1.5,0.9179168935864468,0.9179168935864468,0,0,1,0.8088380357586006,monotonic_increase,5
20250702 plate35 A04,82,low-salinity,corrected_fc,0,8.370051294626059,8.370051294626059,0,4,0,12.847126380772279,3.454305607263591,9.392820773508689,5.9385151662450975,2.7191632245154564,2.2144573043697737,4.402104471324218,3.5,0.265239301417862,1.5,3.5,8.370051294626059,8.370051294626059,0,0,1,0.9147218484836014,monotonic_increase,5
20250702 plate35 A05,72,low-salinity,corrected_fc,0,6.7444013013626165,6.7444013013626165,0,4,0,8.952517536094842,1.202276884030732,7.75024065206411,6.547963768033378,6.44630264043736,0.7135229076511406,2.911778072244027,2.5,0.2639850451080422,1.5,2.5,6.7444013013626165,6.7444013013626165,0,0,1,1.1420408871374974,monotonic_increase,5
20250702 plate35 A06,25,high-salinity,corrected_fc,0,8.761958174196765,8.761958174196765,0,4,0,17.885179996426626,3.782419729220603,14.102760267206023,10.32034053798542,3.728502196162139,1.6996828412259952,3.4735705161238153,2.5,1.1229138820837337,3.5,3.5,8.761958174196765,8.761958174196765,0,0,1,0.841790351778584,monotonic_increase,5
20250702 plate35 B02,33,high-salinity,corrected_fc,0,3.088714919341645,3.088714919341645,0,4,0,6.315736069496533,1.4889798447541014,4.826756224742432,3.337776379988331,3.241653163908038,0.9348932545417056,1.620138994434422,2.5,0.17327992588308605,1.5,2.5,3.088714919341645,3.088714919341645,0,0,1,0.8251071505039425,monotonic_increase,5
20250702 plate35 B03,84,low-salinity,corrected_fc,0,1.5679428539349034,1.5679428539349034,0,4,0,3.6473037484055,1.0252751193909544,2.6220286290145456,1.5967535096235912,2.5573902842508387,0.6949447076787889,0.8470659669105973,2.5,-0.03428388425445794,1.5,2.5,1.5679428539349034,1.5679428539349034,0,0,1,0.740735256130882,rise_then_depress,5
20250702 plate35 B04,82,low-salinity,corrected_fc,0,2.858386458928902,2.858386458928902,0,4,0,5.109310294594937,1.139090503852418,3.9702197907425187,2.831129286890101,3.485429627685585,0.7222972063851189,1.290646668876171,2.5,0.11128938854947912,1.5,2.5,2.858386458928902,2.858386458928902,0,0,1,0.8842894967091981,monotonic_increase,5
20250702 plate35 B05,72,low-salinity,corrected_fc,0,11.629918678802584,11.629918678802584,0,4,0,19.340772103938328,2.095569287922656,17.24520281601567,15.149633528093014,8.229364171065367,1.0017455676331557,8.148772315745878,2.5,1.0017455676331557,0.5,2.5,11.629918678802584,11.629918678802584,0,0,1,1.0946515707487707,monotonic_increase,5
20250702 plate35 B06,25,high-salinity,corrected_fc,0,2.902724489611172,2.902724489611172,0,4,0,5.445233737435823,1.1869737586699771,4.258259978765846,3.071286220095869,3.587492939639452,0.7463012634183372,1.4848802482053403,2.5,0.1350437270849425,1.5,2.5,2.902724489611172,2.902724489611172,0,0,1,0.8764620063318457,monotonic_increase,5
20250702 plate35 C02,33,high-salinity,corrected_fc,0,9.122122335575083,9.122122335575083,0,4,0,15.470874858353888,1.5176214832592787,13.953253375094608,12.43563189183533,9.194159102919578,0.6495972706183711,6.788119569384344,2.5,0.5979543409089239,3.5,3.5,9.122122335575083,9.122122335575083,0,0,1,1.109637036543077,monotonic_increase,5
20250702 plate35 C03,84,low-salinity,corrected_fc,0,1.7557557084850328,1.7557557084850328,0,4,0,3.2550340262175244,0.5451273780423286,2.709906648175196,2.1647792701328674,4.971143914853556,0.3340842314705991,1.1988993542174915,2.5,0.08800206167285968,1.5,2.5,1.7557557084850328,1.7557557084850328,0,0,1,0.9723384856364322,monotonic_increase,5
20250702 plate35 C04,82,low-salinity,corrected_fc,0,3.2697980753778344,3.2697980753778344,0,4,0,5.776086927447237,0.7446962599035745,5.031390667543661,4.286694407640087,6.756299095949725,0.4671014623215824,2.563707237108768,2.5,0.08808813284240186,1.5,2.5,3.2697980753778344,3.2697980753778344,0,0,1,1.0646697425581617,monotonic_increase,5
20250702 plate35 C05,72,low-salinity,corrected_fc,0,3.7430026754775385,3.7430026754775385,0,4,0,6.55160652968913,0.8242333329267753,5.727373196762356,4.90313986383558,6.948727948704756,0.4567635829676405,2.7534626091461814,2.5,0.2546005664130875,3.5,3.5,3.7430026754775385,3.7430026754775385,0,0,1,1.0592998683512973,monotonic_increase,5
20250702 plate35 C06,25,high-salinity,corrected_fc,0,5.767297043669952,7.192194287769017,0,3,0,13.182486847422034,1.9621644089948098,11.220322438427225,9.258158029432416,5.718339598349582,0.8176847801715782,4.903235030122554,2.5,-1.424897244099065,3.5,3.5,7.192194287769017,5.767297043669952,1.424897244099065,0.19811717913714216,0.8018828208628578,0.9751616117906796,rise_then_depress,5
20250702 plate35 D02,33,high-salinity,corrected_fc,0,1.3538231560926413,1.3538231560926413,0,4,0,2.400139711382506,0.35095715666504024,2.0491825547174662,1.698225398052426,5.838839629856138,0.20643701726096103,0.9387105584589077,2.5,0.08260326154719744,1.5,2.5,1.3538231560926413,1.3538231560926413,0,0,1,1.0188989063577893,monotonic_increase,5
20250702 plate35 D03,84,low-salinity,corrected_fc,0,2.909168214068502,2.909168214068502,0,4,0,4.7551745957105584,0.37472867136741483,4.380445924343144,4.005717252975729,11.689647094145604,0.2079304956819748,2.4254672902525733,2.5,0.12566585568890531,1.5,2.5,2.909168214068502,2.909168214068502,0,0,1,1.1749893218636316,monotonic_increase,5
20250702 plate35 D04,82,low-salinity,corrected_fc,0,2.958026389416778,2.958026389416778,0,4,0,5.036186644613073,0.4725259941520173,4.563660650461055,4.091134656309038,9.658009732672761,0.24613172090726307,2.4054646360184035,2.5,0.09977320690886637,3.5,3.5,2.958026389416778,2.958026389416778,0,0,1,1.1315171539452562,monotonic_increase,5
20250702 plate35 D05,72,low-salinity,corrected_fc,0,5.635095813107838,5.635095813107838,0,4,0,10.090469556685257,1.0642811571535409,9.026188399531716,7.9619072423781745,8.481018703434145,0.3641960707915543,4.108385233891838,2.5,0.12654040649202702,3.5,3.5,5.635095813107838,5.635095813107838,0,0,1,1.0760594268551056,monotonic_increase,5
20250702 plate35 D06,25,high-salinity,corrected_fc,0,9.99589895704714,9.99589895704714,0,4,0,16.07369912673485,1.4237739102897908,14.649925216445062,13.226151306155272,10.289502504975147,0.5354545369457554,6.987017617889387,2.5,0.5354545369457554,0.5,3.5,9.99589895704714,9.99589895704714,0,0,1,1.134016625076436,monotonic_increase,5
20250702 plate36 A02,24,high-salinity,corrected_fc,0,2.2175594177308127,2.2175594177308127,0,4,0,6.061038772635806,2.24224097711173,3.8187977955240755,1.5765568184123455,1.7031165849279661,1.461349302993722,1.461349302993722,0.5,0.10043404524229449,1.5,1.5,2.2175594177308127,2.2175594177308127,0,0,1,0.597110102508308,monotonic_increase,5
20250702 plate36 A03,12,high-salinity,corrected_fc,0,4.471540392412416,4.471540392412416,0,4,0,10.20228021898253,2.8954189418498197,7.30686127713271,4.41144233528289,2.5235937955370686,1.8748112503668528,2.009268006477601,2.5,0.16640413259908104,1.5,2.5,4.471540392412416,4.471540392412416,0,0,1,0.7286365326877781,monotonic_increase,5
20250702 plate36 A04,70,low-salinity,corrected_fc,0,1.6375310874563285,1.6375310874563285,0,4,0,2.8562195337589773,0.7936775289861898,2.0625420047727876,1.268864475786598,2.5987153843291892,0.4890012184325168,0.6984309369653781,3.5,0.12035140267482919,1.5,3.5,1.6375310874563285,1.6375310874563285,0,0,1,0.8255597052048409,monotonic_increase,5
20250702 plate36 A05,2,high-salinity,corrected_fc,0,2.8492803322354106,2.8492803322354106,0,4,0,6.995078024215577,2.3590738686381014,4.636004155577475,2.2769302869393737,1.9651797331186796,1.4934867198917674,1.4934867198917674,0.5,0.23768757760090065,1.5,1.5,2.8492803322354106,2.8492803322354106,0,0,1,0.6416679645662606,monotonic_increase,5
20250702 plate36 A06,71,low-salinity,corrected_fc,0,3.020472040745483,3.020472040745483,0,4,0,7.988998255106064,2.9857204410395215,5.003277814066542,2.0175573730270204,1.6757355261045737,1.9221097717191764,1.9221097717191764,0.5,0.20511156692151378,1.5,1.5,3.020472040745483,3.020472040745483,0,0,1,0.6000179588914124,monotonic_increase,5
20250702 plate36 B02,24,high-salinity,corrected_fc,0,5.979323413811216,5.979323413811216,0,4,0,10.980644595944973,2.763564036647999,8.217080559296974,5.453516522648975,2.973363544440856,1.5765708948014343,1.9388977032664148,3.5,0.7974153888916955,1.5,2.5,5.979323413811216,5.979323413811216,0,0,1,0.8232687118884979,monotonic_increase,5
20250702 plate36 B03,12,high-salinity,corrected_fc,0,2.3880944373744786,2.3880944373744786,0,4,0,4.29833565550039,1.1499561722231828,3.148379483277207,1.9984233110540242,2.7378256313808205,0.6375974136582772,0.9461209313494163,3.5,0.3871201034715339,1.5,3.5,2.3880944373744786,2.3880944373744786,0,0,1,0.8149561069165506,monotonic_increase,5
20250702 plate36 B04,70,low-salinity,corrected_fc,0,3.290181807408734,3.290181807408734,0,4,0,6.6366105345223065,1.6666297536305752,4.969980780891731,3.303351027261156,2.982054514546592,0.9552095381576976,1.1906292307687312,2.5,0.4676308927880578,1.5,2.5,3.290181807408734,3.290181807408734,0,0,1,0.7915167100876622,monotonic_increase,5
20250702 plate36 B05,2,high-salinity,corrected_fc,0,2.286366905305976,2.286366905305976,0,4,0,4.871332635641321,1.3311963990716524,3.5401362365696682,2.208939837498016,2.659364342510604,0.7510732963767728,0.7510732963767728,0.5,0.40917290901298675,1.5,1.5,2.286366905305976,2.286366905305976,0,0,1,0.743992075528507,monotonic_increase,5
20250702 plate36 B06,71,low-salinity,corrected_fc,0,3.0467795129941715,3.0467795129941715,0,4,0,7.942899264629434,2.37317898601522,5.569720278614213,3.196541292598993,2.3469448833972155,1.3259824071940514,1.3259824071940514,0.5,0.04764556969821232,3.5,3.5,3.0467795129941715,3.0467795129941715,0,0,1,0.6733261610450837,monotonic_increase,5
20250702 plate36 C03,12,high-salinity,corrected_fc,0,8.062264052072221,8.062264052072221,0,4,0,11.754386679839003,1.5036306637837051,10.250756016055298,8.747125352271594,6.8173363731892165,0.8398672425452328,4.22833372630377,2.5,0.48765959993171204,1.5,2.5,8.062264052072221,8.062264052072221,0,0,1,1.1029275199165371,monotonic_increase,5
20250702 plate36 C04,70,low-salinity,corrected_fc,0,6.6983969105496834,6.6983969105496834,0,4,0,8.652877386489052,0.6899265843409412,7.962950802148111,7.273024217807169,11.541736443964966,0.31455314044025856,3.4876320151712212,2.5,0.31455314044025856,0.5,2.5,6.6983969105496834,6.6983969105496834,0,0,1,1.2267451356906167,monotonic_increase,5
20250702 plate36 C05,2,high-salinity,corrected_fc,0,5.34082322669217,5.34082322669217,0,4,0,7.854913320543401,1.1042933109727548,6.750620009570647,5.646326698597893,6.113067916370996,0.5601519391134686,2.4477842806467027,2.5,0.5281308046051039,1.5,2.5,5.34082322669217,5.34082322669217,0,0,1,1.0720076172296955,monotonic_increase,5
20250702 plate36 C06,71,low-salinity,corrected_fc,0,5.923807913295211,5.923807913295211,0,4,0,9.826570865562125,1.1843657898213278,8.642205075740799,7.457839285919471,7.2969053564478195,0.5079466981648724,3.6510438441238273,2.5,0.5079466981648724,0.5,2.5,5.923807913295211,5.923807913295211,0,0,1,1.0619453636191782,monotonic_increase,5
20250702 plate36 D02,24,high-salinity,corrected_fc,0,5.033410942392583,5.033410942392583,0,4,0,8.048870945179129,1.2510134499205023,6.797857495258626,5.546844045338124,5.433880423660199,0.6767103974277063,2.5582428665839467,2.5,0.4718957075578857,1.5,2.5,5.033410942392583,5.033410942392583,0,0,1,1.0184700762324166,monotonic_increase,5
20250702 plate36 D03,12,high-salinity,corrected_fc,0,1.216356324623737,1.216356324623737,0,4,0,2.5836171225070017,0.5745909326635433,2.0090261898434583,1.4344352571799148,3.496446037758589,0.3181222220004842,0.6314418955424126,2.5,0.07197700775520621,3.5,3.5,1.216356324623737,1.216356324623737,0,0,1,0.8274121044308829,monotonic_increase,5
20250702 plate36 D04,70,low-salinity,corrected_fc,0,1.7357536604503845,1.7357536604503845,0,4,0,3.825004754992505,0.8705367127795577,2.9544680422129472,2.0839313294333897,3.393846576302974,0.4631072586861189,0.8643028497074386,2.5,0.056591902556068385,3.5,3.5,1.7357536604503845,1.7357536604503845,0,0,1,0.8090113693982524,monotonic_increase,5
20250702 plate36 D05,2,high-salinity,corrected_fc,0,1.803055864769198,1.803055864769198,0,4,0,4.061465932631968,0.9659167194473587,3.09554921318461,2.1296324937372515,3.204778580658282,0.5226626322981132,0.8642590193522746,2.5,0.052288671118432495,3.5,3.5,1.803055864769198,1.803055864769198,0,0,1,0.7882996502241029,monotonic_increase,5
20250702 plate36 D06,71,low-salinity,corrected_fc,0,5.276626370373444,5.276626370373444,0,4,0,10.689018481041957,2.053117452198957,8.635901028843,6.582783576644043,4.206238186516638,0.8694630633301685,2.446624677049912,2.5,0.46269291558595516,3.5,3.5,5.276626370373444,5.276626370373444,0,0,1,0.8769106772818471,monotonic_increase,5
20250702 plate37 A02,14,high-salinity,corrected_fc,0,3.6008181258448007,3.6008181258448007,0,4,0,9.166860798603192,3.268517520824042,5.89834327777915,2.629825756955108,1.8045928284612927,2.1519935499930005,2.1519935499930005,0.5,0.08105439166908202,1.5,1.5,3.6008181258448007,3.6008181258448007,0,0,1,0.620766915280222,monotonic_increase,5
20250702 plate37 A03,77,low-salinity,corrected_fc,0,8.045525596687343,8.045525596687343,0,4,0,19.247273565436092,5.111666807303388,14.135606758132704,9.023939950829316,2.765361532941896,2.7736784537025883,3.0988788989866345,2.5,0.2706699904991092,3.5,3.5,8.045525596687343,8.045525596687343,0,0,1,0.7321156165546612,monotonic_increase,5
20250702 plate37 A04,82,low-salinity,corrected_fc,0,9.5106804143139,9.5106804143139,0,4,0,21.46828670685778,5.431094249352366,16.037192457505412,10.606098208153046,2.952847386034182,2.8360697713911547,3.496778816464829,2.5,0.8238526419266474,3.5,3.5,9.5106804143139,9.5106804143139,0,0,1,0.7588372749277347,monotonic_increase,5
20250702 plate37 A05,2,high-salinity,corrected_fc,0,0.4155571082802246,0.4155571082802246,0,4,0,1.124855740157054,0.376531550392718,0.7483241897643361,0.3717926393716181,1.9874143056108917,0.22188738727448448,0.22188738727448448,0.5,0.0296556357742343,3.5,1.5,0.4155571082802246,0.4155571082802246,0,0,1,0.6259100528806869,monotonic_increase,5
20250702 plate37 A06,72,low-salinity,corrected_fc,0,2.4261031253243206,2.43163447950981,0,3,0,8.219194656172908,3.3848401392732907,4.834354516899616,1.449514377626325,1.4282371745737832,2.1951716645456445,2.1951716645456445,0.5,-0.0055313541854893344,3.5,1.5,2.43163447950981,2.4261031253243206,0.0055313541854893344,0.002274747389913797,0.9977252526100862,0.561338814709353,rise_then_depress,5
20250702 plate37 B02,14,high-salinity,corrected_fc,0,3.0349820651557877,3.0349820651557877,0,4,0,6.965785162621229,1.8856678707079366,5.080117291913292,3.1944494212053556,2.694067906033772,1.1788314475863204,1.4421169899705497,2.5,0.17919222894200582,3.5,3.5,3.0349820651557877,3.0349820651557877,0,0,1,0.7432905284076166,monotonic_increase,5
20250702 plate37 B03,77,low-salinity,corrected_fc,0,3.438266810119856,3.438266810119856,0,4,0,5.123894520933329,1.018553535170474,4.105340985762855,3.0867874505923814,4.030559851795861,0.651283264928735,1.419329499658668,3.5,0.08325727555474316,1.5,2.5,3.438266810119856,3.438266810119856,0,0,1,1.0002518919041405,monotonic_increase,5
20250702 plate37 B04,82,low-salinity,corrected_fc,0,6.95166998228502,6.95166998228502,0,4,0,11.779184164554113,1.4637115939039431,10.315472570650172,8.85176097674623,7.047476165121591,0.987324424989163,5.41047607276332,2.5,-0.034550087159602505,1.5,2.5,6.95166998228502,6.95166998228502,0,0,1,1.0889872420655915,rise_then_depress,5
20250702 plate37 B05,2,high-salinity,corrected_fc,0,3.0722271371054304,3.0722271371054304,0,4,0,5.870361523593521,1.158959151286184,4.711402372307337,3.5524432210211527,4.065201406864719,0.7168602810704359,1.8489921931073772,2.5,0.1673374593610606,1.5,2.5,3.0722271371054304,3.0722271371054304,0,0,1,0.907821526780394,monotonic_increase,5
20250702 plate37 B06,72,low-salinity,corrected_fc,0,2.1000777850104924,2.1000777850104924,0,4,0,4.5748745115519185,1.0814971446640693,3.4933773668878496,2.4118802222237803,3.230130920015466,0.7029331741412381,1.30764656281411,2.5,0.0353032811507199,3.5,3.5,2.1000777850104924,2.1000777850104924,0,0,1,0.8210987098412411,monotonic_increase,5
20250702 plate37 C02,14,high-salinity,corrected_fc,0,6.0343564714485085,6.0343564714485085,0,4,0,9.863913226697484,1.171702489051523,8.692210737645961,7.520508248594439,7.4184452272369805,0.8162361601128177,4.6086335151055895,2.5,-0.10530350223540685,1.5,2.5,6.0343564714485085,6.0343564714485085,0,0,1,1.1098151083117846,rise_then_depress,5
20250702 plate37 C05,2,high-salinity,corrected_fc,0,2.1581736653008035,2.1581736653008035,0,4,0,3.7007043740333705,0.6015324552026768,3.0991719188306934,2.4976394636280164,5.152127523670317,0.4291851395609587,1.5030431392551373,2.5,-0.08449050827752247,1.5,2.5,2.1581736653008035,2.1581736653008035,0,0,1,1.0203322646659914,rise_then_depress,5
20250702 plate37 C06,72,low-salinity,corrected_fc,0,4.136224799859572,4.136224799859572,0,4,0,6.271392529694426,0.7853311358285113,5.4860613938659135,4.700730258037402,6.985666483321344,0.5474266503937558,2.7042355376318614,2.5,-0.07161767952424469,1.5,2.5,4.136224799859572,4.136224799859572,0,0,1,1.115143500297301,rise_then_depress,5
20250702 plate37 D02,14,high-salinity,corrected_fc,0,2.76223335808705,2.76223335808705,0,4,0,5.302593733487936,0.9481887885776998,4.354404944910236,3.406216156332536,4.592339624097351,0.6737141318975408,2.149864295826234,2.5,-0.12476481853722277,1.5,2.5,2.76223335808705,2.76223335808705,0,0,1,0.9706681465985315,rise_then_depress,5
20250702 plate37 D03,77,low-salinity,corrected_fc,0,6.123402974405624,6.123402974405624,0,4,0,10.630936492493792,1.155788035085122,9.475148457408668,8.319360422323546,8.197998395710021,0.6993995870704978,5.044281626161984,2.5,0.16634445221439176,3.5,3.5,6.123402974405624,6.123402974405624,0,0,1,1.1076936215308084,monotonic_increase,5
20250702 plate37 D05,2,high-salinity,corrected_fc,0,4.904882184402544,4.904882184402544,0,4,0,6.5191518167574785,0.5309039850553955,5.988247831702083,5.457343846646687,11.279342405156854,0.3759146841493067,3.0708388367825448,2.5,-0.06593608233712894,1.5,2.5,4.904882184402544,4.904882184402544,0,0,1,1.2345273435229793,rise_then_depress,5
20250702 plate37 D06,72,low-salinity,corrected_fc,0,2.194216813552103,2.194216813552103,0,4,0,4.22804295672176,0.7470332394260162,3.481009717295744,2.733976477869728,4.659778887443324,0.5255531193520961,1.7194609502979321,2.5,-0.08259287920425606,1.5,2.5,2.194216813552103,2.194216813552103,0,0,1,0.9725657003023005,rise_then_depress,5
20250702 plate38 A02,25,high-salinity,corrected_fc,0,2.1556634257401988,2.1556634257401988,0,4,0,7.237603639523051,2.9832739937399415,4.25432964578311,1.2710556520431684,1.4260606483716658,1.956987056001036,1.956987056001036,0.5,0.005452430566093902,3.5,1.5,2.1556634257401988,2.1556634257401988,0,0,1,0.5611580209483512,monotonic_increase,5
20250702 plate38 A03,79,low-salinity,corrected_fc,0,3.092612039642209,3.092612039642209,0,4,0,9.091872197554931,3.367606783089557,5.724265414465373,2.356658631375816,1.6998021987631635,2.142066576170357,2.142066576170357,0.5,0.14019285191714026,3.5,1.5,3.092612039642209,3.092612039642209,0,0,1,0.5871824754687718,monotonic_increase,5
20250702 plate38 A04,54,low-salinity,corrected_fc,0,9.219922205946654,9.251697017496149,0,3,0,24.56639700219794,7.92093279904349,16.64546420315445,8.72453140411096,2.1014525214965225,5.137126716358513,5.137126716358513,0.5,-0.031774811549494686,3.5,1.5,9.251697017496149,9.219922205946654,0.031774811549494686,0.003434484666910777,0.9965655153330892,0.6510840122819934,rise_then_depress,5
20250702 plate38 A05,55,low-salinity,corrected_fc,0,2.4046004449659337,2.4046004449659337,0,4,0,6.243015069939403,2.30901563517416,3.933999434765244,1.6249837995910839,1.703756083257755,1.5127929169299477,1.5127929169299477,0.5,0.0796525195584763,1.5,1.5,2.4046004449659337,2.4046004449659337,0,0,1,0.6068321203235251,monotonic_increase,5
20250702 plate38 A06,71,low-salinity,corrected_fc,0,2.490031867785584,2.490031867785584,0,4,0,6.842282856336756,2.5300834990537155,4.312199357283041,1.7821158582293255,1.7043703731105555,1.615224103388233,1.615224103388233,0.5,0.21449468794273185,1.5,1.5,2.490031867785584,2.490031867785584,0,0,1,0.5953154955225725,monotonic_increase,5
20250702 plate38 B02,25,high-salinity,corrected_fc,0,3.859569010561227,3.859569010561227,0,4,0,7.7363846223663515,2.0945019090726875,5.641882713293664,3.5473808042209765,2.693663199281366,1.3945590093488802,1.612269508841628,2.5,0.005326790098734824,1.5,2.5,3.859569010561227,3.859569010561227,0,0,1,0.7839154562614038,monotonic_increase,5
20250702 plate38 B03,79,low-salinity,corrected_fc,0,2.981416471231769,2.981416471231769,0,4,0,4.3682933728236355,0.2671270728860286,4.101166299937607,3.8340392270515786,15.352866542611332,0.1231971137332734,2.1786681868634568,2.5,0.1231971137332734,0.5,2.5,2.981416471231769,2.981416471231769,0,0,1,1.222242637296573,monotonic_increase,5
20250702 plate38 B04,54,low-salinity,corrected_fc,0,7.119993534872878,7.119993534872878,0,4,0,12.38688520098876,1.7409508091342567,10.645934391854503,8.904983582720247,6.1150115994078735,0.9167949179536236,4.613469950876165,2.5,0.7315168644076427,1.5,2.5,7.119993534872878,7.119993534872878,0,0,1,1.0232326790945652,monotonic_increase,5
20250702 plate38 B05,55,low-salinity,corrected_fc,0,4.3437277952408255,4.3437277952408255,0,4,0,7.432081202482446,1.2276222118985687,6.204458990583877,4.976836778685309,5.054045886794785,0.8380776792924292,2.863961495145046,2.5,-0.058988614080150215,1.5,2.5,4.3437277952408255,4.3437277952408255,0,0,1,1.0082419862394538,rise_then_depress,5
20250702 plate38 B06,71,low-salinity,corrected_fc,0,2.1195010086168224,2.1195010086168224,0,4,0,4.565692406029621,1.0503344173089135,3.515357988720708,2.4650235714117943,3.3468940280253685,0.7060131003752128,1.4226435336111949,2.5,-0.0173704665078116,1.5,2.5,2.1195010086168224,2.1195010086168224,0,0,1,0.8424314696307448,rise_then_depress,5
20250702 plate38 C02,25,high-salinity,corrected_fc,0,1.9675128849699155,1.9675128849699155,0,4,0,3.8018154915666296,0.7460351610314013,3.055780330535228,2.3097451695038265,4.096027225192148,0.5163093776286936,1.3828465378421468,2.5,-0.056857810823277954,1.5,2.5,1.9675128849699155,1.9675128849699155,0,0,1,0.9290123130942777,rise_then_depress,5
20250702 plate38 C03,79,low-salinity,corrected_fc,0,0.2836936909497056,0.2836936909497056,0,4,0,0.4339408717121993,0.026900843055174813,0.4070400286570245,0.38013918560184967,15.13112536369836,0.012610784758462045,0.22232300829203336,2.5,0.012610784758462045,0.5,2.5,0.2836936909497056,0.2836936909497056,0,0,1,1.213429010269741,monotonic_increase,5
20250702 plate38 C04,54,low-salinity,corrected_fc,0,7.356130218580509,7.356130218580509,0,4,0,10.289790141170585,0.558876693674409,9.730913447496174,9.172036753821766,17.411557070879077,0.2894953325358591,5.244704254790271,2.5,0.24926738974124069,1.5,2.5,7.356130218580509,7.356130218580509,0,0,1,1.251789762391842,monotonic_increase,5
20250702 plate38 C05,55,low-salinity,corrected_fc,0,3.566212564463849,3.566212564463849,0,4,0,5.429022433320327,0.714441050723126,4.714581382597201,4.000140331874075,6.5989788490251335,0.49083027809450375,2.2606427824794095,2.5,-0.043608732837259245,1.5,2.5,3.566212564463849,3.566212564463849,0,0,1,1.1009988918736053,rise_then_depress,5
20250702 plate38 C06,71,low-salinity,corrected_fc,0,2.1497686334275063,2.1497686334275063,0,4,0,4.046794676882877,0.6250234181319986,3.421771258750879,2.7967478406188806,5.474628885070408,0.41269720477623695,1.709908301969841,2.5,0.011955221935286364,1.5,2.5,2.1497686334275063,2.1497686334275063,0,0,1,1.010090592150481,monotonic_increase,5
20250702 plate38 D02,25,high-salinity,corrected_fc,0,4.802140170974846,4.802140170974846,0,4,0,7.605271144469907,0.6048240292351823,7.000447115234724,6.395623085999542,11.574353492679506,0.3787728790400501,3.9212235791619046,2.5,0.07332942135021442,1.5,2.5,4.802140170974846,4.802140170974846,0,0,1,1.1853401949970865,monotonic_increase,5
20250702 plate38 D03,79,low-salinity,corrected_fc,0,3.480218444148642,3.480218444148642,0,4,0,6.180199714404131,0.9499492741839688,5.230250440220162,4.280301166036193,5.505820765759397,0.6027264308665373,2.4484726881935477,2.5,0.09171925576832551,1.5,2.5,3.480218444148642,3.480218444148642,0,0,1,1.0124818507697244,monotonic_increase,5
20250702 plate38 D04,54,low-salinity,corrected_fc,0,6.130855114419283,6.130855114419283,0,4,0,10.725525498199929,1.2163228973239975,9.50920260087593,8.292879703551932,7.817991934376058,0.6377994574286876,4.708204723980359,2.5,0.26560351064830456,3.5,3.5,6.130855114419283,6.130855114419283,0,0,1,1.0830678957052158,monotonic_increase,5
20250702 plate38 D05,55,low-salinity,corrected_fc,0,1.82225403340705,1.82225403340705,0,4,0,3.360145847846998,0.4986128863284437,2.861532961518554,2.3629200751901105,5.738987178188611,0.3011542073550861,1.3580299078949567,2.5,0.06930676756537824,3.5,3.5,1.82225403340705,1.82225403340705,0,0,1,1.0123136171026763,monotonic_increase,5
20250702 plate38 D06,71,low-salinity,corrected_fc,0,1.684640216639513,1.684640216639513,0,4,0,3.218967192035742,0.5502058345603402,2.668761357475402,2.118555522915062,4.850478111719703,0.3353627449709698,1.1819119803875344,2.5,0.07304205707323752,3.5,3.5,1.684640216639513,1.684640216639513,0,0,1,0.9602765469393848,monotonic_increase,5
20250702 plate39 A02,14,high-salinity,corrected_fc,0,4.498414198714968,4.498414198714968,0,4,0,6.576727141678773,0.8430939042972934,5.733633237381479,4.8905393330841855,6.800705364084419,0.2908394796256818,1.8276628640091612,2.5,0.2908394796256818,0.5,2.5,4.498414198714968,4.498414198714968,0,0,1,1.0807795631526684,monotonic_increase,5
20250702 plate39 A03,49,low-salinity,corrected_fc,0,2.189075575421119,2.189075575421119,0,4,0,6.674378562602781,2.6037792607471264,4.070599301855655,1.4668200411085284,1.5633427008277345,1.6666809721089813,1.6666809721089813,0.5,0.15011234991416877,3.5,1.5,2.189075575421119,2.189075575421119,0,0,1,0.5728179590577686,monotonic_increase,5
20250702 plate39 A04,2,high-salinity,corrected_fc,0,1.5103728684316855,1.5103728684316855,0,4,0,4.526989466671638,1.7257005033248771,2.8012889633467606,1.0755884600218835,1.623276436409195,1.103682456070494,1.103682456070494,0.5,0.08628838655515048,3.5,1.5,1.5103728684316855,1.5103728684316855,0,0,1,0.5786356704463437,monotonic_increase,5
20250702 plate39 A05,24,high-salinity,corrected_fc,0,1.9787659931585244,1.9787659931585244,0,4,0,5.830418268983186,2.18857929603241,3.641838972950776,1.4532596769183659,1.664019658576193,1.4341909622279232,1.4341909622279232,0.5,0.0745857053810508,1.5,1.5,1.9787659931585244,1.9787659931585244,0,0,1,0.5853288497509233,monotonic_increase,5
20250702 plate39 A06,85,low-salinity,corrected_fc,0,3.1363258556517946,3.1363258556517946,0,4,0,8.05925798280535,2.557704812125716,5.501553170679634,2.943848358553918,2.1509726785505308,1.5571771890318438,1.5571771890318438,0.5,0.20346323589193016,3.5,1.5,3.1363258556517946,3.1363258556517946,0,0,1,0.6533185912787396,monotonic_increase,5
20250702 plate39 B02,14,high-salinity,corrected_fc,0,3.878257090417157,3.878257090417157,0,4,0,8.60459963394665,2.270543430324936,6.334056203621714,4.063512773296777,2.7896652929097465,1.4681311953422205,1.9876909534649891,2.5,0.13669327462321057,1.5,2.5,3.878257090417157,3.878257090417157,0,0,1,0.7662608602556981,monotonic_increase,5
20250702 plate39 B03,49,low-salinity,corrected_fc,0,6.795485416541327,6.795485416541327,0,4,0,11.850818927363985,1.8566598649963912,9.994159062367594,8.137499197371202,5.382870201907994,0.8431998757838269,3.5560363864592364,2.5,0.8431998757838269,0.5,2.5,6.795485416541327,6.795485416541327,0,0,1,0.9790936983447233,monotonic_increase,5
20250702 plate39 B04,2,high-salinity,corrected_fc,0,0.20477032360092207,0.20477032360092207,0,4,0,0.35171055369633103,0.04461294471571496,0.30709760898061605,0.2624846642649011,6.88359871641561,0.018768506201143544,0.12717913163644082,2.5,0.018768506201143544,0.5,3.5,0.20477032360092207,0.20477032360092207,0,0,1,1.0403410868762604,monotonic_increase,5
20250702 plate39 B05,24,high-salinity,corrected_fc,0,0.4213381442078077,0.4213381442078077,0,4,0,0.7235012511151482,0.09779867711785874,0.6257025739972895,0.5279038968794307,6.3978633703117005,0.037113722532679,0.23297863813784644,2.5,0.037113722532679,0.5,3.5,0.4213381442078077,0.4213381442078077,0,0,1,1.0178672212724846,monotonic_increase,5
20250702 plate39 B06,85,low-salinity,corrected_fc,0,2.022654519951672,2.022654519951672,0,4,0,4.607276524404403,1.1768446297657427,3.4304318946386605,2.253587264872918,2.914940348006267,0.7238681574285571,1.0601752176512682,2.5,0.056526357626033086,3.5,3.5,2.022654519951672,2.022654519951672,0,0,1,0.7691061820942676,monotonic_increase,5
20250702 plate39 C02,14,high-salinity,corrected_fc,0,5.017499337869931,5.017499337869931,0,4,0,7.170058661606428,0.9210906053792556,6.248968056227173,5.327877450847917,6.784314181181105,0.5356163084683768,2.583795496559571,2.5,0.2353322853533808,1.5,2.5,5.017499337869931,5.017499337869931,0,0,1,1.113223560642077,monotonic_increase,5
20250702 plate39 C03,49,low-salinity,corrected_fc,0,2.0027691639092047,2.0027691639092047,0,4,0,4.183226338953243,0.9203202434733027,3.2629060954799396,2.342585852006637,3.5454029384007484,0.5506668576322098,1.1525613560020593,2.5,0.11090103622495984,3.5,3.5,2.0027691639092047,2.0027691639092047,0,0,1,0.8440528065971123,monotonic_increase,5
20250702 plate39 C04,2,high-salinity,corrected_fc,0,1.7728306795731752,1.7728306795731752,0,4,0,3.5018939043351316,0.7548745836590686,2.747019320676063,1.9921447370169942,3.6390406832358346,0.4554810449486257,0.9624233647581468,2.5,0.14330603247225998,1.5,2.5,1.7728306795731752,1.7728306795731752,0,0,1,0.8630207961886517,monotonic_increase,5
20250702 plate39 C05,24,high-salinity,corrected_fc,0,3.30925853653074,3.30925853653074,0,4,0,5.919091169554813,1.0707581419378964,4.848333027616916,3.7775748856790194,4.527944115224965,0.6030556138781428,1.7905961751722845,2.5,0.33234944224136465,1.5,2.5,3.30925853653074,3.30925853653074,0,0,1,0.9422681441612766,monotonic_increase,5
20250702 plate39 D02,14,high-salinity,corrected_fc,0,6.436158315673284,6.436158315673284,0,4,0,12.354058146854195,1.770716618274031,10.583341528580164,8.812624910306132,5.976869149675714,0.7072882101414112,4.174977146345661,2.5,0.13432435306238233,3.5,3.5,6.436158315673284,6.436158315673284,0,0,1,0.9852528065074301,monotonic_increase,5
20250702 plate39 D03,49,low-salinity,corrected_fc,0,7.916301210929824,7.916301210929824,0,4,0,12.699228284014321,1.3096613278371898,11.389566956177132,10.079905628339942,8.696574231894113,0.7044089458514845,5.615659204755104,2.5,0.5060958181199259,1.5,2.5,7.916301210929824,7.916301210929824,0,0,1,1.1204343976119844,monotonic_increase,5
20250702 plate39 D04,2,high-salinity,corrected_fc,0,6.982485025761001,6.982485025761001,0,4,0,12.020960516918931,1.2859528454285836,10.735007671490347,9.449054826061763,8.3479014877194615,0.4393075443925783,4.703829255501831,2.5,0.4393075443925783,0.5,3.5,6.982485025761001,6.982485025761001,0,0,1,1.0764556669907295,monotonic_increase,5
20250702 plate39 D05,24,high-salinity,corrected_fc,0,2.573390808947498,2.573390808947498,0,4,0,4.525231445786041,0.7946529449155636,3.730578500870477,2.9359255559549133,4.694600988695602,0.44664686207549226,1.3998648478765137,2.5,0.24936530360465053,1.5,2.5,2.573390808947498,2.573390808947498,0,0,1,0.9563722397302028,monotonic_increase,5
20250702 plate39 D06,85,low-salinity,corrected_fc,0,1.0541195464909558,1.0541195464909558,0,4,0,1.4656541952960462,0.23013057343274596,1.2355236218633003,1.0053930484305544,5.368793913097225,0.107393985027286,0.4683922862785934,3.5,0.107393985027286,0.5,2.5,1.0541195464909558,1.0541195464909558,0,0,1,1.0732651584624726,monotonic_increase,5
20250702 plate40 A02,34,high-salinity,corrected_fc,0,0.2134959893824829,0.2134959893824829,0,4,0,0.5220742205032,0.17082238413382142,0.3512518363693785,0.1804294522355571,2.056240100795043,0.10037056207414718,0.10037056207414718,0.5,0.03314837549911437,2.5,1.5,0.2134959893824829,0.2134959893824829,0,0,1,0.649866719580482,monotonic_increase,5
20250702 plate40 A03,37,high-salinity,corrected_fc,0,3.0796927982542828,3.0796927982542828,0,4,0,8.53015835284987,3.247757870302012,5.2824004825478585,2.0346426122458467,1.6264760778046066,2.0822097876311125,2.0822097876311125,0.5,0.24590983540801803,2.5,1.5,3.0796927982542828,3.0796927982542828,0,0,1,0.5882330959295359,monotonic_increase,5
20250702 plate40 A05,61,low-salinity,corrected_fc,0,1.480654689163469,1.480654689163469,0,4,0,5.06597775098705,2.1322796243413444,2.933698126645705,0.8014185023043607,1.3758505653553375,1.4103261374750458,1.4103261374750458,0.5,0.009237393965796592,3.5,1.5,1.480654689163469,1.480654689163469,0,0,1,0.5595141557176808,monotonic_increase,5
20250702 plate40 A06,57,low-salinity,corrected_fc,0,5.423346024913532,5.423346024913532,0,4,0,13.108441928094834,3.500262471139864,9.60817945695497,6.1079169858151054,2.744988279072128,1.7585606063006465,1.7585606063006465,0.5,0.26854144525454604,3.5,3.5,5.423346024913532,5.423346024913532,0,0,1,0.7268560424987124,monotonic_increase,5
20250702 plate40 B02,34,high-salinity,corrected_fc,0,0.4678267031959057,0.4678267031959057,0,4,0,0.6083769638311729,0.07421071976432804,0.5341662440668449,0.45995552430251685,7.197966085805442,0.01929931457389802,0.2224852159174436,3.5,0.01929931457389802,0.5,3.5,0.4678267031959057,0.4678267031959057,0,0,1,1.1479947873747869,monotonic_increase,5
20250702 plate40 B03,37,high-salinity,corrected_fc,0,2.0487733325492394,2.0487733325492394,0,4,0,3.112661383599737,0.853116235686632,2.259545147913105,1.406428912226473,2.6485782984712585,0.5269894121053812,1.139741674492005,3.5,0.12526423505712048,1.5,3.5,2.0487733325492394,2.0487733325492394,0,0,1,0.9172423328567472,monotonic_increase,5
20250702 plate40 B04,47,low-salinity,corrected_fc,0,4.964251794524008,4.964251794524008,0,4,0,11.155325358262308,2.7920272599004576,8.36329809836185,5.571270838461393,2.9954213622756756,1.6667834448812746,2.505440756042297,2.5,0.20832340844334496,3.5,3.5,4.964251794524008,4.964251794524008,0,0,1,0.7757977063702468,monotonic_increase,5
20250702 plate40 B05,61,low-salinity,corrected_fc,0,3.1204498951041764,3.1204498951041764,0,4,0,4.047785597986795,0.20452940406778333,3.8432561939190117,3.6387267898512285,18.790726993197094,0.07976797750508828,1.9087469666788381,2.5,0.07976797750508828,0.5,2.5,3.1204498951041764,3.1204498951041764,0,0,1,1.2745257603929436,monotonic_increase,5
20250702 plate40 B06,57,low-salinity,corrected_fc,0,4.355713698727863,4.355713698727863,0,4,0,8.776057702945572,1.8867998176435825,6.889257885301989,5.002458067658406,3.6512924269337477,1.0366695109945658,2.161010115991009,2.5,0.49444296943882105,3.5,3.5,4.355713698727863,4.355713698727863,0,0,1,0.8493542713255144,monotonic_increase,5
20250702 plate40 C02,34,high-salinity,corrected_fc,0,2.7129291774842303,2.7129291774842303,0,4,0,4.958167497192818,1.0116227928992427,3.9465447042935753,2.9349219113943326,3.9012018432117808,0.5807667960850718,1.2975121251089472,2.5,0.2809451975432704,1.5,2.5,2.7129291774842303,2.7129291774842303,0,0,1,0.8964585219895527,monotonic_increase,5
20250702 plate40 C03,37,high-salinity,corrected_fc,0,2.821434547350143,2.821434547350143,0,4,0,5.028392637754568,0.9610488048019055,4.0673438329526626,3.106295028150757,4.232192800854725,0.5480736709842902,1.4177011578247445,2.5,0.27787659665094044,1.5,2.5,2.821434547350143,2.821434547350143,0,0,1,0.9256882137760697,monotonic_increase,5
20250702 plate40 C04,47,low-salinity,corrected_fc,0,2.528817198934666,2.528817198934666,0,4,0,3.095887653215659,0.31673190408759294,2.779155749128066,2.462423845040473,8.77447365819985,0.1658004821941554,1.1650014711673706,3.5,0.13606236159271964,1.5,2.5,2.528817198934666,2.528817198934666,0,0,1,1.2258395097648827,monotonic_increase,5
20250702 plate40 C05,61,low-salinity,corrected_fc,0,1.954433054960604,1.954433054960604,0,4,0,4.343441670809058,1.0332391704148065,3.3102025003942526,2.276963329979446,3.2037137142848846,0.6051960147054013,1.0488565057857349,2.5,0.04949023775605865,3.5,3.5,1.954433054960604,1.954433054960604,0,0,1,0.798203916773373,monotonic_increase,5
20250702 plate40 C06,57,low-salinity,corrected_fc,0,1.7553624818529383,1.7553624818529383,0,4,0,3.8489281763899683,0.8756624108868416,2.973265765503127,2.0976033546162856,3.395447524682375,0.5032059103639693,0.9782150230080411,2.5,0.03223445779915268,3.5,3.5,1.7553624818529383,1.7553624818529383,0,0,1,0.8177615034483167,monotonic_increase,5
20250702 plate40 D02,34,high-salinity,corrected_fc,0,4.937319663238582,4.937319663238582,0,4,0,10.07304800301403,1.7532673641004477,8.319780638913583,6.566513274813135,4.745300579516707,0.7777243200826661,2.9244916752409473,2.5,0.06174189996207158,3.5,3.5,4.937319663238582,4.937319663238582,0,0,1,0.915663205840389,monotonic_increase,5
20250702 plate40 D03,37,high-salinity,corrected_fc,0,5.63382605898838,5.63382605898838,0,4,0,10.128453755613442,1.3195864535778303,8.808867302035612,7.489280848457781,6.675475697823278,0.577336408622831,3.765204137676422,2.5,0.3841218314019592,3.5,3.5,5.63382605898838,5.63382605898838,0,0,1,1.0277129877332178,monotonic_increase,5
20250702 plate40 D04,47,low-salinity,corrected_fc,0,9.17784068274995,9.17784068274995,0,4,0,17.936277157353704,3.0339397317961914,14.902337425557512,11.86839769376132,4.9118765509342674,1.350048019346153,5.261741946832421,2.5,0.5483153110174523,3.5,3.5,9.17784068274995,9.17784068274995,0,0,1,0.931159946321729,monotonic_increase,5
20250702 plate40 D05,61,low-salinity,corrected_fc,0,3.650825673420412,3.650825673420412,0,4,0,5.1934594052432566,0.7239638728308525,4.469495532412404,3.7455316595815518,6.173644431918581,0.33823408256819304,1.4868933249142198,2.5,0.33823408256819304,0.5,2.5,3.650825673420412,3.650825673420412,0,0,1,1.0853535143572635,monotonic_increase,5
20250702 plate40 D06,57,low-salinity,corrected_fc,0,9.599897664668548,9.599897664668548,0,4,0,20.960605480848308,3.9789974104707144,16.981608070377593,13.002610659906878,4.267810787132096,1.2423583058060474,4.2309199035232865,1.5,0.15487753128989645,3.5,3.5,9.599897664668548,9.599897664668548,0,0,1,0.8688087901644542,monotonic_increase,5
20250702 plate41 A02,84,low-salinity,corrected_fc,0,0.5479246209189362,0.5479246209189362,0,4,0,1.23626669530901,0.3053854566312122,0.9308812386777978,0.6254957820465856,3.0482173216321273,0.15031042282513662,0.19169382680010305,2.5,0.046080726506682046,3.5,3.5,0.5479246209189362,0.5479246209189362,0,0,1,0.7670255445611964,monotonic_increase,5
20250702 plate41 A03,42,high-salinity,corrected_fc,0,1.526809458200464,1.526809458200464,0,4,0,4.448277175095027,1.6065505422944923,2.8417266328005346,1.2351760905060423,1.7688373680058336,1.0331954019946312,1.0331954019946312,0.5,0.021842694800022544,3.5,1.5,1.526809458200464,1.526809458200464,0,0,1,0.5964755467216002,monotonic_increase,5
20250702 plate41 A04,60,low-salinity,corrected_fc,0,2.5868349396250947,2.60390047873946,0,3,0,8.685858436109905,3.538740031438153,5.147118404671751,1.608378373233598,1.454505942495004,2.288939575318409,2.288939575318409,0.5,-0.017065539114365258,3.5,1.5,2.60390047873946,2.5868349396250947,0.017065539114365258,0.00655383692798683,0.9934461630720132,0.5625297718802811,rise_then_depress,5
20250702 plate41 A05,61,low-salinity,corrected_fc,0,1.884958390850907,1.884958390850907,0,4,0,6.093449009227241,2.4847616916153843,3.6086873176118566,1.1239256259964723,1.4523273317473717,1.617599825962272,1.617599825962272,0.5,0.06472252522706667,2.5,1.5,1.884958390850907,1.884958390850907,0,0,1,0.5632998072617305,monotonic_increase,5
20250702 plate41 A06,88,low-salinity,corrected_fc,0,3.1809419922556845,3.1809419922556845,0,4,0,8.503020755449228,2.8726017491041027,5.630419006345124,2.7578172572410216,1.9600416271072454,1.875376375011797,1.875376375011797,0.5,0.11907437317281455,1.5,1.5,3.1809419922556845,3.1809419922556845,0,0,1,0.6312651722703192,monotonic_increase,5
20250702 plate41 B02,84,low-salinity,corrected_fc,0,6.438962142375685,6.438962142375685,0,4,0,12.572007602670643,2.288445580243715,10.283562022426928,7.995116442183212,4.493688690351879,1.2825101462195276,4.046274649166524,2.5,0.3808166251607856,3.5,3.5,6.438962142375685,6.438962142375685,0,0,1,0.9228391922677741,monotonic_increase,5
20250702 plate41 B03,42,high-salinity,corrected_fc,0,0.9378414293219502,0.9378414293219502,0,4,0,1.4699578958072022,0.14921732496070594,1.320740570846496,1.17152324588579,8.851120814518639,0.0733540904694763,0.6242301527118321,2.5,0.0733540904694763,0.5,2.5,0.9378414293219502,0.9378414293219502,0,0,1,1.1227505070897572,monotonic_increase,5
20250702 plate41 B04,60,low-salinity,corrected_fc,0,0.21146278693081483,0.21146278693081483,0,4,0,0.37863731964071434,0.05201502845026165,0.32662229119045266,0.274607262740191,6.2793831114170935,0.03065536105907039,0.1568118955514715,2.5,0.011931556596960824,3.5,3.5,0.21146278693081483,0.21146278693081483,0,0,1,1.0370514876494201,monotonic_increase,5
20250702 plate41 B05,61,low-salinity,corrected_fc,0,2.541296836630679,2.541296836630679,0,4,0,4.91561674123178,0.9570543231268316,3.9585624181049486,3.001508094978117,4.136194072215009,0.6760229037823449,1.8448197417561487,2.5,-0.11396006509337142,1.5,2.5,2.541296836630679,2.541296836630679,0,0,1,0.9364993969395247,rise_then_depress,5
20250702 plate41 B06,88,low-salinity,corrected_fc,0,0.8371727117900717,0.8371727117900717,0,4,0,1.8425514390859492,0.465067919361526,1.377483519724423,0.912415600362897,2.961897525882924,0.3302435440590284,0.5544240379218945,2.5,-0.06059479345403318,1.5,2.5,0.8371727117900717,0.8371727117900717,0,0,1,0.8118550000230716,rise_then_depress,5
20250702 plate41 C02,84,low-salinity,corrected_fc,0,0.24920102492436905,0.24920102492436905,0,4,0,0.36151550136598354,0.007893181411492993,0.35362231995449056,0.3457291385429976,44.800987272330154,4.726482427012643e-5,0.20548405773063746,2.5,4.726482427012643e-5,0.5,2.5,0.24920102492436905,0.24920102492436905,0,0,1,1.3010830380228366,monotonic_increase,5
20250702 plate41 C03,42,high-salinity,corrected_fc,0,4.196374913459144,4.196374913459144,0,4,0,5.585668446965445,0.5081347643195844,5.077533682645861,4.569398918326276,9.992494194812492,0.3066436522540489,2.374872889719682,2.5,0.09633857187702222,1.5,2.5,4.196374913459144,4.196374913459144,0,0,1,1.207516333295867,monotonic_increase,5
20250702 plate41 C04,60,low-salinity,corrected_fc,0,0.16264370852362714,0.16264370852362714,-0.01278020864201956,4,1,0.18905208971371207,-0.017375838013906755,0.2064279277276188,0.22380376574152555,-11.88017104915482,-0.01278020864201956,0.13889296158146683,2.5,-0.01278020864201956,0.5,2.5,0.16264370852362714,0.16264370852362714,0,0,1,1.5719760786607229,depress_then_recover,5
20250702 plate41 C05,61,low-salinity,corrected_fc,0,1.945819162968246,1.945819162968246,0,4,0,3.867532296336041,0.7925494836916118,3.074982812644429,2.282433328952817,3.879862236893378,0.593116610186098,1.5037746106437646,2.5,-0.19425086317507023,1.5,2.5,1.945819162968246,1.945819162968246,0,0,1,0.9283978197801371,rise_then_depress,5
20250702 plate41 C06,88,low-salinity,corrected_fc,0,2.743652106185525,2.743652106185525,0,4,0,4.379039923793568,0.4630298359688116,3.9160100878247572,3.4529802518559456,8.457360160455252,0.3519563955624492,2.2109637135129074,2.5,-0.12980951474972433,1.5,2.5,2.743652106185525,2.743652106185525,0,0,1,1.1506778454550899,rise_then_depress,5
20250702 plate41 D02,84,low-salinity,corrected_fc,0,1.8535576894956187,1.8535576894956187,0,4,0,3.527913644221705,0.6005421743586346,2.9273714698630706,2.326829295504436,4.87454769182437,0.4353613164648073,1.5050500514337797,2.5,-0.10499960067715292,1.5,2.5,1.8535576894956187,1.8535576894956187,0,0,1,0.9935459827089582,rise_then_depress,5
20250702 plate41 D03,42,high-salinity,corrected_fc,0,0.5244898407730255,0.5244898407730255,0,4,0,0.8109892854459185,0.05574832139133062,0.7552409640545878,0.6994926426632573,13.547331026401718,0.04089397706039767,0.44843301067527624,2.5,-0.011185288398531786,1.5,2.5,0.5244898407730255,0.5244898407730255,0,0,1,1.2235437937365985,rise_then_depress,5
20250702 plate41 D04,60,low-salinity,corrected_fc,0,0.16386730720878398,0.16386730720878398,-9.002354571732338e-5,4,1,0.23176166181167007,0.004375660867984988,0.22738600094368505,0.22301034007570006,51.966093306586025,-9.002354571732338e-5,0.13205529409818614,2.5,-9.002354571732338e-5,0.5,2.5,0.16386730720878398,0.16386730720878398,0,0,1,1.3126391480873056,depress_then_recover,5
20250702 plate41 D05,61,low-salinity,corrected_fc,0,0.3636481705357418,0.3636481705357418,0,4,0,0.5653067676845343,0.03762719322476054,0.5276795744597736,0.4900523812350131,14.02388882178261,0.018314722243440117,0.2879180762479416,2.5,0.018314722243440117,0.5,2.5,0.3636481705357418,0.3636481705357418,0,0,1,1.202080897148595,monotonic_increase,5
20250702 plate41 D06,88,low-salinity,corrected_fc,0,0.53079814226078,0.53079814226078,0,4,0,0.9652512529558405,0.15371950011337962,0.8115317528424608,0.6578122527290812,5.279302575430544,0.10851858819610284,0.4105299459602406,2.5,-0.018116764361549298,1.5,2.5,0.53079814226078,0.53079814226078,0,0,1,1.0151704991532322,rise_then_depress,5
20250702 plate42 A02,83,low-salinity,corrected_fc,0,1.6543837890822222,1.6578330418648488,0,3,0,5.366524885877861,2.0988684368765003,3.26765644900136,1.16878801212486,1.5568657813846731,1.3162369242810996,1.3162369242810996,0.5,-0.003449252782626644,3.5,1.5,1.6578330418648488,1.6543837890822222,0.003449252782626644,0.002080579102674102,0.9979194208973259,0.570183148922599,rise_then_depress,5
20250702 plate42 A04,76,low-salinity,corrected_fc,0,0.24386504254334423,0.24386504254334423,0,4,0,0.6526667542052434,0.19513332705817435,0.4575334271470691,0.2624001000888948,2.344722114078783,0.09364361427845937,0.1093358112809706,1.5,0.009753849447662166,3.5,2.5,0.24386504254334423,0.24386504254334423,0,0,1,0.6788998310633623,monotonic_increase,5
20250702 plate42 A05,31,high-salinity,corrected_fc,0,3.199472821945493,3.3673314300600348,0,3,0,7.744028570551626,2.0260940902367817,5.7179344803148435,3.691840390078062,2.822146566572637,1.27522745095472,1.8655981514959112,2.5,-0.16785860811454167,3.5,3.5,3.3673314300600348,3.199472821945493,0.16785860811454167,0.04984914957169779,0.9501508504283022,0.7565683176499858,rise_then_depress,5
20250702 plate42 A06,43,high-salinity,corrected_fc,0,0.6809423864160871,0.6820110305490015,0,3,0,2.281538549343004,0.9320517288370476,1.3494868205059563,0.4174350916689087,1.4478668712838036,0.6050471320881362,0.6050471320881362,0.5,-0.0010686441329144092,3.5,1.5,0.6820110305490015,0.6809423864160871,0.0010686441329144092,0.0015669015383140913,0.9984330984616859,0.5621775042635403,rise_then_depress,5
20250702 plate42 B02,83,low-salinity,corrected_fc,0,7.414019471547149,7.414019471547149,0,4,0,14.141865424619496,2.539152169399375,11.602713255220122,9.063561085820748,4.569522612724976,1.3739171180860288,4.399998365506509,2.5,0.6835510034139469,3.5,3.5,7.414019471547149,7.414019471547149,0,0,1,0.9277026984538354,monotonic_increase,5
20250702 plate42 B04,76,low-salinity,corrected_fc,0,3.339641296569649,3.339641296569649,0,4,0,6.083600051433109,1.4006797970195841,4.682920254413525,3.282240457393941,3.3433196254975677,1.0445808049041148,1.9448026297822927,2.5,-0.33238282067317604,1.5,2.5,3.339641296569649,3.339641296569649,0,0,1,0.8998354725650531,rise_then_depress,5
20250702 plate42 B05,31,high-salinity,corrected_fc,0,0.2224428482031184,0.2224428482031184,-0.003804590389714258,4,1,0.3171514783871563,0.0029433967881813223,0.31420808159897495,0.3112646848107936,106.75016119492305,-0.003804590389714258,0.18274269596372902,2.5,-0.003804590389714258,0.5,2.5,0.2224428482031184,0.2224428482031184,0,0,1,1.3242324113892687,depress_then_recover,5
20250702 plate42 B06,43,high-salinity,corrected_fc,0,1.9801083829852504,1.9801083829852504,0,4,0,4.278066836549208,1.0194278016655616,3.2586390348836467,2.239211233218085,3.1965373413983973,0.7111401473630997,1.3437218804836353,2.5,-0.0945648387581759,1.5,2.5,1.9801083829852504,1.9801083829852504,0,0,1,0.8353822313767906,rise_then_depress,5
20250702 plate42 C02,83,low-salinity,corrected_fc,0,0.11136903659946952,0.11136903659946952,-0.019678971751518014,4,1,0.11051219536182827,-0.027207969111143093,0.13772016447297136,0.16492813358411446,-5.061758336698777,-0.019678971751518014,0.10462263825211184,2.5,-0.019678971751518014,0.5,2.5,0.11136903659946952,0.11136903659946952,0,0,1,1.8736488216981408,depress_then_recover,5
20250702 plate42 C03,82,low-salinity,corrected_fc,0,3.5726693150028224,3.5726693150028224,-0.018975930405898733,4,1,3.567422633928734,-0.018266666094287738,3.585689300023022,3.6039559661173097,-196.2968656411977,-0.018975930405898733,1.7972268495867778,2.5,-0.018975930405898733,0.5,2.5,3.5726693150028224,3.5726693150028224,0,0,1,1.4962398083256974,depress_then_recover,5
20250702 plate42 C04,76,low-salinity,corrected_fc,0,8.086852233297046,8.086852233297046,0,4,0,12.8689116567027,1.1023321215310544,11.766579535171646,10.664247413640592,10.674259876260136,0.5769904102085163,6.147128284555508,2.5,0.4736930124365598,1.5,2.5,8.086852233297046,8.086852233297046,0,0,1,1.1586484664975087,monotonic_increase,5
20250702 plate42 C05,31,high-salinity,corrected_fc,0,0.5049174346537809,0.5049174346537809,0,4,0,0.7688432909930483,0.04042171881835076,0.7284215721746974,0.6879998533563466,18.020549186641876,0.02445711168965558,0.4280690334617214,2.5,0.007472102567734784,1.5,2.5,0.5049174346537809,0.5049174346537809,0,0,1,1.2470763742875017,monotonic_increase,5
20250702 plate42 C06,43,high-salinity,corrected_fc,0,1.53528193444429,1.5426686817681854,0,3,0,2.9816349263300106,0.5340256472172101,2.447609279112801,1.9135836318955906,4.583317846000864,0.39672601709473976,1.2680694215232446,2.5,-0.12212675684979901,1.5,2.5,1.5426686817681854,1.53528193444429,0.007386747323895326,0.0047882914920063975,0.9952117085079936,0.9795993232051045,rise_then_depress,5
20250702 plate42 D02,83,low-salinity,corrected_fc,0,0.5306013432759208,0.5306013432759208,0,4,0,0.7548914040106818,0.014224481233901107,0.7406669227767806,0.7264424415428795,52.069872397986245,5.29133785645176e-5,0.4328515475728104,2.5,5.29133785645176e-5,0.5,2.5,0.5306013432759208,0.5306013432759208,0,0,1,1.3125343684580892,monotonic_increase,5
20250702 plate42 D03,82,low-salinity,corrected_fc,0,4.145375270307617,4.145375270307617,0,4,0,6.996699978459671,0.7776590115243367,6.219040966935335,5.441381955410998,7.997130972281816,0.5517640544010733,3.4686684604117364,2.5,-0.09997414015454675,1.5,2.5,4.145375270307617,4.145375270307617,0,0,1,1.1234974293117492,rise_then_depress,5
20250702 plate42 D05,31,high-salinity,corrected_fc,0,0.3444288674394777,0.3444288674394777,0,4,0,0.5480612922432864,0.043661432406185766,0.5043998598371007,0.4607384274309149,11.552526613067313,0.029456963784197054,0.28957202025139567,2.5,-0.0010480265402196265,1.5,2.5,0.3444288674394777,0.3444288674394777,0,0,1,1.190564326524465,rise_then_depress,5
20250702 plate42 D06,43,high-salinity,corrected_fc,0,1.2992897425841514,1.3017176296975417,0,3,0,2.4995577748521134,0.4348974549020675,2.064660319950046,1.6297628650479785,4.7474647107672245,0.3215996359416391,1.075121991776685,2.5,-0.0950039980207823,1.5,2.5,1.3017176296975417,1.2992897425841514,0.002427887113390259,0.0018651411473580384,0.998134858852642,0.9895797608591127,rise_then_depress,5
20250702 plate43 A02,43,high-salinity,corrected_fc,0,0.13209982303423048,0.13209982303423048,0,4,0,0.4025810781194945,0.14765806030316514,0.25492301781632937,0.10726495751316423,1.7264415995505593,0.08305836288135027,0.08305836288135027,0.5,-0.004925985966230534,2.5,2.5,0.13209982303423048,0.13209982303423048,0,0,1,0.5979234971852869,rise_then_depress,5
20250702 plate43 A03,76,low-salinity,corrected_fc,0,2.1550365745493374,2.1550365745493374,0,4,0,5.0253780630666185,1.5162350863156648,3.509142976750953,1.9929078904352884,2.3143792202289037,0.9468601415951676,0.9468601415951676,0.5,0.1918897478458268,1.5,1.5,2.1550365745493374,2.1550365745493374,0,0,1,0.6923285894060738,monotonic_increase,5
20250702 plate43 A04,2,high-salinity,corrected_fc,0,0.17522579109853637,0.1769130628100872,0,2,0,0.5833582207458238,0.23814831698577227,0.34520990376005145,0.10706158677427918,1.4495584437855817,0.14969178558072868,0.14969178558072868,0.5,-0.007772586004347493,2.5,1.5,0.1769130628100872,0.17522579109853637,0.0016872717115508362,0.00953729297741055,0.9904627070225894,0.5647968085596676,rise_then_depress,5
20250702 plate43 A05,42,high-salinity,corrected_fc,0,0.41421266111680666,0.41421266111680666,0,4,0,0.9666612953347491,0.28059646157864,0.686064833756109,0.40546837217746906,2.4450231121814503,0.16864788920516038,0.16864788920516038,0.5,0.04720273029258054,3.5,1.5,0.41421266111680666,0.41421266111680666,0,0,1,0.7041363768021427,monotonic_increase,5
20250702 plate43 A06,12,high-salinity,corrected_fc,0,0.5260326536308436,0.5260326536308436,0,4,0,0.9482465494620733,0.14043787106915231,0.807808678392921,0.6673708073237687,5.752071519192654,0.07647770616035172,0.3529118568510975,2.5,0.04520046696214497,3.5,3.5,0.5260326536308436,0.5260326536308436,0,0,1,1.0041355216287478,monotonic_increase,5
20250702 plate43 B02,43,high-salinity,corrected_fc,0,0.9694835210595052,0.9694835210595052,0,4,0,2.731188950156214,1.002348476182877,1.7288404739733374,0.7264919977904605,1.7247898460993052,0.71253199062056,0.71253199062056,0.5,-0.1328990194959262,1.5,1.5,0.9694835210595052,0.9694835210595052,0,0,1,0.6149596218012625,rise_then_depress,5
20250702 plate43 B03,76,low-salinity,corrected_fc,0,4.210352199819086,4.210352199819086,0,4,0,5.796543992045802,0.311646076677926,5.484897915367876,5.17325183868995,17.599765650303063,0.15375303378163285,2.9060426867694535,2.5,0.15375303378163285,0.5,2.5,4.210352199819086,4.210352199819086,0,0,1,1.2553489811314882,monotonic_increase,5
20250702 plate43 B04,2,high-salinity,corrected_fc,0,1.168210377047088,1.168210377047088,0,4,0,2.9541748369431757,0.9473850200720729,2.0067898168711027,1.0594047967990297,2.1182410259330835,0.6834965412141079,0.6834965412141079,0.5,-0.15571958349817772,1.5,1.5,1.168210377047088,1.168210377047088,0,0,1,0.6884336870922008,rise_then_depress,5
20250702 plate43 B05,42,high-salinity,corrected_fc,0,1.3455038615343824,1.3455038615343824,0,4,0,3.1933411204772937,0.955914105532927,2.237427014944367,1.28151290941144,2.3406151263946358,0.692296039700432,0.7738208866796905,2.5,-0.1650599080354419,1.5,2.5,1.3455038615343824,1.3455038615343824,0,0,1,0.7290351231762072,rise_then_depress,5
20250702 plate43 B06,12,high-salinity,corrected_fc,0,0.3225090228051985,0.3225090228051985,0,4,0,0.6131630287088947,0.11574430173270371,0.49741872697619105,0.3816744252434873,4.297565578000673,0.07330595642209234,0.20884917964175764,2.5,0.01157073419913042,1.5,2.5,0.3225090228051985,0.3225090228051985,0,0,1,0.9295979862308644,monotonic_increase,5
20250702 plate43 C02,43,high-salinity,corrected_fc,0,0.3765829735518466,0.3765829735518466,0,4,0,0.734156466552412,0.13090063372824406,0.6032558328241678,0.4723551990959238,4.608502003714937,0.0768044814763145,0.2526758892924558,2.5,0.01571477975553165,3.5,3.5,0.3765829735518466,0.3765829735518466,0,0,1,0.9367310820744948,monotonic_increase,5
20250702 plate43 C03,76,low-salinity,corrected_fc,0,2.0892791732191847,2.0892791732191847,0,4,0,2.7474325776801134,0.5101022761899974,2.2373303014901156,1.7272280253001182,4.386042576012303,0.4048514800600974,1.001839254468561,3.5,-0.1943498878002975,1.5,2.5,2.0892791732191847,2.0892791732191847,0,0,1,1.118792605374983,rise_then_depress,5
20250702 plate43 C04,2,high-salinity,corrected_fc,0,0.6017827715297652,0.6017827715297652,0,4,0,1.2423064757940745,0.2811341229349733,0.9611723528591013,0.680038229924128,3.4189103152071714,0.20654010856172617,0.43649892397447737,2.5,-0.05735207981523194,1.5,2.5,0.6017827715297652,0.6017827715297652,0,0,1,0.8780941606512731,rise_then_depress,5
20250702 plate43 C05,42,high-salinity,corrected_fc,0,0.5728480565278364,0.5728480565278364,0,4,0,0.8869188304129696,0.06337427998454948,0.82354455042842,0.7601702704438705,12.994933443491563,0.037346386249873534,0.45903684096047404,2.5,0.01470940121947837,1.5,2.5,0.5728480565278364,0.5728480565278364,0,0,1,1.2017560552548259,monotonic_increase,5
20250702 plate43 C06,12,high-salinity,corrected_fc,0,0.11888130239204554,0.11888130239204554,-0.02933968415138725,4,2,0.13517182320922683,-0.025717730215882785,0.1608895534251096,0.18660728364099238,-6.255977960517964,-0.011047888140189158,0.14545842845616772,2.5,-0.018291796011198094,1.5,2.5,0.11888130239204554,0.11888130239204554,0,0,1,1.862649350625747,depress_then_recover,5
20250702 plate43 D02,43,high-salinity,corrected_fc,0,0.6201833481724209,0.6201833481724209,0,4,0,1.1816286049500513,0.2118698985750486,0.9697587063750026,0.757888807799954,4.577142448725412,0.14224487733875546,0.4507919685799127,2.5,-0.0029948348661691937,1.5,2.5,0.6201833481724209,0.6201833481724209,0,0,1,0.9588756225096456,rise_then_depress,5
20250702 plate43 D03,76,low-salinity,corrected_fc,0,2.908198165431874,2.908198165431874,0,4,0,5.558733079059792,0.9650809797992523,4.593652099260539,3.6285711194612866,4.7598618099551295,0.7191673076628317,2.4018120001353407,2.5,-0.22733996338999035,1.5,2.5,2.908198165431874,2.908198165431874,0,0,1,0.9926739044980649,rise_then_depress,5
20250702 plate43 D04,2,high-salinity,corrected_fc,0,1.0771937402594458,1.0771937402594458,0,4,0,2.262421807268802,0.5090683552511285,1.7533534520176732,1.2442850967665446,3.444239725238326,0.37104249022343705,0.8006789868048763,2.5,-0.09499076016805413,1.5,2.5,1.0771937402594458,1.0771937402594458,0,0,1,0.8765156281494351,rise_then_depress,5
20250702 plate43 D05,42,high-salinity,corrected_fc,0,1.8400792576332452,1.8400792576332452,0,4,0,2.6525049709083106,0.23242769541077077,2.4200772754975404,2.1876495800867697,10.412172573584762,0.1714600134947863,1.317134600932964,2.5,-0.04952464966281733,1.5,2.5,1.8400792576332452,1.8400792576332452,0,0,1,1.2016013248481958,rise_then_depress,5
20250702 plate43 D06,12,high-salinity,corrected_fc,0,0.3047054360018216,0.3047054360018216,0,4,0,0.5521415157246152,0.07915482914036442,0.4729866865842509,0.3938318574438865,5.975462163470893,0.05425875056318529,0.2459457328518027,2.5,-0.004466593408827033,1.5,2.5,0.3047054360018216,0.3047054360018216,0,0,1,1.0434896207480626,rise_then_depress,5
20250702 plate44 A02,51,low-salinity,corrected_fc,0,1.8120389472626184,1.8120389472626184,0,4,0,5.839536740431365,2.33139850928592,3.508138231145445,1.176739721859525,1.5047355555785897,1.51456766572022,1.51456766572022,0.5,0.026751033314182715,3.5,1.5,1.8120389472626184,1.8120389472626184,0,0,1,0.5660821141918588,monotonic_increase,5
20250702 plate44 A03,74,low-salinity,corrected_fc,0,0.16996912183595633,0.16996912183595633,0,4,0,0.4336832723522338,0.14603608248970798,0.2876471898625259,0.14161110737281793,1.9696994397449554,0.08256030623737845,0.08256030623737845,0.5,0.012235300187559112,2.5,1.5,0.16996912183595633,0.16996912183595633,0,0,1,0.6356630132148277,monotonic_increase,5
20250702 plate44 A04,41,high-salinity,corrected_fc,0,3.8791326474683614,3.8791326474683614,0,4,0,8.205056681952394,2.768126855954609,5.436929825997785,2.668802970043176,1.9641187376590874,1.7722841500691358,1.7722841500691358,0.5,0.21940126170181062,1.5,1.5,3.8791326474683614,3.8791326474683614,0,0,1,0.6895982582194861,monotonic_increase,5
20250702 plate44 A05,38,high-salinity,corrected_fc,0,0.12916941874658752,0.12916941874658752,0,4,0,0.3779891948706151,0.13307333758480577,0.24491585728580934,0.11184251970100356,1.8404577635976695,0.07569627196838888,0.07569627196838888,0.5,0.006215336450488829,3.5,1.5,0.12916941874658752,0.12916941874658752,0,0,1,0.6064623711346522,monotonic_increase,5
20250702 plate44 A06,12,high-salinity,corrected_fc,0,1.9336538567123616,1.9336538567123616,0,4,0,5.1906863370726795,1.751830421010042,3.4388559160626375,1.6870254950525956,1.9630073064263365,1.1507573811849503,1.1507573811849503,0.5,0.051388698465232974,1.5,1.5,1.9336538567123616,1.9336538567123616,0,0,1,0.6323694065768546,monotonic_increase,5
20250702 plate44 B02,51,low-salinity,corrected_fc,0,4.17510166571098,4.17510166571098,0,4,0,6.311833781524843,1.6002244121510152,4.711609369373829,3.111384957222813,2.9443428894079315,1.14808929963969,2.003178241703967,3.5,-0.2438190746170401,1.5,2.5,4.17510166571098,4.17510166571098,0,0,1,0.9494046466656998,rise_then_depress,5
20250702 plate44 B03,74,low-salinity,corrected_fc,0,1.7646767965762575,1.7646767965762575,0,4,0,3.596808380422019,1.179920035844141,2.4168883445778784,1.2369683087337373,2.0483492704221966,0.8571677275099708,0.8571677275099708,0.5,-0.21166311084163048,1.5,1.5,1.7646767965762575,1.7646767965762575,0,0,1,0.7322940756516296,rise_then_depress,5
20250702 plate44 B04,41,high-salinity,corrected_fc,0,6.196824193329607,6.196824193329607,0,4,0,11.11719062631413,2.2366480637824693,8.88054256253166,6.643894498749191,3.9704693404082008,1.5678254017339694,3.775662479721358,2.5,-0.2301800776369698,1.5,2.5,6.196824193329607,6.196824193329607,0,0,1,0.9368279822137608,rise_then_depress,5
20250702 plate44 B05,38,high-salinity,corrected_fc,0,0.43176911751926256,0.43176911751926256,0,4,0,0.9016907934431142,0.21760411187787676,0.6840866815652374,0.4664825696873607,3.143721300400605,0.1480125784231338,0.2594275224413773,2.5,-0.008829511513647914,1.5,2.5,0.43176911751926256,0.43176911751926256,0,0,1,0.8273813900369897,rise_then_depress,5
20250702 plate44 B06,12,high-salinity,corrected_fc,0,0.11579978313619642,0.11579978313619642,0,4,0,0.2055584893825021,0.03202692387199395,0.17353156551050813,0.14150464163851417,5.418302619511123,0.024296773396402765,0.09244122251563637,2.5,-0.008836472445220402,1.5,2.5,0.11579978313619642,0.11579978313619642,0,0,1,1.0394694203953203,rise_then_depress,5
20250702 plate44 C02,51,low-salinity,corrected_fc,0,2.2951737487956536,2.2951737487956536,0,4,0,2.9734565717346735,0.24414400260056804,2.729312569134106,2.4851685665335377,11.179109624082798,0.11508316919600392,1.1945431945225866,2.5,0.11508316919600392,0.5,2.5,2.2951737487956536,2.2951737487956536,0,0,1,1.2225507422906767,monotonic_increase,5
20250702 plate44 C03,74,low-salinity,corrected_fc,0,5.960808140341602,5.960808140341602,0,4,0,10.364724938284645,2.3442965957302633,8.02042834255438,5.676131746824117,3.4212515417896454,1.639036996472244,2.9242454746095214,2.5,-0.2285177979562052,1.5,2.5,5.960808140341602,5.960808140341602,0,0,1,0.9057942539418404,rise_then_depress,5
20250702 plate44 C04,41,high-salinity,corrected_fc,0,0.4296554027194656,0.4296554027194656,0,4,0,0.9018601574027819,0.20223179806765193,0.69962835933513,0.4973965612674781,3.459536858299038,0.14023947983249307,0.2988237032699205,2.5,-0.01625484336217535,1.5,2.5,0.4296554027194656,0.4296554027194656,0,0,1,0.8642079547822026,rise_then_depress,5
20250702 plate44 C05,38,high-salinity,corrected_fc,0,0.4138808612395999,0.4138808612395999,0,4,0,0.738681562738064,0.09873908030317381,0.6399424824348902,0.5412034021317164,6.48114688196382,0.06034446597161813,0.3178182088204232,2.5,0.016444762691493225,1.5,2.5,0.4138808612395999,0.4138808612395999,0,0,1,1.0499107905476222,monotonic_increase,5
20250702 plate44 C06,12,high-salinity,corrected_fc,0,2.0079780627814414,2.0079780627814414,0,4,0,3.352597618031004,0.7203513350001562,2.632246283030848,1.9118949480306917,3.6541145343060646,0.51148451724019794,1.0016567983602518,2.5,-0.09375088172028123,1.5,2.5,2.0079780627814414,2.0079780627814414,0,0,1,0.9406126033417734,rise_then_depress,5
20250702 plate44 D02,51,low-salinity,corrected_fc,0,3.141658659497943,3.141658659497943,0,4,0,4.757604651933379,0.8336710488541738,3.923933603079206,3.090262554225032,4.706812847192421,0.5469071783009698,1.4928126616706225,2.5,0.02662056280543801,1.5,2.5,3.141658659497943,3.141658659497943,0,0,1,1.026959000008297,monotonic_increase,5
20250702 plate44 D03,74,low-salinity,corrected_fc,0,0.05670332298925338,0.05670332298925338,-0.015500790344090588,4,1,0.05496674757749054,-0.020540965880236465,0.075507713457727,0.09604867933796346,-3.6759572990857703,-0.015500790344090588,0.06227657857153794,2.5,-0.015500790344090588,0.5,3.5,0.05670332298925338,0.05670332298925338,0,0,1,2.098920291574108,depress_then_recover,5
20250702 plate44 D04,41,high-salinity,corrected_fc,0,3.2777192693480264,3.2777192693480264,0,4,0,5.382241888085671,1.171460518814841,4.21078136927083,3.0393208504559888,3.5944714325761913,0.7980555584796918,1.4517068535913698,2.5,-0.05124563780939362,1.5,2.5,3.2777192693480264,3.2777192693480264,0,0,1,0.9361556367318788,rise_then_depress,5
20250702 plate44 D05,38,high-salinity,corrected_fc,0,1.8127152753405695,1.8127152753405695,0,4,0,2.6906386873610924,0.15597213108974473,2.5346665562713477,2.378694425181603,16.250765688473713,0.08739401988164189,1.4225745849767544,2.5,0.04976220253456376,1.5,2.5,1.8127152753405695,1.8127152753405695,0,0,1,1.2350075813824521,monotonic_increase,5
20250702 plate44 D06,12,high-salinity,corrected_fc,0,1.7763547706391711,1.7793194318209864,0,3,0,3.08746187048475,0.3257625360409276,2.761699334443822,2.4359367984028943,8.477645612682892,0.2315600187376773,1.590914397214486,2.5,-0.043154984131176716,1.5,2.5,1.7793194318209864,1.7763547706391711,0.0029646611818152646,0.0016661770387013527,0.9983338229612987,1.1335322627411288,rise_then_depress,5
20250702 plate45 A02,41,high-salinity,corrected_fc,0,2.86431668094992,2.86431668094992,0,4,0,7.045471276801676,2.2446208744149496,4.800850402386725,2.5562295279717757,2.138824626068777,1.4602739705377048,1.4602739705377048,0.5,0.10841983721678417,1.5,1.5,2.86431668094992,2.86431668094992,0,0,1,0.6661146252077964,monotonic_increase,5
20250702 plate45 A03,57,low-salinity,corrected_fc,0,1.8824900584944977,1.8939735890938725,0,3,0,6.5099198159086065,2.746354958405761,3.7635648575028453,1.0172098990970841,1.370385443434292,1.8180087192440373,1.8180087192440373,0.5,-0.011483530599374792,3.5,1.5,1.8939735890938725,1.8824900584944977,0.011483530599374792,0.0060631946852378335,0.9939368053147621,0.5593595350420985,rise_then_depress,5
20250702 plate45 A04,38,high-salinity,corrected_fc,0,0.1947960603822262,0.1947960603822262,0,4,0,0.5036013931079728,0.1516370226305066,0.3519643704774663,0.2003273478469597,2.321097871560672,0.0769174796801648,0.0769174796801648,0.5,0.014949263046214828,3.5,2.5,0.1947960603822262,0.1947960603822262,0,0,1,0.6745788315814298,monotonic_increase,5
20250702 plate45 A05,83,low-salinity,corrected_fc,0,5.801386918402164,5.927696605041762,0,3,0,14.38737496259882,3.8723897774868363,10.514985185111984,6.642595407625148,2.7153736553700343,2.185794656617696,2.5545063633034806,2.5,-0.12630968663959763,3.5,3.5,5.927696605041762,5.801386918402164,0.12630968663959763,0.021308392627950257,0.9786916073720497,0.7255585454996389,rise_then_depress,5
20250702 plate45 A06,25,high-salinity,corrected_fc,0,0.5527404969767934,0.5527404969767934,0,4,0,1.651819718784496,0.6049462707060148,1.0468734480784812,0.44192717737246634,1.7305230212539475,0.3726784555358656,0.3726784555358656,0.5,0.014505112556857935,3.5,1.5,0.5527404969767934,0.5527404969767934,0,0,1,0.5889242576678302,monotonic_increase,5
20250702 plate45 B02,41,high-salinity,corrected_fc,0,2.227460246645154,2.227460246645154,0,4,0,5.654641339481233,1.8188026767762333,3.835838662705,2.017035985928767,2.1089911025993735,1.2944371888880148,1.2944371888880148,0.5,-0.24570621311157792,1.5,1.5,2.227460246645154,2.227460246645154,0,0,1,0.6815648857082867,rise_then_depress,5
20250702 plate45 B03,57,low-salinity,corrected_fc,0,2.207758628667704,2.207758628667704,0,4,0,4.317595054428159,0.8748115006634445,3.4427835537647145,2.56797205310127,3.9354575827521208,0.6140029654086332,1.5564786336664285,2.5,-0.09238589489901061,1.5,2.5,2.207758628667704,2.207758628667704,0,0,1,0.9180162409780538,rise_then_depress,5
20250702 plate45 B04,38,high-salinity,corrected_fc,0,0.2903617415914142,0.2903617415914142,0,4,0,0.5916914034396401,0.14258227441721588,0.44910912902242417,0.3065268546052083,3.1498244144168117,0.10109755179769364,0.1794740903681504,2.5,-0.018128106558649187,1.5,2.5,0.2903617415914142,0.2903617415914142,0,0,1,0.8426998828717145,rise_then_depress,5
20250702 plate45 B05,83,low-salinity,corrected_fc,0,0.0888780517965888,0.0888780517965888,-0.006163393751069666,4,1,0.12610759636775343,-0.0026309155880047705,0.1287385119557582,0.13136942754376296,-48.932969397695764,-0.006163393751069666,0.07370205156826913,2.5,-0.006163393751069666,0.5,3.5,0.0888780517965888,0.0888780517965888,0,0,1,1.366749536546135,depress_then_recover,5
20250702 plate45 B06,25,high-salinity,corrected_fc,0,2.213366257683945,2.213366257683945,0,4,0,4.694325218788819,1.1685025131842108,3.5258227056046083,2.3573201924203975,3.0173856417275613,0.8617408301500872,1.4988545276602645,2.5,-0.24821746408183976,1.5,2.5,2.213366257683945,2.213366257683945,0,0,1,0.8345272499155282,rise_then_depress,5
20250702 plate45 C02,41,high-salinity,corrected_fc,0,2.4723181265372776,2.4723181265372776,0,4,0,3.8330268847672913,0.5104697878173409,3.32255709694995,2.8120873091326093,6.50882221875753,0.37717047572564527,1.686500097406225,2.5,-0.11057185154225413,1.5,2.5,2.4723181265372776,2.4723181265372776,0,0,1,1.102879962545102,rise_then_depress,5
20250702 plate45 C03,57,low-salinity,corrected_fc,0,0.859461154746425,0.859461154746425,0,4,0,1.309337580851094,0.08134086008285231,1.2279967207682418,1.1466558606853896,15.096923237809717,0.04315443664633583,0.68370687308548,2.5,0.033218410226697116,1.5,2.5,0.859461154746425,0.859461154746425,0,0,1,1.219140414579796,monotonic_increase,5
20250702 plate45 C04,38,high-salinity,corrected_fc,0,0.2197235519199266,0.2197235519199266,-0.013158272045509995,4,1,0.2888997208341858,-0.012505227840538535,0.30140494867472434,0.3139101765152629,-24.102315648952175,-0.013158272045509995,0.18958404009984664,2.5,-0.013158272045509995,0.5,2.5,0.2197235519199266,0.2197235519199266,0,0,1,1.4445543643026602,depress_then_recover,5
20250702 plate45 C05,83,low-salinity,corrected_fc,0,9.702862938951348,9.702862938951348,-0.017052845248304388,4,1,12.080009134506703,0.11612153350768384,11.96388760099902,11.847766067491335,103.02901830182394,-0.017052845248304388,6.712932995255382,2.5,-0.017052845248304388,0.5,2.5,9.702862938951348,9.702862938951348,0,0,1,1.3660410435465964,depress_then_recover,5
20250702 plate45 C06,25,high-salinity,corrected_fc,0,0.9681787971009468,0.9681787971009468,0,4,0,1.2974647484043373,0.04329227815969422,1.2541724702446433,1.210880192084949,28.96988847799415,0.03657547367343242,0.7499326582353846,2.5,-0.02314186470090882,1.5,2.5,0.9681787971009468,0.9681787971009468,0,0,1,1.321481328738438,rise_then_depress,5
20250702 plate45 D02,41,high-salinity,corrected_fc,0,0.291494199585713,0.291494199585713,0,4,0,0.4196799274244547,0.021246441010419483,0.3984334864140352,0.3771870454036157,18.75295190468084,0.01864992372781327,0.2448968347733601,2.5,-0.013456889162600846,1.5,2.5,0.291494199585713,0.291494199585713,0,0,1,1.2810502755920603,rise_then_depress,5
20250702 plate45 D03,57,low-salinity,corrected_fc,0,4.825358653812577,4.825358653812577,0,4,0,7.904772199079324,0.5569422808632579,7.347829918216066,6.7908876373528075,13.193162327031382,0.3722858129784176,4.381181187655257,2.5,-0.002972877208737068,1.5,2.5,4.825358653812577,4.825358653812577,0,0,1,1.2075665965291238,rise_then_depress,5
20250702 plate45 D04,38,high-salinity,corrected_fc,0,0.3369954732605464,0.3369954732605464,0,4,0,0.5043042750110233,0.023337509167930343,0.48096676584309295,0.45762925667516263,20.609173086218732,0.01893121450828245,0.29925014523387605,2.5,-0.010118625188986666,1.5,2.5,0.3369954732605464,0.3369954732605464,0,0,1,1.2784315447301728,rise_then_depress,5
20250702 plate45 D05,83,low-salinity,corrected_fc,0,4.502057612274247,4.502057612274247,0,4,0,7.8245048775100186,0.9091003283083356,6.915404549201683,6.006304220893347,7.606866188322632,0.6511688046322812,3.8905811720363963,2.5,-0.13530575728017236,1.5,2.5,4.502057612274247,4.502057612274247,0,0,1,1.1116516411049908,rise_then_depress,5
20250702 plate45 D06,25,high-salinity,corrected_fc,0,2.6471445890833216,2.6471445890833216,0,4,0,4.783777315150699,0.8390909319131794,3.94468638323752,3.1055954513243407,4.70114290741218,0.6725784698071469,2.1215767023777614,2.5,-0.33955354559508183,1.5,2.5,2.6471445890833216,2.6471445890833216,0,0,1,1.0139619612954631,rise_then_depress,5
20250702 plate46 A02,6,high-salinity,corrected_fc,0,1.221996842506965,1.228763305914773,0,2,0,4.122433905157088,1.7999633360570781,2.32247056910001,0.5225072330429317,1.2902877089638467,1.1855816830996917,1.1855816830996917,0.5,-0.131672811025632,2.5,1.5,1.228763305914773,1.221996842506965,0.006766463407807954,0.005506726458413038,0.994493273541587,0.5617552079761696,rise_then_depress,5
20250702 plate46 A03,2,high-salinity,corrected_fc,0,0.8937155972111456,0.8937155972111456,0,4,0,2.8030574539891706,1.0721773885298704,1.7308800654593002,0.6587026769294297,1.614359791557084,0.6716289561488175,0.6716289561488175,0.5,0.010241762738471216,3.5,1.5,0.8937155972111456,0.8937155972111456,0,0,1,0.5755031693953743,monotonic_increase,5
20250702 plate46 A04,60,low-salinity,corrected_fc,0,1.8073012355705975,1.8093775387469344,0,3,0,6.173146718641833,2.5719296752300953,3.6012170434117383,1.029287368181643,1.4002004324202832,1.6837407883505904,1.6837407883505904,0.5,-0.002076303176336891,3.5,1.5,1.8093775387469344,1.8073012355705975,0.002076303176336891,0.0011475234614522812,0.9988524765385477,0.5601789746586114,rise_then_depress,5
20250702 plate46 A05,25,high-salinity,corrected_fc,0,0.4502100568836837,0.4502100568836837,0,4,0,1.2867142061912862,0.44582046643687867,0.8408937397544074,0.39507327331752873,1.88617123497058,0.26841171286290993,0.26841171286290993,0.5,0.011830099145086925,3.5,1.5,0.4502100568836837,0.4502100568836837,0,0,1,0.609128787469703,monotonic_increase,5
20250702 plate46 B02,6,high-salinity,corrected_fc,0,1.4396557392287246,1.4396557392287246,0,4,0,3.425209374887924,1.115781090604733,2.3094282842831912,1.1936471936784583,2.0697861827283015,0.7611437123548204,0.7611437123548204,0.5,-0.05186895585499518,1.5,1.5,1.4396557392287246,1.4396557392287246,0,0,1,0.6726697011571048,rise_then_depress,5
20250702 plate46 B03,2,high-salinity,corrected_fc,0,5.695103184136892,5.695103184136892,0,4,0,10.667764205130034,1.9474960989546166,8.720268106175418,6.7727720072208015,4.477681937774515,1.2816611088574383,3.8752115438154364,2.5,0.050008871336918004,1.5,2.5,5.695103184136892,5.695103184136892,0,0,1,0.9509434627137364,monotonic_increase,5
20250702 plate46 B04,60,low-salinity,corrected_fc,0,2.5991024460489216,2.5991024460489216,0,4,0,5.98850702848882,1.6705908697188079,4.317916158770013,2.6473252890512047,2.5846640473360183,1.1320788708961462,1.4028289392775675,2.5,-0.055054873250823144,1.5,2.5,2.5991024460489216,2.5991024460489216,0,0,1,0.7455158106877752,rise_then_depress,5
20250702 plate46 B05,25,high-salinity,corrected_fc,0,3.2346362666479527,3.25145960178227,0,3,0,6.56240578461512,1.2797846567016475,5.2826211279134725,4.002836471211825,4.127742194947251,0.865941263894421,2.4237728161678174,2.5,-0.03825447827996831,1.5,2.5,3.25145960178227,3.2346362666479527,0.01682333513431722,0.005174087085410995,0.994825912914589,0.9213834443547764,rise_then_depress,5
20250702 plate46 B06,55,low-salinity,corrected_fc,0,2.3842436848311217,2.3842436848311217,0,4,0,4.6776831633918885,1.1547356781775266,3.5229474852143623,2.3682118070368356,3.05086917447159,0.754186251189202,1.1291773618338272,2.5,0.046912602787447355,1.5,2.5,2.3842436848311217,2.3842436848311217,0,0,1,0.8225900659706982,monotonic_increase,5
20250702 plate46 C02,6,high-salinity,corrected_fc,0,0.13204517511102598,0.13204517511102598,-0.008893397054601128,4,1,0.20409979005384538,0.0012505637803225042,0.20284922627352286,0.20159866249320035,162.2062220778621,-0.008893397054601128,0.10639475621323898,2.5,-0.008893397054601128,0.5,3.5,0.13204517511102598,0.13204517511102598,0,0,1,1.2884798691804924,depress_then_recover,5
20250702 plate46 C03,2,high-salinity,corrected_fc,0,1.5396379692511202,1.5396379692511202,0,4,0,3.0243582925283423,0.5809039410131558,2.4434543515151863,1.8625504105020305,4.206296736864192,0.3805665883107733,1.0726233087824786,2.5,0.020108117093991684,1.5,2.5,1.5396379692511202,1.5396379692511202,0,0,1,0.9241840325498526,monotonic_increase,5
20250702 plate46 C04,60,low-salinity,corrected_fc,0,0.9547121288644936,0.9547121288644936,0,4,0,1.8478022755287093,0.40016748967799176,1.4476347858507175,1.0474672961727256,3.617572199619728,0.27150723758216616,0.5842979651309937,2.5,-0.01418673339051496,1.5,2.5,0.9547121288644936,0.9547121288644936,0,0,1,0.8856209667426875,rise_then_depress,5
20250702 plate46 C05,25,high-salinity,corrected_fc,0,1.868616034738528,1.868616034738528,0,4,0,4.018719896297272,0.9199686215528955,3.0987512747443757,2.1787826531914805,3.3683227907422784,0.6190957122750189,1.261824529541482,2.5,-0.017349893719265763,1.5,2.5,1.868616034738528,1.868616034738528,0,0,1,0.8451223203373537,rise_then_depress,5
20250702 plate46 C06,55,low-salinity,corrected_fc,0,1.3730796429261922,1.3730796429261922,0,4,0,2.5603400907305214,0.5075153163404323,2.052824774390089,1.545309458049657,4.044852851323783,0.3305652939547413,0.8354348857699199,2.5,0.023334750816640715,1.5,2.5,1.3730796429261922,1.3730796429261922,0,0,1,0.9194415372014041,monotonic_increase,5
20250702 plate46 D02,6,high-salinity,corrected_fc,0,2.0094628321814865,2.0094628321814865,0,4,0,3.5840669483421097,0.49503799383113184,3.0890289545109777,2.5939909606798457,6.239983583087791,0.3251282861423912,1.5745684153540127,2.5,0.014691129235090084,1.5,2.5,2.0094628321814865,2.0094628321814865,0,0,1,1.0497350923473072,monotonic_increase,5
20250702 plate46 D03,2,high-salinity,corrected_fc,0,2.0285657720264387,2.0285657720264387,0,4,0,3.2497830423799763,0.16805564728720818,3.081727395092768,2.91367174780556,18.337541432487992,0.08742134243444868,1.8255415945212703,2.5,0.04175556779964951,3.5,3.5,2.0285657720264387,2.0285657720264387,0,0,1,1.2381365515176825,monotonic_increase,5
20250702 plate46 D04,60,low-salinity,corrected_fc,0,5.560720173888595,5.624179286215774,0,3,0,10.252269011732569,1.3235022674894992,8.928766744243068,7.605264476753569,6.746317678155327,0.7992748964065013,4.575724544049778,2.5,-0.0634591123271786,3.5,3.5,5.624179286215774,5.560720173888595,0.0634591123271786,0.011283266250546048,0.9887167337494539,1.0562853894408863,rise_then_depress,5
20250702 plate46 D05,25,high-salinity,corrected_fc,0,2.887475354873627,2.887475354873627,0,4,0,5.261790986322584,0.7456200489985798,4.516170937324005,3.770550888325425,6.056933344790742,0.4943009200892808,2.318475873159294,2.5,0.008337337729317273,1.5,2.5,2.887475354873627,2.887475354873627,0,0,1,1.0412719200985046,monotonic_increase,5
20250702 plate46 D06,55,low-salinity,corrected_fc,0,2.795098231200493,2.795098231200493,0,4,0,4.895824505780364,0.8532505504339616,4.042573955346402,3.1893234049124404,4.73785097857875,0.5603779851186296,1.7664071438001603,2.5,0.02536714551203434,1.5,2.5,2.795098231200493,2.795098231200493,0,0,1,0.9795896159539483,monotonic_increase,5
20250702 plate47 A02,83,low-salinity,corrected_fc,0,0.22836552429129076,0.22836552429129076,0,4,0,0.625974471731114,0.2089848756107499,0.4169895961203641,0.20800472050961422,1.9953099232742502,0.12471410786911656,0.12471410786911656,0.5,0.009829458058205398,3.5,1.5,0.22836552429129076,0.22836552429129076,0,0,1,0.6255709989689303,monotonic_increase,5
20250702 plate47 A03,36,high-salinity,corrected_fc,0,5.083993396228048,5.083993396228048,0,4,0,13.527214718890974,4.464138385505339,9.063076333385636,4.598937947880297,2.030196098492968,2.909855498829352,2.909855498829352,0.5,0.1171966476324231,3.5,1.5,5.083993396228048,5.083993396228048,0,0,1,0.6415093019177185,monotonic_increase,5
20250702 plate47 A04,16,high-salinity,corrected_fc,0,4.099886863397671,4.099886863397671,0,4,0,9.396917997398061,2.7551575241641615,6.6417604732339,3.8866029490697382,2.41066451372824,1.637002293890161,1.637002293890161,0.5,0.5993081666578397,1.5,1.5,4.099886863397671,4.099886863397671,0,0,1,0.7026297506565894,monotonic_increase,5
20250702 plate47 A05,12,high-salinity,corrected_fc,0,0.21747421639593337,0.21747421639593337,0,4,0,0.6048309978807653,0.20623211029755673,0.39859888758320866,0.19236677728565194,1.9327683114336582,0.11543877061430916,0.11543877061430916,0.5,0.017481760335499225,2.5,1.5,0.21747421639593337,0.21747421639593337,0,0,1,0.6206989598279296,monotonic_increase,5
20250702 plate47 A06,15,high-salinity,corrected_fc,0,0.3507346923461034,0.3507346923461034,0,4,0,0.934938048742603,0.3049541680937581,0.6299838806488449,0.32502971255508684,2.0658313496313863,0.17320351886765395,0.17320351886765395,0.5,0.027868807096414316,3.5,1.5,0.3507346923461034,0.3507346923461034,0,0,1,0.6373909969014433,monotonic_increase,5
20250702 plate47 B02,83,low-salinity,corrected_fc,0,0.10998050114129286,0.10998050114129286,0,4,0,0.1876680526429371,0.027567514087088428,0.16010053855584866,0.13253302446876022,5.807579822035301,0.013584573992055938,0.06316146770010478,2.5,0.013584573992055938,0.5,2.5,0.10998050114129286,0.10998050114129286,0,0,1,1.008910063706873,monotonic_increase,5
20250702 plate47 B03,36,high-salinity,corrected_fc,0,1.6865301235080958,1.6865301235080958,0,4,0,4.552226674298039,1.5657209956478333,2.986505678650205,1.4207846830023718,1.9074315838847824,1.0928658795927817,1.0928658795927817,0.5,-0.14715564748267884,1.5,1.5,1.6865301235080958,1.6865301235080958,0,0,1,0.6388565507401754,rise_then_depress,5
20250702 plate47 B04,16,high-salinity,corrected_fc,0,10.256012455165868,10.256012455165868,0,4,0,17.63434195388897,2.525730840247258,15.108611113641711,12.582880273394453,5.981876957309768,1.34092663882274,6.426192281785225,2.5,1.0286817640262953,1.5,2.5,10.256012455165868,10.256012455165868,0,0,1,1.0205382733093495,monotonic_increase,5
20250702 plate47 B05,12,high-salinity,corrected_fc,0,0.15197785162767774,0.15197785162767774,0,4,0,0.25601689452202536,0.036654357833868445,0.2193625366881569,0.18270817885428844,5.984623647818132,0.02016340035574413,0.09390073843994506,2.5,0.0128185146005045,1.5,2.5,0.15197785162767774,0.15197785162767774,0,0,1,1.0282025304225775,monotonic_increase,5
20250702 plate47 B06,15,high-salinity,corrected_fc,0,0.16192427418511793,0.16192427418511793,0,4,0,0.2883424384857945,0.037225565711217865,0.2511168727745766,0.21389130706335874,6.745817504095121,0.015102446476682477,0.10378537797841153,2.5,0.013892657737635622,3.5,3.5,0.16192427418511793,0.16192427418511793,0,0,1,1.0275676142014187,monotonic_increase,5
20250702 plate47 C02,83,low-salinity,corrected_fc,0,10.174219870081076,10.174219870081076,0,4,0,18.15748587358651,2.4421014833867645,15.715384390199745,13.27328290681298,6.435188912954295,1.4458857144498156,7.63962714834836,2.5,0.5421611838588181,3.5,3.5,10.174219870081076,10.174219870081076,0,0,1,1.0443582627552592,monotonic_increase,5
20250702 plate47 C03,36,high-salinity,corrected_fc,0,3.531053925504415,3.531053925504415,0,4,0,6.49153107510185,1.3087469734941508,5.1827841016077,3.874037128113549,3.960111623234912,0.8740327972529066,2.113114610131759,2.5,-0.0046044447704182145,1.5,2.5,3.531053925504415,3.531053925504415,0,0,1,0.9207404364932616,rise_then_depress,5
20250702 plate47 C04,16,high-salinity,corrected_fc,0,3.134117180350565,3.134117180350565,0,4,0,5.629245833279506,0.8500625064206728,4.779183326858833,3.9291208204381602,5.622155183602163,0.5882375333704563,2.426649817532901,2.5,-0.06458758727002312,1.5,2.5,3.134117180350565,3.134117180350565,0,0,1,1.0299609959893603,rise_then_depress,5
20250702 plate47 C05,12,high-salinity,corrected_fc,0,0.2355034883047173,0.2355034883047173,0,4,0,0.35885865356451285,0.020957678632975804,0.33790097493153703,0.3169432962985612,16.12301538014175,0.0075083261576732434,0.17980117335327073,2.5,0.0075083261576732434,0.5,2.5,0.2355034883047173,0.2355034883047173,0,0,1,1.2136571620841596,monotonic_increase,5
20250702 plate47 C06,15,high-salinity,corrected_fc,0,0.18559086497691,0.18559086497691,-0.00171206754551422,4,1,0.26331058583285,0.006789752153496325,0.25652083367935363,0.2497310815258573,37.78058872845019,-0.00171206754551422,0.138219942093867,2.5,-0.00171206754551422,0.5,2.5,0.18559086497691,0.18559086497691,0,0,1,1.2843285221732978,depress_then_recover,5
20250702 plate47 D02,83,low-salinity,corrected_fc,0,0.327543697553257,0.327543697553257,-1.7021664820938997e-4,4,1,0.4177593525484379,0.01256800388801537,0.4051913486604225,0.3926233447724071,32.239912739588334,-1.7021664820938997e-4,0.2032048382751197,2.5,-1.7021664820938997e-4,0.5,2.5,0.327543697553257,0.327543697553257,0,0,1,1.3081481667912416,depress_then_recover,5
20250702 plate47 D03,36,high-salinity,corrected_fc,0,3.703769302948042,3.703769302948042,0,4,0,7.310070275258322,1.402393944896132,5.90767633036219,4.505282385466058,4.212565486226298,0.9165125639958236,2.598147536187244,2.5,0.05525019780479323,1.5,2.5,3.703769302948042,3.703769302948042,0,0,1,0.9236556223312984,monotonic_increase,5
20250702 plate47 D04,16,high-salinity,corrected_fc,0,1.5405702221835107,1.5405702221835107,0,4,0,3.1919041607950045,0.7411486162840899,2.4507555445109146,1.7096069282268247,3.306699210744414,0.495431738159653,0.9433197990458486,2.5,-0.003997981910779325,1.5,2.5,1.5405702221835107,1.5405702221835107,0,0,1,0.8415856094134112,rise_then_depress,5
20250702 plate47 D05,12,high-salinity,corrected_fc,0,2.423760099604358,2.423760099604358,0,4,0,3.8299829628447704,0.319018423680458,3.510964539164312,3.1919461154838538,11.00552281168889,0.19716930899748528,1.9335371453132146,2.5,0.04652892036846015,1.5,2.5,2.423760099604358,2.423760099604358,0,0,1,1.1764421277682338,monotonic_increase,5
20250702 plate47 D06,15,high-salinity,corrected_fc,0,1.6825330026902798,1.6825330026902798,0,4,0,3.7857628711859372,0.9794801090069969,2.8062827621789403,1.8268026531719435,2.8650737634927244,0.6724468910915431,1.0439166070874388,2.5,-0.0583804552606354,1.5,2.5,1.6825330026902798,1.6825330026902798,0,0,1,0.7880298377887703,rise_then_depress,5
20250702 plate48 A02,37,high-salinity,corrected_fc,0,0.22438695744378984,0.22438695744378984,0,4,0,0.591653862791569,0.19082042106682667,0.40083344172474233,0.21001302065791566,2.10057937973194,0.1035351059676767,0.1035351059676767,0.5,0.023032309540092444,3.5,2.5,0.22438695744378984,0.22438695744378984,0,0,1,0.6453082904000643,monotonic_increase,5
20250702 plate48 A03,12,high-salinity,corrected_fc,0,0.9619244822305064,0.9619244822305064,0,4,0,2.584384831534331,0.9133413957478269,1.6710434357865047,0.7577020400386778,1.8295934505610418,0.5854031328677278,0.5854031328677278,0.5,0.07047339289247045,1.5,1.5,0.9619244822305064,0.9619244822305064,0,0,1,0.6115073783801552,monotonic_increase,5
20250702 plate48 A04,70,low-salinity,corrected_fc,0,2.090819771430678,2.090819771430678,0,4,0,6.304150566313466,2.5275335133357966,3.7766170529776693,1.2490835396418727,1.4941906934374742,1.6204325634840904,1.6204325634840904,0.5,0.009904317707212007,2.5,1.5,2.090819771430678,2.090819771430678,0,0,1,0.5704913884545363,monotonic_increase,5
20250702 plate48 A05,51,low-salinity,corrected_fc,0,0.28291421619743173,0.28291421619743173,0,4,0,0.7617497676797924,0.2527826132876388,0.5089671543921537,0.2561845411045149,2.0134579185357384,0.14772756879258328,0.14772756879258328,0.5,0.020459214399049408,3.5,1.5,0.28291421619743173,0.28291421619743173,0,0,1,0.6295789202261962,monotonic_increase,5
20250702 plate48 A06,33,high-salinity,corrected_fc,0,3.3151257866340083,3.343964644237968,0,3,0,8.558652499747476,2.550846533991442,6.007805965756033,3.4569594317645906,2.355220467283583,1.5445681057903806,1.5445681057903806,0.5,-0.028838857603959767,3.5,3.5,3.343964644237968,3.3151257866340083,0.028838857603959767,0.008624151470516414,0.9913758485294836,0.6805384909750485,rise_then_depress,5
20250702 plate48 B02,37,high-salinity,corrected_fc,0,0.8544740831897212,0.8544740831897212,0,4,0,1.7656944181327643,0.406569558246833,1.3591248598859313,0.9525553016390984,3.3429085683311075,0.23914519174735363,0.42961471879263247,2.5,0.09001063139812993,3.5,3.5,0.8544740831897212,0.8544740831897212,0,0,1,0.8237074147353017,monotonic_increase,5
20250702 plate48 B03,12,high-salinity,corrected_fc,0,4.820006177538077,4.820006177538077,0,4,0,8.916480514752546,1.8496036808516905,7.0668768339008565,5.217273153049166,3.820751930298256,1.3440158321103914,3.140110198907922,2.5,-0.3328401346277936,1.5,2.5,4.820006177538077,4.820006177538077,0,0,1,0.9269426559864972,rise_then_depress,5
20250702 plate48 B04,70,low-salinity,corrected_fc,0,0.14075954474527202,0.14075954474527202,0,4,0,0.20166794252919407,0.019333722718659463,0.1823342198105346,0.16300049709187514,9.430890391045034,0.01004762352291152,0.08409614985065475,2.5,0.00852457486858437,1.5,2.5,0.14075954474527202,0.14075954474527202,0,0,1,1.1623229251263267,monotonic_increase,5
20250702 plate48 B05,51,low-salinity,corrected_fc,0,4.5110436148589335,4.5110436148589335,0,4,0,6.954361885440619,1.2417011295574842,5.712660755883134,4.47095962632565,4.600672915485713,0.8788949109914888,2.368720292755681,2.5,-0.15328247385949778,1.5,2.5,4.5110436148589335,4.5110436148589335,0,0,1,1.0250149740828465,rise_then_depress,5
20250702 plate48 B06,33,high-salinity,corrected_fc,0,4.550234203089595,4.550234203089595,0,4,0,9.552032590694619,2.3803214601893368,7.171711130505283,4.791389670315946,3.0129170578224453,1.6956125085101068,2.8424671739227962,2.5,-0.3261946051516471,1.5,2.5,4.550234203089595,4.550234203089595,0,0,1,0.8246107352181576,rise_then_depress,5
20250702 plate48 C02,37,high-salinity,corrected_fc,0,2.402814292915349,2.402814292915349,0,4,0,4.507295436316049,0.8205693890572592,3.6867260472587895,2.8661566582015303,4.4928876173341274,0.5977151997198632,1.8167563327889271,2.5,-0.15200682104507118,1.5,2.5,2.402814292915349,2.402814292915349,0,0,1,0.972389782139123,rise_then_depress,5
20250702 plate48 C03,12,high-salinity,corrected_fc,0,0.3283617250256635,0.3283617250256635,0,4,0,0.6817191928623838,0.19903447754218329,0.48268471532020046,0.2836502377780172,2.4251311696381874,0.1595342420134921,0.20000314622129511,2.5,-0.08053377095610968,1.5,2.5,0.3283617250256635,0.3283617250256635,0,0,1,0.8053067033055752,rise_then_depress,5
20250702 plate48 C04,70,low-salinity,corrected_fc,0,0.369727753755101,0.369727753755101,0,4,0,0.5904051543383978,0.06997834166065993,0.5204268126777378,0.4504484710170779,7.436969787043536,0.04519394753814378,0.2612097534326389,2.5,0.004374840706888525,1.5,2.5,0.369727753755101,0.369727753755101,0,0,1,1.1057106139490742,monotonic_increase,5
20250702 plate48 C05,51,low-salinity,corrected_fc,0,0.2974798090481257,0.2974798090481257,0,4,0,0.5250133399666544,0.09549574541477371,0.42951759455188077,0.3340218491371071,4.497766813446247,0.06554021585153323,0.1909111013380964,2.5,-0.0056291567250522576,1.5,2.5,0.2974798090481257,0.2974798090481257,0,0,1,0.9711610927704204,rise_then_depress,5
20250702 plate48 C06,33,high-salinity,corrected_fc,0,3.836523160023264,3.836523160023264,0,4,0,7.247346999939153,1.1415604178488086,6.105786582090344,4.964226164241536,5.348632001095724,0.6861020277831158,2.8211498318816344,2.5,0.10445654801024418,3.5,3.5,3.836523160023264,3.836523160023264,0,0,1,0.9889549616403568,monotonic_increase,5
20250702 plate48 D02,37,high-salinity,corrected_fc,0,1.9562758447781867,1.9562758447781867,0,4,0,3.399405880857102,0.6902407862949708,2.709165094562131,2.0189243082671604,3.924956549009817,0.4954227191563633,1.1465729707572154,2.5,-0.10578658487914844,1.5,2.5,1.9562758447781867,1.9562758447781867,0,0,1,0.9473380269761194,rise_then_depress,5
20250702 plate48 D03,12,high-salinity,corrected_fc,0,1.4793136775320834,1.4793136775320834,0,4,0,2.919193574841942,0.8003594277277541,2.118834147114188,1.318474719386434,2.64735326868033,0.6038562059942276,0.7896676431475669,2.5,-0.21084976252717463,1.5,2.5,1.4793136775320834,1.4793136775320834,0,0,1,0.8167194112987708,rise_then_depress,5
20250702 plate48 D04,70,low-salinity,corrected_fc,0,0.739231872700289,0.739231872700289,0,4,0,1.3922396223100686,0.26026227671673025,1.1319773455933384,0.8717150688766082,4.349371564229355,0.1820282475174135,0.5276593216452437,2.5,-0.025560189118779997,1.5,2.5,0.739231872700289,0.739231872700289,0,0,1,0.953222901568755,rise_then_depress,5
20250702 plate48 D05,51,low-salinity,corrected_fc,0,0.972484682553764,0.972484682553764,0,4,0,1.9601459783321804,0.43253180959727,1.5276141687349107,1.0950823591376406,3.531796124214011,0.3240910046111294,0.7160494124996066,2.5,-0.1072093946388481,1.5,2.5,0.972484682553764,0.972484682553764,0,0,1,0.8974227084559372,rise_then_depress,5
20250702 plate48 D06,33,high-salinity,corrected_fc,0,0.11155002680218629,0.11155002680218629,0,4,0,0.20009710431383324,0.034854422739404034,0.1652426815744292,0.13038825883502517,4.740938698365447,0.028505785469536665,0.09042175636373392,2.5,-0.01580851092980192,1.5,2.5,0.11155002680218629,0.11155002680218629,0,0,1,1.0227174158555117,rise_then_depress,5
20250703 plate49 A02,85,low-salinity,corrected_fc,0,4.925924939115503,4.990335976415127,0,3,0,11.35249537807002,2.434066946115727,8.918428431954293,6.484361485838566,3.6640029339317395,0.968936960134312,2.0600760044522968,2.5,-0.0644110372996245,3.5,3.5,4.990335976415127,4.925924939115503,0.0644110372996245,0.012907154468965234,0.9870928455310347,0.8197175218892099,rise_then_depress,5
20250703 plate49 A04,32,high-salinity,corrected_fc,0,4.06799085196762,4.06799085196762,0,4,0,8.82062692161444,2.4625513628960665,6.358075558718374,3.8955241958223077,2.5819057642887104,1.5363540033532246,1.5454880541060392,2.5,0.31604071573245895,1.5,2.5,4.06799085196762,4.06799085196762,0,0,1,0.7399346475936617,monotonic_increase,5
20250703 plate49 A05,50,low-salinity,corrected_fc,0,4.40819675828475,4.40819675828475,0,4,0,9.958347089240826,3.013365582979885,6.944981506260941,3.931615923281056,2.3047258339604193,1.911570242819138,1.911570242819138,0.5,0.2920204375023565,1.5,1.5,4.40819675828475,4.40819675828475,0,0,1,0.7000823562317913,monotonic_increase,5
20250703 plate49 A06,26,high-salinity,corrected_fc,0,2.3566480935536123,2.3566480935536123,0,4,0,7.223173829172951,2.7742967761473007,4.44887705302565,1.6745802768783493,1.60360531406588,1.7772320208649426,1.7772320208649426,0.5,0.08315984258712605,3.5,1.5,2.3566480935536123,2.3566480935536123,0,0,1,0.5755123041853278,monotonic_increase,5
20250703 plate49 B02,85,low-salinity,corrected_fc,0,6.017296311118852,6.017296311118852,0,4,0,10.112134841968869,1.9008320245508992,8.21130281741797,6.31047079286707,4.319846631034121,1.2182094371496812,3.1547868996548902,2.5,0.14703573765275468,1.5,2.5,6.017296311118852,6.017296311118852,0,0,1,0.9632129494624999,monotonic_increase,5
20250703 plate49 B03,82,low-salinity,corrected_fc,0,6.870931013826007,6.870931013826007,0,4,0,12.759194474425225,1.958256656499024,10.8009378179262,8.842681161427176,5.515588460828288,1.1268610807907076,4.871285583888247,2.5,0.3368542785211259,3.5,3.5,6.870931013826007,6.870931013826007,0,0,1,0.9942931628413467,monotonic_increase,5
20250703 plate49 B04,32,high-salinity,corrected_fc,0,7.284634492180488,7.284634492180488,0,4,0,12.050468341016035,1.8739384464266176,10.176529894589418,8.3025914481628,5.430557185053157,1.3322920500234434,4.909273459289653,2.5,-0.24899925721709537,1.5,2.5,7.284634492180488,7.284634492180488,0,0,1,1.0406732104306058,rise_then_depress,5
20250703 plate49 B05,50,low-salinity,corrected_fc,0,6.852492309084891,6.852492309084891,0,4,0,12.254103542592551,1.92107792251951,10.333025620073041,8.411947697553531,5.378764442059274,1.3459098699875265,5.181275307934644,2.5,-0.19557376492355893,1.5,2.5,6.852492309084891,6.852492309084891,0,0,1,1.0209585539096646,rise_then_depress,5
20250703 plate49 B06,26,high-salinity,corrected_fc,0,0.9757208592982304,0.9757208592982304,0,4,0,1.650142815470414,0.21870396697646405,1.43143884849395,1.2127348815174859,6.545097778898519,0.13668218338335306,0.6975130680655017,2.5,0.027361383802868955,1.5,2.5,0.9757208592982304,0.9757208592982304,0,0,1,1.0625285926226689,monotonic_increase,5
20250703 plate49 C02,85,low-salinity,corrected_fc,0,6.656448946167124,6.656448946167124,0,4,0,10.074442606952118,0.9315727113937754,9.142869895558341,8.211297184164566,9.814445811620232,0.6975760377723927,5.112655401610632,2.5,-0.22958269052962738,1.5,2.5,6.656448946167124,6.656448946167124,0,0,1,1.183125288374275,rise_then_depress,5
20250703 plate49 C03,82,low-salinity,corrected_fc,0,7.118261878775745,7.118261878775745,0,4,0,10.66218428687268,1.2483459234914216,9.413838363381258,8.165492439889835,7.541049468926269,0.9820323939520186,5.055766835375177,2.5,-0.4494053348732129,1.5,2.5,7.118261878775745,7.118261878775745,0,0,1,1.1487027352299355,rise_then_depress,5
20250703 plate49 C05,50,low-salinity,corrected_fc,0,3.832724118243607,3.832724118243607,0,4,0,5.378934049229137,0.6313328161716185,4.7476012330575195,4.116268416885901,7.519965874492027,0.5045072956376527,2.4507626123338175,2.5,-0.25085625456972105,1.5,2.5,3.832724118243607,3.832724118243607,0,0,1,1.1710771295711513,rise_then_depress,5
20250703 plate49 C06,26,high-salinity,corrected_fc,0,2.006102617843844,2.006102617843844,0,4,0,2.6324132159836946,0.2806200363479064,2.3517931796357883,2.071173143287882,8.380702996988028,0.23306233833294784,1.2060687766689904,2.5,-0.13794694230303078,1.5,2.5,2.006102617843844,2.006102617843844,0,0,1,1.2180832805197515,rise_then_depress,5
20250703 plate49 D02,85,low-salinity,corrected_fc,0,6.558254737912762,6.558254737912762,0,4,0,11.627877575510407,1.6584765481556647,9.969401027354744,8.310924479199079,6.01117998228035,1.2839274558948934,5.566626381616049,2.5,-0.534829271373351,1.5,2.5,6.558254737912762,6.558254737912762,0,0,1,1.0694480276784515,rise_then_depress,5
20250703 plate49 D03,82,low-salinity,corrected_fc,0,7.691269896949159,7.691269896949159,0,4,0,12.523457597691381,1.5015360925048054,11.021921505186576,9.52038541268177,7.340430616489695,0.9743705126427512,5.594789817125835,2.5,0.07996064708135708,1.5,2.5,7.691269896949159,7.691269896949159,0,0,1,1.099612306427883,monotonic_increase,5
20250703 plate49 D04,32,high-salinity,corrected_fc,0,2.926947907740701,2.926947907740701,0,4,0,4.87920595155895,0.9486134122344742,3.9305925393244756,2.9819791270900016,4.143513562670279,0.7174373767604327,1.773590479032001,2.5,-0.25508530581234984,1.5,2.5,2.926947907740701,2.926947907740701,0,0,1,0.9853115276822364,rise_then_depress,5
20250703 plate49 D05,50,low-salinity,corrected_fc,0,2.732468546864387,2.732468546864387,0,4,0,4.917079837932737,0.9202834355485694,3.996796402384167,3.0765129668355975,4.343005913174703,0.6927557091317179,1.9479789497014197,2.5,-0.2377002562980151,1.5,2.5,2.732468546864387,2.732468546864387,0,0,1,0.9771914311415195,rise_then_depress,5
20250703 plate49 D06,26,high-salinity,corrected_fc,0,3.7302251144681513,3.7302251144681513,0,4,0,5.966998136757381,0.8920084321744088,5.074989704582972,4.182981272408563,5.689396558967383,0.6548248908675688,2.498326523428376,2.5,-0.18045780825388863,1.5,2.5,3.7302251144681513,3.7302251144681513,0,0,1,1.0652306197526662,rise_then_depress,5
20250703 plate50 A03,36,high-salinity,corrected_fc,0,3.4698208782034072,3.4698208782034072,0,4,0,7.8408307339746575,2.514623565804505,5.326207168170153,2.8115836023656477,2.1180932369358976,1.610046175451557,1.610046175451557,0.5,0.1991086052543387,1.5,1.5,3.4698208782034072,3.4698208782034072,0,0,1,0.6800247653463547,monotonic_increase,5
20250703 plate50 A04,19,high-salinity,corrected_fc,0,1.6162572260316397,1.6162572260316397,0,4,0,5.370153435803152,2.2077456252194367,3.162407810583715,0.954662185364278,1.4324149369651182,1.444188136916984,1.444188136916984,0.5,0.025535516766197475,3.5,1.5,1.6162572260316397,1.6162572260316397,0,0,1,0.5615959235873011,monotonic_increase,5
20250703 plate50 A05,15,high-salinity,corrected_fc,0,0.6667598078965807,0.6667598078965807,0,4,0,1.5733505329769781,0.4346697591547732,1.138680773822205,0.7040110146674317,2.619645719169421,0.22471555623629735,0.22471555623629735,0.5,0.07141314094114193,3.5,3.5,0.6667598078965807,0.6667598078965807,0,0,1,0.7165887064381725,monotonic_increase,5
20250703 plate50 A06,21,high-salinity,corrected_fc,0,3.4016815691382125,3.4016815691382125,0,4,0,9.112892384825198,3.4579014722025825,5.654990912622616,2.197089440420034,1.635382314412953,2.247210211107725,2.247210211107725,0.5,0.17417231108198994,1.5,1.5,3.4016815691382125,3.4016815691382125,0,0,1,0.5949962529825599,monotonic_increase,5
20250703 plate50 B02,82,low-salinity,corrected_fc,0,3.8794319303103566,3.8794319303103566,0,4,0,7.76278533149538,2.1947659348061155,5.568019396689264,3.3732534618831487,2.5369536260736343,1.3342350177971136,1.3342350177971136,0.5,0.38682681622088966,1.5,1.5,3.8794319303103566,3.8794319303103566,0,0,1,0.7567249481676995,monotonic_increase,5
20250703 plate50 B03,36,high-salinity,corrected_fc,0,2.326838122918687,2.3286832860363047,0,3,0,6.279691382780511,2.033176980728465,4.246514402052046,2.213337421323581,2.088610309039878,1.278764926172067,1.278764926172067,0.5,-0.0018451631176175098,3.5,1.5,2.3286832860363047,2.326838122918687,0.0018451631176175098,7.92363276140568e-4,0.9992076367238595,0.6433462456446585,rise_then_depress,5
20250703 plate50 B04,19,high-salinity,corrected_fc,0,3.001642695564245,3.001642695564245,0,4,0,7.461396846067656,2.3362895304456264,5.125107315622029,2.7888177851764024,2.193695279987177,1.499994344695084,1.499994344695084,0.5,0.1725960268060005,1.5,1.5,3.001642695564245,3.001642695564245,0,0,1,0.6698269941656272,monotonic_increase,5
20250703 plate50 B05,15,high-salinity,corrected_fc,0,3.5016276728871136,3.5016276728871136,0,4,0,7.508705480339701,1.742771163995221,5.765934316344481,4.02316315234926,3.3084861830777297,1.1162013565298587,2.135411057504837,2.5,0.11307700045155222,3.5,3.5,3.5016276728871136,3.5016276728871136,0,0,1,0.8283179369625565,monotonic_increase,5
20250703 plate50 B06,21,high-salinity,corrected_fc,0,2.559801199241696,2.559801199241696,0,4,0,6.34602084136025,1.9043042297315784,4.441716611628671,2.5374123818970924,2.3324616635729227,1.233619489868418,1.233619489868418,0.5,0.06866992709703279,3.5,1.5,2.559801199241696,2.559801199241696,0,0,1,0.691437694039366,monotonic_increase,5
20250703 plate50 C02,82,low-salinity,corrected_fc,0,9.938537792512893,9.938537792512893,0,4,0,16.933029451822463,2.415151126915812,14.517878324906654,12.102727197990841,6.011167650384771,1.426125183490643,6.581531598374701,2.5,0.5519267033596946,1.5,2.5,9.938537792512893,9.938537792512893,0,0,1,1.0338973249340717,monotonic_increase,5
20250703 plate50 C03,36,high-salinity,corrected_fc,0,3.7231103951104254,3.7231103951104254,0,4,0,6.648279501969842,1.5299666819639042,5.118312820005938,3.5883461380420343,3.345375347282688,0.9771427675983008,1.5982858793539148,2.5,0.12850506113290627,1.5,2.5,3.7231103951104254,3.7231103951104254,0,0,1,0.8747779790875684,monotonic_increase,5
20250703 plate50 C04,19,high-salinity,corrected_fc,0,3.313494171751143,3.313494171751143,0,4,0,5.628633608049755,1.0902430927810842,4.538390515268672,3.4481474224875877,4.162732646800597,0.6555796643140164,1.577653143991896,2.5,0.21374719262011965,1.5,2.5,3.313494171751143,3.313494171751143,0,0,1,0.9420854744715106,monotonic_increase,5
20250703 plate50 C05,15,high-salinity,corrected_fc,0,7.777834732414665,7.777834732414665,0,4,0,12.215256477607664,1.3762066490452016,10.83904982856246,9.46284317951726,7.8760336146337355,0.8306304088902107,5.313403741890155,2.5,0.26052207141977124,1.5,2.5,7.777834732414665,7.777834732414665,0,0,1,1.1143187175373857,monotonic_increase,5
20250703 plate50 C06,21,high-salinity,corrected_fc,0,1.77119768439403,1.77119768439403,0,4,0,3.696910552098356,0.8118005605837724,2.8851099915145832,2.073309430930811,3.553964029588594,0.5011479329597889,1.0675532664456182,2.5,0.08233916270044506,3.5,3.5,1.77119768439403,1.77119768439403,0,0,1,0.8498504007712098,monotonic_increase,5
20250703 plate50 D02,82,low-salinity,corrected_fc,0,5.969227728063628,5.969227728063628,0,4,0,10.849860070903409,1.9372561001451682,8.91260397075824,6.9753478706130725,4.600632807448831,1.1275584644324848,3.498897199588376,2.5,0.49183680699288224,1.5,2.5,5.969227728063628,5.969227728063628,0,0,1,0.9466734918253773,monotonic_increase,5
20250703 plate50 D03,36,high-salinity,corrected_fc,0,3.5895073706395446,3.5895073706395446,0,4,0,6.640529282198585,1.2863160240305838,5.354213258168002,4.067897234137418,4.162439989973024,0.7610782124288745,1.9837461380431014,2.5,0.2893974107745442,1.5,2.5,3.5895073706395446,3.5895073706395446,0,0,1,0.9155517774237214,monotonic_increase,5
20250703 plate50 D04,19,high-salinity,corrected_fc,0,3.32782708701284,3.32782708701284,0,4,0,5.616277397203854,0.8872521360436216,4.729025261160233,3.841773125116611,5.329967738649357,0.5325454763712875,2.0009917386368103,2.5,0.17686784297338087,1.5,2.5,3.32782708701284,3.32782708701284,0,0,1,1.0074705015688084,monotonic_increase,5
20250703 plate50 D05,15,high-salinity,corrected_fc,0,1.7941612915341376,1.7941612915341376,0,4,0,3.669608836298897,0.7790537907833092,2.8905550455155877,2.1115012547322785,3.710340774555816,0.4587118946139875,1.032448711240554,2.5,0.1210287879549401,3.5,3.5,1.7941612915341376,1.7941612915341376,0,0,1,0.8600858398519663,monotonic_increase,5
20250703 plate50 D06,21,high-salinity,corrected_fc,0,2.648492533636574,2.648492533636574,0,4,0,5.036512132814311,1.1588347894838105,3.8776773433305003,2.71884255384669,3.3461865129694344,0.7117278650324473,1.212110303158124,2.5,0.18248598387027914,1.5,2.5,2.648492533636574,2.648492533636574,0,0,1,0.8489407776271732,monotonic_increase,5
20250703 plate51 A02,50,low-salinity,corrected_fc,0,4.36647580907757,4.36647580907757,0,4,0,6.961975042048704,1.7810060684797742,5.18096897356893,3.399962905089156,2.909012532445376,1.090589291200859,2.05916151732634,3.5,0.29024426335697107,1.5,3.5,4.36647580907757,4.36647580907757,0,0,1,0.8966653248528161,monotonic_increase,5
20250703 plate51 A03,36,high-salinity,corrected_fc,0,3.573513882475029,3.573513882475029,0,4,0,8.423626546842272,3.0782441839991734,5.345382362843097,2.2671381788439233,1.7365036830504192,2.0014521319595877,2.0014521319595877,0.5,0.15213197211958374,1.5,1.5,3.573513882475029,3.573513882475029,0,0,1,0.6348550484988748,monotonic_increase,5
20250703 plate51 A04,78,low-salinity,corrected_fc,0,4.4426530490481175,4.4426530490481175,0,4,0,11.116417819220452,3.5490342204572407,7.567383598763211,4.01834937830597,2.132237428183565,2.322405710973184,2.322405710973184,0.5,0.13085130799492894,1.5,1.5,4.4426530490481175,4.4426530490481175,0,0,1,0.66374783886721,monotonic_increase,5
20250703 plate51 A05,14,high-salinity,corrected_fc,0,3.712116399685849,3.712116399685849,0,4,0,7.8463242625594205,2.5907472279416486,5.2555770346177715,2.664829806676123,2.0285950624342974,1.663772161572773,1.663772161572773,0.5,0.19017797116497825,1.5,1.5,3.712116399685849,3.712116399685849,0,0,1,0.69481276593639,monotonic_increase,5
20250703 plate51 A06,33,high-salinity,corrected_fc,0,8.110298479148687,8.110298479148687,0,4,0,17.78055126324761,4.289201337636335,13.491349925611274,9.20214858797494,3.145422390697565,1.921094340331419,2.815119654278414,1.5,1.0422047904166725,3.5,3.5,8.110298479148687,8.110298479148687,0,0,1,0.7807075795884312,monotonic_increase,5
20250703 plate51 B02,50,low-salinity,corrected_fc,0,3.4405691991308585,3.4405691991308585,0,4,0,6.7740512146151755,1.9275552461624232,4.846495968452753,2.9189407222903294,2.5143227298421973,1.2159565410377329,1.2159565410377329,0.5,0.20724086921164742,1.5,1.5,3.4405691991308585,3.4405691991308585,0,0,1,0.7641489484969038,monotonic_increase,5
20250703 plate51 B03,36,high-salinity,corrected_fc,0,3.1944069798433192,3.1944069798433192,0,4,0,7.648234812841129,2.1947543066927118,5.453480506148417,3.2587261994557055,2.484779498788773,1.4075998810312087,1.4948137392422491,2.5,0.12528438927806418,3.5,3.5,3.1944069798433192,3.1944069798433192,0,0,1,0.7148026181562619,monotonic_increase,5
20250703 plate51 B05,14,high-salinity,corrected_fc,0,8.213483036968755,8.213483036968755,0,4,0,12.512375210402727,2.6098083383925883,9.902566872010139,7.292758533617551,3.794365557935663,1.6653051056356711,3.362160916199911,3.5,0.22370135987816298,1.5,2.5,8.213483036968755,8.213483036968755,0,0,1,0.976043187771984,monotonic_increase,5
20250703 plate51 B06,33,high-salinity,corrected_fc,0,5.624194024652482,5.624194024652482,0,4,0,11.023371253962418,2.1980987918711152,8.825272462091302,6.627173670220187,4.014957150574135,1.3022505925050214,3.325630851666781,2.5,0.4894458062271656,1.5,2.5,5.624194024652482,5.624194024652482,0,0,1,0.893309625501336,monotonic_increase,5
20250703 plate51 C02,50,low-salinity,corrected_fc,0,5.69689931056471,5.69689931056471,0,4,0,8.951963889985139,1.376351514285378,7.575612375699761,6.199260861414382,5.504126160411231,0.8724528333554047,3.215466677627486,2.5,0.13534452850454204,1.5,2.5,5.69689931056471,5.69689931056471,0,0,1,1.0425752746634367,monotonic_increase,5
20250703 plate51 C03,36,high-salinity,corrected_fc,0,2.245180405643576,2.245180405643576,0,4,0,4.777263063502267,1.2501266005728662,3.527136462929401,2.277009862356535,2.8214234152869824,0.8358069254149615,1.1615872346338985,2.5,-0.0071675750991518905,1.5,2.5,2.245180405643576,2.245180405643576,0,0,1,0.7842498039788586,rise_then_depress,5
20250703 plate51 C05,14,high-salinity,corrected_fc,0,9.062283026324684,9.062283026324684,0,4,0,11.996113555554764,1.1326995693338495,10.863413986220912,9.730714416887063,9.590728451154776,0.7003247157914098,5.035147912431253,2.5,0.16442499129346955,1.5,2.5,9.062283026324684,9.062283026324684,0,0,1,1.2057843749550368,monotonic_increase,5
20250703 plate51 C06,33,high-salinity,corrected_fc,0,2.5740460374626792,2.5740460374626792,0,4,0,5.4752004052718775,1.3018603732336076,4.17334003203827,2.8714796588046627,3.2056740629353193,0.8209012050540274,1.44343950876819,2.5,0.14101713130513283,1.5,2.5,2.5740460374626792,2.5740460374626792,0,0,1,0.8154475226645885,monotonic_increase,5
20250703 plate51 D02,50,low-salinity,corrected_fc,0,0.5403727100920339,0.5403727100920339,0,4,0,0.9256519037393318,0.13876865217100381,0.7868832515683281,0.6481145993973243,5.670468360524655,0.06633531845609004,0.29939689537756975,2.5,0.06633531845609004,0.5,2.5,0.5403727100920339,0.5403727100920339,0,0,1,0.9998885756837035,monotonic_increase,5
20250703 plate51 D03,36,high-salinity,corrected_fc,0,1.7943585846911574,1.7943585846911574,0,4,0,4.193475553828523,1.1234513741160495,3.0700241797124734,1.946572805596424,2.7326720590181486,0.7184313420808655,0.9577847912613426,2.5,0.026533729359446756,3.5,3.5,1.7943585846911574,1.7943585846911574,0,0,1,0.7503140387960309,monotonic_increase,5
20250703 plate51 D04,78,low-salinity,corrected_fc,0,4.958011813553561,4.958011813553561,0,4,0,10.807184473847077,2.627748257311899,8.179436216535176,5.551687959223278,3.112716826573971,1.6386312917297248,2.7330794130118736,2.5,0.24669846937733908,3.5,3.5,4.958011813553561,4.958011813553561,0,0,1,0.7999195634346662,monotonic_increase,5
20250703 plate51 D05,14,high-salinity,corrected_fc,0,8.828382223374671,8.828382223374671,0,4,0,16.52960375225043,2.3500060614741307,14.1795976907763,11.829591629302168,6.033855794347018,0.9711739179903328,5.628910148637569,2.5,0.44180778776950547,3.5,3.5,8.828382223374671,8.828382223374671,0,0,1,0.9922152279299322,monotonic_increase,5
20250703 plate51 D06,33,high-salinity,corrected_fc,0,4.535445661918512,4.535445661918512,0,4,0,10.280586524815309,2.64823275429364,7.632353770521668,4.984121016228028,2.882055498387428,1.612499073250227,2.2574298964321726,2.5,0.20654840339951352,3.5,3.5,4.535445661918512,4.535445661918512,0,0,1,0.7640863866831201,monotonic_increase,5
20250703 plate52 A02,78,low-salinity,corrected_fc,0,7.415200469546019,7.415200469546019,0,4,0,16.861773976238137,4.386321938569333,12.475452037668806,8.089130099099473,2.844171543354127,2.5922612000587524,3.3856695873640534,2.5,0.4414094051608046,3.5,3.5,7.415200469546019,7.415200469546019,0,0,1,0.75505113482863,monotonic_increase,5
20250703 plate52 A03,21,high-salinity,corrected_fc,0,10.057900013662334,10.057900013662334,0,4,0,18.313838732026593,4.461608408672228,13.852230323354366,9.39062191468214,3.1047615690406998,2.6168591749223737,3.2890326152736353,2.5,1.072639292577335,1.5,2.5,10.057900013662334,10.057900013662334,0,0,1,0.8388317897301368,monotonic_increase,5
20250703 plate52 A04,70,low-salinity,corrected_fc,0,2.120108484013276,2.120108484013276,0,4,0,5.940173660292731,2.184548117049597,3.7556255432431342,1.5710774261935372,1.7191773044190943,1.374780866738237,1.374780866738237,0.5,0.23430443308813986,3.5,1.5,2.120108484013276,2.120108484013276,0,0,1,0.5936755610157122,monotonic_increase,5
20250703 plate52 A05,6,high-salinity,corrected_fc,0,3.739325878218033,3.739325878218033,0,4,0,8.323585627548876,2.515947442322635,5.807638185226242,3.291690742903607,2.308330487168219,1.627177571505267,1.627177571505267,0.5,0.1503621701294695,1.5,1.5,3.739325878218033,3.739325878218033,0,0,1,0.7068905567032345,monotonic_increase,5
20250703 plate52 A06,41,high-salinity,corrected_fc,0,4.890421235903464,4.890421235903464,0,4,0,12.337506577891837,4.017321396982073,8.320185180909764,4.302863783927691,2.071077805017076,2.5632955264583783,2.5632955264583783,0.5,0.3447562145890122,1.5,1.5,4.890421235903464,4.890421235903464,0,0,1,0.6502192740813132,monotonic_increase,5
20250703 plate52 B02,78,low-salinity,corrected_fc,0,7.654721053603107,7.654721053603107,0,4,0,18.25229696644564,5.065463506881032,13.186833459564607,8.121369952683576,2.603282689067118,2.8266203881632026,2.8266203881632026,0.5,0.5340912395578821,3.5,3.5,7.654721053603107,7.654721053603107,0,0,1,0.7146310139272116,monotonic_increase,5
20250703 plate52 B03,21,high-salinity,corrected_fc,0,4.126698984639278,4.126698984639278,0,4,0,8.11180421255822,2.2866451707902167,5.825159041768002,3.538513870977785,2.547469592649982,1.3575027887624984,1.3575027887624984,0.5,0.5007819752929379,1.5,1.5,4.126698984639278,4.126698984639278,0,0,1,0.7629632358618547,monotonic_increase,5
20250703 plate52 B04,70,low-salinity,corrected_fc,0,2.449172890289201,2.449172890289201,0,4,0,6.292927206613886,2.0076889617311795,4.285238244882706,2.2775492831515263,2.134413410923798,1.1681417914566368,1.1681417914566368,0.5,0.22806826082563791,3.5,1.5,2.449172890289201,2.449172890289201,0,0,1,0.6493858955422067,monotonic_increase,5
20250703 plate52 B05,6,high-salinity,corrected_fc,0,4.132109951607464,4.132109951607464,0,4,0,8.230757904205811,1.9189838127928063,6.311774091413005,4.392790278620199,3.289123154315263,1.1318942448237304,1.8844504117020444,2.5,0.4422848911144217,1.5,2.5,4.132109951607464,4.132109951607464,0,0,1,0.8265972903417904,monotonic_increase,5
20250703 plate52 B06,41,high-salinity,corrected_fc,0,3.660433183929882,3.660433183929882,0,4,0,7.318985873831239,1.8965639860763555,5.422421887754883,3.5258579016785276,2.8590766921462447,1.090263694305012,1.1733044204759118,2.5,0.5223368892376752,1.5,2.5,3.660433183929882,3.660433183929882,0,0,1,0.7828258972749728,monotonic_increase,5
20250703 plate52 C03,21,high-salinity,corrected_fc,0,2.086024660327393,2.086024660327393,0,4,0,5.216557609278592,1.5331680212445644,3.6833895880340277,2.1502215667894635,2.402469616502958,0.92161206101525,0.92161206101525,0.5,0.057203362686375936,3.5,3.5,2.086024660327393,2.086024660327393,0,0,1,0.6890513736554964,monotonic_increase,5
20250703 plate52 C04,70,low-salinity,corrected_fc,0,4.836586780964008,4.836586780964008,0,4,0,10.00079683430204,2.107461175734664,7.893335658567377,5.785874482832713,3.7454239961577223,1.0854440812698338,2.4089909846908832,2.5,0.38356160734346467,3.5,3.5,4.836586780964008,4.836586780964008,0,0,1,0.8476627057372085,monotonic_increase,5
20250703 plate52 C05,6,high-salinity,corrected_fc,0,2.7716458038976564,2.7716458038976564,0,4,0,5.239948187636383,0.8860238277949803,4.353924359841402,3.467900532046422,4.91400369070985,0.5259141524109121,1.8877724317403697,2.5,0.1636540213891502,3.5,3.5,2.7716458038976564,2.7716458038976564,0,0,1,0.9618765161042315,monotonic_increase,5
20250703 plate52 C06,41,high-salinity,corrected_fc,0,4.012362193709163,4.012362193709163,0,4,0,6.985041526870619,1.38915307358941,5.5958884532812085,4.206735379691798,4.02827345644644,0.769658145297984,1.731222571552349,2.5,0.46933171128486806,1.5,2.5,4.012362193709163,4.012362193709163,0,0,1,0.9171513138696238,monotonic_increase,5
20250703 plate52 D03,21,high-salinity,corrected_fc,0,3.076765442610915,3.076765442610915,0,4,0,6.282424898448367,1.5865242641059616,4.695900634342406,3.1093763702364443,2.9598668867435447,0.804526345452976,0.8115241570779912,2.5,0.7012454482269526,3.5,3.5,3.076765442610915,3.076765442610915,0,0,1,0.7810388997659772,monotonic_increase,5
20250703 plate52 D04,70,low-salinity,corrected_fc,0,2.4719974017449897,2.4719974017449897,0,4,0,5.500790529159877,1.3167771380521387,4.184013391107738,2.8672362530555997,3.1774650927620143,0.5936661030571856,0.8525559669327204,1.5,0.24709374650469895,3.5,3.5,2.4719974017449897,2.4719974017449897,0,0,1,0.7809005439272525,monotonic_increase,5
20250703 plate52 D05,6,high-salinity,corrected_fc,0,2.453714943874475,2.453714943874475,0,4,0,5.313229020813903,1.2472328339518919,4.0659961868620105,2.8187633529101186,3.260013748979642,0.6346074447537046,1.0012625473302117,2.5,0.22720161814788886,3.5,3.5,2.453714943874475,2.453714943874475,0,0,1,0.7951974452828037,monotonic_increase,5
20250703 plate52 D06,41,high-salinity,corrected_fc,0,2.1261159637262925,2.1261159637262925,0,4,0,6.197059711857395,2.1797581358187,4.017301576038695,1.8375434402199948,1.8430033635497032,1.2796113667118485,1.2796113667118485,0.5,0.07201913865759613,3.5,1.5,2.1261159637262925,2.1261159637262925,0,0,1,0.6039618415280545,monotonic_increase,5
20250703 plate53 A03,77,low-salinity,corrected_fc,0,3.6617405571574366,3.730548111110599,0,3,0,9.3950275788535,2.8696593113680033,6.525368267485495,3.655708956117492,2.273917409511155,1.9057094335718248,1.9057094335718248,0.5,-0.06880755395316251,3.5,1.5,3.730548111110599,3.6617405571574366,0.06880755395316251,0.018444355066279585,0.9815556449337204,0.685310032733803,rise_then_depress,5
20250703 plate53 A04,48,low-salinity,corrected_fc,0,6.198987884028129,6.198987884028129,0,4,0,13.823472483961773,3.330971856819444,10.49250062714233,7.161528770322887,3.1499817705337874,1.9843215047217424,3.3530556288351594,2.5,0.1526315509975653,3.5,3.5,6.198987884028129,6.198987884028129,0,0,1,0.7941669667137439,monotonic_increase,5
20250703 plate53 A05,50,low-salinity,corrected_fc,0,3.242260229826537,3.242260229826537,0,4,0,8.450448811590748,2.722248933449438,5.728199878141309,3.005950944691871,2.104216042756584,1.764116741740423,1.764116741740423,0.5,0.09332265830751085,3.5,1.5,3.242260229826537,3.242260229826537,0,0,1,0.6532043558169525,monotonic_increase,5
20250703 plate53 A06,51,low-salinity,corrected_fc,0,3.1877097993895016,3.3077508292599265,0,3,0,6.256414942534015,0.9713159430760736,5.285098999457942,4.313783056381868,5.441173942559297,0.5878226725728092,2.5407642882533974,2.5,-0.12004102987042486,3.5,3.5,3.3077508292599265,3.1877097993895016,0.12004102987042486,0.03629083206889642,0.9637091679311036,0.9924099475521816,rise_then_depress,5
20250703 plate53 B02,61,low-salinity,corrected_fc,0,3.756540545398634,3.756540545398634,0,4,0,8.08750145537261,2.2925132376034107,5.7949882177692,3.5024749801657893,2.527788334093665,1.494807377459972,1.523600364639567,2.5,0.10060434282690567,1.5,2.5,3.756540545398634,3.756540545398634,0,0,1,0.7423169577625917,monotonic_increase,5
20250703 plate53 B03,77,low-salinity,corrected_fc,0,7.09017225052826,7.09017225052826,0,4,0,13.791440225606333,2.392915378956232,11.398524846650101,9.00560946769387,4.7634466922194445,1.4327569299372362,4.972963374328982,2.5,0.19689197816128612,3.5,3.5,7.09017225052826,7.09017225052826,0,0,1,0.9501868355478825,monotonic_increase,5
20250703 plate53 B04,48,low-salinity,corrected_fc,0,9.927178910905658,9.927178910905658,0,4,0,17.391964326848672,2.704520436622755,14.687443890225918,11.982923453603163,5.430701758189237,1.731934315757191,6.8060960721763974,2.5,0.21323792597393676,1.5,2.5,9.927178910905658,9.927178910905658,0,0,1,1.0124247143998548,monotonic_increase,5
20250703 plate53 B05,50,low-salinity,corrected_fc,0,8.97329428119049,8.97329428119049,0,4,0,12.23190534827977,1.369734688025418,10.862170660254353,9.492435972228936,7.9301274584153525,0.925112901259277,5.041658159360685,2.5,-0.035869327726994915,1.5,2.5,8.97329428119049,8.97329428119049,0,0,1,1.172107987222429,rise_then_depress,5
20250703 plate53 B06,51,low-salinity,corrected_fc,0,3.456860520921032,3.456860520921032,0,4,0,7.2495001131391055,1.6143164963807328,5.635183616758372,4.020867120377639,3.4907551458418147,1.1094857899360968,2.3922612369639475,2.5,-0.09982437704682456,1.5,2.5,3.456860520921032,3.456860520921032,0,0,1,0.8651431360022515,rise_then_depress,5
20250703 plate53 C02,61,low-salinity,corrected_fc,0,1.8065511181490763,1.8065511181490763,0,4,0,3.90169371784674,0.942164741769983,2.959528976076757,2.0173642343067737,3.141201156091751,0.6508665818035818,1.1823589371030154,2.5,-0.06827026187077956,1.5,2.5,1.8065511181490763,1.8065511181490763,0,0,1,0.8266292032580481,rise_then_depress,5
20250703 plate53 C03,77,low-salinity,corrected_fc,0,2.9483925494125143,2.9483925494125143,0,4,0,4.702757114963539,0.9358977408010583,3.7668593741624803,2.8309616333614223,4.02486212963644,0.6465237871314028,1.4245412384472569,2.5,-0.06777587979209188,1.5,2.5,2.9483925494125143,2.9483925494125143,0,0,1,0.9770843806905043,rise_then_depress,5
20250703 plate53 C04,48,low-salinity,corrected_fc,0,12.145925305633924,12.145925305633924,0,4,0,16.55255566453659,1.3504463161204407,15.20210934841615,13.851663032295708,11.257100091241492,0.8366615084441461,7.5877922725703035,2.5,0.19090810690844295,1.5,2.5,12.145925305633924,12.145925305633924,0,0,1,1.2160495784174614,monotonic_increase,5
20250703 plate53 C05,50,low-salinity,corrected_fc,0,3.629522157590755,3.629522157590755,0,4,0,5.123044389595807,0.8624780191913812,4.260566370404426,3.398088351213045,4.939912989781389,0.5897077660743905,1.6274945322580763,2.5,-0.04416725984040881,1.5,2.5,3.629522157590755,3.629522157590755,0,0,1,1.0758714208938376,rise_then_depress,5
20250703 plate53 C06,51,low-salinity,corrected_fc,0,4.163838665487255,4.163838665487255,0,4,0,7.192355410177775,0.8905202320468254,6.3018351781309505,5.411314946084125,7.076577208859627,0.5974667414090173,3.3407553734738986,2.5,-0.011359760133401231,1.5,2.5,4.163838665487255,4.163838665487255,0,0,1,1.0868383257835155,rise_then_depress,5
20250703 plate53 D02,61,low-salinity,corrected_fc,0,2.000530488397376,2.000530488397376,0,4,0,4.25419914844319,0.9710217552673619,3.283177393175828,2.3121556379084662,3.381157399786409,0.6651387444017963,1.3652631163804436,2.5,-0.053372722670665285,1.5,2.5,2.000530488397376,2.000530488397376,0,0,1,0.8518500134334762,rise_then_depress,5
20250703 plate53 D03,77,low-salinity,corrected_fc,0,9.600418691801526,9.600418691801526,0,4,0,16.801607674478905,2.0793289046805556,14.72227876979835,12.642949865117796,7.08030304232226,1.2331622561620217,7.383569478341986,2.5,0.45917104087504623,1.5,2.5,9.600418691801526,9.600418691801526,0,0,1,1.0707277979930407,monotonic_increase,5
20250703 plate53 D04,48,low-salinity,corrected_fc,0,3.518874501946016,3.518874501946016,0,4,0,6.591399701398796,1.091567082454036,5.49983261894476,4.408265536490724,5.038474233374794,0.7109316041620144,2.5984889330956866,2.5,0.05033935242202903,1.5,2.5,3.518874501946016,3.518874501946016,0,0,1,0.9842041738827633,monotonic_increase,5
20250703 plate53 D05,50,low-salinity,corrected_fc,0,7.514504871674181,7.514504871674181,0,4,0,10.826679063198695,1.4898550708708411,9.336823992327854,7.846968921457013,6.266934398438065,0.8800752638235398,3.750232135348858,2.5,0.33948435027106294,1.5,2.5,7.514504871674181,7.514504871674181,0,0,1,1.0961634803254998,monotonic_increase,5
20250703 plate53 D06,51,low-salinity,corrected_fc,0,2.484577079352053,2.484577079352053,0,4,0,4.645026842402003,1.1206810432776757,3.524345799124327,2.403664755846651,3.1448250331928613,0.7455449860326723,1.15664908771329,2.5,0.004727128457334806,1.5,2.5,2.484577079352053,2.484577079352053,0,0,1,0.8488716168927128,monotonic_increase,5
20250703 plate54 A02,31,high-salinity,corrected_fc,0,3.2245111339772943,3.2245111339772943,0,4,0,7.968297339316553,2.314651856972829,5.653645482343725,3.338993625370896,2.442546798263533,1.494758815580573,1.5817107911783095,2.5,0.0030142600144724696,3.5,3.5,3.2245111339772943,3.2245111339772943,0,0,1,0.7070277243740404,monotonic_increase,5
20250703 plate54 A03,90,low-salinity,corrected_fc,0,2.900028305857505,2.900028305857505,0,4,0,5.7282612259285095,1.0240703624758987,4.704190863452611,3.6801205009767126,4.593620746995619,0.6003616241219332,1.9830504954619619,2.5,0.06956033368761183,3.5,3.5,2.900028305857505,2.900028305857505,0,0,1,0.934173036316555,monotonic_increase,5
20250703 plate54 A04,14,high-salinity,corrected_fc,0,4.420182851761335,4.420182851761335,0,4,0,10.950500638756639,3.1875878400776614,7.762912798678977,4.575324958601316,2.4353565103604624,2.0309497770116858,2.0829071836003834,2.5,0.02399954202900023,3.5,3.5,4.420182851761335,4.420182851761335,0,0,1,0.7031179850999544,monotonic_increase,5
20250703 plate54 A05,19,high-salinity,corrected_fc,0,2.707706791102824,2.707706791102824,0,4,0,8.530973020688158,3.523674278938705,5.007298741749453,1.4836244628107482,1.4210447235939188,2.239346146465162,2.239346146465162,0.5,-0.19953905122258675,2.5,1.5,2.707706791102824,2.707706791102824,0,0,1,0.5663837153643657,rise_then_depress,5
20250703 plate54 A06,79,low-salinity,corrected_fc,0,6.127505311484973,6.127505311484973,0,4,0,15.876315388308079,4.6788390122023245,11.197476376105755,6.51863736390343,2.3932168529207662,2.5955259879685832,2.5955259879685832,0.5,0.07709461535544548,3.5,3.5,6.127505311484973,6.127505311484973,0,0,1,0.6795653899628386,monotonic_increase,5
20250703 plate54 B02,31,high-salinity,corrected_fc,0,1.5944811497723,1.5944811497723,0,4,0,4.471161344812917,1.5214937745355903,2.9496675702773274,1.428173795741737,1.9386655533162878,0.938252986076856,0.938252986076856,0.5,0.025294942839857004,3.5,1.5,1.5944811497723,1.5944811497723,0,0,1,0.6177064120401651,monotonic_increase,5
20250703 plate54 B03,90,low-salinity,corrected_fc,0,1.0103521434354934,1.0103521434354934,0,4,0,1.6341602127195736,0.11856719495479298,1.5155930177647807,1.3970258228099877,12.782566192467002,0.02522471030074889,0.7303894920849018,2.5,0.02522471030074889,0.5,3.5,1.0103521434354934,1.0103521434354934,0,0,1,1.1580055605096635,monotonic_increase,5
20250703 plate54 B04,14,high-salinity,corrected_fc,0,1.817255795072361,1.817255795072361,0,4,0,3.658305577468825,0.789564915297793,2.8687406621710325,2.0791757468732395,3.63331830808244,0.3787872122198567,0.7277796554010424,2.5,0.26792073351544565,3.5,3.5,1.817255795072361,1.817255795072361,0,0,1,0.8391533947373445,monotonic_increase,5
20250703 plate54 B05,19,high-salinity,corrected_fc,0,2.4430127489036897,2.4430127489036897,0,4,0,5.668017980334963,1.5726573654370015,4.095360614897961,2.52270324946096,2.6041022697655216,0.9814601502272096,1.100262594816741,2.5,0.16035572366736472,3.5,3.5,2.4430127489036897,2.4430127489036897,0,0,1,0.7299949074820902,monotonic_increase,5
20250703 plate54 B06,79,low-salinity,corrected_fc,0,4.19682665872956,4.19682665872956,0,4,0,8.494025509768266,2.0689017730258135,6.425123736742451,4.356221963716638,3.1055721545182733,1.310741779880794,2.0522304279426127,2.5,0.20557820640924485,1.5,2.5,4.19682665872956,4.19682665872956,0,0,1,0.8150369932950688,monotonic_increase,5
20250703 plate54 C02,31,high-salinity,corrected_fc,0,0.4834159330827116,0.4834159330827116,0,4,0,0.8155921766573511,0.08477906466289487,0.7308131119944562,0.6460340473315613,8.620207298822796,0.02520444329118365,0.3103812813379668,2.5,0.02520444329118365,0.5,3.5,0.4834159330827116,0.4834159330827116,0,0,1,1.0821168210037828,monotonic_increase,5
20250703 plate54 C03,90,low-salinity,corrected_fc,0,3.738240652481659,3.738240652481659,-0.003333616951806805,4,1,4.449034601805179,0.05873967420326879,4.390294927601911,4.331555253398642,74.7415607449453,-0.003333616951806805,2.334954727895854,2.5,-0.003333616951806805,0.5,2.5,3.738240652481659,3.738240652481659,0,0,1,1.373730219177491,depress_then_recover,5
20250703 plate54 C04,14,high-salinity,corrected_fc,0,9.349439904724752,9.349439904724752,0,4,0,14.47057692574226,1.5566466992792916,12.913930226462968,11.357283527183677,8.295993067946606,0.8694776438215894,6.177703107727486,2.5,0.5048604670938144,1.5,2.5,9.349439904724752,9.349439904724752,0,0,1,1.1216365361605791,monotonic_increase,5
20250703 plate54 C05,19,high-salinity,corrected_fc,0,4.458542223478024,4.458542223478024,0,4,0,7.675123542533762,1.0807493916388362,6.594374150894926,5.51362475925609,6.101668159068118,0.6660550340618298,3.1210199664248948,2.5,0.16333368109218327,1.5,2.5,4.458542223478024,4.458542223478024,0,0,1,1.040617200741567,monotonic_increase,5
20250703 plate54 C06,79,low-salinity,corrected_fc,0,2.3053897837888044,2.3053897837888044,0,4,0,5.058205645848835,1.157508117399396,3.900697528449439,2.743189411050043,3.3699094371910228,0.6945841673728831,1.3592307864754987,2.5,0.020311097260280242,3.5,3.5,2.3053897837888044,2.3053897837888044,0,0,1,0.8210768842055122,monotonic_increase,5
20250703 plate54 D02,31,high-salinity,corrected_fc,0,9.757946503783428,9.757946503783428,0,4,0,15.938341674046889,2.2275229235610023,13.710818750485885,11.483295826924882,6.155186375620885,1.1169486246676836,5.5001226019142155,2.5,1.1041999731189542,1.5,2.5,9.757946503783428,9.757946503783428,0,0,1,1.035475269037911,monotonic_increase,5
20250703 plate54 D03,90,low-salinity,corrected_fc,0,1.6763263799743866,1.6763263799743866,0,4,0,2.4810662221225512,0.22393948702881195,2.257126735093739,2.033187248064927,10.079181501399699,0.1113522921925681,1.0812019605978147,2.5,0.1113522921925681,0.5,2.5,1.6763263799743866,1.6763263799743866,0,0,1,1.1610651878245823,monotonic_increase,5
20250703 plate54 D04,14,high-salinity,corrected_fc,0,6.187679038916188,6.187679038916188,0,4,0,11.008485737279017,1.9609128967959344,9.047572840483081,7.086659943687147,4.613959577330799,1.184118499013064,3.6233501276763764,2.5,0.3694702965526768,1.5,2.5,6.187679038916188,6.187679038916188,0,0,1,0.9567754865484984,monotonic_increase,5
20250703 plate54 D05,19,high-salinity,corrected_fc,0,4.9170926087691225,4.9170926087691225,0,4,0,9.48954221888165,2.2939582363922724,7.195583982489379,4.901625746097107,3.136754570478116,1.4194862076784656,2.1136215919633976,2.5,0.32945784974914827,1.5,2.5,4.9170926087691225,4.9170926087691225,0,0,1,0.826944704807049,monotonic_increase,5
20250703 plate54 D06,79,low-salinity,corrected_fc,0,3.780190298099323,3.780190298099323,0,4,0,8.593792405116572,2.279727246189232,6.31406515892734,4.034337912738108,2.7696581551507378,1.331971439122993,1.5807025886789625,2.5,0.3039760952878834,3.5,3.5,3.780190298099323,3.780190298099323,0,0,1,0.7449244401491059,monotonic_increase,5
20250703 plate55 A02,15,high-salinity,corrected_fc,0,1.5512023658785576,1.5512023658785576,0,4,0,4.69086953832864,1.7578022764174905,2.933067261911149,1.1752649854936585,1.6685990803749107,1.1134025945508057,1.1134025945508057,0.5,0.038135968773372,3.5,1.5,1.5512023658785576,1.5512023658785576,0,0,1,0.582055869478038,monotonic_increase,5
20250703 plate55 A03,32,high-salinity,corrected_fc,0,6.065770915571117,6.065770915571117,0,4,0,9.387716534407417,1.9206491396660428,7.467067394741374,5.546418255075331,3.8877831669139358,1.2195652164091249,2.332672901872219,3.5,0.18260263010471123,1.5,2.5,6.065770915571117,6.065770915571117,0,0,1,0.9721717841035051,monotonic_increase,5
20250703 plate55 A04,6,high-salinity,corrected_fc,0,3.8900248723339983,3.8900248723339983,0,4,0,9.789626187902833,3.059740068542345,6.729886119360488,3.6701460508181434,2.199496025349171,1.8681125668337235,1.8681125668337235,0.5,0.29677869084913056,3.5,1.5,3.8900248723339983,3.8900248723339983,0,0,1,0.66260299446343,monotonic_increase,5
20250703 plate55 A05,71,low-salinity,corrected_fc,0,2.0844884783054405,2.0844884783054405,0,4,0,6.524126137519216,2.575324837881807,3.9488012996374096,1.3734764617556023,1.533321638323995,1.625296471131515,1.625296471131515,0.5,0.05647196023381196,2.5,1.5,2.0844884783054405,2.0844884783054405,0,0,1,0.5698876453231174,monotonic_increase,5
20250703 plate55 A06,37,high-salinity,corrected_fc,0,2.020685582232056,2.020685582232056,0,4,0,6.326200029688405,2.4680398800176673,3.8581601496707374,1.3901202696530701,1.5632487063552307,1.572737149514727,1.572737149514727,0.5,0.06817095418028729,3.5,1.5,2.020685582232056,2.020685582232056,0,0,1,0.5712463884385646,monotonic_increase,5
20250703 plate55 B02,15,high-salinity,corrected_fc,0,3.16751071413883,3.16751071413883,0,4,0,4.755731748925719,0.7222073035164449,4.033524445409273,3.311317141892828,5.5849953687396185,0.360460658096813,1.3645291520809626,2.5,0.360460658096813,0.5,2.5,3.16751071413883,3.16751071413883,0,0,1,1.0439962745647657,monotonic_increase,5
20250703 plate55 B03,32,high-salinity,corrected_fc,0,3.870369085376739,3.870369085376739,0,4,0,7.228716334866008,1.76673943685674,5.461976898009269,3.6952374611525287,3.0915576932650795,1.0642020676736814,1.419180247771723,2.5,0.34087267069243565,1.5,2.5,3.870369085376739,3.870369085376739,0,0,1,0.830503279132349,monotonic_increase,5
20250703 plate55 B04,6,high-salinity,corrected_fc,0,1.9516301568662944,1.9516301568662944,0,4,0,3.376365085500372,0.8566557090488081,2.519709376451564,1.6630536674027558,2.9413326145334815,0.49349368707172353,0.7708978808249625,3.5,0.23283035688244563,1.5,3.5,1.9516301568662944,1.9516301568662944,0,0,1,0.8492510390744453,monotonic_increase,5
20250703 plate55 B05,71,low-salinity,corrected_fc,0,2.1555806353429685,2.1555806353429685,0,4,0,5.702249917363721,1.7806025265680194,3.9216473907957017,2.1410448642276823,2.202427174106278,1.0525299674688575,1.0525299674688575,0.5,0.03979612131791299,3.5,1.5,2.1555806353429685,2.1555806353429685,0,0,1,0.6552042738660697,monotonic_increase,5
20250703 plate55 B06,37,high-salinity,corrected_fc,0,2.6694016516325254,2.6694016516325254,0,4,0,6.0231799607986956,1.5183928395108683,4.504787121287827,2.986394281776959,2.9668126746033585,0.80090320059679,1.0176173787293288,2.5,0.21680499507503947,3.5,3.5,2.6694016516325254,2.6694016516325254,0,0,1,0.7608053934145758,monotonic_increase,5
20250703 plate55 C02,15,high-salinity,corrected_fc,0,8.64808556501973,8.64808556501973,0,4,0,14.832626522214824,2.4203193176463142,12.41230720456851,9.991987886922196,5.128375877542925,1.4127333808815188,5.065506611764258,2.5,0.6024384926480721,1.5,2.5,8.64808556501973,8.64808556501973,0,0,1,0.9903311934546914,monotonic_increase,5
20250703 plate55 C03,32,high-salinity,corrected_fc,0,2.6005875674103134,2.6005875674103134,0,4,0,4.64336687060235,0.7983256330727133,3.8450412375296366,3.0467156044569235,4.8163820353986075,0.458027335457752,1.5238525609795959,2.5,0.22256925977217068,1.5,2.5,2.6005875674103134,2.6005875674103134,0,0,1,0.9619366807154609,monotonic_increase,5
20250703 plate55 C04,6,high-salinity,corrected_fc,0,3.5163917539987914,3.5163917539987914,0,4,0,6.937563572663464,1.3403344474687746,5.597229125194689,4.2568946777259145,4.175994383912964,0.7225563859510437,1.9856990636421001,2.5,0.2951365673212294,3.5,3.5,3.5163917539987914,3.5163917539987914,0,0,1,0.8938752568610463,monotonic_increase,5
20250703 plate55 C05,71,low-salinity,corrected_fc,0,2.3476488990706894,2.3476488990706894,0,4,0,5.357612443507013,1.3152290462484253,4.042383397258588,2.727154351010163,3.0735204706656454,0.7562959021575347,1.1917595154505705,2.5,0.038023095438337595,3.5,3.5,2.3476488990706894,2.3476488990706894,0,0,1,0.7783866401334913,monotonic_increase,5
20250703 plate55 C06,37,high-salinity,corrected_fc,0,2.6959835968510766,2.6959835968510766,0,4,0,5.879023949810904,1.477711880789343,4.401312069021561,2.923600188232218,2.9784642907997267,0.8496265352466028,1.1690642339678012,2.5,0.27074867179779494,3.5,3.5,2.6959835968510766,2.6959835968510766,0,0,1,0.7738172160105291,monotonic_increase,5
20250703 plate55 D02,15,high-salinity,corrected_fc,0,2.931741278644117,2.931741278644117,0,4,0,5.93097194818112,1.3164545420600482,4.614517406121072,3.298062864061024,3.5052614873431667,0.7031361899370604,1.3086917104300497,2.5,0.3964128639680915,3.5,3.5,2.931741278644117,2.931741278644117,0,0,1,0.8333419545099915,monotonic_increase,5
20250703 plate55 D03,32,high-salinity,corrected_fc,0,2.409777816400277,2.409777816400277,0,4,0,4.754128109051695,1.1102291163752729,3.643898992676423,2.53366987630115,3.2821144202857804,0.6092367961457227,0.9360331237876336,2.5,0.3927478443133777,1.5,2.5,2.409777816400277,2.409777816400277,0,0,1,0.8216952770378118,monotonic_increase,5
20250703 plate55 D04,6,high-salinity,corrected_fc,0,2.189884404117634,2.189884404117634,0,4,0,4.383355776367525,1.0565140713046488,3.326841705062876,2.270327633758227,3.148885372586365,0.5656750829457031,0.759382537927222,2.5,0.41600289377218813,1.5,2.5,2.189884404117634,2.189884404117634,0,0,1,0.8045442347192241,monotonic_increase,5
20250703 plate55 D05,71,low-salinity,corrected_fc,0,2.4796382079220085,2.4796382079220085,0,4,0,5.146834786164511,1.3685240430623273,3.7783107431021836,2.4097867000398563,2.7608654464319895,0.6920502691997645,0.6920502691997645,0.5,0.5090703175534914,2.5,2.5,2.4796382079220085,2.4796382079220085,0,0,1,0.7597639601670398,monotonic_increase,5
20250703 plate55 D06,37,high-salinity,corrected_fc,0,2.8741664887852028,2.8741664887852028,0,4,0,7.19376702199765,2.1938794952784018,4.999887526719249,2.806008031440847,2.2790164808412903,1.1146892174141885,1.1146892174141885,0.5,0.3252334487340076,2.5,2.5,2.8741664887852028,2.8741664887852028,0,0,1,0.6750968860073656,monotonic_increase,5
20250703 plate56 A02,15,high-salinity,corrected_fc,0,1.3988652769534342,1.3988652769534342,0,4,0,4.105540491660504,1.5111440690078306,2.5943964226526735,1.0832523536448428,1.7168425406030756,0.9682294963082968,0.9682294963082968,0.5,0.04681606547701178,3.5,1.5,1.3988652769534342,1.3988652769534342,0,0,1,0.5895191421235999,monotonic_increase,5
20250703 plate56 A03,20,high-salinity,corrected_fc,0,3.8766195209278895,3.8766195209278895,0,4,0,9.3488382348603,2.944929158199604,6.403909076660697,3.4589799184610928,2.1745545419421077,1.7543017472772888,1.7543017472772888,0.5,0.6016476156534525,3.5,1.5,3.8766195209278895,3.8766195209278895,0,0,1,0.665270436130835,monotonic_increase,5
20250703 plate56 A04,47,low-salinity,corrected_fc,0,3.0789111036202463,3.0789111036202463,0,4,0,7.108351600274858,2.5438619739339057,4.5644896263409525,2.020627652407047,1.79431497192526,1.644422283826016,1.644422283826016,0.5,0.1544570963897629,1.5,1.5,3.0789111036202463,3.0789111036202463,0,0,1,0.6451984086698078,monotonic_increase,5
20250703 plate56 A05,90,low-salinity,corrected_fc,0,4.628684842395626,4.628684842395626,0,4,0,11.656570979124243,3.577618668116852,8.078952311007392,4.50133364289054,2.2581926863826163,2.1331549039440127,2.1331549039440127,0.5,0.30853871675888733,3.5,1.5,4.628684842395626,4.628684842395626,0,0,1,0.6682840817328568,monotonic_increase,5
20250703 plate56 A06,6,high-salinity,corrected_fc,0,2.012790006765582,2.012790006765582,0,4,0,5.3838105667894425,1.7863950834735725,3.5974154833158707,1.8110203998422982,2.0137849217099517,1.1652803464634216,1.1652803464634216,0.5,0.042884263842653425,3.5,1.5,2.012790006765582,2.012790006765582,0,0,1,0.6387761119949009,monotonic_increase,5
20250703 plate56 B02,15,high-salinity,corrected_fc,0,1.9314378046329643,1.9314378046329643,0,4,0,4.225606166694352,1.204690601623259,3.0209155650710926,1.8162249634478336,2.5076277352878518,0.6885056636978424,0.6885056636978424,0.5,0.3438642121529907,1.5,1.5,1.9314378046329643,1.9314378046329643,0,0,1,0.7221767876465329,monotonic_increase,5
20250703 plate56 B03,20,high-salinity,corrected_fc,0,7.9816387142097405,7.9816387142097405,0,4,0,11.885992845164802,2.1225342417094337,9.763458603455367,7.640924361745934,4.599906287303112,1.23099489443593,3.1005388151327464,3.5,0.5520838001110779,1.5,2.5,7.9816387142097405,7.9816387142097405,0,0,1,1.0181834118816382,monotonic_increase,5
20250703 plate56 B04,47,low-salinity,corrected_fc,0,5.936519082418625,5.936519082418625,0,4,0,11.512662998466169,2.5737475476003246,8.938915450865846,6.365167903265521,3.4731127608844887,1.4424318423917015,2.5767087940306617,2.5,0.8201995680255452,1.5,2.5,5.936519082418625,5.936519082418625,0,0,1,0.8443917246957773,monotonic_increase,5
20250703 plate56 B05,90,low-salinity,corrected_fc,0,9.203158402276513,9.203158402276513,0,4,0,16.685963359252835,2.6200665577871654,14.06589680146567,11.445830243678504,5.3685265206947,1.1666490714875657,5.104065141428613,2.5,1.1666490714875657,0.5,3.5,9.203158402276513,9.203158402276513,0,0,1,0.9687982960445232,monotonic_increase,5
20250703 plate56 B06,6,high-salinity,corrected_fc,0,1.615538524982046,1.615538524982046,0,4,0,3.5050046968299435,0.7604954482321769,2.7445092485977667,1.9840138003655898,3.608843754394013,0.40716518115755707,0.8767491848828842,2.5,0.03212880594992207,3.5,3.5,1.615538524982046,1.615538524982046,0,0,1,0.8324520238185984,monotonic_increase,5
20250703 plate56 C02,15,high-salinity,corrected_fc,0,1.6813966637456774,1.6813966637456774,0,4,0,4.1791700917254495,1.1909924016981193,2.9881776900273307,1.7971852883292114,2.5089813215993497,0.6479168424992975,0.6479168424992975,0.5,0.07699286479000711,3.5,3.5,1.6813966637456774,1.6813966637456774,0,0,1,0.697391442330811,monotonic_increase,5
20250703 plate56 C03,20,high-salinity,corrected_fc,0,2.3948869066751155,2.3948869066751155,0,4,0,5.528052917692772,1.4366982017100474,4.091354715982725,2.654656514272677,2.8477481986912356,0.7541003900474821,0.8461178276574712,2.5,0.18357345569251393,3.5,3.5,2.3948869066751155,2.3948869066751155,0,0,1,0.7444941777996285,monotonic_increase,5
20250703 plate56 C04,47,low-salinity,corrected_fc,0,3.8397220649526935,3.8397220649526935,0,4,0,7.0675038738420755,1.3921819158508428,5.675321957991232,4.283140042140389,4.076566354852207,0.7972596669599227,1.9706941788421253,2.5,0.39258483082191764,1.5,2.5,3.8397220649526935,3.8397220649526935,0,0,1,0.906900220693661,monotonic_increase,5
20250703 plate56 C05,90,low-salinity,corrected_fc,0,8.025212979977908,8.025212979977908,0,4,0,14.005114167081839,1.7268518014110719,12.278262365670768,10.551410564259696,7.110200397994642,0.4095480877525266,4.313744734706178,2.5,0.4095480877525266,0.5,3.5,8.025212979977908,8.025212979977908,0,0,1,1.027749699367986,monotonic_increase,5
20250703 plate56 C06,6,high-salinity,corrected_fc,0,3.6167269285063086,3.6167269285063086,0,4,0,7.151509391640785,1.4455829185010816,5.705926473139703,4.260343554638622,3.9471457500730245,0.7987008204906737,1.9569167148553253,2.5,0.36604601763016786,3.5,3.5,3.6167269285063086,3.6167269285063086,0,0,1,0.8780779121822888,monotonic_increase,5
20250703 plate56 D02,15,high-salinity,corrected_fc,0,2.772461617377218,2.772461617377218,0,4,0,6.438309349593945,1.5627835749926096,4.875525774601336,3.312742199608726,3.1197702948883324,0.6896917830994725,1.0564918006868012,1.5,0.15625844335762817,3.5,3.5,2.772461617377218,2.772461617377218,0,0,1,0.7702193360379727,monotonic_increase,5
20250703 plate56 D03,20,high-salinity,corrected_fc,0,7.296345872920325,7.296345872920325,0,4,0,14.988352334050562,2.8974394929010003,12.090912841149564,9.193473348248563,4.172964740341753,0.8847062327474495,3.1407602875596528,1.5,0.8663392283844757,3.5,1.5,7.296345872920325,7.296345872920325,0,0,1,0.8704432374385316,monotonic_increase,5
20250703 plate56 D04,47,low-salinity,corrected_fc,0,1.3768718691578143,1.3768718691578143,0,4,0,2.5497794719971165,0.3764169173397483,2.173362554657368,1.7969456373176198,5.773817420367755,0.15127918506812424,0.8095134232635889,2.5,0.11708298135097728,3.5,3.5,1.3768718691578143,1.3768718691578143,0,0,1,0.9799826869745623,monotonic_increase,5
20250703 plate56 D06,6,high-salinity,corrected_fc,0,2.4531802679730865,2.4531802679730865,0,4,0,5.99861082960806,1.6527625370473809,4.345848292560679,2.693085755513298,2.6294450625220662,0.91187392342117,0.91187392342117,0.5,0.07481072302516178,3.5,3.5,2.4531802679730865,2.4531802679730865,0,0,1,0.7142601160702211,monotonic_increase,5
20250703 plate57 A02,83,low-salinity,corrected_fc,0,6.211663631133859,6.296869733430492,0,3,0,15.589829341371658,4.2623090784852025,11.327520262886456,7.065211184401253,2.6576017961870058,2.337490364596169,2.447232305652426,2.5,-0.08520610229663372,3.5,3.5,6.296869733430492,6.211663631133859,0.08520610229663372,0.013531501508482693,0.9864684984915173,0.7152923214841929,rise_then_depress,5
20250703 plate57 A03,61,low-salinity,corrected_fc,0,2.5503546281924696,2.5503546281924696,0,4,0,7.858465893010766,2.991324951157677,4.867140941853089,1.8758159906954117,1.627085328850498,1.9129036836561,1.9129036836561,0.5,0.03681226793719272,3.5,1.5,2.5503546281924696,2.5503546281924696,0,0,1,0.5773137048260822,monotonic_increase,5
20250703 plate57 A04,26,high-salinity,corrected_fc,0,4.761968048396899,4.761968048396899,0,4,0,9.600099857958568,2.097388454883716,7.502711403074851,5.405322948191135,3.5771682568410146,1.270769143455737,2.6418694445924658,2.5,0.38246947940022014,1.5,2.5,4.761968048396899,4.761968048396899,0,0,1,0.8543202325325984,monotonic_increase,5
20250703 plate57 A05,20,high-salinity,corrected_fc,0,2.499330384617644,2.499330384617644,0,4,0,7.516970831182072,2.8037072688274365,4.713263562354635,1.9095562935271988,1.6810826204141531,1.7740532462246306,1.7740532462246306,0.5,0.06538603717463731,3.5,1.5,2.499330384617644,2.499330384617644,0,0,1,0.5835913464244683,monotonic_increase,5
20250703 plate57 A06,39,high-salinity,corrected_fc,0,1.231854990113549,1.231854990113549,0,4,0,3.641728588900542,1.3925067900708132,2.249221798829729,0.8567150087589157,1.6152321948213617,0.8894639620844969,0.8894639620844969,0.5,0.10160351432691117,3.5,1.5,1.231854990113549,1.231854990113549,0,0,1,0.5791257143251153,monotonic_increase,5
20250703 plate57 B02,83,low-salinity,corrected_fc,0,0.5357424512351043,0.5357424512351043,0,4,0,0.7535769802213219,0.08657490504899883,0.6670020751723231,0.5804271701233243,7.704335047145818,0.04518789407208312,0.27496981662402376,2.5,0.0375861278817483,1.5,2.5,0.5357424512351043,0.5357424512351043,0,0,1,1.1354494981273802,monotonic_increase,5
20250703 plate57 B03,61,low-salinity,corrected_fc,0,2.069343451228899,2.069343451228899,0,4,0,4.135965164391829,1.3223165739731861,2.8136485904186435,1.4913320164454573,2.1278176843571033,0.932922398434791,0.932922398434791,0.5,-0.1541340473580004,1.5,1.5,2.069343451228899,2.069343451228899,0,0,1,0.7400670276798043,rise_then_depress,5
20250703 plate57 B04,26,high-salinity,corrected_fc,0,7.084964898902221,7.084964898902221,0,4,0,10.481767940299099,1.4371256923320064,9.044642247967092,7.607516555635085,6.293563810198439,0.980874188840134,4.133405288040365,2.5,-0.06837118185638924,1.5,2.5,7.084964898902221,7.084964898902221,0,0,1,1.1005719037800323,rise_then_depress,5
20250703 plate57 B05,20,high-salinity,corrected_fc,0,3.0002540428357687,3.0002540428357687,0,4,0,6.162537639168134,1.7314414094412498,4.431096229726885,2.6996548202856347,2.559195018419269,1.202322690358586,1.3436130510610087,2.5,-0.1440852521932583,1.5,2.5,3.0002540428357687,3.0002540428357687,0,0,1,0.7715532796549506,rise_then_depress,5
20250703 plate57 B06,39,high-salinity,corrected_fc,0,2.707679502998014,2.707679502998014,0,4,0,5.566847842697074,1.6813316271117877,3.8855162155852865,2.204184588473499,2.310975510678922,1.202194532237736,1.202194532237736,0.5,-0.2439203424896329,1.5,1.5,2.707679502998014,2.707679502998014,0,0,1,0.7515808804057591,rise_then_depress,5
20250703 plate57 C02,83,low-salinity,corrected_fc,0,0.48086868721037146,0.48086868721037146,0,4,0,0.8463592217505008,0.12837211077331878,0.717987110977182,0.5896150002038633,5.593014765060718,0.07750991990755066,0.3249661947746919,2.5,0.024214461823985622,1.5,2.5,0.48086868721037146,0.48086868721037146,0,0,1,1.0117102123176716,monotonic_increase,5
20250703 plate57 C03,61,low-salinity,corrected_fc,0,1.493487580095432,1.493487580095432,0,4,0,1.9419625539506,0.09030780029742175,1.8516547536531782,1.7613469533557564,20.503818579955404,0.0335676059096827,0.9346903804422451,2.5,0.0335676059096827,0.5,2.5,1.493487580095432,1.493487580095432,0,0,1,1.2807654391215477,monotonic_increase,5
20250703 plate57 C04,26,high-salinity,corrected_fc,0,1.472361005687484,1.472361005687484,-0.002894169100214612,4,1,1.698478927354584,0.03327883414320009,1.665200093211384,1.631921259068184,50.037813405540724,-0.002894169100214612,0.8205005806373977,2.5,-0.002894169100214612,0.5,2.5,1.472361005687484,1.472361005687484,0,0,1,1.3717993832434463,depress_then_recover,5
20250703 plate57 C05,20,high-salinity,corrected_fc,0,7.971408712167877,7.971408712167877,0,4,0,9.621193387025414,0.8995418729097528,8.721651514115663,7.822109641205911,9.695659286992045,0.6291688073094672,3.9248279612308674,2.5,-0.08842267610889598,1.5,2.5,7.971408712167877,7.971408712167877,0,0,1,1.26151233359802,rise_then_depress,5
20250703 plate57 C06,39,high-salinity,corrected_fc,0,2.195094434443936,2.195094434443936,0,4,0,4.053536978880755,0.7205965581979898,3.332940420682765,2.6123438624847752,4.625251651239516,0.4625143856341015,1.461146685769132,2.5,0.05364995949367524,1.5,2.5,2.195094434443936,2.195094434443936,0,0,1,0.9586816588163096,monotonic_increase,5
20250703 plate57 D02,83,low-salinity,corrected_fc,0,1.2843653661557282,1.2843653661557282,0,4,0,1.9991519842472703,0.21713864526126425,1.782013338986006,1.5648746937247417,8.206799562748781,0.09564970387519904,0.7753638317499464,2.5,0.09564970387519904,0.5,2.5,1.2843653661557282,1.2843653661557282,0,0,1,1.1035744722730954,monotonic_increase,5
20250703 plate57 D03,61,low-salinity,corrected_fc,0,4.313834531938805,4.313834531938805,0,4,0,5.025915790347684,0.17187168928543647,4.8540441010622475,4.682172411776811,28.24225514535368,0.05687952088595917,2.3521503298944135,2.5,0.05687952088595917,0.5,2.5,4.313834531938805,4.313834531938805,0,0,1,1.3486332267993086,monotonic_increase,5
20250703 plate57 D04,26,high-salinity,corrected_fc,0,8.642659987371175,8.642659987371175,0,4,0,14.040129812273607,1.1877601465911352,12.852369665682472,11.664609519091337,10.820677644866853,0.4405636885480486,6.289450297867625,2.5,0.4405636885480486,0.5,3.5,8.642659987371175,8.642659987371175,0,0,1,1.1414483250469125,monotonic_increase,5
20250703 plate57 D05,20,high-salinity,corrected_fc,0,1.7369710963424876,1.7369710963424876,0,4,0,3.2560058533335767,0.6412249449079275,2.614780908425649,1.9735559635177216,4.07779037479757,0.40223494909032914,1.0293253728016105,2.5,0.07574504254486741,1.5,2.5,1.7369710963424876,1.7369710963424876,0,0,1,0.9146439717838721,monotonic_increase,5
20250703 plate57 D06,39,high-salinity,corrected_fc,0,1.7726864578988937,1.7726864578988937,0,4,0,3.7476256051928836,0.8109384799064472,2.9366871252864364,2.125748645379989,3.621343909620892,0.5274471858767183,1.1998700142478034,2.5,0.005833855591632631,3.5,3.5,1.7726864578988937,1.7726864578988937,0,0,1,0.8647274457430288,monotonic_increase,5
20250703 plate58 A02,31,high-salinity,corrected_fc,0,1.5325935303827458,1.5325935303827458,0,4,0,4.952586350158962,1.9612722143195114,2.991314135839451,1.0300419215199395,1.5251906971400835,1.2582877916510604,1.2582877916510604,0.5,0.010560582403118524,3.5,1.5,1.5325935303827458,1.5325935303827458,0,0,1,0.5673401725332406,monotonic_increase,5
20250703 plate58 A03,60,low-salinity,corrected_fc,0,6.121964379038986,6.121964379038986,0,4,0,14.301268735674746,3.853962529254958,10.447306206419789,6.593343677164831,2.710795999472119,2.3612430098183097,2.9081654585903514,2.5,0.22835988157533826,3.5,3.5,6.121964379038986,6.121964379038986,0,0,1,0.740001940312848,monotonic_increase,5
20250703 plate58 A04,50,low-salinity,corrected_fc,0,2.5492733322521715,2.5492733322521715,0,4,0,7.292152092870308,2.6506753529057767,4.641476739964531,1.9908013870587546,1.7510544001083943,1.7050949079579008,1.7050949079579008,0.5,0.12801370336160245,3.5,1.5,2.5492733322521715,2.5492733322521715,0,0,1,0.5957195859806599,monotonic_increase,5
20250703 plate58 A05,34,high-salinity,corrected_fc,0,2.3529948829906333,2.3529948829906333,0,4,0,6.426211416205183,2.176505274112489,4.249706142092695,2.073200867980206,1.95253656981171,1.3995345072860137,1.3995345072860137,0.5,0.05675694921973129,3.5,1.5,2.3529948829906333,2.3529948829906333,0,0,1,0.6258570441966588,monotonic_increase,5
20250703 plate58 A06,21,high-salinity,corrected_fc,0,1.0523462147325549,1.0523462147325549,0,4,0,2.606389350250823,0.767936255096052,1.8384530951547708,1.0705168400587188,2.394017840614675,0.439655449804103,0.439655449804103,0.5,0.06834703223601046,3.5,3.5,1.0523462147325549,1.0523462147325549,0,0,1,0.6853488883751241,monotonic_increase,5
20250703 plate58 B02,31,high-salinity,corrected_fc,0,1.638541047507056,1.638541047507056,0,4,0,4.531119666447227,1.4857087637689217,3.0454109026783045,1.5597021389093828,2.0498034183716842,0.8537396740202986,0.8537396740202986,0.5,0.04436975833090284,3.5,1.5,1.638541047507056,1.638541047507056,0,0,1,0.6316209218916049,monotonic_increase,5
20250703 plate58 B03,60,low-salinity,corrected_fc,0,0.8087245981354422,0.8087245981354422,0,4,0,1.5508890732751777,0.27911499784792637,1.2717740754272513,0.9926590775793249,4.556451947165403,0.1079204293344204,0.35382807081901235,2.5,0.1079204293344204,0.5,3.5,0.8087245981354422,0.8087245981354422,0,0,1,0.9068471798213339,monotonic_increase,5
20250703 plate58 B04,50,low-salinity,corrected_fc,0,4.199718404908856,4.199718404908856,0,4,0,8.748343523938383,2.0518251932339524,6.69651833070443,4.644693137470478,3.2636885212184263,1.198645210871403,2.0371191811623546,2.5,0.4562392590214026,3.5,3.5,4.199718404908856,4.199718404908856,0,0,1,0.8135668646740173,monotonic_increase,5
20250703 plate58 B05,34,high-salinity,corrected_fc,0,2.148567746093458,2.148567746093458,0,4,0,4.934985215326386,1.4002464805653303,3.534738734761056,2.1344922541957256,2.524368947768363,0.8474747105257044,0.8474747105257044,0.5,0.24088465441875728,3.5,1.5,2.148567746093458,2.148567746093458,0,0,1,0.7174182387529914,monotonic_increase,5
20250703 plate58 B06,21,high-salinity,corrected_fc,0,4.404974106067519,4.404974106067519,0,4,0,9.051524378433783,1.8976853977984323,7.153838980635349,5.256153582836917,3.7697707896866124,1.145142167217553,2.693722235858952,2.5,0.20616540904680836,3.5,3.5,4.404974106067519,4.404974106067519,0,0,1,0.8683454286129657,monotonic_increase,5
20250703 plate58 C02,31,high-salinity,corrected_fc,0,2.063428549433975,2.063428549433975,0,4,0,4.749201205322924,1.1927973845896913,3.5564038207332334,2.363606436143542,2.981565743419697,0.6689277729454977,0.953080711083665,2.5,0.06260861506192272,3.5,3.5,2.063428549433975,2.063428549433975,0,0,1,0.7641711538868466,monotonic_increase,5
20250703 plate58 C03,60,low-salinity,corrected_fc,0,2.730006752342185,2.730006752342185,0,4,0,4.98023791930407,1.1070441910409545,3.873193728263116,2.7661495372221614,3.4986803233402535,0.6165585096252976,1.0367333078450525,2.5,0.36441285320601646,1.5,2.5,2.730006752342185,2.730006752342185,0,0,1,0.8644690642165992,monotonic_increase,5
20250703 plate58 C04,50,low-salinity,corrected_fc,0,5.503389733141461,5.503389733141461,0,4,0,6.286628405920639,0.30515147835177037,5.981476927568869,5.6763254492170985,19.60166458926207,0.09899856256954433,2.611323313651459,2.5,0.09899856256954433,0.5,2.5,5.503389733141461,5.503389733141461,0,0,1,1.334323876316322,monotonic_increase,5
20250703 plate58 C05,34,high-salinity,corrected_fc,0,2.124708876742128,2.124708876742128,0,4,0,4.029501671953039,0.6747573186675204,3.3547443532855183,2.679987034617998,4.9717791278059975,0.3415885942699263,1.2928837417216728,2.5,0.165487686225267,3.5,3.5,2.124708876742128,2.124708876742128,0,0,1,0.9480143078457981,monotonic_increase,5
20250703 plate58 C06,21,high-salinity,corrected_fc,0,3.7727289191014206,3.7727289191014206,0,4,0,6.778908371859111,1.0077474450095518,5.771160926849559,4.763413481840007,5.726792913669811,0.5333145152156158,2.461497677917041,2.5,0.36236538159650733,3.5,3.5,3.7727289191014206,3.7727289191014206,0,0,1,1.0007293289644272,monotonic_increase,5
20250703 plate58 D02,31,high-salinity,corrected_fc,0,6.56888778964618,6.56888778964618,0,4,0,12.655838783793708,1.9259693375647209,10.729869446228987,8.803900108664266,5.5711527888581545,0.7752048924779137,3.993132216145476,2.5,0.27422668332708966,3.5,3.5,6.56888778964618,6.56888778964618,0,0,1,0.9649199332635038,monotonic_increase,5
20250703 plate58 D03,60,low-salinity,corrected_fc,0,4.350533957507457,4.350533957507457,0,4,0,8.62574147560171,1.6459572208639026,6.979784254737806,5.333827033873904,4.240562370797446,0.8302733855027663,2.35746576990067,2.5,0.36170051688451466,3.5,3.5,4.350533957507457,4.350533957507457,0,0,1,0.8921358022884863,monotonic_increase,5
20250703 plate58 D04,50,low-salinity,corrected_fc,0,3.5648951213578424,3.5648951213578424,0,4,0,6.31700030209217,1.1478931908573564,5.169107111234815,4.021213920377458,4.5031255106357335,0.5614774183698317,1.627412233093319,2.5,0.5614774183698317,0.5,2.5,3.5648951213578424,3.5648951213578424,0,0,1,0.9321634322006173,monotonic_increase,5
20250703 plate58 D05,34,high-salinity,corrected_fc,0,2.267826991687452,2.267826991687452,0,4,0,4.471309142368511,0.9005357616603726,3.5707733807081383,2.6702376190477657,3.965165552253567,0.43617697985371207,1.0437835394444308,2.5,0.2953258886297001,3.5,3.5,2.267826991687452,2.267826991687452,0,0,1,0.869766037622908,monotonic_increase,5
20250703 plate58 D06,21,high-salinity,corrected_fc,0,5.089911515981669,5.089911515981669,0,4,0,9.98295188307612,1.8362188661730814,8.146733016903038,6.310514150729957,4.436689529218207,0.9559213468964918,2.9608847010824366,2.5,0.3684317763460534,3.5,3.5,5.089911515981669,5.089911515981669,0,0,1,0.9106192673025696,monotonic_increase,5
20250703 plate59 A02,84,low-salinity,corrected_fc,0,1.0097873270062985,1.0097873270062985,0,4,0,2.656295633805179,0.905326023698431,1.7509696101067482,0.8456435864083173,1.934076304306045,0.5492914923364547,0.5492914923364547,0.5,0.11974591176467575,3.5,1.5,1.0097873270062985,1.0097873270062985,0,0,1,0.6237048901257222,monotonic_increase,5
20250703 plate59 A03,7,high-salinity,corrected_fc,0,3.5173629501934225,3.5173629501934225,0,4,0,9.673500286853663,3.3900091868641185,6.2834910999895435,2.893481913125425,1.853532174584459,2.198095696052122,2.198095696052122,0.5,0.18446681611258597,3.5,1.5,3.5173629501934225,3.5173629501934225,0,0,1,0.6129052505454675,monotonic_increase,5
20250703 plate59 A04,41,high-salinity,corrected_fc,0,3.262342469371691,3.262342469371691,0,4,0,7.434805900514686,2.457016986155333,4.977788914359353,2.52077192820402,2.0259481079731767,1.5526508662963026,1.5526508662963026,0.5,0.2560813734217582,1.5,1.5,3.262342469371691,3.262342469371691,0,0,1,0.6670406595031251,monotonic_increase,5
20250703 plate59 A06,31,high-salinity,corrected_fc,0,1.2618482562315172,1.2618482562315172,0,4,0,4.072850158795044,1.605328656676587,2.467521502118457,0.8621928454418701,1.5370818254916192,1.0193459374557092,1.0193459374557092,0.5,0.011233601449696762,3.5,1.5,1.2618482562315172,1.2618482562315172,0,0,1,0.568411205146651,monotonic_increase,5
20250703 plate59 B02,84,low-salinity,corrected_fc,0,8.628151705983507,8.628151705983507,0,4,0,16.2915688436246,3.1484213391519793,13.143147504472621,9.994726165320643,4.1745198906613625,1.3265358021112823,3.363415040358776,2.5,1.3265358021112823,0.5,3.5,8.628151705983507,8.628151705983507,0,0,1,0.888781362418038,monotonic_increase,5
20250703 plate59 B03,7,high-salinity,corrected_fc,0,2.9711232709709634,2.9711232709709634,0,4,0,6.511473156227247,1.8914991014257332,4.619974054801514,2.7284749533757804,2.4424933912573206,1.1657109798879948,1.1657109798879948,0.5,0.28586526318748184,1.5,1.5,2.9711232709709634,2.9711232709709634,0,0,1,0.7200003729821012,monotonic_increase,5
20250703 plate59 B04,41,high-salinity,corrected_fc,0,2.8456339190202704,2.8456339190202704,0,4,0,6.335215461947538,2.0190266868193163,4.3161887751282215,2.2971620883089052,2.1377571694843476,1.2178942084918996,1.2178942084918996,0.5,0.3843707481629335,1.5,1.5,2.8456339190202704,2.8456339190202704,0,0,1,0.6826918206585122,monotonic_increase,5
20250703 plate59 B06,31,high-salinity,corrected_fc,0,6.777995072466664,6.777995072466664,0,4,0,8.598091780993421,1.0915493189156191,7.506542462077803,6.414993143162184,6.876961335595031,0.5641673016017473,3.1878321639360654,3.5,0.49059673302599605,1.5,2.5,6.777995072466664,6.777995072466664,0,0,1,1.1709589470670108,monotonic_increase,5
20250703 plate59 C02,84,low-salinity,corrected_fc,0,1.4391491255120368,1.4391491255120368,0,4,0,1.0960502604563143,0.046607701148089854,1.0494425593082244,1.0028348581601345,22.516505501392537,0.008327656172333915,1.1475611739355867,3.5,0.008327656172333915,0.5,3.5,1.4391491255120368,1.4391491255120368,0,0,1,1.6879723697436833,monotonic_increase,5
20250703 plate59 C03,7,high-salinity,corrected_fc,0,4.738414164197084,4.738414164197084,0,4,0,8.777620960265203,1.8137576177880785,6.963863342477125,5.1501057246890465,3.8394674537437505,1.057435579231064,2.3256901447075387,2.5,0.45520849788296536,1.5,2.5,4.738414164197084,4.738414164197084,0,0,1,0.889833606774728,monotonic_increase,5
20250703 plate59 C04,41,high-salinity,corrected_fc,0,5.460870155676443,5.460870155676443,0,4,0,9.847004632458571,1.8957200671270553,7.951284565331516,6.055564498204461,4.194334756070609,1.0825062731823267,2.7812081056591094,2.5,0.54392131470713,1.5,2.5,5.460870155676443,5.460870155676443,0,0,1,0.9200869983077027,monotonic_increase,5
20250703 plate59 C05,20,high-salinity,corrected_fc,0,3.3151870299817574,3.3151870299817574,0,4,0,6.047037902813807,1.4269473708780263,4.620090531935781,3.1931431610577548,3.2377441706858163,0.8340993738147942,1.1839530257552064,2.5,0.3515966203116698,1.5,2.5,3.3151870299817574,3.3151870299817574,0,0,1,0.8483173104141083,monotonic_increase,5
20250703 plate59 C06,31,high-salinity,corrected_fc,0,3.671487412928988,3.693038594904325,0,3,0,7.584822865165128,1.4478262311269157,6.136996634038212,4.689170402911296,4.238766021846061,0.8396118984575218,2.4766099295655373,2.5,-0.02155118197533712,3.5,3.5,3.693038594904325,3.671487412928988,0.02155118197533712,0.005835623273765284,0.9941643767262347,0.9020308336272618,rise_then_depress,5
20250703 plate59 D03,7,high-salinity,corrected_fc,0,0.5743034673389262,0.5743034673389262,0,4,0,1.0746719686162753,0.1922104241099311,0.8824615445063442,0.690251120396413,4.591122196378054,0.08333625701165703,0.26868730954205877,2.5,0.08333625701165703,0.5,3.5,0.5743034673389262,0.5743034673389262,0,0,1,0.9176859766197925,monotonic_increase,5
20250703 plate59 D04,41,high-salinity,corrected_fc,0,3.862917716864097,3.862917716864097,0,4,0,6.576668451510204,1.5295061838097133,5.047162267700491,3.517656083890778,3.2998639176004874,0.8258417211437314,1.4508787702616366,3.5,0.5814872041882322,1.5,3.5,3.862917716864097,3.862917716864097,0,0,1,0.877829849860248,monotonic_increase,5
20250703 plate60 A02,79,low-salinity,corrected_fc,0,6.732730317145619,6.732730317145619,0,4,0,15.265146871431654,4.260140811297164,11.00500606013449,6.744865248837325,2.583249368413151,2.438639098529011,2.438639098529011,0.5,0.9155911283520934,3.5,3.5,6.732730317145619,6.732730317145619,0,0,1,0.7220966462290984,monotonic_increase,5
20250703 plate60 A03,14,high-salinity,corrected_fc,0,2.3810112782051918,2.3810112782051918,0,4,0,6.728399735223973,2.5479100417425506,4.180489693481423,1.6325796517388724,1.6407524696681712,1.6381960529795976,1.6381960529795976,0.5,0.18123192454630832,1.5,1.5,2.3810112782051918,2.3810112782051918,0,0,1,0.5862961760046435,monotonic_increase,5
20250703 plate60 A04,12,high-salinity,corrected_fc,0,1.767333297769725,1.767333297769725,0,4,0,3.877762408936922,1.246688512753636,2.6310738961832856,1.3843853834296496,2.1104500998183373,0.7716564841415855,0.7716564841415855,0.5,0.17840757308251554,1.5,1.5,1.767333297769725,1.767333297769725,0,0,1,0.6858398622800593,monotonic_increase,5
20250703 plate60 A05,21,high-salinity,corrected_fc,0,4.786222803545118,4.786222803545118,0,4,0,10.921183006157246,3.3811256432120764,7.54005736294517,4.1589317197330935,2.230043529462602,2.2122509968539465,2.2122509968539465,0.5,0.12549829586231365,1.5,1.5,4.786222803545118,4.786222803545118,0,0,1,0.693421817366588,monotonic_increase,5
20250703 plate60 A06,85,low-salinity,corrected_fc,0,4.872262080800293,4.872262080800293,0,4,0,12.814198576377372,3.9357765488941796,8.878422027483193,4.9426454785890135,2.2558247190069087,2.1441955565686013,2.1441955565686013,0.5,0.2215520860428235,3.5,3.5,4.872262080800293,4.872262080800293,0,0,1,0.6616424875499466,monotonic_increase,5
20250703 plate60 B02,79,low-salinity,corrected_fc,0,0.4602839353560349,0.4602839353560349,0,4,0,1.1757217491511138,0.37465362833088794,0.8010681208202259,0.426414492489338,2.138156580490222,0.22364899833440047,0.22364899833440047,0.5,0.04036241221031395,3.5,1.5,0.4602839353560349,0.4602839353560349,0,0,1,0.6512760154833235,monotonic_increase,5
20250703 plate60 B03,14,high-salinity,corrected_fc,0,6.079981980698599,6.079981980698599,0,4,0,9.283112634673719,2.2615559818703344,7.021556652803385,4.760000670933051,3.104745895786525,1.5080828360149792,2.8518894640998687,3.5,-0.001136544304268794,1.5,2.5,6.079981980698599,6.079981980698599,0,0,1,0.9419897244848295,rise_then_depress,5
20250703 plate60 B04,12,high-salinity,corrected_fc,0,6.386637097465218,6.386637097465218,0,4,0,11.313295843642983,2.335704837027128,8.977591006615857,6.641886169588728,3.84363249341149,1.2381612974767993,2.491641839232262,2.5,0.9569257816238574,1.5,2.5,6.386637097465218,6.386637097465218,0,0,1,0.89577233495687,monotonic_increase,5
20250703 plate60 B05,21,high-salinity,corrected_fc,0,4.922714793846079,4.922714793846079,0,4,0,8.961803750772187,2.0403310625930056,6.921472688179181,4.881141625586175,3.392328242742555,1.115069935196766,1.6843319090674218,2.5,0.7354523195957137,1.5,2.5,4.922714793846079,4.922714793846079,0,0,1,0.8560059854953502,monotonic_increase,5
20250703 plate60 B06,85,low-salinity,corrected_fc,0,0.6831862415228583,0.6831862415228583,0,4,0,1.5207312144402172,0.34877254049770523,1.1719586739425119,0.8231861334448066,3.360237799312136,0.12834077369270835,0.3125227599172854,1.5,0.07325245514677248,3.5,1.5,0.6831862415228583,0.6831862415228583,0,0,1,0.8008952249666267,monotonic_increase,5
20250703 plate60 C02,79,low-salinity,corrected_fc,0,4.334680023535285,4.334680023535285,0,4,0,9.138406963739975,1.9351783646750484,7.203228599064927,5.268050234389879,3.7222556486541123,1.087070743026896,2.491565722352825,2.5,0.14689905788615487,3.5,3.5,4.334680023535285,4.334680023535285,0,0,1,0.8513181651038562,monotonic_increase,5
20250703 plate60 C03,14,high-salinity,corrected_fc,0,9.044397119674825,9.044397119674825,0,4,0,15.398597559743965,2.643699286450313,12.754898273293652,10.111198986843338,4.8246403585559134,1.5922445243930146,5.078335427284343,2.5,0.5106649997215829,1.5,2.5,9.044397119674825,9.044397119674825,0,0,1,0.9798514390572088,monotonic_increase,5
20250703 plate60 C04,12,high-salinity,corrected_fc,0,2.008910773108219,2.008910773108219,0,4,0,5.015397079791402,1.485833709080819,3.529563370710583,2.043729661629764,2.3754767099032073,0.8884024360352172,0.8884024360352172,0.5,0.08123406199734706,3.5,3.5,2.008910773108219,2.008910773108219,0,0,1,0.6850301789317954,monotonic_increase,5
20250703 plate60 C05,21,high-salinity,corrected_fc,0,2.270069081925276,2.270069081925276,0,4,0,5.365666057402268,1.50835613365704,3.8573099237452277,2.3489537900881876,2.5572938894696584,0.9259716147409772,0.9751218260344017,2.5,0.13017821805874874,3.5,3.5,2.270069081925276,2.270069081925276,0,0,1,0.7189203384532611,monotonic_increase,5
20250703 plate60 C06,85,low-salinity,corrected_fc,0,0.6886998172227874,0.6886998172227874,0,4,0,1.3998489854306886,0.2865107578752639,1.1133382275554244,0.8268274696801605,3.88585139284763,0.14249258240844478,0.3369337925435734,2.5,0.0637296737455757,3.5,3.5,0.6886998172227874,0.6886998172227874,0,0,1,0.8596570524088135,monotonic_increase,5
20250703 plate60 D02,79,low-salinity,corrected_fc,0,0.5258574400896542,0.5258574400896542,0,4,0,1.0991756212547996,0.22283811165683653,0.8763375095979631,0.6534993979411265,3.9326195285099814,0.08419569158792944,0.19748152934641483,2.5,0.05109107060542517,3.5,3.5,0.5258574400896542,0.5258574400896542,0,0,1,0.850719717084445,monotonic_increase,5
20250703 plate60 D03,14,high-salinity,corrected_fc,0,6.997523410217203,6.997523410217203,0,4,0,12.412591427233348,2.4777697198963686,9.93482170733698,7.457051987440611,4.009582338326622,1.2913559612599934,2.8768187263192515,2.5,1.081471556012757,1.5,2.5,6.997523410217203,6.997523410217203,0,0,1,0.9051532529794071,monotonic_increase,5
20250703 plate60 D04,12,high-salinity,corrected_fc,0,2.0230264018478854,2.0230264018478854,0,4,0,4.126827575377634,0.8047167285857734,3.32211084679186,2.5173941182060866,4.12829847918063,0.3110370211734245,0.8295585236308709,2.5,0.20610846339231692,3.5,3.5,2.0230264018478854,2.0230264018478854,0,0,1,0.8682958750825682,monotonic_increase,5
20250703 plate60 D05,21,high-salinity,corrected_fc,0,7.734666371323525,7.734666371323525,0,4,0,13.848108645025038,3.4726407118458034,10.375467933179234,6.90282722133343,2.987774663179707,2.02029767197722,2.6788746636746357,3.5,0.8843884077599471,1.5,2.5,7.734666371323525,7.734666371323525,0,0,1,0.8365147129699143,monotonic_increase,5
20250703 plate60 D06,85,low-salinity,corrected_fc,0,0.9955762424957176,0.9955762424957176,0,4,0,2.8345764328679346,0.9765962301550963,1.8579802027128383,0.8813839725577419,1.902506015631216,0.5637157490084613,0.5637157490084613,0.5,0.04826464217737325,3.5,1.5,0.9955762424957176,0.9955762424957176,0,0,1,0.6128400844046714,monotonic_increase,5
20250703 plate61 A02,43,high-salinity,corrected_fc,0,6.885715412845878,6.885715412845878,0,4,0,16.112222027482122,4.442739511519742,11.669482515962383,7.226743004442641,2.626641171669902,2.7013310304257,3.002399366257315,2.5,0.40049908440047766,3.5,3.5,6.885715412845878,6.885715412845878,0,0,1,0.7279039520025172,monotonic_increase,5
20250703 plate61 A03,80,low-salinity,corrected_fc,0,2.662140739986084,2.662140739986084,0,4,0,8.317983103219248,3.249266457300555,5.068716645918692,1.819450188618137,1.5599572126595338,2.0572304297661166,2.0572304297661166,0.5,0.11653049159487283,3.5,1.5,2.662140739986084,2.662140739986084,0,0,1,0.5713142399067912,monotonic_increase,5
20250703 plate61 A04,21,high-salinity,corrected_fc,0,2.748108956846737,2.748108956846737,0,4,0,6.991920368506995,2.5820604413551953,4.4098599271518,1.8277994857966045,1.7078840822321275,1.6314167137577849,1.6314167137577849,0.5,0.18387426593620093,2.5,1.5,2.748108956846737,2.748108956846737,0,0,1,0.6108494135483648,monotonic_increase,5
20250703 plate61 A05,34,high-salinity,corrected_fc,0,4.124296039472721,4.124296039472721,0,4,0,9.597857312064358,2.653716632254464,6.944140679809893,4.290424047555429,2.616760431542572,1.6345673210242635,1.8245447263829306,2.5,0.2614526906293895,3.5,3.5,4.124296039472721,4.124296039472721,0,0,1,0.7291989880558724,monotonic_increase,5
20250703 plate61 A06,90,low-salinity,corrected_fc,0,6.419005009805289,6.644520544944179,0,3,0,14.978215100035351,3.621985872208748,11.356229227826603,7.7342433556178545,3.135359890540209,2.119779694228968,3.6401081889846183,2.5,-0.22551553513888933,3.5,3.5,6.644520544944179,6.419005009805289,0.22551553513888933,0.03394007643041819,0.9660599235695818,0.7861995149863926,rise_then_depress,5
20250703 plate61 B02,43,high-salinity,corrected_fc,0,3.709446866374684,3.709446866374684,0,4,0,5.84280100692515,1.3918055357578814,4.450995471167269,3.059189935409387,3.1980009827619797,0.902650678736469,1.6023296854161693,3.5,0.07565903530635543,1.5,2.5,3.709446866374684,3.709446866374684,0,0,1,0.9255613238094142,monotonic_increase,5
20250703 plate61 B03,80,low-salinity,corrected_fc,0,0.5460850112015623,0.5460850112015623,0,4,0,0.9845928900166807,0.15027633496143072,0.83431655505525,0.6840402200938194,5.55188250544826,0.03879776052145225,0.22683832613453342,2.5,0.03879776052145225,0.5,1.5,0.5460850112015623,0.5460850112015623,0,0,1,0.9644912030924981,monotonic_increase,5
20250703 plate61 B04,21,high-salinity,corrected_fc,0,4.192214286935479,4.192214286935479,0,4,0,9.898948685157604,2.9578943585207353,6.94105432663687,3.9831599681161345,2.3466200902821095,1.9173446893494532,1.9173446893494532,0.5,0.16375464899311098,1.5,1.5,4.192214286935479,4.192214286935479,0,0,1,0.6999601084825952,monotonic_increase,5
20250703 plate61 B05,34,high-salinity,corrected_fc,0,2.2316364743754384,2.2316364743754384,0,4,0,4.873633712325244,1.2383654003139866,3.6352683120112577,2.3969029116972713,2.9355376943586586,0.8415380191047773,1.328967931195911,2.5,-0.047883256686358955,1.5,2.5,2.2316364743754384,2.2316364743754384,0,0,1,0.7973436624447489,rise_then_depress,5
20250703 plate61 C02,43,high-salinity,corrected_fc,0,2.224262819518583,2.224262819518583,0,4,0,5.204990281675129,1.4221309649848901,3.7828593166902387,2.3607283517053483,2.6599936361911865,0.9261648931200864,1.1828296913365368,2.5,0.04950098445243922,3.5,3.5,2.224262819518583,2.224262819518583,0,0,1,0.7443295889682788,monotonic_increase,5
20250703 plate61 C03,80,low-salinity,corrected_fc,0,0.4864370107636839,0.4864370107636839,0,4,0,0.8214248381756144,0.07850609283649126,0.7429187453391232,0.6644126525026319,9.463198568376582,0.01284765187098436,0.3027249170607605,2.5,0.01284765187098436,0.5,3.5,0.4864370107636839,0.4864370107636839,0,0,1,1.0906627420974409,monotonic_increase,5
20250703 plate61 C04,21,high-salinity,corrected_fc,0,7.31052308935271,7.31052308935271,0,4,0,12.117718163350684,2.3065975427485226,9.811120620602162,7.50452307785364,4.253503456398948,1.562423163661445,3.9233359386645743,2.5,-0.07407440548729016,1.5,2.5,7.31052308935271,7.31052308935271,0,0,1,0.9722722446600801,rise_then_depress,5
20250703 plate61 C05,34,high-salinity,corrected_fc,0,3.781810056284107,3.781810056284107,0,4,0,7.151358379845802,1.343023848974964,5.808334530870837,4.465310681895874,4.324818606388809,0.9120564295736248,2.6245272445247667,2.5,-0.050121590770946245,1.5,2.5,3.781810056284107,3.781810056284107,0,0,1,0.9448876076021644,rise_then_depress,5
20250703 plate61 C06,90,low-salinity,corrected_fc,0,4.621577743161394,4.621577743161394,0,4,0,8.3390389750691,1.5557704793194818,6.783268495749618,5.227498016430136,4.36007019410519,0.9832507655104306,2.754920482741767,2.5,0.16178866210767184,1.5,2.5,4.621577743161394,4.621577743161394,0,0,1,0.9437472635829851,monotonic_increase,5
20250703 plate61 D02,43,high-salinity,corrected_fc,0,0.5215830761691257,0.5215830761691257,0,4,0,1.0375010028074736,0.21152719868276662,0.8259738041247069,0.6144466054419403,3.904811339951811,0.11990232032186549,0.2903076309574406,2.5,0.04802568848988281,3.5,3.5,0.5215830761691257,0.5215830761691257,0,0,1,0.876414891101251,monotonic_increase,5
20250703 plate61 D03,80,low-salinity,corrected_fc,0,2.1901276399331597,2.1901276399331597,0,4,0,4.992951573854821,1.380912975076836,3.612038598777985,2.231125623701149,2.6156887971720346,0.9044557690336192,1.0876031606817547,2.5,0.04845864305281433,1.5,2.5,2.1901276399331597,2.1901276399331597,0,0,1,0.7429879561046635,monotonic_increase,5
20250703 plate61 D04,21,high-salinity,corrected_fc,0,3.812250466869104,3.812250466869104,0,4,0,6.892244406804662,1.3033609029793274,5.588883503825334,4.285522600846007,4.288055204855243,0.8285618467263093,2.2583611016317278,2.5,0.12103626577972715,1.5,2.5,3.812250466869104,3.812250466869104,0,0,1,0.9394047783072096,monotonic_increase,5
20250703 plate61 D05,34,high-salinity,corrected_fc,0,3.2094557661755463,3.2094557661755463,0,4,0,6.813724469245403,1.5210082716313567,5.292716197614046,3.77170792598269,3.479741889856619,0.8002640943827987,1.525755782780599,2.5,0.24221162889783132,3.5,3.5,3.2094557661755463,3.2094557661755463,0,0,1,0.8213364145465708,monotonic_increase,5
20250703 plate61 D06,90,low-salinity,corrected_fc,0,0.814609222135559,0.814609222135559,0,4,0,1.6410853437823758,0.3412834470774613,1.2998018967049143,0.958518449627453,3.8085699961003314,0.1787314767149513,0.4048413745496049,2.5,0.08466390686093406,3.5,3.5,0.814609222135559,0.814609222135559,0,0,1,0.8585606801479416,monotonic_increase,5
20250703 plate62 A02,5,high-salinity,corrected_fc,0,6.130711942710505,6.130711942710505,0,4,0,13.451889774564512,3.0757572737747023,10.376132500789808,7.300375227015106,3.3735212428046277,1.6374274040256604,2.9957869201874305,2.5,0.25826528302499074,3.5,3.5,6.130711942710505,6.130711942710505,0,0,1,0.8075105129770855,monotonic_increase,5
20250703 plate62 A03,57,low-salinity,corrected_fc,0,5.155188401916073,5.155188401916073,0,4,0,9.520815139535976,2.3712978500497544,7.149517289486221,4.778219439436467,3.015022886870247,1.4731166848887938,1.8773795930453026,2.5,0.32324564543312784,1.5,2.5,5.155188401916073,5.155188401916073,0,0,1,0.8315774253819023,monotonic_increase,5
20250703 plate62 A04,72,low-salinity,corrected_fc,0,4.013237039508229,4.013237039508229,0,4,0,9.843256842037142,2.834752477720501,7.008504364316641,4.17375188659614,2.4723514378766374,1.7471184820704804,1.7471184820704804,0.5,0.09898519059572308,3.5,3.5,4.013237039508229,4.013237039508229,0,0,1,0.7037684329170011,monotonic_increase,5
20250703 plate62 A05,88,low-salinity,corrected_fc,0,4.561957706464243,4.561957706464243,0,4,0,10.497111759516294,3.359476574396259,7.137635185120035,3.7781586107237763,2.1246271635047074,2.1589361013573347,2.1589361013573347,0.5,0.24214484472051323,1.5,1.5,4.561957706464243,4.561957706464243,0,0,1,0.6762983095458496,monotonic_increase,5
20250703 plate62 A06,80,low-salinity,corrected_fc,0,3.681080878052891,3.681080878052891,0,4,0,12.252321538432728,4.994091164625423,7.258230373807305,2.2641392091818826,1.4533636120260336,3.241822127952315,3.241822127952315,0.5,0.015659979945139124,3.5,1.5,3.681080878052891,3.681080878052891,0,0,1,0.5625152294774406,monotonic_increase,5
20250703 plate62 B02,5,high-salinity,corrected_fc,0,4.559217851172561,4.559217851172561,0,4,0,9.2234588180862,2.9220275570186747,6.301431261067527,3.379403704048852,2.156526979333773,2.000472538047324,2.000472538047324,0.5,-0.15736250010462216,1.5,1.5,4.559217851172561,4.559217851172561,0,0,1,0.7316408387137169,rise_then_depress,5
20250703 plate62 B03,57,low-salinity,corrected_fc,0,3.187518367476886,3.187518367476886,0,4,0,7.533031991590096,2.335078609360511,5.197953382229585,2.8628747728690738,2.2260292914306237,1.5898801248383163,1.5898801248383163,0.5,-0.09948315579392664,1.5,1.5,3.187518367476886,3.187518367476886,0,0,1,0.6942352939775247,rise_then_depress,5
20250703 plate62 B04,72,low-salinity,corrected_fc,0,3.1565822113968465,3.1565822113968465,0,4,0,6.735305456836782,2.0466607308476044,4.688644725989177,2.641983995141573,2.290875402708988,1.3445788274194332,1.3445788274194332,0.5,0.05958497943690899,1.5,1.5,3.1565822113968465,3.1565822113968465,0,0,1,0.7192099796308713,monotonic_increase,5
20250703 plate62 B05,88,low-salinity,corrected_fc,0,6.572364339276099,6.572364339276099,0,4,0,11.210517897434162,2.3600044555056234,8.85051344192854,6.490508986422916,3.7502104800189224,1.671973044188769,3.500237038339926,2.5,-0.29591022155505997,1.5,2.5,6.572364339276099,6.572364339276099,0,0,1,0.9387601833097732,rise_then_depress,5
20250703 plate62 B06,80,low-salinity,corrected_fc,0,0.8923236720328575,0.8923236720328575,0,4,0,1.7944567115896257,0.427527953999673,1.3669287575899527,0.9394008035902797,3.197285101013531,0.2788262771274123,0.47466189095674183,2.5,0.018577076617109112,1.5,2.5,0.8923236720328575,0.8923236720328575,0,0,1,0.8308091121618554,monotonic_increase,5
20250703 plate62 C02,5,high-salinity,corrected_fc,0,6.57359604698248,6.57359604698248,0,4,0,12.152983881257843,2.9363231124871136,9.21666076877073,6.280337656283616,3.138844199255738,1.96696995747706,3.0218032802493284,2.5,-0.028263647456952423,1.5,2.5,6.57359604698248,6.57359604698248,0,0,1,0.853255251450077,rise_then_depress,5
20250703 plate62 C03,57,low-salinity,corrected_fc,0,6.679988205131235,6.679988205131235,0,4,0,11.482233815327653,2.666939509436536,8.815294305891118,6.148354796454583,3.305397169564446,1.8556455171694184,3.0414182265241485,2.5,-0.23305753263518403,1.5,2.5,6.679988205131235,6.679988205131235,0,0,1,0.9006130440283324,rise_then_depress,5
20250703 plate62 C04,72,low-salinity,corrected_fc,0,2.9725162014251656,2.9725162014251656,0,4,0,6.218046242882027,1.7930310580190159,4.425015184863011,2.6319841268439954,2.4678965626796643,1.2523761765908263,1.3167924398658604,2.5,-0.17106641373444753,1.5,2.5,2.9725162014251656,2.9725162014251656,0,0,1,0.7577584708877655,rise_then_depress,5
20250703 plate62 C05,88,low-salinity,corrected_fc,0,5.279393690581384,5.279393690581384,0,4,0,10.28605783896919,2.6888790834702663,7.597178755498925,4.908299672028659,2.8254073610829717,1.9595963241416796,2.7696336322224733,2.5,-0.5010308054845065,1.5,2.5,5.279393690581384,5.279393690581384,0,0,1,0.8274356081811532,rise_then_depress,5
20250703 plate62 C06,80,low-salinity,corrected_fc,0,7.138148115309413,7.138148115309413,0,4,0,13.898037401229946,2.9411221719307923,10.956915229299154,8.015793057368363,3.725419954964381,1.9838184197905024,4.515929915223578,2.5,-0.06921091550992253,1.5,2.5,7.138148115309413,7.138148115309413,0,0,1,0.8925177099248729,rise_then_depress,5
20250703 plate62 D02,5,high-salinity,corrected_fc,0,8.050491307405894,8.050491307405894,0,4,0,13.278794281399366,2.8647245698662367,10.414069711533129,7.549345141666892,3.635277827780629,1.921537313826176,3.5592622897100004,2.5,-0.035162801746054795,1.5,2.5,8.050491307405894,8.050491307405894,0,0,1,0.9344091503840435,rise_then_depress,5
20250703 plate62 D03,57,low-salinity,corrected_fc,0,9.57340229688812,9.57340229688812,0,4,0,17.21343141283809,3.4999849736229613,13.713446439215131,10.21346146559217,3.918144375637089,2.384226700210648,5.579470470534131,2.5,-0.15271015338602156,1.5,2.5,9.57340229688812,9.57340229688812,0,0,1,0.9268422056156271,rise_then_depress,5
20250703 plate62 D04,72,low-salinity,corrected_fc,0,5.568236416833713,5.568236416833713,0,4,0,12.386498244886202,3.373321060445128,9.013177184441073,5.639856123995945,2.671900190624528,2.4825679357968413,3.556799602079357,2.5,-0.7010616865002681,1.5,2.5,5.568236416833713,5.568236416833713,0,0,1,0.7870473920169901,rise_then_depress,5
20250703 plate62 D05,88,low-salinity,corrected_fc,0,5.303441597045336,5.303441597045336,0,4,0,11.474618712110036,2.927594285382305,8.54702442672773,5.6194301413454255,2.9194702522148157,1.9643286559908573,3.0055067400307207,2.5,-0.03779739720796216,1.5,2.5,5.303441597045336,5.303441597045336,0,0,1,0.7936448563405143,rise_then_depress,5
20250703 plate62 D06,80,low-salinity,corrected_fc,0,8.789090277269144,8.789090277269144,0,4,0,18.936371246833037,4.395596467141333,14.540774779691704,10.145178312550371,3.308032229161442,2.263171507163517,3.7489547611236818,2.5,0.7752855961898302,3.5,3.5,8.789090277269144,8.789090277269144,0,0,1,0.8012489070941531,monotonic_increase,5
20250703 plate63 A02,77,low-salinity,corrected_fc,0,3.8726202205159024,3.8726202205159024,0,4,0,9.16863636656762,3.1351244146592925,6.033511951908327,2.8983875372490346,1.924488841239181,2.0250687812804697,2.0250687812804697,0.5,0.19504248547717618,1.5,1.5,3.8726202205159024,3.8726202205159024,0,0,1,0.648033684675617,monotonic_increase,5
20250703 plate63 A03,84,low-salinity,corrected_fc,0,6.895826316662786,6.895826316662786,0,4,0,11.485008798898889,3.0114532497325586,8.47355554916633,5.462102299433771,2.813776222466296,1.9067321177795085,2.9749050577809,3.5,0.30271014612659175,1.5,1.5,6.895826316662786,6.895826316662786,0,0,1,0.8674129586739552,monotonic_increase,5
20250703 plate63 A04,61,low-salinity,corrected_fc,0,2.8836971818522104,2.8836971818522104,0,4,0,9.066405790109474,3.61091653097263,5.455489259136845,1.8445727281642155,1.5108322810406711,2.3179801062819525,2.3179801062819525,0.5,0.13483139413870715,2.5,1.5,2.8836971818522104,2.8836971818522104,0,0,1,0.5676506443330666,monotonic_increase,5
20250703 plate63 A05,5,high-salinity,corrected_fc,0,4.047469076655606,4.047469076655606,0,4,0,9.732122965995595,3.347493844390139,6.384629121605457,3.0371352772153175,1.9072862918941784,2.1491839345527506,2.1491839345527506,0.5,0.24743588512202663,1.5,1.5,4.047469076655606,4.047469076655606,0,0,1,0.6417500959520318,monotonic_increase,5
20250703 plate63 A06,38,high-salinity,corrected_fc,0,8.133635768131011,8.133635768131011,0,4,0,20.76131808792436,5.864435202358578,14.896882885565779,9.0324476832072,2.540207602528288,2.856509034340416,3.159343301695909,1.5,0.3114969346488996,3.5,3.5,8.133635768131011,8.133635768131011,0,0,1,0.7005511523250253,monotonic_increase,5
20250703 plate63 B02,77,low-salinity,corrected_fc,0,5.404848562031019,5.404848562031019,0,4,0,10.489873879723017,2.564886498644599,7.924987381078418,5.360100882433819,3.089800420122425,1.620985319680817,2.3908595631715626,2.5,0.26681703824674696,1.5,2.5,5.404848562031019,5.404848562031019,0,0,1,0.8239280570436658,monotonic_increase,5
20250703 plate63 B03,84,low-salinity,corrected_fc,0,5.525947732151008,5.525947732151008,0,4,0,9.354456097651745,1.9642023051072395,7.390253792544506,5.426051487437267,3.762470786908592,1.160639811750729,2.2165924463994715,2.5,0.44648517496229156,1.5,2.5,5.525947732151008,5.525947732151008,0,0,1,0.916194432210797,monotonic_increase,5
20250703 plate63 B04,61,low-salinity,corrected_fc,0,7.466652641627921,7.466652641627921,0,4,0,14.057525142156067,3.0623351422988994,10.995189999857168,7.932854857558269,3.5904594007313855,1.9080746092287733,3.7990820798328286,2.5,0.40044645691147895,1.5,2.5,7.466652641627921,7.466652641627921,0,0,1,0.8744112871771382,monotonic_increase,5
20250703 plate63 B05,5,high-salinity,corrected_fc,0,5.807164638094082,5.807164638094082,0,4,0,11.084542323911979,2.513151201351004,8.571391122560975,6.058239921209971,3.410614975315938,1.4982614759146218,2.6231396272047873,2.5,0.5315179749581431,1.5,2.5,5.807164638094082,5.807164638094082,0,0,1,0.8497163234059764,monotonic_increase,5
20250703 plate63 C02,77,low-salinity,corrected_fc,0,5.126578709848412,5.126578709848412,0,4,0,8.466860582798532,1.8836224330789237,6.583238149719609,4.699615716640685,3.4949881855881313,1.1820317325525036,1.9151766932161423,2.5,0.2211496685003369,1.5,2.5,5.126578709848412,5.126578709848412,0,0,1,0.9158118794906489,monotonic_increase,5
20250703 plate63 C03,84,low-salinity,corrected_fc,0,4.849895200068259,4.849895200068259,0,4,0,8.386806727614657,1.7868473748626736,6.599959352751983,4.81311197788931,3.693633516549905,1.115121626246557,2.1598345068695046,2.5,0.2283298709856758,1.5,2.5,4.849895200068259,4.849895200068259,0,0,1,0.9092963254123025,monotonic_increase,5
20250703 plate63 C04,61,low-salinity,corrected_fc,0,3.3192129608471683,3.3192129608471683,0,4,0,6.529773678949772,1.382506302108041,5.1472673768417305,3.7647610747336895,3.7231420710294008,0.841707318487955,1.8652639455578888,2.5,0.2398906487522171,1.5,2.5,3.3192129608471683,3.3192129608471683,0,0,1,0.8723721521150463,monotonic_increase,5
20250703 plate63 C05,5,high-salinity,corrected_fc,0,3.2925420071451423,3.2925420071451423,0,4,0,6.276352219799868,1.3747224572617363,4.901629762538132,3.5269073052763957,3.5655413473796918,0.8359673206524797,1.6390933491377913,2.5,0.24154295256603342,1.5,2.5,3.2925420071451423,3.2925420071451423,0,0,1,0.8657316485781643,monotonic_increase,5
20250703 plate63 C06,38,high-salinity,corrected_fc,0,3.8432827857713,3.8432827857713,0,4,0,5.923375341639907,0.8815305238196778,5.041844817820229,4.160314294000551,5.719421712108028,0.5111549400353458,2.0090766735815833,2.5,0.2295962275333181,1.5,2.5,3.8432827857713,3.8432827857713,0,0,1,1.048891886900797,monotonic_increase,5
20250703 plate63 D02,77,low-salinity,corrected_fc,0,9.503178122010564,9.503178122010564,0,4,0,19.508151736709824,3.883060382760994,15.625091353948829,11.742030971187834,4.023911506325542,1.9407523639086397,5.046578236386484,2.5,0.5719838479193715,3.5,3.5,9.503178122010564,9.503178122010564,0,0,1,0.8697096636850599,monotonic_increase,5
20250703 plate63 D03,84,low-salinity,corrected_fc,0,6.218535682152366,6.218535682152366,0,4,0,10.543557205305722,2.158513206942038,8.385043998363685,6.226530791421647,3.884638727896765,1.270133506134882,2.610637054866034,2.5,0.50662589547943,1.5,2.5,6.218535682152366,6.218535682152366,0,0,1,0.9230316067960087,monotonic_increase,5
20250703 plate63 D04,61,low-salinity,corrected_fc,0,3.269791189782428,3.269791189782428,0,4,0,7.324519327563585,1.9632835208181532,5.361235806745432,3.397952285927279,2.7307496598918433,1.1516814677958018,1.2915340527871628,2.5,0.3550530309505624,3.5,3.5,3.269791189782428,3.269791189782428,0,0,1,0.7432094155259619,monotonic_increase,5
20250703 plate63 D06,38,high-salinity,corrected_fc,0,4.545295054192,4.545295054192,0,4,0,10.198080775868977,2.594042276777063,7.604038499091914,5.00999622231485,2.9313471747035136,1.4411198524285982,1.8726236989505205,2.5,0.36682650654454996,3.5,3.5,4.545295054192,4.545295054192,0,0,1,0.760972104784766,monotonic_increase,5
20250703 plate64 A02,39,high-salinity,corrected_fc,0,2.760611628908978,2.760611628908978,0,4,0,8.316274962702307,3.204843702134388,5.111431260567919,1.906587558433531,1.5949081252117745,2.046725383167839,2.046725383167839,0.5,0.1876045017620971,3.5,1.5,2.760611628908978,2.760611628908978,0,0,1,0.5759697309638245,monotonic_increase,5
20250703 plate64 A03,5,high-salinity,corrected_fc,0,5.383431718460324,5.383431718460324,0,4,0,11.575091391172563,3.2551060631844067,8.319985327988157,5.06487926480375,2.5559797949713743,2.065629359664945,2.065629359664945,0.5,0.31332404737397823,1.5,1.5,5.383431718460324,5.383431718460324,0,0,1,0.7414216402466619,monotonic_increase,5
20250703 plate64 A04,38,high-salinity,corrected_fc,0,6.160011366022831,6.160011366022831,0,4,0,11.6801403515227,1.7805791281664987,9.899561223356201,8.118982095189702,5.559742370758887,1.0988249310060396,4.774292948863408,2.5,0.022210022838503818,3.5,3.5,6.160011366022831,6.160011366022831,0,0,1,1.0036457364086808,monotonic_increase,5
20250703 plate64 A05,84,low-salinity,corrected_fc,0,9.107954633829344,9.107954633829344,0,4,0,16.6295238930835,3.4666260410122436,13.162897852071257,9.696271811059013,3.797034262232604,1.9799469891981356,4.1488833797142615,2.5,0.9934111144300803,1.5,2.5,9.107954633829344,9.107954633829344,0,0,1,0.8886097333821797,monotonic_increase,5
20250703 plate64 A06,76,low-salinity,corrected_fc,0,7.186710218746635,7.186710218746635,0,4,0,17.78794026690374,4.690818845763304,13.097121421140432,8.40630257537713,2.792075723190549,2.358511208719352,2.50684340063526,2.5,0.015251544023470842,3.5,3.5,7.186710218746635,7.186710218746635,0,0,1,0.7298932728638053,monotonic_increase,5
20250703 plate64 B02,39,high-salinity,corrected_fc,0,2.0953334261230867,2.0953334261230867,0,4,0,5.92110216640451,2.176609254628726,3.744492911775784,1.5678836571470578,1.7203330840447513,1.3535360179576783,1.3535360179576783,0.5,0.2215804640798935,3.5,1.5,2.0953334261230867,2.0953334261230867,0,0,1,0.5927937750752611,monotonic_increase,5
20250703 plate64 B03,5,high-salinity,corrected_fc,0,5.514053823993314,5.514053823993314,0,4,0,10.08732886455521,2.3698227415984445,7.717506122956765,5.347683381358321,3.2565752650982285,1.4915035440589104,2.3255216183415053,2.5,0.2651348510201581,1.5,2.5,5.514053823993314,5.514053823993314,0,0,1,0.8569310253508547,monotonic_increase,5
20250703 plate64 B04,38,high-salinity,corrected_fc,0,6.800070124320323,6.800070124320323,0,4,0,10.635008561740344,2.082977800224594,8.55203076151575,6.4690529612911565,4.105675423229974,1.218232514982792,2.5577598436301834,2.5,0.5112580555008115,1.5,2.5,6.800070124320323,6.800070124320323,0,0,1,0.9707468438589024,monotonic_increase,5
20250703 plate64 C02,39,high-salinity,corrected_fc,0,7.061405790970209,7.061405790970209,0,4,0,9.169288791732814,1.5020348241640247,7.667253967568789,6.165219143404764,5.1045780325606565,0.8642067784163526,3.5626827646341965,3.5,0.41144931307899146,1.5,2.5,7.061405790970209,7.061405790970209,0,0,1,1.1173882897928848,monotonic_increase,5
20250703 plate64 C03,5,high-salinity,corrected_fc,0,6.967833994218777,6.967833994218777,0,4,0,11.263190854834884,1.9835316382471242,9.27965921658776,7.296127578340636,4.678352004905921,1.1760146029932947,3.3731911137168833,2.5,0.4390194675143644,1.5,2.5,6.967833994218777,6.967833994218777,0,0,1,0.9874582354795199,monotonic_increase,5
20250703 plate64 C04,38,high-salinity,corrected_fc,0,6.814859896257372,6.814859896257372,0,4,0,10.92523575031083,1.0230299141878882,9.902205836122942,8.879175921935055,9.679292559087687,0.627997688271548,5.3096792102452355,2.5,0.1620667635611327,1.5,2.5,6.814859896257372,6.814859896257372,0,0,1,1.151516465964363,monotonic_increase,5
20250703 plate64 C05,84,low-salinity,corrected_fc,0,3.552810761126249,3.552810761126249,0,4,0,5.986573296538945,1.0687068299881606,4.917866466550785,3.849159636562624,4.60169835969446,0.6127660157727046,1.773638643341292,2.5,0.2991156126582075,1.5,2.5,3.552810761126249,3.552810761126249,0,0,1,0.9655187007928403,monotonic_increase,5
20250703 plate64 C06,76,low-salinity,corrected_fc,0,5.02064813139496,5.02064813139496,0,4,0,10.542063893892845,2.412674020144065,8.12938987374878,5.716715853604715,3.369452236760671,1.3675230819828692,2.483612993567712,2.5,0.44673326150485604,3.5,3.5,5.02064813139496,5.02064813139496,0,0,1,0.819229901619906,monotonic_increase,5
20250703 plate64 D02,39,high-salinity,corrected_fc,0,2.2713364146373745,2.2713364146373745,0,4,0,4.614019785855927,1.0352959608197003,3.578723825036227,2.5434278642165267,3.4567157223358196,0.6147935902089736,1.1815485058853594,2.5,0.22621115101248002,1.5,2.5,2.2713364146373745,2.2713364146373745,0,0,1,0.8389809015035925,monotonic_increase,5
20250703 plate64 D03,5,high-salinity,corrected_fc,0,6.351799472138813,6.351799472138813,0,4,0,12.985965570449338,2.334819742313598,10.65114582813574,8.31632608582214,4.561870723939229,0.9969703969405936,3.4616980559473203,2.5,0.2144027254454839,3.5,3.5,6.351799472138813,6.351799472138813,0,0,1,0.9009678436746266,monotonic_increase,5
20250703 plate64 D04,38,high-salinity,corrected_fc,0,8.340342658377018,8.340342658377018,0,4,0,15.96963705284315,2.6905965483320755,13.279040504511077,10.588443956179,4.935351795029571,1.0185994136193777,4.092877771184473,2.5,0.9034706177671499,3.5,3.5,8.340342658377018,8.340342658377018,0,0,1,0.9286374992576226,monotonic_increase,5
20250703 plate64 D05,84,low-salinity,corrected_fc,0,2.0134607125374955,2.0134607125374955,0,4,0,5.126106377113853,1.4897602972285022,3.6363460798853504,2.146585782656848,2.4408934018783297,0.8338692878982279,0.8338692878982279,0.5,0.03973599825116714,3.5,3.5,2.0134607125374955,2.0134607125374955,0,0,1,0.6873794126549935,monotonic_increase,5
20250703 plate64 D06,76,low-salinity,corrected_fc,0,5.115353418228661,5.115353418228661,0,4,0,11.539914371203748,3.2177037396619506,8.322210631541797,5.104506891879846,2.586381875049852,1.8408067820068137,1.8408067820068137,0.5,0.7277164534563312,3.5,1.5,5.115353418228661,5.115353418228661,0,0,1,0.7234264657961468,monotonic_increase,5
20250703 plate65 A02,39,high-salinity,corrected_fc,0,2.0499076602085013,2.0499076602085013,0,4,0,4.9521513323342905,1.6361289149838267,3.3160224173504638,1.679893502366637,2.0267488625022207,1.0361734144877712,1.0361734144877712,0.5,0.16373758650433956,1.5,1.5,2.0499076602085013,2.0499076602085013,0,0,1,0.6520431287271888,monotonic_increase,5
20250703 plate65 A03,55,low-salinity,corrected_fc,0,6.200500026649466,6.200500026649466,0,4,0,14.468902345583166,4.444952086468187,10.02395025911498,5.578998172646792,2.255131228440233,2.868831879115266,2.868831879115266,0.5,0.283408535590576,1.5,1.5,6.200500026649466,6.200500026649466,0,0,1,0.6894271063766995,monotonic_increase,5
20250703 plate65 A04,43,high-salinity,corrected_fc,0,2.250419805054628,2.250419805054628,0,4,0,7.05946092593533,2.723768667481665,4.335692258453665,1.6119235909719998,1.591799006360679,1.7175355488071495,1.7175355488071495,0.5,0.046170567802792384,3.5,1.5,2.250419805054628,2.250419805054628,0,0,1,0.5735033147595632,monotonic_increase,5
20250703 plate65 A05,7,high-salinity,corrected_fc,0,2.356183031750359,2.356183031750359,0,4,0,6.775932661997979,2.5524790597462403,4.223453602251739,1.670974542505499,1.6546476987245577,1.6383667856146238,1.6383667856146238,0.5,0.1898577626486091,1.5,1.5,2.356183031750359,2.356183031750359,0,0,1,0.5852493946073899,monotonic_increase,5
20250703 plate65 A06,51,low-salinity,corrected_fc,0,5.393512522517057,5.393512522517057,0,4,0,13.2961835507726,3.605093268661993,9.691090282110608,6.0859970134486145,2.6881663135742926,1.8789506718846212,1.8789506718846212,0.5,0.12532109844234984,3.5,3.5,5.393512522517057,5.393512522517057,0,0,1,0.7186886696151569,monotonic_increase,5
20250703 plate65 B02,39,high-salinity,corrected_fc,0,3.2087005358936427,3.2087005358936427,0,4,0,6.457486055634892,1.4015266350464184,5.055959420588474,3.6544327855420553,3.6074658120364735,0.9345616802987138,2.0507142883985385,2.5,-6.317708033045655e-4,1.5,2.5,3.2087005358936427,3.2087005358936427,0,0,1,0.874405348116984,rise_then_depress,5
20250703 plate65 B03,55,low-salinity,corrected_fc,0,2.855485702944729,2.855485702944729,0,4,0,6.015218043971246,1.990261967741531,4.024956076229715,2.0346941084881847,2.022324770038727,1.3990679384094906,1.3990679384094906,0.5,-0.21667987974541014,1.5,1.5,2.855485702944729,2.855485702944729,0,0,1,0.7088594867508236,rise_then_depress,5
20250703 plate65 B04,43,high-salinity,corrected_fc,0,2.036838955815879,2.036838955815879,0,4,0,5.275488746592574,1.742506342091626,3.532982404500948,1.7904760624093219,2.027529151061864,1.2109001443557266,1.2109001443557266,0.5,-0.14768774888392766,1.5,1.5,2.036838955815879,2.036838955815879,0,0,1,0.6592808596344085,rise_then_depress,5
20250703 plate65 B05,7,high-salinity,corrected_fc,0,3.1894052938186053,3.1894052938186053,0,4,0,7.04684132424684,2.033946425737053,5.012894898509787,2.978948472772734,2.464615013983584,1.4033889533789252,1.5265198345261008,2.5,-0.14227400866266993,1.5,2.5,3.1894052938186053,3.1894052938186053,0,0,1,0.7414141991888453,rise_then_depress,5
20250703 plate65 B06,51,low-salinity,corrected_fc,0,5.749780116122613,5.749780116122613,0,4,0,8.628123735585351,1.1861850873105886,7.441938648274762,6.255753560964173,6.273842697810092,0.7873030504591657,3.370402479659188,2.5,0.010461023243680145,1.5,2.5,5.749780116122613,5.749780116122613,0,0,1,1.0915722743503702,monotonic_increase,5
20250703 plate65 C02,39,high-salinity,corrected_fc,0,2.8085797290605305,2.8085797290605305,0,4,0,4.208185483023552,0.8285310453247108,3.3796544376988416,2.551123392374131,4.079092095305031,0.5102992118366667,1.1514469893799986,3.5,0.12616445513942154,1.5,2.5,2.8085797290605305,2.8085797290605305,0,0,1,0.9959982940423905,monotonic_increase,5
20250703 plate65 C03,55,low-salinity,corrected_fc,0,3.0399779858298515,3.0399779858298515,0,4,0,5.7704409516560204,1.522445343693368,4.247995607962652,2.725550264269284,2.7902450656502715,1.06641055196384,1.3599022398591427,2.5,-0.15434096850478407,1.5,2.5,3.0399779858298515,3.0399779858298515,0,0,1,0.8217348878275743,rise_then_depress,5
20250703 plate65 C04,43,high-salinity,corrected_fc,0,1.086730405065965,1.086730405065965,0,4,0,2.4563713390016515,0.6692114903744361,1.7871598486272153,1.1179483582527792,2.670545671036322,0.4764320210741688,0.665456238193431,2.5,-0.0908730824736344,1.5,2.5,1.086730405065965,1.086730405065965,0,0,1,0.7735768848617747,rise_then_depress,5
20250703 plate65 C05,7,high-salinity,corrected_fc,0,4.0990759983481855,4.0990759983481855,0,4,0,8.446621318502794,1.8052617722727158,6.6413595462300785,4.836097773957363,3.678890035913743,1.1514817871399987,2.6304815916578352,2.5,0.15607818312543498,1.5,2.5,4.0990759983481855,4.0990759983481855,0,0,1,0.869034272175663,monotonic_increase,5
20250703 plate65 C06,51,low-salinity,corrected_fc,0,4.462089472538047,4.462089472538047,0,4,0,8.031377116058211,1.6197274698493342,6.411649646208877,4.791922176359543,3.958474351740965,1.1172720939757006,2.6732387823189523,2.5,-0.11236134222843308,1.5,2.5,4.462089472538047,4.462089472538047,0,0,1,0.931895782613256,rise_then_depress,5
20250703 plate65 D02,39,high-salinity,corrected_fc,0,2.7170997270803063,2.7170997270803063,0,4,0,5.219746143196529,1.3503562332580075,3.8693899099385214,2.5190336766805137,2.8654586209468857,0.919851718449436,1.219326501972654,2.5,-0.058842688832293155,1.5,2.5,2.7170997270803063,2.7170997270803063,0,0,1,0.8188990696249017,rise_then_depress,5
20250703 plate65 D03,55,low-salinity,corrected_fc,0,4.802051368631565,4.802051368631565,0,4,0,8.779274870176746,1.7872606445238692,6.992014225652877,5.204753581129008,3.912140205781551,1.2529925714679668,2.9881843221693876,2.5,-0.18445642535616247,1.5,2.5,4.802051368631565,4.802051368631565,0,0,1,0.9281361783062688,rise_then_depress,5
20250703 plate65 D04,43,high-salinity,corrected_fc,0,2.641972373012019,2.641972373012019,0,4,0,5.585140647367735,1.6226650644786007,3.9624755828891347,2.339810518410534,2.4419553176011517,1.1476778555306393,1.216527769539241,2.5,-0.19770343763471643,1.5,2.5,2.641972373012019,2.641972373012019,0,0,1,0.7553913624919465,rise_then_depress,5
20250703 plate65 D05,7,high-salinity,corrected_fc,0,3.559927105396161,3.559927105396161,0,4,0,7.936407986338347,2.0438568337083676,5.89255115262998,3.8486943189216123,2.8830547499447663,1.27305577360221,1.800184419613427,2.5,0.2181405655704194,3.5,3.5,3.559927105396161,3.559927105396161,0,0,1,0.770014721590965,monotonic_increase,5
20250703 plate65 D06,51,low-salinity,corrected_fc,0,8.480781601621993,8.480781601621993,0,4,0,15.67458642398339,2.886516430086416,12.788069993896974,9.901553563810557,4.43027791583162,1.4386104874029195,4.203961365035488,2.5,1.3810083512195126,3.5,3.5,8.480781601621993,8.480781601621993,0,0,1,0.9178948827666853,monotonic_increase,5
20250703 plate66 A02,32,high-salinity,corrected_fc,0,5.966139818781872,6.064705017195231,0,3,0,15.79025336208345,4.754273936263268,11.03597942582018,6.281705489556912,2.3212754615679896,2.766069437029254,2.766069437029254,0.5,-0.09856519841335931,3.5,3.5,6.064705017195231,5.966139818781872,0.09856519841335931,0.016252265878372953,0.9837477341216271,0.6704950834961929,rise_then_depress,5
20250703 plate66 A03,49,low-salinity,corrected_fc,0,5.607936382618953,5.607936382618953,0,4,0,13.802640052664296,4.4744231525830935,9.328216900081204,4.85379374749811,2.0847864812911148,2.8426462704894315,2.8426462704894315,0.5,0.4209074936978925,1.5,1.5,5.607936382618953,5.607936382618953,0,0,1,0.6555215761797382,monotonic_increase,5
20250703 plate66 A04,78,low-salinity,corrected_fc,0,6.993023402123538,6.993023402123538,0,4,0,16.65275561025498,4.4275190467098025,12.225236563545181,7.7977175168353785,2.7611934436803955,2.4117838307244868,2.681519214527464,2.5,0.28003375562544264,3.5,3.5,6.993023402123538,6.993023402123538,0,0,1,0.7323252925906671,monotonic_increase,5
20250703 plate66 A05,42,high-salinity,corrected_fc,0,3.974582812423167,3.974582812423167,0,4,0,9.395065771704633,2.794316276415556,6.600749495289078,3.8064332188735217,2.3622055781589157,1.715963451157504,1.715963451157504,0.5,0.43947754860372434,3.5,1.5,3.974582812423167,3.974582812423167,0,0,1,0.6938124630284564,monotonic_increase,5
20250703 plate66 A06,51,low-salinity,corrected_fc,0,1.9892739200518967,1.9892739200518967,0,4,0,6.259090287311109,2.418308799616871,3.8407814876942377,1.4224726880773666,1.58820969774527,1.5392487463074516,1.5392487463074516,0.5,0.02218944569302672,3.5,1.5,1.9892739200518967,1.9892739200518967,0,0,1,0.5729488484940031,monotonic_increase,5
20250703 plate66 B02,32,high-salinity,corrected_fc,0,3.911086140503492,3.911086140503492,0,4,0,7.8269314165029265,2.2848452741254777,5.542086142377449,3.257240868251971,2.4255848766383874,1.5266671983202358,1.5266671983202358,0.5,-0.010311046709751803,1.5,1.5,3.911086140503492,3.911086140503492,0,0,1,0.7575475257709245,rise_then_depress,5
20250703 plate66 B03,49,low-salinity,corrected_fc,0,9.042414264921048,9.042414264921048,0,4,0,15.965327577511536,3.551734032786281,12.413593544725256,8.861859511938974,3.4950797075835607,2.286404154204138,4.0963967765183025,2.5,0.24425560296014837,1.5,2.5,9.042414264921048,9.042414264921048,0,0,1,0.8915425177449557,monotonic_increase,5
20250703 plate66 B04,78,low-salinity,corrected_fc,0,8.32841312792905,8.32841312792905,0,4,0,18.18293452895765,5.0395189379691905,13.143415590988457,8.103896653019266,2.608069490911557,3.325042809910426,3.835780642847639,2.5,0.10390944620710263,1.5,2.5,8.32841312792905,8.32841312792905,0,0,1,0.7510669105182385,monotonic_increase,5
20250703 plate66 B05,42,high-salinity,corrected_fc,0,2.0073134954359584,2.0073134954359584,0,4,0,4.928064462691691,1.5613854683828619,3.3666789943088293,1.8052935259259675,2.1562125832999604,1.054880286376641,1.054880286376641,0.5,-0.04186992236419984,1.5,1.5,2.0073134954359584,2.0073134954359584,0,0,1,0.6766890145334762,rise_then_depress,5
20250703 plate66 B06,51,low-salinity,corrected_fc,0,2.788285260076784,2.788285260076784,0,4,0,6.645434932137691,1.994100378821416,4.651334553316276,2.6572341744948598,2.3325478510090747,1.3476034185297758,1.3476034185297758,0.5,-0.05460949794649572,1.5,1.5,2.788285260076784,2.788285260076784,0,0,1,0.7057643320935604,rise_then_depress,5
20250703 plate66 C02,32,high-salinity,corrected_fc,0,8.212259871298786,8.212259871298786,0,4,0,17.169144140969927,3.448545186911706,13.720598954058222,10.272053767146517,3.978662946372903,1.922949368584932,5.037681563428508,2.5,0.12338667121673019,3.5,3.5,8.212259871298786,8.212259871298786,0,0,1,0.874234794463002,monotonic_increase,5
20250703 plate66 C03,49,low-salinity,corrected_fc,0,3.284863292252634,3.284863292252634,0,4,0,6.202033192649404,1.7186314292584886,4.483401763390916,2.764770334132427,2.608704628033772,1.1640334145022664,1.1771760729959315,2.5,-0.054837384989821825,1.5,2.5,3.284863292252634,3.284863292252634,0,0,1,0.7996660136683903,rise_then_depress,5
20250703 plate66 C05,42,high-salinity,corrected_fc,0,3.2905737009449343,3.2905737009449343,0,4,0,6.402784464285261,1.696714730545367,4.706069733739894,3.009355003194527,2.773636398045088,1.1901699893408433,1.5411486596538557,2.5,-0.177080506931796,1.5,2.5,3.2905737009449343,3.2905737009449343,0,0,1,0.8124458247262255,rise_then_depress,5
20250703 plate66 C06,51,low-salinity,corrected_fc,0,4.759378152874351,4.759378152874351,0,4,0,9.086186740634425,1.773820870535449,7.312365870098975,5.538544999563526,4.122381234522091,1.1698059785937551,3.120632117836717,2.5,0.03822380528963287,1.5,2.5,4.759378152874351,4.759378152874351,0,0,1,0.9230906708909212,monotonic_increase,5
20250703 plate66 D02,32,high-salinity,corrected_fc,0,4.0419817801903335,4.0419817801903335,0,4,0,7.680026599134118,1.8998415950439682,5.78018500409015,3.8803434090461817,3.0424562864444384,1.3614722579821883,2.144086102809643,2.5,-0.28473358385862824,1.5,2.5,4.0419817801903335,4.0419817801903335,0,0,1,0.8509084888965965,rise_then_depress,5
20250703 plate66 D03,49,low-salinity,corrected_fc,0,8.636367156332348,8.636367156332348,0,4,0,17.212074680675308,3.8971312148476267,13.31494346582768,9.417812250980052,3.4166012720072807,2.527952376812556,4.889223373556291,2.5,0.2104052992575869,1.5,2.5,8.636367156332348,8.636367156332348,0,0,1,0.8528421793287546,monotonic_increase,5
20250703 plate66 D04,78,low-salinity,corrected_fc,0,6.776864822021872,6.776864822021872,0,4,0,15.93548663313718,5.003105813209711,10.932380819927468,5.9292750067177575,2.185118849787802,3.614564354234661,3.614564354234661,0.5,-0.83748143628456,1.5,1.5,6.776864822021872,6.776864822021872,0,0,1,0.7075364959998988,rise_then_depress,5
20250703 plate66 D05,42,high-salinity,corrected_fc,0,2.8782654881492102,2.8782654881492102,0,4,0,6.382696850649017,1.7042971430442173,4.6783997076048,2.974102564560583,2.7450610515301563,1.1044559880840457,1.4397434986496795,2.5,0.09522632183629787,1.5,2.5,2.8782654881492102,2.8782654881492102,0,0,1,0.7613250480329583,monotonic_increase,5
20250703 plate66 D06,51,low-salinity,corrected_fc,0,3.375290156534596,3.375290156534596,0,4,0,7.679360924891053,2.6896388547502483,4.989722070140804,2.3000832153905555,1.8551643323148432,1.8269667367674007,1.8269667367674007,0.5,-0.10162250080170554,1.5,1.5,3.375290156534596,3.375290156534596,0,0,1,0.6597061963318758,rise_then_depress,5
20250703 plate67 A03,32,high-salinity,corrected_fc,0,5.768534347929328,5.768534347929328,0,4,0,12.180053765770408,3.363657540400548,8.81639622536986,5.4527386849693125,2.621074267958918,1.772828017902624,1.772828017902624,0.5,1.159640483911423,2.5,1.5,5.768534347929328,5.768534347929328,0,0,1,0.7422104376395992,monotonic_increase,5
20250703 plate67 A04,50,low-salinity,corrected_fc,0,4.176632697445323,4.176632697445323,0,4,0,5.536113626558474,0.6808201425778557,4.855293483980619,4.174473341402763,7.131536187511355,0.3680547737618048,1.8286810288098039,2.5,0.2574759638702971,1.5,2.5,4.176632697445323,4.176632697445323,0,0,1,1.1531307412984702,monotonic_increase,5
20250703 plate67 A05,83,low-salinity,corrected_fc,0,7.5887289411240175,7.5887289411240175,0,4,0,17.76941541621504,4.867268055579266,12.902147360635773,8.034879305056506,2.650798602687654,2.701605145389989,2.701605145389989,0.5,0.6466089612395285,3.5,3.5,7.5887289411240175,7.5887289411240175,0,0,1,0.7225426805274698,monotonic_increase,5
20250703 plate67 A06,34,high-salinity,corrected_fc,0,3.1960354000533715,3.1960354000533715,0,4,0,7.856337852065347,2.629247925287153,5.227089926778195,2.597842001491042,1.9880551683642838,1.678858518016782,1.678858518016782,0.5,0.22192029652395995,1.5,1.5,3.1960354000533715,3.1960354000533715,0,0,1,0.6447142714686149,monotonic_increase,5
20250703 plate67 B02,78,low-salinity,corrected_fc,0,10.947674431723888,10.947674431723888,0,4,0,23.461021997522547,5.585409537516572,17.875612460005975,12.290202922489403,3.2004121344974763,3.070630419203056,4.8574378892034815,2.5,1.060678305893374,3.5,3.5,10.947674431723888,10.947674431723888,0,0,1,0.7960351931327138,monotonic_increase,5
20250703 plate67 B04,50,low-salinity,corrected_fc,0,4.417939726798181,4.417939726798181,0,4,0,9.073019497677555,2.317401821864427,6.755617675813127,4.4382158539487,2.9151688809746457,1.5421797778336153,2.220981680321601,2.5,0.008264310228008442,1.5,2.5,4.417939726798181,4.417939726798181,0,0,1,0.8010297047497857,monotonic_increase,5
20250703 plate67 B06,34,high-salinity,corrected_fc,0,2.312269742775558,2.312269742775558,0,4,0,5.73582201800391,1.7926911081072245,3.943130909896685,2.1504398017894606,2.199559585064243,1.2037578857932625,1.2037578857932625,0.5,-0.025891441165337925,1.5,1.5,2.312269742775558,2.312269742775558,0,0,1,0.6800472889225431,rise_then_depress,5
20250703 plate67 C03,32,high-salinity,corrected_fc,0,7.457460398816178,7.457460398816178,0,4,0,13.834383238274196,2.517557463923965,11.316825774350232,8.799268310426267,4.495160859888131,1.3192384718176224,3.9931385986231165,2.5,1.0676838159803763,3.5,3.5,7.457460398816178,7.457460398816178,0,0,1,0.9250663146138973,monotonic_increase,5
20250703 plate67 C04,50,low-salinity,corrected_fc,0,4.36121923574202,4.36121923574202,0,4,0,7.770565787661431,1.5253825488921973,6.245183238769234,4.719800689877037,4.0941750928675384,1.0289692856299415,2.5753338311114566,2.5,-0.03614275910543008,1.5,2.5,4.36121923574202,4.36121923574202,0,0,1,0.9397119432501401,rise_then_depress,5
20250703 plate67 C05,83,low-salinity,corrected_fc,0,4.997656035813157,4.997656035813157,0,4,0,10.283629881132322,2.395701649363917,7.887928231768406,5.492226582404489,3.292533623234233,1.5207840711622862,2.7643474792569345,2.5,0.22905108524097573,1.5,2.5,4.997656035813157,4.997656035813157,0,0,1,0.8309496915766724,monotonic_increase,5
20250703 plate67 C06,34,high-salinity,corrected_fc,0,2.2763495010223798,2.2763495010223798,0,4,0,4.601328986933046,1.2505924770628505,3.3507365098701953,2.1001440328073446,2.6793192597318005,0.854617219349866,1.024635986220052,2.5,-0.06266670392389706,1.5,2.5,2.2763495010223798,2.2763495010223798,0,0,1,0.7853611572169235,rise_then_depress,5
20250703 plate67 D03,32,high-salinity,corrected_fc,0,5.2328058010307394,5.2328058010307394,0,4,0,9.2725582761466665,2.0462217434686765,7.22633653267799,5.180114789209313,3.5315510431573176,1.4447360716592483,2.8054766167343352,2.5,-0.24176472804039184,1.5,2.5,5.2328058010307394,5.2328058010307394,0,0,1,0.9096809374844702,rise_then_depress,5
20250703 plate67 D04,50,low-salinity,corrected_fc,0,0.6709495598000695,0.6709495598000695,0,4,0,1.2007689162757638,0.2650002427530698,0.9357686735226941,0.6707684307696242,3.531199306842348,0.16260886250569032,0.2931197528805207,2.5,0.04217389798906876,1.5,2.5,0.6709495598000695,0.6709495598000695,0,0,1,0.8830491322832631,monotonic_increase,5
20250703 plate67 D05,83,low-salinity,corrected_fc,0,8.28430957300518,8.28430957300518,0,4,0,20.070435210177394,5.59274224075507,14.477692969422325,8.884950728667254,2.5886572894279687,3.1436109608389304,3.1436109608389304,0.5,0.3979026700015842,3.5,3.5,8.28430957300518,8.28430957300518,0,0,1,0.7112453518395881,monotonic_increase,5
20250703 plate67 D06,34,high-salinity,corrected_fc,0,1.5122150937973693,1.5122150937973693,0,4,0,4.62794490138114,1.8045472002377076,2.823397701143432,1.0188505009057245,1.5646017465054471,1.2125831961377926,1.2125831961377926,0.5,-0.028655187937962623,1.5,1.5,1.5122150937973693,1.5122150937973693,0,0,1,0.5758158798063991,rise_then_depress,5
20250703 plate68 A03,70,low-salinity,corrected_fc,0,2.472773779748141,2.472773779748141,0,4,0,6.319438380620861,2.307444161621069,4.011994218999793,1.7045500573787242,1.7387177924952306,1.4860310127364067,1.4860310127364067,0.5,0.15679528503291684,1.5,1.5,2.472773779748141,2.472773779748141,0,0,1,0.6121151853805006,monotonic_increase,5
20250703 plate68 A04,19,high-salinity,corrected_fc,0,4.753893023536525,4.753893023536525,0,4,0,10.877275195434104,2.776918763106544,8.10035643232756,5.323437669221017,2.9170303935235316,1.270317316730728,1.7428855760209034,1.5,0.5370845493530441,3.5,3.5,4.753893023536525,4.753893023536525,0,0,1,0.7530415250023086,monotonic_increase,5
20250703 plate68 A05,31,high-salinity,corrected_fc,0,9.580883575487103,9.580883575487103,0,4,0,22.711708272370196,5.531473907479822,17.180234364890374,11.648760457410553,3.105905343177838,2.51098824943937,3.5299830666415346,1.5,0.21157665638073375,3.5,3.5,9.580883575487103,9.580883575487103,0,0,1,0.7665036554059316,monotonic_increase,5
20250703 plate68 A06,74,low-salinity,corrected_fc,0,3.8407216982435246,3.8407216982435246,0,4,0,11.948528084076479,4.629343458319382,7.319184625757098,2.6898411674377156,1.5810416080932186,2.980585399543086,2.980585399543086,0.5,0.09065598038448464,3.5,1.5,3.8407216982435246,3.8407216982435246,0,0,1,0.5729425659446633,monotonic_increase,5
20250703 plate68 B02,26,high-salinity,corrected_fc,0,4.613735966641433,4.613735966641433,0,4,0,10.359671374880946,3.0474555511692305,7.312215823711716,4.264760272542485,2.3994495410790178,1.984768301717327,1.984768301717327,0.5,0.1406061971864796,1.5,1.5,4.613735966641433,4.613735966641433,0,0,1,0.7170662709726713,monotonic_increase,5
20250703 plate68 B03,70,low-salinity,corrected_fc,0,1.961400568464644,2.01562580450633,0,3,0,6.2959521041445425,2.466333424115313,3.8296186800292293,1.3632852559139161,1.552757888525528,1.6330408328247361,1.6330408328247361,0.5,-0.05422523604168594,3.5,1.5,2.01562580450633,1.961400568464644,0.05422523604168594,0.026902431949647948,0.9730975680503521,0.5712099853216455,rise_then_depress,5
20250703 plate68 B04,19,high-salinity,corrected_fc,0,4.387001272790895,4.387001272790895,0,4,0,9.961219957659969,3.0343965902126846,6.926823367447284,3.8924267772345993,2.2827679775904883,2.030687182003766,2.030687182003766,0.5,-0.023268365585929818,1.5,1.5,4.387001272790895,4.387001272790895,0,0,1,0.7053933613475409,rise_then_depress,5
20250703 plate68 B05,31,high-salinity,corrected_fc,0,0.5863132098724309,0.5863132098724309,0,4,0,0.9099887230181112,0.17632710402467205,0.7336616189934392,0.5573345149687672,4.160798891648466,0.0969384086999825,0.22519689113989666,3.5,0.06183898194939662,1.5,2.5,0.5863132098724309,0.5863132098724309,0,0,1,0.9729832030412557,monotonic_increase,5
20250703 plate68 B06,74,low-salinity,corrected_fc,0,2.780363388088976,2.780363388088976,0,4,0,7.816046335311919,2.77023878427584,5.045807551036079,2.275568766760239,1.8214341592777494,1.7691116976418189,1.7691116976418189,0.5,0.12586461773140556,3.5,1.5,2.780363388088976,2.780363388088976,0,0,1,0.6050648984119494,monotonic_increase,5
20250703 plate68 C02,26,high-salinity,corrected_fc,0,3.778976496562503,3.778976496562503,0,4,0,5.91236326149073,0.5457214165732253,5.366641844917504,4.820920428344279,9.834031947319415,0.24394739211180003,2.5718315232519773,2.5,0.24394739211180003,0.5,2.5,3.778976496562503,3.778976496562503,0,0,1,1.1380559433249384,monotonic_increase,5
20250703 plate68 C03,70,low-salinity,corrected_fc,0,3.279195411225201,3.279195411225201,0,4,0,5.941352664995012,1.4831348844191703,4.458217780575842,2.975082896156671,3.0059422291329776,0.9880541312187155,1.3333778153618767,2.5,0.00210737518219406,1.5,2.5,3.279195411225201,3.279195411225201,0,0,1,0.8481326239284678,monotonic_increase,5
20250703 plate68 C04,19,high-salinity,corrected_fc,0,2.128167585159232,2.128167585159232,0,4,0,4.663641557882925,1.4439670712950257,3.2196744865878992,1.7757074152928736,2.229742319331649,1.0092177483910445,1.0092177483910445,0.5,-0.13971910258308184,1.5,1.5,2.128167585159232,2.128167585159232,0,0,1,0.7176734553907481,rise_then_depress,5
20250703 plate68 C05,31,high-salinity,corrected_fc,0,3.8842692106232017,3.8842692106232017,0,4,0,6.393593463801153,1.6500105280650175,4.743582935736136,3.093572407671118,2.87488040533837,1.1878273398159849,1.5450040684476996,3.5,-0.26346096331791924,1.5,2.5,3.8842692106232017,3.8842692106232017,0,0,1,0.8961464520574922,rise_then_depress,5
20250703 plate68 C06,74,low-salinity,corrected_fc,0,3.965440526985935,3.965440526985935,0,4,0,9.912488674768873,3.1275565634846654,6.784932111284207,3.6573755477995418,2.169403485935539,2.1015264212874136,2.1015264212874136,0.5,-0.04946613689291057,1.5,1.5,3.965440526985935,3.965440526985935,0,0,1,0.6749140849709623,rise_then_depress,5
20250703 plate68 D03,70,low-salinity,corrected_fc,0,7.195466109947449,7.195466109947449,0,4,0,13.917558469362502,2.5677953023690097,11.349763166993494,8.781967864624484,4.420042032370093,1.5427666801367568,4.676944245323011,2.5,0.4684646201599332,3.5,3.5,7.195466109947449,7.195466109947449,0,0,1,0.927794323086337,monotonic_increase,5
20250703 plate68 D04,19,high-salinity,corrected_fc,0,1.6243076606892255,1.6243076606892255,0,4,0,4.82990765172517,1.8393100347418163,2.9905976169833535,1.1512875822415372,1.6259344865712884,1.2112665078471776,1.2112665078471776,0.5,0.04482054594209983,1.5,1.5,1.6243076606892255,1.6243076606892255,0,0,1,0.5811995174951823,monotonic_increase,5
20250703 plate68 D05,31,high-salinity,corrected_fc,0,5.693403996559181,5.730728527941344,0,3,0,14.644713874148549,4.3363948926360205,10.308318981512528,5.9719240888765075,2.3771633434533164,2.605506437344428,2.605506437344428,0.5,-0.03732453138216307,3.5,3.5,5.730728527941344,5.693403996559181,0.03732453138216307,0.006513051735076903,0.9934869482649231,0.6830477638930288,rise_then_depress,5
20250703 plate68 D06,74,low-salinity,corrected_fc,0,1.6330917285314634,1.6330917285314634,0,4,0,5.205413153779416,2.0600697696855046,3.145343384093911,1.0852736144084063,1.526814009107122,1.3241111066750506,1.3241111066750506,0.5,0.04025287171373826,3.5,1.5,1.6330917285314634,1.6330917285314634,0,0,1,0.5678779463624378,monotonic_increase,5
20250703 plate69 A02,72,low-salinity,corrected_fc,0,0.726210037508295,0.726210037508295,0,4,0,1.4336057438779828,0.23034774507022787,1.203257998807755,0.9729102537375272,5.2236586837041035,0.08368185241724405,0.40015530209465605,2.5,0.032722950107671345,3.5,3.5,0.726210037508295,0.726210037508295,0,0,1,0.9393117535772779,monotonic_increase,5
20250703 plate69 A03,54,low-salinity,corrected_fc,0,5.869881569820005,6.529242879181543,0,3,0,16.991378656089367,5.363646242425103,11.627732413664262,6.264086171239159,2.167878321596193,3.200097492852385,3.200097492852385,0.5,-0.6593613093615378,3.5,3.5,6.529242879181543,5.869881569820005,0.6593613093615378,0.10098587563098747,0.8990141243690125,0.6475512449093455,rise_then_depress,5
20250703 plate69 A04,7,high-salinity,corrected_fc,0,2.081701763912306,2.081701763912306,0,4,0,6.622576925915714,2.618177635658788,4.004399290256925,1.3862216545981374,1.529460505550967,1.6826682703733695,1.6826682703733695,0.5,0.05366272089695201,3.5,1.5,2.081701763912306,2.081701763912306,0,0,1,0.5681261364324023,monotonic_increase,5
20250703 plate69 A05,26,high-salinity,corrected_fc,0,3.6947788156767465,3.883417637433162,0,3,0,9.576760532558218,2.7748234744875733,6.801937058070644,4.027113583583071,2.4513044237261825,1.7036934616884647,1.7411576118349443,2.5,-0.18863882175641544,3.5,3.5,3.883417637433162,3.6947788156767465,0.18863882175641544,0.04857546608896302,0.951424533911037,0.6962221306280751,rise_then_depress,5
20250703 plate69 A06,19,high-salinity,corrected_fc,0,1.599878540138398,1.6339190331929958,0,2,0,5.583935010635815,2.356666118353521,3.2272688922822943,0.8706027739287734,1.3694213478729935,1.539706601757023,1.539706601757023,0.5,-0.02354892757639826,2.5,1.5,1.6339190331929958,1.599878540138398,0.03404049305459789,0.020833647422587483,0.9791663525774125,0.5596789015052965,rise_then_depress,5
20250703 plate69 B02,72,low-salinity,corrected_fc,0,4.676846106510465,4.676846106510465,0,4,0,10.182395630801148,2.818065899176041,7.364329731625107,4.546263832449066,2.6132567495239636,1.9542517053759347,2.434464096969556,2.5,-0.22662331777572198,1.5,2.5,4.676846106510465,4.676846106510465,0,0,1,0.7641167540700493,rise_then_depress,5
20250703 plate69 B03,54,low-salinity,corrected_fc,0,6.784501640452246,6.784501640452246,0,4,0,9.565030376495978,0.9876605046366442,8.577369871859332,7.589709367222688,8.684532621879931,0.6592168406999647,4.199788059823172,2.5,-0.0023295128266053178,1.5,2.5,6.784501640452246,6.784501640452246,0,0,1,1.1721045984175382,rise_then_depress,5
20250703 plate69 B04,7,high-salinity,corrected_fc,0,3.0471617506480766,3.0471617506480766,0,4,0,6.690081338847352,1.9928305209247652,4.697250817922587,2.7044202969978217,2.3570749085792033,1.3809088772346854,1.3809088772346854,0.5,-0.15706558985452568,1.5,1.5,3.0471617506480766,3.0471617506480766,0,0,1,0.7304649545510413,rise_then_depress,5
20250703 plate69 B05,26,high-salinity,corrected_fc,0,2.5164928619179188,2.5164928619179188,0,4,0,4.530271570857351,1.0057929561626464,3.5244786146947042,2.518685658532058,3.5041790590197395,0.6415762364912337,1.173582024721507,2.5,0.0868572028515916,1.5,2.5,2.5164928619179188,2.5164928619179188,0,0,1,0.8841871828626408,monotonic_increase,5
20250703 plate69 B06,19,high-salinity,corrected_fc,0,5.120301572807311,5.120301572807311,0,4,0,10.394463366727429,2.1762475256387717,8.218215841088657,6.0419683154498856,3.776324036796526,1.4000174724101306,3.3293748949990785,2.5,0.15244263404715186,1.5,2.5,5.120301572807311,5.120301572807311,0,0,1,0.8813058042063037,monotonic_increase,5
20250703 plate69 C02,72,low-salinity,corrected_fc,0,2.283588574152111,2.283588574152111,0,4,0,5.46869536964995,1.5665197702928289,3.902175599357121,2.335655829064292,2.4909839462975234,1.0804843560314956,1.3022750694970657,2.5,-0.10841352750882927,1.5,2.5,2.283588574152111,2.283588574152111,0,0,1,0.7333391842291788,rise_then_depress,5
20250703 plate69 C03,54,low-salinity,corrected_fc,0,2.1266733539979983,2.1266733539979983,0,4,0,4.250434467554108,0.8771740612747139,3.3732604062793934,2.4960863450046795,3.8455998133111162,0.6015414261298374,1.483025823845765,2.5,-0.05027615584008427,1.5,2.5,2.1266733539979983,2.1266733539979983,0,0,1,0.9024788388207119,rise_then_depress,5
20250703 plate69 C04,7,high-salinity,corrected_fc,0,5.846495439890116,5.846495439890116,0,4,0,8.441970950040696,1.1141434121109515,7.327827537929744,6.2136841258187925,6.577095424408439,0.7373872895490601,3.2743114502990114,2.5,0.016124955574722932,1.5,2.5,5.846495439890116,5.846495439890116,0,0,1,1.1147641943813005,monotonic_increase,5
20250703 plate69 C05,26,high-salinity,corrected_fc,0,3.707927985628562,3.707927985628562,0,4,0,7.171748787638457,1.240221281009118,5.931527506629339,4.691306225620221,4.782636451620226,0.7757295850539124,2.684088425949442,2.5,0.0948561677687092,3.5,3.5,3.707927985628562,3.707927985628562,0,0,1,0.9585125944213749,monotonic_increase,5
20250703 plate69 C06,19,high-salinity,corrected_fc,0,2.546565040149922,2.546565040149922,0,4,0,5.0422613457712355,1.153935010612315,3.8883263351589203,2.734391324546605,3.3696233318162774,0.7808591864414732,1.4958163425714348,2.5,-0.03470753809978999,1.5,2.5,2.546565040149922,2.546565040149922,0,0,1,0.8582415288046188,rise_then_depress,5
20250703 plate69 D02,72,low-salinity,corrected_fc,0,2.865536984052697,2.865536984052697,0,4,0,5.328396380411624,1.087940462202337,4.240455918209287,3.15251545600695,3.8976911563940346,0.7563222191854312,1.8128326971322206,2.5,-0.0930857331516195,1.5,2.5,2.865536984052697,2.865536984052697,0,0,1,0.9215421664442028,rise_then_depress,5
20250703 plate69 D03,54,low-salinity,corrected_fc,0,6.274889918199602,6.274889918199602,0,4,0,12.067180166405993,1.9469966691618752,10.120183497244117,8.173186828082242,5.197843251370614,1.0256757784636683,4.218775866049696,2.5,0.21347227075349196,3.5,3.5,6.274889918199602,6.274889918199602,0,0,1,0.9633351807865583,monotonic_increase,5
20250703 plate69 D04,7,high-salinity,corrected_fc,0,2.124623210655659,2.124623210655659,0,4,0,3.8521753919879984,0.9120886221095539,2.9400867698784445,2.0279981477688906,3.223466117884871,0.6401059691664065,1.0618272057211726,2.5,-0.0961406632801115,1.5,2.5,2.124623210655659,2.124623210655659,0,0,1,0.8763517534979247,rise_then_depress,5
20250703 plate69 D05,26,high-salinity,corrected_fc,0,3.491768002898416,3.5012664562458404,0,3,0,6.750017004885956,1.1274687907309335,5.622548214155023,4.495079423424089,4.986877029660349,0.7520710342709598,2.750470943325893,2.5,-0.009498453347424274,3.5,3.5,3.5012664562458404,3.491768002898416,0.009498453347424274,0.0027128621789067695,0.9972871378210932,0.9823399478401953,rise_then_depress,5
20250703 plate69 D06,19,high-salinity,corrected_fc,0,7.42433203052996,7.42433203052996,0,4,0,11.292553752957389,2.023416432876806,9.269137320080585,7.245720887203779,4.58093409219877,1.2927346722554651,3.3649260229515807,2.5,0.1686288489872172,1.5,2.5,7.42433203052996,7.42433203052996,0,0,1,1.0161037509037925,monotonic_increase,5
20250703 plate70 A02,5,high-salinity,corrected_fc,0,4.285656128311792,4.388781268030706,0,3,0,9.16542213501235,1.9082364173581317,7.257185717654217,5.348949300296085,3.803085221327799,1.1826600318905165,2.9376284970954756,2.5,-0.10312513971891413,3.5,3.5,4.388781268030706,4.285656128311792,0.10312513971891413,0.023497443463430454,0.9765025565365696,0.8719952972356373,rise_then_depress,5
20250703 plate70 A03,85,low-salinity,corrected_fc,0,0.560651981928849,0.560651981928849,0,4,0,1.2588860673431643,0.2779758295300055,0.9809102378131589,0.7029344082831535,3.5287608979228775,0.08771336867430359,0.2928115530371002,1.5,0.05033019593581656,3.5,1.5,0.560651981928849,0.560651981928849,0,0,1,0.8176350184238842,monotonic_increase,5
20250703 plate70 A04,79,low-salinity,corrected_fc,0,2.74484771060685,2.744881467381202,0,3,0,9.023664906250687,3.616790516474113,5.406874389776576,1.7900838733024624,1.4949371176320034,2.327221449382165,2.327221449382165,0.5,-3.375677435224489e-5,3.5,1.5,2.744881467381202,2.74484771060685,3.375677435224489e-5,1.22980809019965e-5,0.999987701919098,0.5650265282010868,rise_then_depress,5
20250703 plate70 A05,19,high-salinity,corrected_fc,0,3.2529561997989767,3.2529561997989767,0,4,0,8.98372488889714,3.03080456277302,5.9529203261241195,2.9221157633510995,1.964138631452212,1.9482548184903192,1.9482548184903192,0.5,0.009063717857046072,3.5,1.5,3.2529561997989767,3.2529561997989767,0,0,1,0.626623815008921,monotonic_increase,5
20250703 plate70 A06,41,high-salinity,corrected_fc,0,4.510810098111636,4.763447658101539,0,3,0,11.69605292629669,3.432327667415657,8.263725258881035,4.831397591465378,2.407615490016179,2.1874551156919786,2.273702554654182,2.5,-0.25263755998990245,3.5,3.5,4.763447658101539,4.510810098111636,0.25263755998990245,0.05303670327104855,0.9469632967289514,0.6961585180479494,rise_then_depress,5
20250703 plate70 B02,5,high-salinity,corrected_fc,0,3.8663570479289953,3.8663570479289953,0,4,0,7.011637204531916,1.8482167104171672,5.1634204941147495,3.3152037836975823,2.7937310949587166,1.1908560286294356,1.2934757595664754,3.5,0.12386533494602747,1.5,2.5,3.8663570479289953,3.8663570479289953,0,0,1,0.825002849217956,monotonic_increase,5
20250703 plate70 B03,85,low-salinity,corrected_fc,0,0.3864867021006828,0.3864867021006828,0,4,0,0.5968903556298363,0.056573484711979885,0.5403168709178564,0.48374338620587654,9.550708669770875,0.017595757918738582,0.2301403394877911,2.5,0.017595757918738582,0.5,2.5,0.3864867021006828,0.3864867021006828,0,0,1,1.1223110004602372,monotonic_increase,5
20250703 plate70 B04,79,low-salinity,corrected_fc,0,4.192850674759653,4.192850674759653,0,4,0,8.02304558292647,1.81738087654259,6.20566470638388,4.38828382984129,3.4146197896555512,1.2039435263330178,2.2689273183753365,2.5,0.02293117408612666,1.5,2.5,4.192850674759653,4.192850674759653,0,0,1,0.8655371836695008,monotonic_increase,5
20250703 plate70 B05,19,high-salinity,corrected_fc,0,5.460909082215129,5.481054793483749,0,3,0,11.441754336497986,2.2529478995205334,9.188806436977453,6.9358585374569195,4.078570320659875,1.2756507971343942,3.52646058871147,2.5,-0.020145711268620303,3.5,3.5,5.481054793483749,5.460909082215129,0.020145711268620303,0.0036755172184322797,0.9963244827815677,0.8844901075226621,rise_then_depress,5
20250703 plate70 C02,5,high-salinity,corrected_fc,0,2.9418327524897063,2.9418327524897063,0,4,0,5.719630201461393,1.0689791970164215,4.650651004444971,3.58167180742855,4.350553329218369,0.737514777118396,2.185341368506042,2.5,-0.07458593732234498,1.5,2.5,2.9418327524897063,2.9418327524897063,0,0,1,0.9464038038918773,rise_then_depress,5
20250703 plate70 C03,85,low-salinity,corrected_fc,0,1.0083992258401535,1.0083992258401535,0,4,0,1.9335259646872696,0.3689098574922562,1.5646161071950133,1.195706249702757,4.2411881260935305,0.23821927447581437,0.6683447452256112,2.5,0.02316189155706927,1.5,2.5,1.0083992258401535,1.0083992258401535,0,0,1,0.9274399776607847,monotonic_increase,5
20250703 plate70 C04,79,low-salinity,corrected_fc,0,3.5719037282888304,3.5719037282888304,0,4,0,7.767956891262363,1.8794961009729159,5.8884607902894475,4.008964689316532,3.1329997371323635,1.240159110522746,2.184497954794523,2.5,0.03851487037759349,1.5,2.5,3.5719037282888304,3.5719037282888304,0,0,1,0.8136988435175699,monotonic_increase,5
20250703 plate70 C05,19,high-salinity,corrected_fc,0,1.799214532314049,1.799214532314049,0,4,0,3.07061299276404,0.5710283906501294,2.4995846021139103,1.9285562114637809,4.377338575526996,0.3651246829151672,0.9822662127519992,2.5,0.0466827325547573,1.5,2.5,1.799214532314049,1.799214532314049,0,0,1,0.9613803094762473,monotonic_increase,5
20250703 plate70 C06,41,high-salinity,corrected_fc,0,3.339607513829697,3.339607513829697,0,4,0,6.110844956719009,1.2081351643685077,4.902709792350501,3.6945746279819938,4.058080533491588,0.8035131679146096,2.0190400460739584,2.5,0.005730824993186778,1.5,2.5,3.339607513829697,3.339607513829697,0,0,1,0.9281898889028255,monotonic_increase,5
20250703 plate70 D02,5,high-salinity,corrected_fc,0,2.420385967347118,2.420385967347118,0,4,0,4.9763355311005215,1.2062244850775354,3.770111046022986,2.56388656094545,3.1255467723163033,0.818309178250067,1.3961721418670212,2.5,-0.04247856459513,1.5,2.5,2.420385967347118,2.420385967347118,0,0,1,0.8274543428089416,rise_then_depress,5
20250703 plate70 D03,85,low-salinity,corrected_fc,0,9.421971387632404,9.421971387632404,0,4,0,17.016520140696706,2.8549228129062123,14.161597327790492,11.30667451488428,4.960413382726267,1.4602816323207817,5.266688092218001,2.5,1.3290007288500791,1.5,2.5,9.421971387632404,9.421971387632404,0,0,1,0.9569344325376902,monotonic_increase,5
20250703 plate70 D04,79,low-salinity,corrected_fc,0,2.1078785610518738,2.1078785610518738,0,4,0,3.974169809577817,0.8540055290402866,3.120164280537531,2.2661587514972443,3.653564496290681,0.5636150594575978,1.1950535912635272,2.5,0.01716587970777983,1.5,2.5,2.1078785610518738,2.1078785610518738,0,0,1,0.8887781065142297,monotonic_increase,5
20250703 plate70 D05,19,high-salinity,corrected_fc,0,4.003308913914256,4.003308913914256,0,4,0,8.490705485091077,2.0234852854585355,6.46722019963254,4.443734914174005,3.196079678022973,1.3353769799462831,2.4012408261386557,2.5,0.040839631078221306,1.5,2.5,4.003308913914256,4.003308913914256,0,0,1,0.8238358030336624,monotonic_increase,5
20250703 plate70 D06,41,high-salinity,corrected_fc,0,5.462143728889666,5.488904002788237,0,3,0,12.665595518139526,3.303209479504196,9.362386038635329,6.059176559131132,2.834330095238344,2.160799308101937,3.2040836599837186,2.5,-0.02676027389857083,3.5,3.5,5.488904002788237,5.462143728889666,0.02676027389857083,0.004875340119808476,0.9951246598801915,0.7691924606014892,rise_then_depress,5
