phenotype,value_metric,feature,contrast,estimate,SE,df,t.ratio,p.value
high-salinity,corrected_fc,auc_early,14-12,1.3430631187867443,NA,NA,NA,0.1865019867866894
high-salinity,corrected_fc,auc_early,15-12,0.5640271819470564,NA,NA,NA,0.9998259559003724
high-salinity,corrected_fc,auc_early,16-12,0.9906629913696827,NA,NA,NA,0.841243181304931
high-salinity,corrected_fc,auc_early,19-12,1.3554829636629888,NA,NA,NA,0.17282429786524134
high-salinity,corrected_fc,auc_early,2-12,0.35038764460685923,NA,NA,NA,0.9999999777280313
high-salinity,corrected_fc,auc_early,20-12,0.6913715643008009,NA,NA,NA,0.9969288263280025
high-salinity,corrected_fc,auc_early,21-12,1.595698715920809,NA,NA,NA,0.03359390201038748
high-salinity,corrected_fc,auc_early,24-12,2.204567781289618,NA,NA,NA,8.247780427073081e-5
high-salinity,corrected_fc,auc_early,25-12,0.49401707643835824,NA,NA,NA,0.9999801248284941
high-salinity,corrected_fc,auc_early,26-12,1.2231277917845724,NA,NA,NA,0.39850187646587687
high-salinity,corrected_fc,auc_early,31-12,0.7477750310178364,NA,NA,NA,0.9896245265132504
high-salinity,corrected_fc,auc_early,32-12,1.5907029902645293,NA,NA,NA,0.045505710683388045
high-salinity,corrected_fc,auc_early,33-12,0.2001600024272241,NA,NA,NA,1
high-salinity,corrected_fc,auc_early,34-12,0.5109974253120466,NA,NA,NA,0.9999862521996019
high-salinity,corrected_fc,auc_early,36-12,2.18564228371696,NA,NA,NA,7.936227557225894e-5
high-salinity,corrected_fc,auc_early,37-12,1.8325989660159694,NA,NA,NA,0.002759066017115064
high-salinity,corrected_fc,auc_early,38-12,0.6535923961196726,NA,NA,NA,0.9984284373654144
high-salinity,corrected_fc,auc_early,39-12,1.063695233354601,NA,NA,NA,0.7129035135632048
high-salinity,corrected_fc,auc_early,41-12,1.2384256861912797,NA,NA,NA,0.3511783599718715
high-salinity,corrected_fc,auc_early,42-12,2.042912070028852,NA,NA,NA,8.554878541926492e-4
high-salinity,corrected_fc,auc_early,43-12,0.5251990761401308,NA,NA,NA,0.9999299663616024
high-salinity,corrected_fc,auc_early,5-12,1.613867198602776,NA,NA,NA,0.03305440023230999
high-salinity,corrected_fc,auc_early,6-12,0.7508681992765407,NA,NA,NA,0.9875553821228799
high-salinity,corrected_fc,auc_early,7-12,0.8976172060590866,NA,NA,NA,0.9268217108464731
high-salinity,corrected_fc,auc_early,15-14,-0.779035936839688,NA,NA,NA,0.9803922828379941
high-salinity,corrected_fc,auc_early,16-14,-0.3524001274170616,NA,NA,NA,0.9999999895672236
high-salinity,corrected_fc,auc_early,19-14,0.012419844876244479,NA,NA,NA,1
high-salinity,corrected_fc,auc_early,2-14,-0.9926754741798851,NA,NA,NA,0.7789775038169926
high-salinity,corrected_fc,auc_early,20-14,-0.6516915544859434,NA,NA,NA,0.9987216985412286
high-salinity,corrected_fc,auc_early,21-14,0.2526355971340646,NA,NA,NA,0.9999999999854938
high-salinity,corrected_fc,auc_early,24-14,0.8615046625028735,NA,NA,NA,0.9460392049076402
high-salinity,corrected_fc,auc_early,25-14,-0.8490460423483861,NA,NA,NA,0.9431681109932385
high-salinity,corrected_fc,auc_early,26-14,-0.11993532700217191,NA,NA,NA,1
high-salinity,corrected_fc,auc_early,31-14,-0.595288087768908,NA,NA,NA,0.9996387271796363
high-salinity,corrected_fc,auc_early,32-14,0.247639871477785,NA,NA,NA,0.9999999999943159
high-salinity,corrected_fc,auc_early,33-14,-1.1429031163595202,NA,NA,NA,0.4836385956997956
high-salinity,corrected_fc,auc_early,34-14,-0.8320656934746977,NA,NA,NA,0.9746993674497422
high-salinity,corrected_fc,auc_early,36-14,0.8425791649302155,NA,NA,NA,0.9524582253010712
high-salinity,corrected_fc,auc_early,37-14,0.48953584722922505,NA,NA,NA,0.9999801623267499
high-salinity,corrected_fc,auc_early,38-14,-0.6894707226670718,NA,NA,NA,0.9965586658837849
high-salinity,corrected_fc,auc_early,39-14,-0.2793678854321433,NA,NA,NA,0.9999999999136507
high-salinity,corrected_fc,auc_early,41-14,-0.10463743259546465,NA,NA,NA,1
high-salinity,corrected_fc,auc_early,42-14,0.6998489512421076,NA,NA,NA,0.9968929245317607
high-salinity,corrected_fc,auc_early,43-14,-0.8178640426466135,NA,NA,NA,0.9578290726326784
high-salinity,corrected_fc,auc_early,5-14,0.2708040798160316,NA,NA,NA,0.9999999999451371
high-salinity,corrected_fc,auc_early,6-14,-0.5921949195102036,NA,NA,NA,0.9996087620987566
high-salinity,corrected_fc,auc_early,7-14,-0.44544591272765777,NA,NA,NA,0.9999984248735506
high-salinity,corrected_fc,auc_early,16-15,0.42663580942262636,NA,NA,NA,0.9999995498690348
high-salinity,corrected_fc,auc_early,19-15,0.7914557817159324,NA,NA,NA,0.9763413492343902
high-salinity,corrected_fc,auc_early,2-15,-0.21363953734019714,NA,NA,NA,1
high-salinity,corrected_fc,auc_early,20-15,0.12734438235374457,NA,NA,NA,1
high-salinity,corrected_fc,auc_early,21-15,1.0316715339737526,NA,NA,NA,0.7466953132166859
high-salinity,corrected_fc,auc_early,24-15,1.6405405993425615,NA,NA,NA,0.030034432059363736
high-salinity,corrected_fc,auc_early,25-15,-0.07001010550869813,NA,NA,NA,1
high-salinity,corrected_fc,auc_early,26-15,0.6591006098375161,NA,NA,NA,0.9984465482690073
high-salinity,corrected_fc,auc_early,31-15,0.18374784907078,NA,NA,NA,1
high-salinity,corrected_fc,auc_early,32-15,1.026675808317473,NA,NA,NA,0.7877009263168699
high-salinity,corrected_fc,auc_early,33-15,-0.3638671795198323,NA,NA,NA,0.9999999517141622
high-salinity,corrected_fc,auc_early,34-15,-0.05302975663500975,NA,NA,NA,1
high-salinity,corrected_fc,auc_early,36-15,1.6216151017699034,NA,NA,NA,0.030724265477414248
high-salinity,corrected_fc,auc_early,37-15,1.268571784068913,NA,NA,NA,0.285819083113216
high-salinity,corrected_fc,auc_early,38-15,0.0895652141726162,NA,NA,NA,1
high-salinity,corrected_fc,auc_early,39-15,0.49966805140754467,NA,NA,NA,0.9999881231490524
high-salinity,corrected_fc,auc_early,41-15,0.6743985042442233,NA,NA,NA,0.9974711027316417
high-salinity,corrected_fc,auc_early,42-15,1.4788848880817955,NA,NA,NA,0.12464966481741291
high-salinity,corrected_fc,auc_early,43-15,-0.03882810580692553,NA,NA,NA,1
high-salinity,corrected_fc,auc_early,5-15,1.0498400166557196,NA,NA,NA,0.7336173627267719
high-salinity,corrected_fc,auc_early,6-15,0.18684101732948433,NA,NA,NA,1
high-salinity,corrected_fc,auc_early,7-15,0.3335900241120302,NA,NA,NA,0.9999999965899353
high-salinity,corrected_fc,auc_early,19-16,0.3648199722933061,NA,NA,NA,0.999999978339797
high-salinity,corrected_fc,auc_early,2-16,-0.6402753467628235,NA,NA,NA,0.9991846534834581
high-salinity,corrected_fc,auc_early,20-16,-0.2992914270688818,NA,NA,NA,0.999999999834037
high-salinity,corrected_fc,auc_early,21-16,0.6050357245511262,NA,NA,NA,0.9997159630188857
high-salinity,corrected_fc,auc_early,24-16,1.2139047899199351,NA,NA,NA,0.5022318178949924
high-salinity,corrected_fc,auc_early,25-16,-0.4966459149313245,NA,NA,NA,0.9999898580119612
high-salinity,corrected_fc,auc_early,26-16,0.2324648004148897,NA,NA,NA,0.9999999999995473
high-salinity,corrected_fc,auc_early,31-16,-0.24288796035184634,NA,NA,NA,0.999999999998219
high-salinity,corrected_fc,auc_early,32-16,0.6000399988948466,NA,NA,NA,0.9998206555920468
high-salinity,corrected_fc,auc_early,33-16,-0.7905029889424586,NA,NA,NA,0.9824732072969263
high-salinity,corrected_fc,auc_early,34-16,-0.4796655660576361,NA,NA,NA,0.9999979740378159
high-salinity,corrected_fc,auc_early,36-16,1.194979292347277,NA,NA,NA,0.5162378612505127
high-salinity,corrected_fc,auc_early,37-16,0.8419359746462867,NA,NA,NA,0.9635639829736232
high-salinity,corrected_fc,auc_early,38-16,-0.33707059525001015,NA,NA,NA,0.9999999972549163
high-salinity,corrected_fc,auc_early,39-16,0.07303224198491831,NA,NA,NA,1
high-salinity,corrected_fc,auc_early,41-16,0.24776269482159696,NA,NA,NA,0.9999999999963858
high-salinity,corrected_fc,auc_early,42-16,1.0522490786591692,NA,NA,NA,0.8118228992601041
high-salinity,corrected_fc,auc_early,43-16,-0.4654639152295519,NA,NA,NA,0.9999965245398184
high-salinity,corrected_fc,auc_early,5-16,0.6232042072330932,NA,NA,NA,0.9996036121215135
high-salinity,corrected_fc,auc_early,6-16,-0.23979479209314203,NA,NA,NA,0.9999999999983553
high-salinity,corrected_fc,auc_early,7-16,-0.09304578531059615,NA,NA,NA,1
high-salinity,corrected_fc,auc_early,2-19,-1.0050953190561296,NA,NA,NA,0.7588606280915633
high-salinity,corrected_fc,auc_early,20-19,-0.6641113993621879,NA,NA,NA,0.9982990339420085
high-salinity,corrected_fc,auc_early,21-19,0.2402157522578201,NA,NA,NA,0.9999999999954274
high-salinity,corrected_fc,auc_early,24-19,0.849084817626629,NA,NA,NA,0.9536479687129187
high-salinity,corrected_fc,auc_early,25-19,-0.8614658872246306,NA,NA,NA,0.9341997294133934
high-salinity,corrected_fc,auc_early,26-19,-0.1323551718784164,NA,NA,NA,1
high-salinity,corrected_fc,auc_early,31-19,-0.6077079326451524,NA,NA,NA,0.9994948396419545
high-salinity,corrected_fc,auc_early,32-19,0.2352200266015405,NA,NA,NA,0.999999999998322
high-salinity,corrected_fc,auc_early,33-19,-1.1553229612357647,NA,NA,NA,0.46000194506153846
high-salinity,corrected_fc,auc_early,34-19,-0.8444855383509422,NA,NA,NA,0.9700045744649222
high-salinity,corrected_fc,auc_early,36-19,0.830159320053971,NA,NA,NA,0.9594435729839361
high-salinity,corrected_fc,auc_early,37-19,0.4771160023529806,NA,NA,NA,0.9999876492408415
high-salinity,corrected_fc,auc_early,38-19,-0.7018905675433162,NA,NA,NA,0.9955725998243314
high-salinity,corrected_fc,auc_early,39-19,-0.2917877303083878,NA,NA,NA,0.999999999774374
high-salinity,corrected_fc,auc_early,41-19,-0.11705727747170913,NA,NA,NA,1
high-salinity,corrected_fc,auc_early,42-19,0.6874291063658631,NA,NA,NA,0.9976036311479258
high-salinity,corrected_fc,auc_early,43-19,-0.830283887522858,NA,NA,NA,0.9505011758072403
high-salinity,corrected_fc,auc_early,5-19,0.2583842349397871,NA,NA,NA,0.9999999999807927
high-salinity,corrected_fc,auc_early,6-19,-0.6046147643864481,NA,NA,NA,0.9994527367958226
high-salinity,corrected_fc,auc_early,7-19,-0.45786575760390225,NA,NA,NA,0.9999973127938409
high-salinity,corrected_fc,auc_early,20-2,0.3409839196939417,NA,NA,NA,0.9999999933998072
high-salinity,corrected_fc,auc_early,21-2,1.2453110713139497,NA,NA,NA,0.3398072931090089
high-salinity,corrected_fc,auc_early,24-2,1.8541801366827586,NA,NA,NA,0.0037803427546063695
high-salinity,corrected_fc,auc_early,25-2,0.143629431831499,NA,NA,NA,1
high-salinity,corrected_fc,auc_early,26-2,0.8727401471777132,NA,NA,NA,0.9384126638009136
high-salinity,corrected_fc,auc_early,31-2,0.39738738641097715,NA,NA,NA,0.9999997998586161
high-salinity,corrected_fc,auc_early,32-2,1.24031534565767,NA,NA,NA,0.39156801389140194
high-salinity,corrected_fc,auc_early,33-2,-0.15022764217963513,NA,NA,NA,1
high-salinity,corrected_fc,auc_early,34-2,0.1606097807051874,NA,NA,NA,1
high-salinity,corrected_fc,auc_early,36-2,1.8352546391101006,NA,NA,NA,0.0037923194985094444
high-salinity,corrected_fc,auc_early,37-2,1.4822113214091102,NA,NA,NA,0.0658228609743301
high-salinity,corrected_fc,auc_early,38-2,0.30320475151281334,NA,NA,NA,0.9999999993387658
high-salinity,corrected_fc,auc_early,39-2,0.7133075887477418,NA,NA,NA,0.9952246063356951
high-salinity,corrected_fc,auc_early,41-2,0.8880380415844205,NA,NA,NA,0.9193700727225764
high-salinity,corrected_fc,auc_early,42-2,1.6925244254219927,NA,NA,NA,0.023387839436789015
high-salinity,corrected_fc,auc_early,43-2,0.1748114315332716,NA,NA,NA,1
high-salinity,corrected_fc,auc_early,5-2,1.2634795539959167,NA,NA,NA,0.3308805703845398
high-salinity,corrected_fc,auc_early,6-2,0.40048055466968147,NA,NA,NA,0.999999712736093
high-salinity,corrected_fc,auc_early,7-2,0.5472295614522273,NA,NA,NA,0.9999277584696791
high-salinity,corrected_fc,auc_early,21-20,0.904327151620008,NA,NA,NA,0.9278995517311852
high-salinity,corrected_fc,auc_early,24-20,1.513196216988817,NA,NA,NA,0.09796696338998334
high-salinity,corrected_fc,auc_early,25-20,-0.1973544878624427,NA,NA,NA,1
high-salinity,corrected_fc,auc_early,26-20,0.5317562274837715,NA,NA,NA,0.9999687877674512
high-salinity,corrected_fc,auc_early,31-20,0.056403466717035444,NA,NA,NA,1
high-salinity,corrected_fc,auc_early,32-20,0.8993314259637284,NA,NA,NA,0.9439505045026612
high-salinity,corrected_fc,auc_early,33-20,-0.49121156187357684,NA,NA,NA,0.9999880401773451
high-salinity,corrected_fc,auc_early,34-20,-0.18037413898875432,NA,NA,NA,1
high-salinity,corrected_fc,auc_early,36-20,1.4942707194161589,NA,NA,NA,0.1010613128242448
high-salinity,corrected_fc,auc_early,37-20,1.1412274017151685,NA,NA,NA,0.5540011625862443
high-salinity,corrected_fc,auc_early,38-20,-0.037779168181128364,NA,NA,NA,1
high-salinity,corrected_fc,auc_early,39-20,0.3723236690538001,NA,NA,NA,0.9999999768552998
high-salinity,corrected_fc,auc_early,41-20,0.5470541218904788,NA,NA,NA,0.9999386458206556
high-salinity,corrected_fc,auc_early,42-20,1.351540505728051,NA,NA,NA,0.2965736436525579
high-salinity,corrected_fc,auc_early,43-20,-0.1661724881606701,NA,NA,NA,1
high-salinity,corrected_fc,auc_early,5-20,0.922495634301975,NA,NA,NA,0.9202876072805573
high-salinity,corrected_fc,auc_early,6-20,0.05949663497573976,NA,NA,NA,1
high-salinity,corrected_fc,auc_early,7-20,0.20624564175828564,NA,NA,NA,1
high-salinity,corrected_fc,auc_early,24-21,0.6088690653688089,NA,NA,NA,0.9995506609020308
high-salinity,corrected_fc,auc_early,25-21,-1.1016816394824507,NA,NA,NA,0.6028064574711757
high-salinity,corrected_fc,auc_early,26-21,-0.3725709241362365,NA,NA,NA,0.9999999559761759
high-salinity,corrected_fc,auc_early,31-21,-0.8479236849029725,NA,NA,NA,0.9585893866626503
high-salinity,corrected_fc,auc_early,32-21,-0.004995725656279593,NA,NA,NA,1
high-salinity,corrected_fc,auc_early,33-21,-1.3955387134935848,NA,NA,NA,0.13458429793517912
high-salinity,corrected_fc,auc_early,34-21,-1.0847012906087623,NA,NA,NA,0.7352596500203628
high-salinity,corrected_fc,auc_early,36-21,0.5899435677961509,NA,NA,NA,0.9996846583681325
high-salinity,corrected_fc,auc_early,37-21,0.23690025009516047,NA,NA,NA,0.9999999999959392
high-salinity,corrected_fc,auc_early,38-21,-0.9421063198011363,NA,NA,NA,0.8838965956512946
high-salinity,corrected_fc,auc_early,39-21,-0.5320034825662079,NA,NA,NA,0.9999626506255965
high-salinity,corrected_fc,auc_early,41-21,-0.35727302972952923,NA,NA,NA,0.9999999774505558
high-salinity,corrected_fc,auc_early,42-21,0.44721335410804297,NA,NA,NA,0.9999988531875197
high-salinity,corrected_fc,auc_early,43-21,-1.070499639780678,NA,NA,NA,0.6436410734913774
high-salinity,corrected_fc,auc_early,5-21,0.018168482681967024,NA,NA,NA,1
high-salinity,corrected_fc,auc_early,6-21,-0.8448305166442682,NA,NA,NA,0.9557140395389891
high-salinity,corrected_fc,auc_early,7-21,-0.6980815098617223,NA,NA,NA,0.9968982326754836
high-salinity,corrected_fc,auc_early,25-24,-1.7105507048512596,NA,NA,NA,0.014523468116917293
high-salinity,corrected_fc,auc_early,26-24,-0.9814399895050454,NA,NA,NA,0.8489201697100957
high-salinity,corrected_fc,auc_early,31-24,-1.4567927502717815,NA,NA,NA,0.12829627344568184
high-salinity,corrected_fc,auc_early,32-24,-0.6138647910250885,NA,NA,NA,0.9996294515721844
high-salinity,corrected_fc,auc_early,33-24,-2.0044077788623937,NA,NA,NA,6.631032701397421e-4
high-salinity,corrected_fc,auc_early,34-24,-1.6935703559775712,NA,NA,NA,0.03466594558185099
high-salinity,corrected_fc,auc_early,36-24,-0.018925497572658045,NA,NA,NA,1
high-salinity,corrected_fc,auc_early,37-24,-0.37196881527364845,NA,NA,NA,0.9999999383866962
high-salinity,corrected_fc,auc_early,38-24,-1.5509753851699453,NA,NA,NA,0.0674280897673123
high-salinity,corrected_fc,auc_early,39-24,-1.1408725479350168,NA,NA,NA,0.6117920852501982
high-salinity,corrected_fc,auc_early,41-24,-0.9661420950983381,NA,NA,NA,0.8561657202914398
high-salinity,corrected_fc,auc_early,42-24,-0.16165571126076594,NA,NA,NA,1
high-salinity,corrected_fc,auc_early,43-24,-1.679368705149487,NA,NA,NA,0.01680631333768301
high-salinity,corrected_fc,auc_early,5-24,-0.5907005826868419,NA,NA,NA,0.9997673642478373
high-salinity,corrected_fc,auc_early,6-24,-1.4536995820130771,NA,NA,NA,0.1194222994686801
high-salinity,corrected_fc,auc_early,7-24,-1.3069505752305313,NA,NA,NA,0.3215423074735839
high-salinity,corrected_fc,auc_early,26-25,0.7291107153462142,NA,NA,NA,0.9925550890099695
high-salinity,corrected_fc,auc_early,31-25,0.25375795457947814,NA,NA,NA,0.9999999999872532
high-salinity,corrected_fc,auc_early,32-25,1.096685913826171,NA,NA,NA,0.654565257869836
high-salinity,corrected_fc,auc_early,33-25,-0.29385707401113415,NA,NA,NA,0.9999999993765046
high-salinity,corrected_fc,auc_early,34-25,0.016980348873688378,NA,NA,NA,1
high-salinity,corrected_fc,auc_early,36-25,1.6916252072786016,NA,NA,NA,0.014753973582557145
high-salinity,corrected_fc,auc_early,37-25,1.3385818895776112,NA,NA,NA,0.17800682082475738
high-salinity,corrected_fc,auc_early,38-25,0.15957531968131433,NA,NA,NA,1
high-salinity,corrected_fc,auc_early,39-25,0.5696781569162428,NA,NA,NA,0.9998551858227425
high-salinity,corrected_fc,auc_early,41-25,0.7444086097529214,NA,NA,NA,0.9888529799759448
high-salinity,corrected_fc,auc_early,42-25,1.5488949935904937,NA,NA,NA,0.07093914408068813
high-salinity,corrected_fc,auc_early,43-25,0.0311819997017726,NA,NA,NA,1
high-salinity,corrected_fc,auc_early,5-25,1.1198501221644177,NA,NA,NA,0.5896221640428553
high-salinity,corrected_fc,auc_early,6-25,0.25685112283818246,NA,NA,NA,0.9999999999789307
high-salinity,corrected_fc,auc_early,7-25,0.40360012962072833,NA,NA,NA,0.999999779323206
high-salinity,corrected_fc,auc_early,31-26,-0.47535276076673605,NA,NA,NA,0.9999952851944711
high-salinity,corrected_fc,auc_early,32-26,0.3675751984799569,NA,NA,NA,0.9999999781458829
high-salinity,corrected_fc,auc_early,33-26,-1.0229677893573483,NA,NA,NA,0.7476377598176702
high-salinity,corrected_fc,auc_early,34-26,-0.7121303664725258,NA,NA,NA,0.997401981148722
high-salinity,corrected_fc,auc_early,36-26,0.9625144919323874,NA,NA,NA,0.8605807365570797
high-salinity,corrected_fc,auc_early,37-26,0.609471174231397,NA,NA,NA,0.9993920970294188
high-salinity,corrected_fc,auc_early,38-26,-0.5695353956648999,NA,NA,NA,0.9998746132892702
high-salinity,corrected_fc,auc_early,39-26,-0.1594325584299714,NA,NA,NA,1
high-salinity,corrected_fc,auc_early,41-26,0.015297894406707258,NA,NA,NA,1
high-salinity,corrected_fc,auc_early,42-26,0.8197842782442795,NA,NA,NA,0.9802153831760484
high-salinity,corrected_fc,auc_early,43-26,-0.6979287156444416,NA,NA,NA,0.9953834934540206
high-salinity,corrected_fc,auc_early,5-26,0.3907394068182035,NA,NA,NA,0.9999999036004973
high-salinity,corrected_fc,auc_early,6-26,-0.47225959250803173,NA,NA,NA,0.9999949909244201
high-salinity,corrected_fc,auc_early,7-26,-0.32551058572548586,NA,NA,NA,0.9999999983611965
high-salinity,corrected_fc,auc_early,32-31,0.842927959246693,NA,NA,NA,0.9689052754135155
high-salinity,corrected_fc,auc_early,33-31,-0.5476150285906123,NA,NA,NA,0.9998975384116886
high-salinity,corrected_fc,auc_early,34-31,-0.23677760570578976,NA,NA,NA,0.9999999999993863
high-salinity,corrected_fc,auc_early,36-31,1.4378672526991234,NA,NA,NA,0.13237487612352483
high-salinity,corrected_fc,auc_early,37-31,1.084823934998133,NA,NA,NA,0.6375236620321071
high-salinity,corrected_fc,auc_early,38-31,-0.09418263489816381,NA,NA,NA,1
high-salinity,corrected_fc,auc_early,39-31,0.31592020233676466,NA,NA,NA,0.9999999991431292
high-salinity,corrected_fc,auc_early,41-31,0.4906506551734433,NA,NA,NA,0.9999897103451605
high-salinity,corrected_fc,auc_early,42-31,1.2951370390110155,NA,NA,NA,0.36249674184492564
high-salinity,corrected_fc,auc_early,43-31,-0.22257595487770554,NA,NA,NA,0.9999999999994048
high-salinity,corrected_fc,auc_early,5-31,0.8660921675849396,NA,NA,NA,0.9531730067879701
high-salinity,corrected_fc,auc_early,6-31,0.0030931682587043152,NA,NA,NA,1
high-salinity,corrected_fc,auc_early,7-31,0.1498421750412502,NA,NA,NA,1
high-salinity,corrected_fc,auc_early,33-32,-1.3905429878373052,NA,NA,NA,0.16750560619856147
high-salinity,corrected_fc,auc_early,34-32,-1.0797055649524827,NA,NA,NA,0.7743428216409041
high-salinity,corrected_fc,auc_early,36-32,0.5949392934524305,NA,NA,NA,0.9997413855644558
high-salinity,corrected_fc,auc_early,37-32,0.24189597575144006,NA,NA,NA,0.999999999995965
high-salinity,corrected_fc,auc_early,38-32,-0.9371105941448568,NA,NA,NA,0.907579852857163
high-salinity,corrected_fc,auc_early,39-32,-0.5270077569099283,NA,NA,NA,0.999977920552957
high-salinity,corrected_fc,auc_early,41-32,-0.35227730407324964,NA,NA,NA,0.9999999891017104
high-salinity,corrected_fc,auc_early,42-32,0.45220907976432256,NA,NA,NA,0.9999990218888026
high-salinity,corrected_fc,auc_early,43-32,-1.0655039141243985,NA,NA,NA,0.694034180630386
high-salinity,corrected_fc,auc_early,5-32,0.023164208338246617,NA,NA,NA,1
high-salinity,corrected_fc,auc_early,6-32,-0.8398347909879886,NA,NA,NA,0.9667987666713794
high-salinity,corrected_fc,auc_early,7-32,-0.6930857842054428,NA,NA,NA,0.9979009921345408
high-salinity,corrected_fc,auc_early,34-33,0.3108374228848225,NA,NA,NA,0.9999999993566937
high-salinity,corrected_fc,auc_early,36-33,1.9854822812897357,NA,NA,NA,6.518397881339899e-4
high-salinity,corrected_fc,auc_early,37-33,1.6324389635887453,NA,NA,NA,0.01661014227309776
high-salinity,corrected_fc,auc_early,38-33,0.4534323936924485,NA,NA,NA,0.9999967648732877
high-salinity,corrected_fc,auc_early,39-33,0.8635352309273769,NA,NA,NA,0.9459683623419396
high-salinity,corrected_fc,auc_early,41-33,1.0382656837640556,NA,NA,NA,0.7029086627433139
high-salinity,corrected_fc,auc_early,42-33,1.8427520676016278,NA,NA,NA,0.005402720616509149
high-salinity,corrected_fc,auc_early,43-33,0.32503907371290675,NA,NA,NA,0.9999999933140409
high-salinity,corrected_fc,auc_early,5-33,1.4137071961755519,NA,NA,NA,0.13130637752542784
high-salinity,corrected_fc,auc_early,6-33,0.5507081968493166,NA,NA,NA,0.9998653065441276
high-salinity,corrected_fc,auc_early,7-33,0.6974572036318625,NA,NA,NA,0.9960741073566648
high-salinity,corrected_fc,auc_early,36-34,1.6746448584049132,NA,NA,NA,0.03564797896072114
high-salinity,corrected_fc,auc_early,37-34,1.3216015407039228,NA,NA,NA,0.29365741210789365
high-salinity,corrected_fc,auc_early,38-34,0.14259497080762595,NA,NA,NA,1
high-salinity,corrected_fc,auc_early,39-34,0.5526978080425544,NA,NA,NA,0.9999650366320247
high-salinity,corrected_fc,auc_early,41-34,0.7274282608792331,NA,NA,NA,0.9959881926393392
high-salinity,corrected_fc,auc_early,42-34,1.5319146447168053,NA,NA,NA,0.13149422356821705
high-salinity,corrected_fc,auc_early,43-34,0.014201650828084222,NA,NA,NA,1
high-salinity,corrected_fc,auc_early,5-34,1.1028697732907293,NA,NA,NA,0.7219197116359448
high-salinity,corrected_fc,auc_early,6-34,0.23987077396449408,NA,NA,NA,0.9999999999987973
high-salinity,corrected_fc,auc_early,7-34,0.38661978074703995,NA,NA,NA,0.9999999680169357
high-salinity,corrected_fc,auc_early,37-36,-0.3530433177009904,NA,NA,NA,0.9999999742803931
high-salinity,corrected_fc,auc_early,38-36,-1.5320498875972872,NA,NA,NA,0.06939244977722825
high-salinity,corrected_fc,auc_early,39-36,-1.1219470503623588,NA,NA,NA,0.6266860673653605
high-salinity,corrected_fc,auc_early,41-36,-0.9472165975256801,NA,NA,NA,0.8675558739194708
high-salinity,corrected_fc,auc_early,42-36,-0.1427302136881079,NA,NA,NA,1
high-salinity,corrected_fc,auc_early,43-36,-1.660443207576829,NA,NA,NA,0.01707429265211924
high-salinity,corrected_fc,auc_early,5-36,-0.5717750851141838,NA,NA,NA,0.9998417380326008
high-salinity,corrected_fc,auc_early,6-36,-1.434774084440419,NA,NA,NA,0.12311787847502953
high-salinity,corrected_fc,auc_early,7-36,-1.2880250776578732,NA,NA,NA,0.3317499563951529
high-salinity,corrected_fc,auc_early,38-37,-1.1790065698962968,NA,NA,NA,0.45927601606035506
high-salinity,corrected_fc,auc_early,39-37,-0.7689037326613684,NA,NA,NA,0.985634008479361
high-salinity,corrected_fc,auc_early,41-37,-0.5941732798246897,NA,NA,NA,0.9995233193528394
high-salinity,corrected_fc,auc_early,42-37,0.2103131040128825,NA,NA,NA,1
high-salinity,corrected_fc,auc_early,43-37,-1.3073998898758386,NA,NA,NA,0.20004745378977606
high-salinity,corrected_fc,auc_early,5-37,-0.21873176741319345,NA,NA,NA,1
high-salinity,corrected_fc,auc_early,6-37,-1.0817307667394287,NA,NA,NA,0.6223915295177914
high-salinity,corrected_fc,auc_early,7-37,-0.9349817599568828,NA,NA,NA,0.8845630194536728
high-salinity,corrected_fc,auc_early,39-38,0.41010283723492846,NA,NA,NA,0.999999790216695
high-salinity,corrected_fc,auc_early,41-38,0.5848332900716071,NA,NA,NA,0.9997684248688485
high-salinity,corrected_fc,auc_early,42-38,1.3893196739091793,NA,NA,NA,0.2282803199897392
high-salinity,corrected_fc,auc_early,43-38,-0.12839331997954173,NA,NA,NA,1
high-salinity,corrected_fc,auc_early,5-38,0.9602748024831034,NA,NA,NA,0.8740590907545308
high-salinity,corrected_fc,auc_early,6-38,0.09727580315686812,NA,NA,NA,1
high-salinity,corrected_fc,auc_early,7-38,0.244024809939414,NA,NA,NA,0.9999999999973793
high-salinity,corrected_fc,auc_early,41-39,0.17473045283667865,NA,NA,NA,1
high-salinity,corrected_fc,auc_early,42-39,0.9792168366742509,NA,NA,NA,0.8861546728256746
high-salinity,corrected_fc,auc_early,43-39,-0.5384961572144702,NA,NA,NA,0.9999368058616265
high-salinity,corrected_fc,auc_early,5-39,0.5501719652481749,NA,NA,NA,0.9999426539185627
high-salinity,corrected_fc,auc_early,6-39,-0.31282703407806034,NA,NA,NA,0.999999999149261
high-salinity,corrected_fc,auc_early,7-39,-0.16607802729551446,NA,NA,NA,1
high-salinity,corrected_fc,auc_early,42-41,0.8044863838375722,NA,NA,NA,0.9823697417969686
high-salinity,corrected_fc,auc_early,43-41,-0.7132266100511488,NA,NA,NA,0.9928575983995542
high-salinity,corrected_fc,auc_early,5-41,0.37544151241149626,NA,NA,NA,0.9999999483671214
high-salinity,corrected_fc,auc_early,6-41,-0.487557486914739,NA,NA,NA,0.9999890006440173
high-salinity,corrected_fc,auc_early,7-41,-0.3408084801321931,NA,NA,NA,0.9999999946081961
high-salinity,corrected_fc,auc_early,43-42,-1.517712993888721,NA,NA,NA,0.08089330836521536
high-salinity,corrected_fc,auc_early,5-42,-0.42904487142607595,NA,NA,NA,0.9999995817949945
high-salinity,corrected_fc,auc_early,6-42,-1.2920438707523112,NA,NA,NA,0.34819469717527074
high-salinity,corrected_fc,auc_early,7-42,-1.1452948639697653,NA,NA,NA,0.6464992622833383
high-salinity,corrected_fc,auc_early,5-43,1.088668122462645,NA,NA,NA,0.6303271406818304
high-salinity,corrected_fc,auc_early,6-43,0.22566912313640985,NA,NA,NA,0.9999999999987648
high-salinity,corrected_fc,auc_early,7-43,0.37241812991895573,NA,NA,NA,0.9999999495863172
high-salinity,corrected_fc,auc_early,6-5,-0.8629989993262352,NA,NA,NA,0.9500504235611038
high-salinity,corrected_fc,auc_early,7-5,-0.7162499925436894,NA,NA,NA,0.9960942481284099
high-salinity,corrected_fc,auc_early,7-6,0.14674900678254588,NA,NA,NA,1
high-salinity,corrected_fc,final_delta,14-12,3.4133318461449234,NA,NA,NA,3.261665036724537e-6
high-salinity,corrected_fc,final_delta,15-12,0.7078052050669812,NA,NA,NA,0.9999787873465055
high-salinity,corrected_fc,final_delta,16-12,3.272359510346706,NA,NA,NA,4.050382616183068e-5
high-salinity,corrected_fc,final_delta,19-12,1.6961935768619423,NA,NA,NA,0.39834911212489654
high-salinity,corrected_fc,final_delta,2-12,0.5488629070138393,NA,NA,NA,0.9999998153667851
high-salinity,corrected_fc,final_delta,20-12,1.7678527256311725,NA,NA,NA,0.3748832264276005
high-salinity,corrected_fc,final_delta,21-12,2.3843984027990555,NA,NA,NA,0.015496312814079594
high-salinity,corrected_fc,final_delta,24-12,2.085079976832132,NA,NA,NA,0.09477344566783097
high-salinity,corrected_fc,final_delta,25-12,1.998502741500709,NA,NA,NA,0.11880243442202287
high-salinity,corrected_fc,final_delta,26-12,2.1322006032999834,NA,NA,NA,0.07480414008086178
high-salinity,corrected_fc,final_delta,31-12,1.3612960551943996,NA,NA,NA,0.8494995796906246
high-salinity,corrected_fc,final_delta,32-12,2.5899581039987964,NA,NA,NA,0.005696086457799399
high-salinity,corrected_fc,final_delta,33-12,1.3687697339604377,NA,NA,NA,0.8036655459400541
high-salinity,corrected_fc,final_delta,34-12,0.5795309485397313,NA,NA,NA,0.9999998132701327
high-salinity,corrected_fc,final_delta,36-12,2.0116274164872285,NA,NA,NA,0.12222416066534181
high-salinity,corrected_fc,final_delta,37-12,1.1761013309837813,NA,NA,NA,0.9496235799577799
high-salinity,corrected_fc,final_delta,38-12,1.424039655688036,NA,NA,NA,0.7871961074714589
high-salinity,corrected_fc,final_delta,39-12,1.1238820441516535,NA,NA,NA,0.9805836072980785
high-salinity,corrected_fc,final_delta,41-12,1.6460925619205216,NA,NA,NA,0.4841086676057833
high-salinity,corrected_fc,final_delta,42-12,1.4202621387162337,NA,NA,NA,0.8231597367454078
high-salinity,corrected_fc,final_delta,43-12,0.18993237578742006,NA,NA,NA,1
high-salinity,corrected_fc,final_delta,5-12,2.477265037056293,NA,NA,NA,0.010013116279238954
high-salinity,corrected_fc,final_delta,6-12,0.6318174630818874,NA,NA,NA,0.9999974982839424
high-salinity,corrected_fc,final_delta,7-12,1.354058848778187,NA,NA,NA,0.8682507057683337
high-salinity,corrected_fc,final_delta,15-14,-2.705526641077942,NA,NA,NA,0.001711210874081992
high-salinity,corrected_fc,final_delta,16-14,-0.14097233579821733,NA,NA,NA,1
high-salinity,corrected_fc,final_delta,19-14,-1.717138269282981,NA,NA,NA,0.3723493782170153
high-salinity,corrected_fc,final_delta,2-14,-2.864468939131084,NA,NA,NA,4.08915614994676e-4
high-salinity,corrected_fc,final_delta,20-14,-1.645479120513751,NA,NA,NA,0.5303167068862651
high-salinity,corrected_fc,final_delta,21-14,-1.028933443345868,NA,NA,NA,0.991718064921559
high-salinity,corrected_fc,final_delta,24-14,-1.3282518693127914,NA,NA,NA,0.8775238826486995
high-salinity,corrected_fc,final_delta,25-14,-1.4148291046442143,NA,NA,NA,0.7664040006062767
high-salinity,corrected_fc,final_delta,26-14,-1.28113124284494,NA,NA,NA,0.9114811656655144
high-salinity,corrected_fc,final_delta,31-14,-2.052035790950524,NA,NA,NA,0.11121130521885769
high-salinity,corrected_fc,final_delta,32-14,-0.8233737421461269,NA,NA,NA,0.9997904722755775
high-salinity,corrected_fc,final_delta,33-14,-2.0445621121844857,NA,NA,NA,0.08632021447803928
high-salinity,corrected_fc,final_delta,34-14,-2.833800897605192,NA,NA,NA,0.0016429173268195374
high-salinity,corrected_fc,final_delta,36-14,-1.4017044296576948,NA,NA,NA,0.7958947117707573
high-salinity,corrected_fc,final_delta,37-14,-2.237230515161142,NA,NA,NA,0.029444986355878555
high-salinity,corrected_fc,final_delta,38-14,-1.9892921904568874,NA,NA,NA,0.1485735125033043
high-salinity,corrected_fc,final_delta,39-14,-2.28944980199327,NA,NA,NA,0.0364574394163526
high-salinity,corrected_fc,final_delta,41-14,-1.7672392842244018,NA,NA,NA,0.3326574731415637
high-salinity,corrected_fc,final_delta,42-14,-1.9930697074286896,NA,NA,NA,0.17675164574571856
high-salinity,corrected_fc,final_delta,43-14,-3.2233994703575033,NA,NA,NA,1.4598849164881855e-5
high-salinity,corrected_fc,final_delta,5-14,-0.9360668090886302,NA,NA,NA,0.9980995345186291
high-salinity,corrected_fc,final_delta,6-14,-2.781514383063036,NA,NA,NA,9.668024696092292e-4
high-salinity,corrected_fc,final_delta,7-14,-2.0592729973667363,NA,NA,NA,0.11920975191361682
high-salinity,corrected_fc,final_delta,16-15,2.564554305279725,NA,NA,NA,0.009421044553428293
high-salinity,corrected_fc,final_delta,19-15,0.9883883717949611,NA,NA,NA,0.9951955541740889
high-salinity,corrected_fc,final_delta,2-15,-0.15894229805314186,NA,NA,NA,1
high-salinity,corrected_fc,final_delta,20-15,1.0600475205641913,NA,NA,NA,0.9917143553708772
high-salinity,corrected_fc,final_delta,21-15,1.6765931977320743,NA,NA,NA,0.46439268197492234
high-salinity,corrected_fc,final_delta,24-15,1.3772747717651508,NA,NA,NA,0.8464049990350228
high-salinity,corrected_fc,final_delta,25-15,1.2906975364337279,NA,NA,NA,0.896041320027835
high-salinity,corrected_fc,final_delta,26-15,1.4243953982330022,NA,NA,NA,0.8006436289746213
high-salinity,corrected_fc,final_delta,31-15,0.6534908501274184,NA,NA,NA,0.9999966927443261
high-salinity,corrected_fc,final_delta,32-15,1.8821528989318153,NA,NA,NA,0.26815500710882023
high-salinity,corrected_fc,final_delta,33-15,0.6609645288934565,NA,NA,NA,0.9999929904323472
high-salinity,corrected_fc,final_delta,34-15,-0.12827425652724989,NA,NA,NA,1
high-salinity,corrected_fc,final_delta,36-15,1.3038222114202473,NA,NA,NA,0.8953177978161109
high-salinity,corrected_fc,final_delta,37-15,0.46829612591680014,NA,NA,NA,0.9999999933465531
high-salinity,corrected_fc,final_delta,38-15,0.7162344506210547,NA,NA,NA,0.9999814783820855
high-salinity,corrected_fc,final_delta,39-15,0.4160768390846723,NA,NA,NA,0.9999999997775266
high-salinity,corrected_fc,final_delta,41-15,0.9382873568535404,NA,NA,NA,0.9980096688631952
high-salinity,corrected_fc,final_delta,42-15,0.7124569336492526,NA,NA,NA,0.9999887504761491
high-salinity,corrected_fc,final_delta,43-15,-0.5178728292795611,NA,NA,NA,0.9999999448267041
high-salinity,corrected_fc,final_delta,5-15,1.769459831989312,NA,NA,NA,0.3697408478856683
high-salinity,corrected_fc,final_delta,6-15,-0.07598774198509384,NA,NA,NA,1
high-salinity,corrected_fc,final_delta,7-15,0.6462536437112059,NA,NA,NA,0.9999978224904729
high-salinity,corrected_fc,final_delta,19-16,-1.5761659334847637,NA,NA,NA,0.6449467039365234
high-salinity,corrected_fc,final_delta,2-16,-2.7234966033328667,NA,NA,NA,0.002813594820139542
high-salinity,corrected_fc,final_delta,20-16,-1.5045067847155336,NA,NA,NA,0.7795163666590972
high-salinity,corrected_fc,final_delta,21-16,-0.8879611075476506,NA,NA,NA,0.9994794128778379
high-salinity,corrected_fc,final_delta,24-16,-1.187279533514574,NA,NA,NA,0.9737886700334843
high-salinity,corrected_fc,final_delta,25-16,-1.273856768845997,NA,NA,NA,0.9322362653406538
high-salinity,corrected_fc,final_delta,26-16,-1.1401589070467226,NA,NA,NA,0.9838361717656507
high-salinity,corrected_fc,final_delta,31-16,-1.9110634551523065,NA,NA,NA,0.27791337364322133
high-salinity,corrected_fc,final_delta,32-16,-0.6824014063479096,NA,NA,NA,0.9999965356619991
high-salinity,corrected_fc,final_delta,33-16,-1.9035897763862684,NA,NA,NA,0.23729244954086537
high-salinity,corrected_fc,final_delta,34-16,-2.6928285618069747,NA,NA,NA,0.008285410728819609
high-salinity,corrected_fc,final_delta,36-16,-1.2607320938594775,NA,NA,NA,0.9441147410301849
high-salinity,corrected_fc,final_delta,37-16,-2.0962581793629247,NA,NA,NA,0.10323898661206488
high-salinity,corrected_fc,final_delta,38-16,-1.84831985465867,NA,NA,NA,0.34360520296592645
high-salinity,corrected_fc,final_delta,39-16,-2.1484774661950525,NA,NA,NA,0.11573904635680643
high-salinity,corrected_fc,final_delta,41-16,-1.6262669484261845,NA,NA,NA,0.5986160346023167
high-salinity,corrected_fc,final_delta,42-16,-1.8520973716304723,NA,NA,NA,0.38185478013158003
high-salinity,corrected_fc,final_delta,43-16,-3.082427134559286,NA,NA,NA,1.5695125226233841e-4
high-salinity,corrected_fc,final_delta,5-16,-0.7950944732904128,NA,NA,NA,0.9999307004062601
high-salinity,corrected_fc,final_delta,6-16,-2.6405420472648187,NA,NA,NA,0.005776119516058942
high-salinity,corrected_fc,final_delta,7-16,-1.918300661568519,NA,NA,NA,0.28949204110874693
high-salinity,corrected_fc,final_delta,2-19,-1.147330669848103,NA,NA,NA,0.9649927123429347
high-salinity,corrected_fc,final_delta,20-19,0.07165914876923019,NA,NA,NA,1
high-salinity,corrected_fc,final_delta,21-19,0.6882048259371132,NA,NA,NA,0.9999873524513736
high-salinity,corrected_fc,final_delta,24-19,0.3888863999701897,NA,NA,NA,0.999999999922804
high-salinity,corrected_fc,final_delta,25-19,0.3023091646387668,NA,NA,NA,1
high-salinity,corrected_fc,final_delta,26-19,0.4360070264380411,NA,NA,NA,0.9999999990481845
high-salinity,corrected_fc,final_delta,31-19,-0.3348975216675427,NA,NA,NA,0.9999999999974312
high-salinity,corrected_fc,final_delta,32-19,0.8937645271368542,NA,NA,NA,0.9992047699188004
high-salinity,corrected_fc,final_delta,33-19,-0.3274238429015046,NA,NA,NA,0.9999999999970045
high-salinity,corrected_fc,final_delta,34-19,-1.116662628322211,NA,NA,NA,0.9865658658596884
high-salinity,corrected_fc,final_delta,36-19,0.31543383962528626,NA,NA,NA,0.9999999999993541
high-salinity,corrected_fc,final_delta,37-19,-0.5200922458781609,NA,NA,NA,0.9999999263377208
high-salinity,corrected_fc,final_delta,38-19,-0.27215392117390635,NA,NA,NA,1
high-salinity,corrected_fc,final_delta,39-19,-0.5723115327102888,NA,NA,NA,0.9999997666940672
high-salinity,corrected_fc,final_delta,41-19,-0.05010101494142072,NA,NA,NA,1
high-salinity,corrected_fc,final_delta,42-19,-0.27593143814570853,NA,NA,NA,1
high-salinity,corrected_fc,final_delta,43-19,-1.5062612010745222,NA,NA,NA,0.634155976464785
high-salinity,corrected_fc,final_delta,5-19,0.7810714601943509,NA,NA,NA,0.9998976797474075
high-salinity,corrected_fc,final_delta,6-19,-1.064376113780055,NA,NA,NA,0.9871718398199262
high-salinity,corrected_fc,final_delta,7-19,-0.3421347280837552,NA,NA,NA,0.9999999999966707
high-salinity,corrected_fc,final_delta,20-2,1.2189898186173331,NA,NA,NA,0.951441354794933
high-salinity,corrected_fc,final_delta,21-2,1.8355354957852161,NA,NA,NA,0.25957727673421527
high-salinity,corrected_fc,final_delta,24-2,1.5362170698182926,NA,NA,NA,0.6521398121132651
high-salinity,corrected_fc,final_delta,25-2,1.4496398344868697,NA,NA,NA,0.7248829852445331
high-salinity,corrected_fc,final_delta,26-2,1.583337696286144,NA,NA,NA,0.5899895637738493
high-salinity,corrected_fc,final_delta,31-2,0.8124331481805602,NA,NA,NA,0.9997996830675031
high-salinity,corrected_fc,final_delta,32-2,2.041095196984957,NA,NA,NA,0.12961528864551397
high-salinity,corrected_fc,final_delta,33-2,0.8199068269465983,NA,NA,NA,0.9996251794174353
high-salinity,corrected_fc,final_delta,34-2,0.030668041525891976,NA,NA,NA,1
high-salinity,corrected_fc,final_delta,36-2,1.4627645094733892,NA,NA,NA,0.7257945947502862
high-salinity,corrected_fc,final_delta,37-2,0.627238423969942,NA,NA,NA,0.9999968913651518
high-salinity,corrected_fc,final_delta,38-2,0.8751767486741966,NA,NA,NA,0.9993242084417153
high-salinity,corrected_fc,final_delta,39-2,0.5750191371378142,NA,NA,NA,0.999999743295176
high-salinity,corrected_fc,final_delta,41-2,1.0972296549066822,NA,NA,NA,0.9813214014385158
high-salinity,corrected_fc,final_delta,42-2,0.8713992317023944,NA,NA,NA,0.9995574270350541
high-salinity,corrected_fc,final_delta,43-2,-0.35893053122641927,NA,NA,NA,0.999999999975511
high-salinity,corrected_fc,final_delta,5-2,1.9284021300424539,NA,NA,NA,0.19323845732389788
high-salinity,corrected_fc,final_delta,6-2,0.08295455606804802,NA,NA,NA,1
high-salinity,corrected_fc,final_delta,7-2,0.8051959417643477,NA,NA,NA,0.999856416219431
high-salinity,corrected_fc,final_delta,21-20,0.616545677167883,NA,NA,NA,0.9999991340275698
high-salinity,corrected_fc,final_delta,24-20,0.3172272512009595,NA,NA,NA,1
high-salinity,corrected_fc,final_delta,25-20,0.2306500158695366,NA,NA,NA,1
high-salinity,corrected_fc,final_delta,26-20,0.36434787766881094,NA,NA,NA,0.999999999990739
high-salinity,corrected_fc,final_delta,31-20,-0.4065566704367729,NA,NA,NA,0.9999999998917685
high-salinity,corrected_fc,final_delta,32-20,0.822105378367624,NA,NA,NA,0.9998743494717784
high-salinity,corrected_fc,final_delta,33-20,-0.3990829916707348,NA,NA,NA,0.9999999998696826
high-salinity,corrected_fc,final_delta,34-20,-1.1883217770914412,NA,NA,NA,0.9793971151507288
high-salinity,corrected_fc,final_delta,36-20,0.24377469085605608,NA,NA,NA,1
high-salinity,corrected_fc,final_delta,37-20,-0.5917513946473911,NA,NA,NA,0.9999994582557606
high-salinity,corrected_fc,final_delta,38-20,-0.34381306994313654,NA,NA,NA,0.9999999999975946
high-salinity,corrected_fc,final_delta,39-20,-0.643970681479519,NA,NA,NA,0.9999986134114872
high-salinity,corrected_fc,final_delta,41-20,-0.1217601637106509,NA,NA,NA,1
high-salinity,corrected_fc,final_delta,42-20,-0.3475905869149387,NA,NA,NA,0.9999999999981206
high-salinity,corrected_fc,final_delta,43-20,-1.5779203498437524,NA,NA,NA,0.601880635328879
high-salinity,corrected_fc,final_delta,5-20,0.7094123114251207,NA,NA,NA,0.9999892849898162
high-salinity,corrected_fc,final_delta,6-20,-1.136035262549285,NA,NA,NA,0.9801622658746566
high-salinity,corrected_fc,final_delta,7-20,-0.4137938768529854,NA,NA,NA,0.9999999998721222
high-salinity,corrected_fc,final_delta,24-21,-0.2993184259669235,NA,NA,NA,1
high-salinity,corrected_fc,final_delta,25-21,-0.3858956612983464,NA,NA,NA,0.9999999999186462
high-salinity,corrected_fc,final_delta,26-21,-0.25219779949907206,NA,NA,NA,1
high-salinity,corrected_fc,final_delta,31-21,-1.023102347604656,NA,NA,NA,0.9940728738390703
high-salinity,corrected_fc,final_delta,32-21,0.20555970119974099,NA,NA,NA,1
high-salinity,corrected_fc,final_delta,33-21,-1.0156286688386178,NA,NA,NA,0.9921638406715207
high-salinity,corrected_fc,final_delta,34-21,-1.8048674542593242,NA,NA,NA,0.3989374162736036
high-salinity,corrected_fc,final_delta,36-21,-0.3727709863118269,NA,NA,NA,0.999999999969413
high-salinity,corrected_fc,final_delta,37-21,-1.2082970718152741,NA,NA,NA,0.9398028782951564
high-salinity,corrected_fc,final_delta,38-21,-0.9603587471110195,NA,NA,NA,0.997577059558949
high-salinity,corrected_fc,final_delta,39-21,-1.260516358647402,NA,NA,NA,0.9375049646350166
high-salinity,corrected_fc,final_delta,41-21,-0.7383058408785339,NA,NA,NA,0.9999615598793317
high-salinity,corrected_fc,final_delta,42-21,-0.9641362640828217,NA,NA,NA,0.9981360671219413
high-salinity,corrected_fc,final_delta,43-21,-2.1944660270116354,NA,NA,NA,0.04284279366224797
high-salinity,corrected_fc,final_delta,5-21,0.09286663425723773,NA,NA,NA,1
high-salinity,corrected_fc,final_delta,6-21,-1.752580939717168,NA,NA,NA,0.3690778482048702
high-salinity,corrected_fc,final_delta,7-21,-1.0303395540208684,NA,NA,NA,0.9943464424037753
high-salinity,corrected_fc,final_delta,25-24,-0.08657723533142292,NA,NA,NA,1
high-salinity,corrected_fc,final_delta,26-24,0.04712062646785142,NA,NA,NA,1
high-salinity,corrected_fc,final_delta,31-24,-0.7237839216377324,NA,NA,NA,0.9999812127331674
high-salinity,corrected_fc,final_delta,32-24,0.5048781271666645,NA,NA,NA,0.9999999881701952
high-salinity,corrected_fc,final_delta,33-24,-0.7163102428716943,NA,NA,NA,0.9999743069960765
high-salinity,corrected_fc,final_delta,34-24,-1.5055490282924007,NA,NA,NA,0.7812782577569908
high-salinity,corrected_fc,final_delta,36-24,-0.07345256034490344,NA,NA,NA,1
high-salinity,corrected_fc,final_delta,37-24,-0.9089786458483506,NA,NA,NA,0.9986079447505669
high-salinity,corrected_fc,final_delta,38-24,-0.661040321144096,NA,NA,NA,0.9999965779038446
high-salinity,corrected_fc,final_delta,39-24,-0.9611979326804785,NA,NA,NA,0.9981741074530379
high-salinity,corrected_fc,final_delta,41-24,-0.4389874149116104,NA,NA,NA,0.9999999990955478
high-salinity,corrected_fc,final_delta,42-24,-0.6648178381158982,NA,NA,NA,0.9999974653527451
high-salinity,corrected_fc,final_delta,43-24,-1.895147601044712,NA,NA,NA,0.20707175775228714
high-salinity,corrected_fc,final_delta,5-24,0.3921850602241612,NA,NA,NA,0.9999999999387478
high-salinity,corrected_fc,final_delta,6-24,-1.4532625137502446,NA,NA,NA,0.7695986983739497
high-salinity,corrected_fc,final_delta,7-24,-0.7310211280539449,NA,NA,NA,0.9999813364427456
high-salinity,corrected_fc,final_delta,26-25,0.13369786179927434,NA,NA,NA,1
high-salinity,corrected_fc,final_delta,31-25,-0.6372066863063095,NA,NA,NA,0.9999975741935373
high-salinity,corrected_fc,final_delta,32-25,0.5914553624980874,NA,NA,NA,0.9999995472592516
high-salinity,corrected_fc,final_delta,33-25,-0.6297330075402714,NA,NA,NA,0.9999966448687527
high-salinity,corrected_fc,final_delta,34-25,-1.4189717929609778,NA,NA,NA,0.8403839690673214
high-salinity,corrected_fc,final_delta,36-25,0.01312467498651948,NA,NA,NA,1
high-salinity,corrected_fc,final_delta,37-25,-0.8224014105169277,NA,NA,NA,0.9996061253629687
high-salinity,corrected_fc,final_delta,38-25,-0.5744630858126731,NA,NA,NA,0.9999996875163137
high-salinity,corrected_fc,final_delta,39-25,-0.8746206973490556,NA,NA,NA,0.9994358579163787
high-salinity,corrected_fc,final_delta,41-25,-0.3524101795801875,NA,NA,NA,0.9999999999893788
high-salinity,corrected_fc,final_delta,42-25,-0.5782406027844753,NA,NA,NA,0.9999997717086757
high-salinity,corrected_fc,final_delta,43-25,-1.808570365713289,NA,NA,NA,0.25282685832305674
high-salinity,corrected_fc,final_delta,5-25,0.47876229555558414,NA,NA,NA,0.9999999928806251
high-salinity,corrected_fc,final_delta,6-25,-1.3666852784188217,NA,NA,NA,0.83161637663829
high-salinity,corrected_fc,final_delta,7-25,-0.644443892722522,NA,NA,NA,0.9999975462575512
high-salinity,corrected_fc,final_delta,31-26,-0.7709045481055838,NA,NA,NA,0.9999414980233561
high-salinity,corrected_fc,final_delta,32-26,0.45775750069881305,NA,NA,NA,0.999999998547186
high-salinity,corrected_fc,final_delta,33-26,-0.7634308693395457,NA,NA,NA,0.9999200391479142
high-salinity,corrected_fc,final_delta,34-26,-1.552669654760252,NA,NA,NA,0.7298554597305027
high-salinity,corrected_fc,final_delta,36-26,-0.12057318681275486,NA,NA,NA,1
high-salinity,corrected_fc,final_delta,37-26,-0.9560992723162021,NA,NA,NA,0.9970573437842314
high-salinity,corrected_fc,final_delta,38-26,-0.7081609476119475,NA,NA,NA,0.9999874393492675
high-salinity,corrected_fc,final_delta,39-26,-1.00831855914833,NA,NA,NA,0.9963353770993856
high-salinity,corrected_fc,final_delta,41-26,-0.48610804137946184,NA,NA,NA,0.9999999919004956
high-salinity,corrected_fc,final_delta,42-26,-0.7119384645837497,NA,NA,NA,0.9999906708833146
high-salinity,corrected_fc,final_delta,43-26,-1.9422682275125633,NA,NA,NA,0.16960001604489938
high-salinity,corrected_fc,final_delta,5-26,0.3450644337563098,NA,NA,NA,0.9999999999966436
high-salinity,corrected_fc,final_delta,6-26,-1.500383140218096,NA,NA,NA,0.7147289230744571
high-salinity,corrected_fc,final_delta,7-26,-0.7781417545217963,NA,NA,NA,0.9999424877691921
high-salinity,corrected_fc,final_delta,32-31,1.2286620488043969,NA,NA,NA,0.956600652489326
high-salinity,corrected_fc,final_delta,33-31,0.0074736787660381054,NA,NA,NA,1
high-salinity,corrected_fc,final_delta,34-31,-0.7817651066546683,NA,NA,NA,0.9999582552954283
high-salinity,corrected_fc,final_delta,36-31,0.650331361292829,NA,NA,NA,0.9999969871236991
high-salinity,corrected_fc,final_delta,37-31,-0.18519472421061822,NA,NA,NA,1
high-salinity,corrected_fc,final_delta,38-31,0.06274360049363636,NA,NA,NA,1
high-salinity,corrected_fc,final_delta,39-31,-0.23741401104274606,NA,NA,NA,1
high-salinity,corrected_fc,final_delta,41-31,0.284796506726122,NA,NA,NA,1
high-salinity,corrected_fc,final_delta,42-31,0.05896608352183419,NA,NA,NA,1
high-salinity,corrected_fc,final_delta,43-31,-1.1713636794069795,NA,NA,NA,0.961015508952767
high-salinity,corrected_fc,final_delta,5-31,1.1159689818618936,NA,NA,NA,0.9838689039461022
high-salinity,corrected_fc,final_delta,6-31,-0.7294785921125122,NA,NA,NA,0.9999741216361321
high-salinity,corrected_fc,final_delta,7-31,-0.007237206416212505,NA,NA,NA,1
high-salinity,corrected_fc,final_delta,33-32,-1.2211883700383588,NA,NA,NA,0.9459511384410534
high-salinity,corrected_fc,final_delta,34-32,-2.010427155459065,NA,NA,NA,0.22545819465653172
high-salinity,corrected_fc,final_delta,36-32,-0.5783306875115679,NA,NA,NA,0.9999997595263213
high-salinity,corrected_fc,final_delta,37-32,-1.4138567730150151,NA,NA,NA,0.8013703541451864
high-salinity,corrected_fc,final_delta,38-32,-1.1659184483107605,NA,NA,NA,0.9758908237092501
high-salinity,corrected_fc,final_delta,39-32,-1.466076059847143,NA,NA,NA,0.80252697446526
high-salinity,corrected_fc,final_delta,41-32,-0.9438655420782749,NA,NA,NA,0.9983970065906711
high-salinity,corrected_fc,final_delta,42-32,-1.1696959652825627,NA,NA,NA,0.9804376499056424
high-salinity,corrected_fc,final_delta,43-32,-2.4000257282113764,NA,NA,NA,0.016891044418079648
high-salinity,corrected_fc,final_delta,5-32,-0.11269306694250325,NA,NA,NA,1
high-salinity,corrected_fc,final_delta,6-32,-1.958140640916909,NA,NA,NA,0.20008566810809758
high-salinity,corrected_fc,final_delta,7-32,-1.2358992552206094,NA,NA,NA,0.9585315044933052
high-salinity,corrected_fc,final_delta,34-33,-0.7892387854207064,NA,NA,NA,0.9999221566363119
high-salinity,corrected_fc,final_delta,36-33,0.6428576825267909,NA,NA,NA,0.9999958631413453
high-salinity,corrected_fc,final_delta,37-33,-0.19266840297665633,NA,NA,NA,1
high-salinity,corrected_fc,final_delta,38-33,0.05526992172759826,NA,NA,NA,1
high-salinity,corrected_fc,final_delta,39-33,-0.24488768980878417,NA,NA,NA,1
high-salinity,corrected_fc,final_delta,41-33,0.2773228279600839,NA,NA,NA,1
high-salinity,corrected_fc,final_delta,42-33,0.051492404755796084,NA,NA,NA,1
high-salinity,corrected_fc,final_delta,43-33,-1.1788373581730176,NA,NA,NA,0.9432609714359127
high-salinity,corrected_fc,final_delta,5-33,1.1084953030958555,NA,NA,NA,0.9792420319542265
high-salinity,corrected_fc,final_delta,6-33,-0.7369522708785503,NA,NA,NA,0.9999485439444722
high-salinity,corrected_fc,final_delta,7-33,-0.01471088518225061,NA,NA,NA,1
high-salinity,corrected_fc,final_delta,36-34,1.4320964679474972,NA,NA,NA,0.8395578161693055
high-salinity,corrected_fc,final_delta,37-34,0.59657038244405,NA,NA,NA,0.9999996050522997
high-salinity,corrected_fc,final_delta,38-34,0.8445087071483046,NA,NA,NA,0.9998395526095234
high-salinity,corrected_fc,final_delta,39-34,0.5443510956119222,NA,NA,NA,0.9999999708033189
high-salinity,corrected_fc,final_delta,41-34,1.0665616133807903,NA,NA,NA,0.9933940887396038
high-salinity,corrected_fc,final_delta,42-34,0.8407311901765024,NA,NA,NA,0.9998944307902213
high-salinity,corrected_fc,final_delta,43-34,-0.38959857275231125,NA,NA,NA,0.9999999999550067
high-salinity,corrected_fc,final_delta,5-34,1.897734088516562,NA,NA,NA,0.31402145615722055
high-salinity,corrected_fc,final_delta,6-34,0.05228651454215605,NA,NA,NA,1
high-salinity,corrected_fc,final_delta,7-34,0.7745279002384557,NA,NA,NA,0.9999703127866624
high-salinity,corrected_fc,final_delta,37-36,-0.8355260855034472,NA,NA,NA,0.9995647865398549
high-salinity,corrected_fc,final_delta,38-36,-0.5875877607991926,NA,NA,NA,0.9999995906049909
high-salinity,corrected_fc,final_delta,39-36,-0.887745372335575,NA,NA,NA,0.9993798825696555
high-salinity,corrected_fc,final_delta,41-36,-0.365534854566707,NA,NA,NA,0.9999999999802964
high-salinity,corrected_fc,final_delta,42-36,-0.5913652777709948,NA,NA,NA,0.9999996989694124
high-salinity,corrected_fc,final_delta,43-36,-1.8216950406998085,NA,NA,NA,0.25727337154720054
high-salinity,corrected_fc,final_delta,5-36,0.46563762056906466,NA,NA,NA,0.9999999967687258
high-salinity,corrected_fc,final_delta,6-36,-1.3798099534053412,NA,NA,NA,0.8313365011636068
high-salinity,corrected_fc,final_delta,7-36,-0.6575685677090415,NA,NA,NA,0.9999969546185252
high-salinity,corrected_fc,final_delta,38-37,0.2479383247042546,NA,NA,NA,1
high-salinity,corrected_fc,final_delta,39-37,-0.05221928683212784,NA,NA,NA,1
high-salinity,corrected_fc,final_delta,41-37,0.4699912309367402,NA,NA,NA,0.9999999928145973
high-salinity,corrected_fc,final_delta,42-37,0.2441608077324524,NA,NA,NA,1
high-salinity,corrected_fc,final_delta,43-37,-0.9861689551963613,NA,NA,NA,0.993196047709326
high-salinity,corrected_fc,final_delta,5-37,1.3011637060725119,NA,NA,NA,0.8896779187385317
high-salinity,corrected_fc,final_delta,6-37,-0.544283867901894,NA,NA,NA,0.9999998465042599
high-salinity,corrected_fc,final_delta,7-37,0.17795751779440572,NA,NA,NA,1
high-salinity,corrected_fc,final_delta,39-38,-0.30015761153638243,NA,NA,NA,1
high-salinity,corrected_fc,final_delta,41-38,0.22205290623248564,NA,NA,NA,1
high-salinity,corrected_fc,final_delta,42-38,-0.003777516971802175,NA,NA,NA,1
high-salinity,corrected_fc,final_delta,43-38,-1.2341072799006159,NA,NA,NA,0.9328780145968318
high-salinity,corrected_fc,final_delta,5-38,1.0532253813682573,NA,NA,NA,0.9923128907482399
high-salinity,corrected_fc,final_delta,6-38,-0.7922221926061486,NA,NA,NA,0.9998884238881964
high-salinity,corrected_fc,final_delta,7-38,-0.06998080690984887,NA,NA,NA,1
high-salinity,corrected_fc,final_delta,41-39,0.5222105177688681,NA,NA,NA,0.9999999706118401
high-salinity,corrected_fc,final_delta,42-39,0.29638009456458025,NA,NA,NA,1
high-salinity,corrected_fc,final_delta,43-39,-0.9339496683642334,NA,NA,NA,0.9982226766313482
high-salinity,corrected_fc,final_delta,5-39,1.3533829929046397,NA,NA,NA,0.8881943433871076
high-salinity,corrected_fc,final_delta,6-39,-0.49206458106976614,NA,NA,NA,0.9999999916080902
high-salinity,corrected_fc,final_delta,7-39,0.23017680462653356,NA,NA,NA,1
high-salinity,corrected_fc,final_delta,42-41,-0.2258304232042878,NA,NA,NA,1
high-salinity,corrected_fc,final_delta,43-41,-1.4561601861331015,NA,NA,NA,0.7180524948987369
high-salinity,corrected_fc,final_delta,5-41,0.8311724751357716,NA,NA,NA,0.9997482924759089
high-salinity,corrected_fc,final_delta,6-41,-1.0142750988386342,NA,NA,NA,0.9939722868625236
high-salinity,corrected_fc,final_delta,7-41,-0.2920337131423345,NA,NA,NA,1
high-salinity,corrected_fc,final_delta,43-42,-1.2303297629288137,NA,NA,NA,0.9482066909908935
high-salinity,corrected_fc,final_delta,5-42,1.0570028983400594,NA,NA,NA,0.9939416169909293
high-salinity,corrected_fc,final_delta,6-42,-0.7884446756343464,NA,NA,NA,0.9999295944093515
high-salinity,corrected_fc,final_delta,7-42,-0.0662032899380467,NA,NA,NA,1
high-salinity,corrected_fc,final_delta,5-43,2.287332661268873,NA,NA,NA,0.028590559190519782
high-salinity,corrected_fc,final_delta,6-43,0.4418850872944673,NA,NA,NA,0.9999999980836313
high-salinity,corrected_fc,final_delta,7-43,1.164126472990767,NA,NA,NA,0.9677340083324141
high-salinity,corrected_fc,final_delta,6-5,-1.8454475739744058,NA,NA,NA,0.28537989361689076
high-salinity,corrected_fc,final_delta,7-5,-1.1232061882781061,NA,NA,NA,0.9846163864529006
high-salinity,corrected_fc,final_delta,7-6,0.7222413856962997,NA,NA,NA,0.9999821977977574
high-salinity,corrected_fc,initial_slope,14-12,0.8004521917758036,NA,NA,NA,0.2701409976143756
high-salinity,corrected_fc,initial_slope,15-12,0.32199670600211916,NA,NA,NA,0.9999653808101745
high-salinity,corrected_fc,initial_slope,16-12,0.49727647124751173,NA,NA,NA,0.9832434840916292
high-salinity,corrected_fc,initial_slope,19-12,0.8499612625971413,NA,NA,NA,0.170792810145165
high-salinity,corrected_fc,initial_slope,2-12,0.19326067654455437,NA,NA,NA,0.9999999985111796
high-salinity,corrected_fc,initial_slope,20-12,0.3571632910194529,NA,NA,NA,0.9998520703129522
high-salinity,corrected_fc,initial_slope,21-12,0.9838359949299653,NA,NA,NA,0.04097243463437461
high-salinity,corrected_fc,initial_slope,24-12,1.360236322099944,NA,NA,NA,1.20789602022775e-4
high-salinity,corrected_fc,initial_slope,25-12,0.2580066388371909,NA,NA,NA,0.9999993847981802
high-salinity,corrected_fc,initial_slope,26-12,0.8048903550893187,NA,NA,NA,0.29683138960407396
high-salinity,corrected_fc,initial_slope,31-12,0.38095430669562,NA,NA,NA,0.9994857212745549
high-salinity,corrected_fc,initial_slope,32-12,0.9621239757562161,NA,NA,NA,0.0683413906607706
high-salinity,corrected_fc,initial_slope,33-12,0.08318958030281443,NA,NA,NA,1
high-salinity,corrected_fc,initial_slope,34-12,0.30270404067613055,NA,NA,NA,0.9999951494725257
high-salinity,corrected_fc,initial_slope,36-12,1.3905944463765016,NA,NA,NA,5.179975595215325e-5
high-salinity,corrected_fc,initial_slope,37-12,1.1420960300425482,NA,NA,NA,0.003017429003599359
high-salinity,corrected_fc,initial_slope,38-12,0.3178963128362162,NA,NA,NA,0.9999771344600008
high-salinity,corrected_fc,initial_slope,39-12,0.68264421649828,NA,NA,NA,0.6663077418323718
high-salinity,corrected_fc,initial_slope,41-12,0.7881302915945783,NA,NA,NA,0.31834212939258233
high-salinity,corrected_fc,initial_slope,42-12,1.3503374358841258,NA,NA,NA,2.4999391698210527e-4
high-salinity,corrected_fc,initial_slope,43-12,0.3414856258920109,NA,NA,NA,0.9998654841914978
high-salinity,corrected_fc,initial_slope,5-12,1.0088827216072898,NA,NA,NA,0.03378232853204466
high-salinity,corrected_fc,initial_slope,6-12,0.4725066813004495,NA,NA,NA,0.9867530010067233
high-salinity,corrected_fc,initial_slope,7-12,0.5970589331849996,NA,NA,NA,0.8728778062569269
high-salinity,corrected_fc,initial_slope,15-14,-0.47845548577368446,NA,NA,NA,0.9845156697079369
high-salinity,corrected_fc,initial_slope,16-14,-0.3031757205282919,NA,NA,NA,0.9999937118146398
high-salinity,corrected_fc,initial_slope,19-14,0.04950907082133771,NA,NA,NA,1
high-salinity,corrected_fc,initial_slope,2-14,-0.6071915152312493,NA,NA,NA,0.8140119454841537
high-salinity,corrected_fc,initial_slope,20-14,-0.44328890075635075,NA,NA,NA,0.9957026155799393
high-salinity,corrected_fc,initial_slope,21-14,0.1833838031541617,NA,NA,NA,0.9999999996138773
high-salinity,corrected_fc,initial_slope,24-14,0.5597841303241404,NA,NA,NA,0.92196984174178
high-salinity,corrected_fc,initial_slope,25-14,-0.5424455529386127,NA,NA,NA,0.9304652198610243
high-salinity,corrected_fc,initial_slope,26-14,0.004438163313515098,NA,NA,NA,1
high-salinity,corrected_fc,initial_slope,31-14,-0.4194978850801836,NA,NA,NA,0.9977300155064378
high-salinity,corrected_fc,initial_slope,32-14,0.1616717839804125,NA,NA,NA,0.9999999999851787
high-salinity,corrected_fc,initial_slope,33-14,-0.7172626114729892,NA,NA,NA,0.47873267839310396
high-salinity,corrected_fc,initial_slope,34-14,-0.4977481510996731,NA,NA,NA,0.9854035512044534
high-salinity,corrected_fc,initial_slope,36-14,0.590142254600698,NA,NA,NA,0.8626718954353316
high-salinity,corrected_fc,initial_slope,37-14,0.3416438382667446,NA,NA,NA,0.9998644139456542
high-salinity,corrected_fc,initial_slope,38-14,-0.4825558789395874,NA,NA,NA,0.9848103977462537
high-salinity,corrected_fc,initial_slope,39-14,-0.11780797527752362,NA,NA,NA,1
high-salinity,corrected_fc,initial_slope,41-14,-0.012321900181225365,NA,NA,NA,1
high-salinity,corrected_fc,initial_slope,42-14,0.5498852441083222,NA,NA,NA,0.9476489556141915
high-salinity,corrected_fc,initial_slope,43-14,-0.4589665658837927,NA,NA,NA,0.9884098148438056
high-salinity,corrected_fc,initial_slope,5-14,0.20843052983148613,NA,NA,NA,0.9999999950409364
high-salinity,corrected_fc,initial_slope,6-14,-0.32794551047535414,NA,NA,NA,0.9999519656417377
high-salinity,corrected_fc,initial_slope,7-14,-0.20339325859080404,NA,NA,NA,0.9999999976679093
high-salinity,corrected_fc,initial_slope,16-15,0.17527976524539257,NA,NA,NA,0.9999999999423042
high-salinity,corrected_fc,initial_slope,19-15,0.5279645565950222,NA,NA,NA,0.9521116291219283
high-salinity,corrected_fc,initial_slope,2-15,-0.1287360294575648,NA,NA,NA,1
high-salinity,corrected_fc,initial_slope,20-15,0.03516658501733372,NA,NA,NA,1
high-salinity,corrected_fc,initial_slope,21-15,0.6618392889278462,NA,NA,NA,0.7035420273622492
high-salinity,corrected_fc,initial_slope,24-15,1.038239616097825,NA,NA,NA,0.02600522875080058
high-salinity,corrected_fc,initial_slope,25-15,-0.06399006716492828,NA,NA,NA,1
high-salinity,corrected_fc,initial_slope,26-15,0.48289364908719956,NA,NA,NA,0.9863308825110914
high-salinity,corrected_fc,initial_slope,31-15,0.05895760069350087,NA,NA,NA,1
high-salinity,corrected_fc,initial_slope,32-15,0.640127269754097,NA,NA,NA,0.7942301495624742
high-salinity,corrected_fc,initial_slope,33-15,-0.23880712569930473,NA,NA,NA,0.99999987274707
high-salinity,corrected_fc,initial_slope,34-15,-0.01929266532598861,NA,NA,NA,1
high-salinity,corrected_fc,initial_slope,36-15,1.0685977403743825,NA,NA,NA,0.014879831395136378
high-salinity,corrected_fc,initial_slope,37-15,0.8200993240404291,NA,NA,NA,0.22818363051987278
high-salinity,corrected_fc,initial_slope,38-15,-0.004100393165902938,NA,NA,NA,1
high-salinity,corrected_fc,initial_slope,39-15,0.36064751049616084,NA,NA,NA,0.9998501953907966
high-salinity,corrected_fc,initial_slope,41-15,0.4661335855924591,NA,NA,NA,0.9901179347937645
high-salinity,corrected_fc,initial_slope,42-15,1.0283407298820066,NA,NA,NA,0.03929723246844763
high-salinity,corrected_fc,initial_slope,43-15,0.019488919889891765,NA,NA,NA,1
high-salinity,corrected_fc,initial_slope,5-15,0.6868860156051706,NA,NA,NA,0.6510023702304593
high-salinity,corrected_fc,initial_slope,6-15,0.15050997529833032,NA,NA,NA,0.9999999999962803
high-salinity,corrected_fc,initial_slope,7-15,0.2750622271828804,NA,NA,NA,0.9999989956275397
high-salinity,corrected_fc,initial_slope,19-16,0.3526847913496296,NA,NA,NA,0.9999020678623407
high-salinity,corrected_fc,initial_slope,2-16,-0.30401579470295736,NA,NA,NA,0.9999933742461982
high-salinity,corrected_fc,initial_slope,20-16,-0.14011318022805885,NA,NA,NA,1
high-salinity,corrected_fc,initial_slope,21-16,0.4865595236824536,NA,NA,NA,0.9885696644006876
high-salinity,corrected_fc,initial_slope,24-16,0.8629598508524323,NA,NA,NA,0.24225749847933775
high-salinity,corrected_fc,initial_slope,25-16,-0.23926983241032085,NA,NA,NA,0.9999999430862145
high-salinity,corrected_fc,initial_slope,26-16,0.307613883841807,NA,NA,NA,0.9999941189615467
high-salinity,corrected_fc,initial_slope,31-16,-0.1163221645518917,NA,NA,NA,1
high-salinity,corrected_fc,initial_slope,32-16,0.4648475045087044,NA,NA,NA,0.995185270646826
high-salinity,corrected_fc,initial_slope,33-16,-0.4140868909446973,NA,NA,NA,0.9984769674711403
high-salinity,corrected_fc,initial_slope,34-16,-0.19457243057138118,NA,NA,NA,0.9999999997652151
high-salinity,corrected_fc,initial_slope,36-16,0.8933179751289899,NA,NA,NA,0.17181477639797915
high-salinity,corrected_fc,initial_slope,37-16,0.6448195587950365,NA,NA,NA,0.7737635188218565
high-salinity,corrected_fc,initial_slope,38-16,-0.1793801584112955,NA,NA,NA,0.9999999999215772
high-salinity,corrected_fc,initial_slope,39-16,0.18536774525076827,NA,NA,NA,0.9999999998696649
high-salinity,corrected_fc,initial_slope,41-16,0.2908538203470665,NA,NA,NA,0.9999975966995316
high-salinity,corrected_fc,initial_slope,42-16,0.8530609646366141,NA,NA,NA,0.3015604676184507
high-salinity,corrected_fc,initial_slope,43-16,-0.1557908453555008,NA,NA,NA,0.999999999994074
high-salinity,corrected_fc,initial_slope,5-16,0.511606250359778,NA,NA,NA,0.9809991927683557
high-salinity,corrected_fc,initial_slope,6-16,-0.02476978994706225,NA,NA,NA,1
high-salinity,corrected_fc,initial_slope,7-16,0.09978246193748785,NA,NA,NA,1
high-salinity,corrected_fc,initial_slope,2-19,-0.656700586052587,NA,NA,NA,0.6826539328834387
high-salinity,corrected_fc,initial_slope,20-19,-0.49279797157768845,NA,NA,NA,0.9827588516380764
high-salinity,corrected_fc,initial_slope,21-19,0.133874732332824,NA,NA,NA,1
high-salinity,corrected_fc,initial_slope,24-19,0.5102750595028027,NA,NA,NA,0.9704934665597407
high-salinity,corrected_fc,initial_slope,25-19,-0.5919546237599504,NA,NA,NA,0.8476681822594003
high-salinity,corrected_fc,initial_slope,26-19,-0.04507090750782261,NA,NA,NA,1
high-salinity,corrected_fc,initial_slope,31-19,-0.4690069559015213,NA,NA,NA,0.9894023547349458
high-salinity,corrected_fc,initial_slope,32-19,0.11216271315907478,NA,NA,NA,1
high-salinity,corrected_fc,initial_slope,33-19,-0.7667716822943269,NA,NA,NA,0.3363291906494683
high-salinity,corrected_fc,initial_slope,34-19,-0.5472572219210108,NA,NA,NA,0.9562018799771471
high-salinity,corrected_fc,initial_slope,36-19,0.5406331837793603,NA,NA,NA,0.9388358800447909
high-salinity,corrected_fc,initial_slope,37-19,0.2921347674454069,NA,NA,NA,0.9999918741925654
high-salinity,corrected_fc,initial_slope,38-19,-0.5320649497609251,NA,NA,NA,0.9532863404199882
high-salinity,corrected_fc,initial_slope,39-19,-0.16731704609886133,NA,NA,NA,0.9999999999679277
high-salinity,corrected_fc,initial_slope,41-19,-0.06183097100256307,NA,NA,NA,1
high-salinity,corrected_fc,initial_slope,42-19,0.5003761732869845,NA,NA,NA,0.9819244940227156
high-salinity,corrected_fc,initial_slope,43-19,-0.5084756367051304,NA,NA,NA,0.9609754060103036
high-salinity,corrected_fc,initial_slope,5-19,0.15892145901014842,NA,NA,NA,0.9999999999872085
high-salinity,corrected_fc,initial_slope,6-19,-0.37745458129669185,NA,NA,NA,0.999478585907615
high-salinity,corrected_fc,initial_slope,7-19,-0.25290232941214175,NA,NA,NA,0.9999997761425744
high-salinity,corrected_fc,initial_slope,20-2,0.1639026144748985,NA,NA,NA,0.999999999979801
high-salinity,corrected_fc,initial_slope,21-2,0.790575318385411,NA,NA,NA,0.3121990172825855
high-salinity,corrected_fc,initial_slope,24-2,1.1669756455553897,NA,NA,NA,0.0034421334755829758
high-salinity,corrected_fc,initial_slope,25-2,0.06474596229263652,NA,NA,NA,1
high-salinity,corrected_fc,initial_slope,26-2,0.6116296785447644,NA,NA,NA,0.8309033807212884
high-salinity,corrected_fc,initial_slope,31-2,0.18769363015106566,NA,NA,NA,0.9999999994852262
high-salinity,corrected_fc,initial_slope,32-2,0.7688632992116617,NA,NA,NA,0.4131470448672814
high-salinity,corrected_fc,initial_slope,33-2,-0.11007109624173994,NA,NA,NA,1
high-salinity,corrected_fc,initial_slope,34-2,0.10944336413157618,NA,NA,NA,1
high-salinity,corrected_fc,initial_slope,36-2,1.1973337698319473,NA,NA,NA,0.001730426122535933
high-salinity,corrected_fc,initial_slope,37-2,0.9488353534979939,NA,NA,NA,0.05091245210310036
high-salinity,corrected_fc,initial_slope,38-2,0.12463563629166186,NA,NA,NA,1
high-salinity,corrected_fc,initial_slope,39-2,0.48938353995372563,NA,NA,NA,0.9841686357378263
high-salinity,corrected_fc,initial_slope,41-2,0.5948696150500239,NA,NA,NA,0.8532913135219906
high-salinity,corrected_fc,initial_slope,42-2,1.1570767593395714,NA,NA,NA,0.005946104935585117
high-salinity,corrected_fc,initial_slope,43-2,0.14822494934745656,NA,NA,NA,0.9999999999950122
high-salinity,corrected_fc,initial_slope,5-2,0.8156220450627354,NA,NA,NA,0.2716937945965172
high-salinity,corrected_fc,initial_slope,6-2,0.2792460047558951,NA,NA,NA,0.9999975870114975
high-salinity,corrected_fc,initial_slope,7-2,0.4037982566404452,NA,NA,NA,0.9989124262174994
high-salinity,corrected_fc,initial_slope,21-20,0.6266727039105124,NA,NA,NA,0.8246890883858099
high-salinity,corrected_fc,initial_slope,24-20,1.0030730310804912,NA,NA,NA,0.05227617543507734
high-salinity,corrected_fc,initial_slope,25-20,-0.099156652182262,NA,NA,NA,1
high-salinity,corrected_fc,initial_slope,26-20,0.44772706406986584,NA,NA,NA,0.9961879325979102
high-salinity,corrected_fc,initial_slope,31-20,0.02379101567616715,NA,NA,NA,1
high-salinity,corrected_fc,initial_slope,32-20,0.6049606847367632,NA,NA,NA,0.8888447243736888
high-salinity,corrected_fc,initial_slope,33-20,-0.27397371071663845,NA,NA,NA,0.9999986907127831
high-salinity,corrected_fc,initial_slope,34-20,-0.05445925034332233,NA,NA,NA,1
high-salinity,corrected_fc,initial_slope,36-20,1.0334311553570488,NA,NA,NA,0.031896451245862156
high-salinity,corrected_fc,initial_slope,37-20,0.7849327390230953,NA,NA,NA,0.35155967793934473
high-salinity,corrected_fc,initial_slope,38-20,-0.039266978183236656,NA,NA,NA,1
high-salinity,corrected_fc,initial_slope,39-20,0.3254809254788271,NA,NA,NA,0.9999828482166435
high-salinity,corrected_fc,initial_slope,41-20,0.4309670005751254,NA,NA,NA,0.9974738271915637
high-salinity,corrected_fc,initial_slope,42-20,0.9931741448646729,NA,NA,NA,0.07431247903490501
high-salinity,corrected_fc,initial_slope,43-20,-0.015677665127441953,NA,NA,NA,1
high-salinity,corrected_fc,initial_slope,5-20,0.6517194305878369,NA,NA,NA,0.781260224970469
high-salinity,corrected_fc,initial_slope,6-20,0.1153433902809966,NA,NA,NA,1
high-salinity,corrected_fc,initial_slope,7-20,0.2398956421655467,NA,NA,NA,0.9999999579600495
high-salinity,corrected_fc,initial_slope,24-21,0.37640032716997873,NA,NA,NA,0.9996353202199764
high-salinity,corrected_fc,initial_slope,25-21,-0.7258293560927744,NA,NA,NA,0.49330735477657917
high-salinity,corrected_fc,initial_slope,26-21,-0.1789456398406466,NA,NA,NA,0.999999999852466
high-salinity,corrected_fc,initial_slope,31-21,-0.6028816882343453,NA,NA,NA,0.8602338250279378
high-salinity,corrected_fc,initial_slope,32-21,-0.02171201917374921,NA,NA,NA,1
high-salinity,corrected_fc,initial_slope,33-21,-0.9006464146271509,NA,NA,NA,0.10061383738899055
high-salinity,corrected_fc,initial_slope,34-21,-0.6811319542538348,NA,NA,NA,0.7302980405141593
high-salinity,corrected_fc,initial_slope,36-21,0.40675845144653633,NA,NA,NA,0.9985515207153852
high-salinity,corrected_fc,initial_slope,37-21,0.1582600351125829,NA,NA,NA,0.9999999999821036
high-salinity,corrected_fc,initial_slope,38-21,-0.6659396820937491,NA,NA,NA,0.7104111984275383
high-salinity,corrected_fc,initial_slope,39-21,-0.3011917784316853,NA,NA,NA,0.9999941875298614
high-salinity,corrected_fc,initial_slope,41-21,-0.19570570333538706,NA,NA,NA,0.9999999987009439
high-salinity,corrected_fc,initial_slope,42-21,0.3665014409541605,NA,NA,NA,0.9998371142195439
high-salinity,corrected_fc,initial_slope,43-21,-0.6423503690379544,NA,NA,NA,0.724850698623537
high-salinity,corrected_fc,initial_slope,5-21,0.025046726677324438,NA,NA,NA,1
high-salinity,corrected_fc,initial_slope,6-21,-0.5113293136295158,NA,NA,NA,0.9695390680165712
high-salinity,corrected_fc,initial_slope,7-21,-0.38677706174496573,NA,NA,NA,0.9995217049906036
high-salinity,corrected_fc,initial_slope,25-24,-1.1022296832627532,NA,NA,NA,0.009263421026496799
high-salinity,corrected_fc,initial_slope,26-24,-0.5553459670106253,NA,NA,NA,0.940124613696656
high-salinity,corrected_fc,initial_slope,31-24,-0.979282015404324,NA,NA,NA,0.06136036207678286
high-salinity,corrected_fc,initial_slope,32-24,-0.39811234634372794,NA,NA,NA,0.9993477045279809
high-salinity,corrected_fc,initial_slope,33-24,-1.2770467417971296,NA,NA,NA,4.4964496314525704e-4
high-salinity,corrected_fc,initial_slope,34-24,-1.0575322814238135,NA,NA,NA,0.0359346339911879
high-salinity,corrected_fc,initial_slope,36-24,0.030358124276557596,NA,NA,NA,1
high-salinity,corrected_fc,initial_slope,37-24,-0.21814029205739582,NA,NA,NA,0.9999999843335325
high-salinity,corrected_fc,initial_slope,38-24,-1.0423400092637278,NA,NA,NA,0.028133226854115234
high-salinity,corrected_fc,initial_slope,39-24,-0.677592105601664,NA,NA,NA,0.7152890313987108
high-salinity,corrected_fc,initial_slope,41-24,-0.5721060305053658,NA,NA,NA,0.9120544146593892
high-salinity,corrected_fc,initial_slope,42-24,-0.009898886215818248,NA,NA,NA,1
high-salinity,corrected_fc,initial_slope,43-24,-1.0187506962079331,NA,NA,NA,0.026410993969375407
high-salinity,corrected_fc,initial_slope,5-24,-0.3513536004926543,NA,NA,NA,0.9999030328777428
high-salinity,corrected_fc,initial_slope,6-24,-0.8877296407994946,NA,NA,NA,0.1504118807069703
high-salinity,corrected_fc,initial_slope,7-24,-0.7631773889149445,NA,NA,NA,0.46943773187900173
high-salinity,corrected_fc,initial_slope,26-25,0.5468837162521278,NA,NA,NA,0.9379613039348055
high-salinity,corrected_fc,initial_slope,31-25,0.12294766785842914,NA,NA,NA,1
high-salinity,corrected_fc,initial_slope,32-25,0.7041173369190252,NA,NA,NA,0.6034537771650279
high-salinity,corrected_fc,initial_slope,33-25,-0.17481705853437646,NA,NA,NA,0.9999999997971618
high-salinity,corrected_fc,initial_slope,34-25,0.044697401838939665,NA,NA,NA,1
high-salinity,corrected_fc,initial_slope,36-25,1.1325878075393108,NA,NA,NA,0.004925954443973257
high-salinity,corrected_fc,initial_slope,37-25,0.8840893912053573,NA,NA,NA,0.10987842089399957
high-salinity,corrected_fc,initial_slope,38-25,0.05988967399902534,NA,NA,NA,1
high-salinity,corrected_fc,initial_slope,39-25,0.4246375776610891,NA,NA,NA,0.9976802782468404
high-salinity,corrected_fc,initial_slope,41-25,0.5301236527573874,NA,NA,NA,0.95001333072684635
high-salinity,corrected_fc,initial_slope,42-25,1.092330797046935,NA,NA,NA,0.015072925282452632
high-salinity,corrected_fc,initial_slope,43-25,0.08347898705482004,NA,NA,NA,1
high-salinity,corrected_fc,initial_slope,5-25,0.7508760827700989,NA,NA,NA,0.4412258236194466
high-salinity,corrected_fc,initial_slope,6-25,0.2145000424632586,NA,NA,NA,0.9999999886843727
high-salinity,corrected_fc,initial_slope,7-25,0.3390522943478087,NA,NA,NA,0.9999400347569756
high-salinity,corrected_fc,initial_slope,31-26,-0.4239360483936987,NA,NA,NA,0.9979931612606481
high-salinity,corrected_fc,initial_slope,32-26,0.1572336206668974,NA,NA,NA,0.999999999994875
high-salinity,corrected_fc,initial_slope,33-26,-0.7217007747865043,NA,NA,NA,0.5088981461020423
high-salinity,corrected_fc,initial_slope,34-26,-0.5021863144131882,NA,NA,NA,0.9869214155599231
high-salinity,corrected_fc,initial_slope,36-26,0.5857040912871829,NA,NA,NA,0.8910214248038647
high-salinity,corrected_fc,initial_slope,37-26,0.3372056749532295,NA,NA,NA,0.9999234428520674
high-salinity,corrected_fc,initial_slope,38-26,-0.4869940422531025,NA,NA,NA,0.986544259418898
high-salinity,corrected_fc,initial_slope,39-26,-0.12224613859103872,NA,NA,NA,1
high-salinity,corrected_fc,initial_slope,41-26,-0.016760063494740463,NA,NA,NA,1
high-salinity,corrected_fc,initial_slope,42-26,0.5454470807948071,NA,NA,NA,0.9603673976595888
high-salinity,corrected_fc,initial_slope,43-26,-0.4634047291973078,NA,NA,NA,0.9898520612164129
high-salinity,corrected_fc,initial_slope,5-26,0.20399236651797104,NA,NA,NA,0.9999999979163523
high-salinity,corrected_fc,initial_slope,6-26,-0.33238367378886924,NA,NA,NA,0.9999566867796421
high-salinity,corrected_fc,initial_slope,7-26,-0.20783142190431914,NA,NA,NA,0.9999999975065004
high-salinity,corrected_fc,initial_slope,32-31,0.5811696690605961,NA,NA,NA,0.9155396429608496
high-salinity,corrected_fc,initial_slope,33-31,-0.2977647263928056,NA,NA,NA,0.9999920061471288
high-salinity,corrected_fc,initial_slope,34-31,-0.07825026601948948,NA,NA,NA,1
high-salinity,corrected_fc,initial_slope,36-31,1.0096401396808816,NA,NA,NA,0.0376631474606568
high-salinity,corrected_fc,initial_slope,37-31,0.7611417233469282,NA,NA,NA,0.3932984081989781
high-salinity,corrected_fc,initial_slope,38-31,-0.0630579938594038,NA,NA,NA,1
high-salinity,corrected_fc,initial_slope,39-31,0.30168990980266,NA,NA,NA,0.9999949929280669
high-salinity,corrected_fc,initial_slope,41-31,0.40717598489895823,NA,NA,NA,0.9987344876157632
high-salinity,corrected_fc,initial_slope,42-31,0.9693831291885058,NA,NA,NA,0.08669100212267211
high-salinity,corrected_fc,initial_slope,43-31,-0.0394686808036091,NA,NA,NA,1
high-salinity,corrected_fc,initial_slope,5-31,0.6279284149116697,NA,NA,NA,0.820851857149935
high-salinity,corrected_fc,initial_slope,6-31,0.09155237460482946,NA,NA,NA,1
high-salinity,corrected_fc,initial_slope,7-31,0.21610462648937956,NA,NA,NA,0.9999999942443947
high-salinity,corrected_fc,initial_slope,33-32,-0.8789343954534017,NA,NA,NA,0.15446872204760353
high-salinity,corrected_fc,initial_slope,34-32,-0.6594199350800856,NA,NA,NA,0.812027746562144
high-salinity,corrected_fc,initial_slope,36-32,0.42847047062028554,NA,NA,NA,0.9976797019294283
high-salinity,corrected_fc,initial_slope,37-32,0.17997205428633212,NA,NA,NA,0.9999999998049806
high-salinity,corrected_fc,initial_slope,38-32,-0.6442276629199999,NA,NA,NA,0.7989069216379181
high-salinity,corrected_fc,initial_slope,39-32,-0.2794797592579361,NA,NA,NA,0.9999990659551061
high-salinity,corrected_fc,initial_slope,41-32,-0.17399368416163785,NA,NA,NA,0.9999999999371973
high-salinity,corrected_fc,initial_slope,42-32,0.3882134601279097,NA,NA,NA,0.9996904237221393
high-salinity,corrected_fc,initial_slope,43-32,-0.6206383498642052,NA,NA,NA,0.8139175644972602
high-salinity,corrected_fc,initial_slope,5-32,0.046758745851073646,NA,NA,NA,1
high-salinity,corrected_fc,initial_slope,6-32,-0.4896172944557666,NA,NA,NA,0.9857515570154272
high-salinity,corrected_fc,initial_slope,7-32,-0.3650650425712165,NA,NA,NA,0.9998680630906799
high-salinity,corrected_fc,initial_slope,34-33,0.21951446037331612,NA,NA,NA,0.9999999914284379
high-salinity,corrected_fc,initial_slope,36-33,1.3074048660736872,NA,NA,NA,2.0249186095611105e-4
high-salinity,corrected_fc,initial_slope,37-33,1.0589064497397338,NA,NA,NA,0.00961552598612836
high-salinity,corrected_fc,initial_slope,38-33,0.2347067325334018,NA,NA,NA,0.9999999278254728
high-salinity,corrected_fc,initial_slope,39-33,0.5994546361954656,NA,NA,NA,0.8587946060825433
high-salinity,corrected_fc,initial_slope,41-33,0.7049407112917638,NA,NA,NA,0.537713673117354
high-salinity,corrected_fc,initial_slope,42-33,1.2671478555813114,NA,NA,NA,8.777705868415753e-4
high-salinity,corrected_fc,initial_slope,43-33,0.2582960455891965,NA,NA,NA,0.9999990976683797
high-salinity,corrected_fc,initial_slope,5-33,0.9256931413044753,NA,NA,NA,0.08426314232052112
high-salinity,corrected_fc,initial_slope,6-33,0.38931710099763506,NA,NA,NA,0.9990224724138053
high-salinity,corrected_fc,initial_slope,7-33,0.5138693528821852,NA,NA,NA,0.9688466020274626
high-salinity,corrected_fc,initial_slope,36-34,1.087890405700371,NA,NA,NA,0.021654762030479113
high-salinity,corrected_fc,initial_slope,37-34,0.8393919893664177,NA,NA,NA,0.2668710343126872
high-salinity,corrected_fc,initial_slope,38-34,0.015192272160085674,NA,NA,NA,1
high-salinity,corrected_fc,initial_slope,39-34,0.37994017582214945,NA,NA,NA,0.9998216490072297
high-salinity,corrected_fc,initial_slope,41-34,0.4854262509184477,NA,NA,NA,0.9904899661626199
high-salinity,corrected_fc,initial_slope,42-34,1.0476333952079953,NA,NA,NA,0.051749982804813466
high-salinity,corrected_fc,initial_slope,43-34,0.038781585215880376,NA,NA,NA,1
high-salinity,corrected_fc,initial_slope,5-34,0.7061786809311592,NA,NA,NA,0.6803878544263054
high-salinity,corrected_fc,initial_slope,6-34,0.16980264062431893,NA,NA,NA,0.9999999999782532
high-salinity,corrected_fc,initial_slope,7-34,0.29435489250886904,NA,NA,NA,0.9999983288038672
high-salinity,corrected_fc,initial_slope,37-36,-0.24849841633395342,NA,NA,NA,0.9999997142647925
high-salinity,corrected_fc,initial_slope,38-36,-1.0726981335402854,NA,NA,NA,0.016298638010070254
high-salinity,corrected_fc,initial_slope,39-36,-0.7079502298782216,NA,NA,NA,0.610834404916555
high-salinity,corrected_fc,initial_slope,41-36,-0.6024641547819234,NA,NA,NA,0.8492338505725189
high-salinity,corrected_fc,initial_slope,42-36,-0.040257010492375844,NA,NA,NA,1
high-salinity,corrected_fc,initial_slope,43-36,-1.0491088204844907,NA,NA,NA,0.014929903254291443
high-salinity,corrected_fc,initial_slope,5-36,-0.3817117247692119,NA,NA,NA,0.9995419275568904
high-salinity,corrected_fc,initial_slope,6-36,-0.9180877650760522,NA,NA,NA,0.09960744278430655
high-salinity,corrected_fc,initial_slope,7-36,-0.7935355131915021,NA,NA,NA,0.36513989921770773
high-salinity,corrected_fc,initial_slope,38-37,-0.824199717206332,NA,NA,NA,0.23726681344700018
high-salinity,corrected_fc,initial_slope,39-37,-0.45945181354426823,NA,NA,NA,0.9921366636000543
high-salinity,corrected_fc,initial_slope,41-37,-0.35396573844796997,NA,NA,NA,0.9997902722968266
high-salinity,corrected_fc,initial_slope,42-37,0.20824140584157758,NA,NA,NA,0.9999999963800565
high-salinity,corrected_fc,initial_slope,43-37,-0.8006104041505373,NA,NA,NA,0.23709986681757655
high-salinity,corrected_fc,initial_slope,5-37,-0.13321330843525847,NA,NA,NA,1
high-salinity,corrected_fc,initial_slope,6-37,-0.6695893487420987,NA,NA,NA,0.6458320847335934
high-salinity,corrected_fc,initial_slope,7-37,-0.5450370968575486,NA,NA,NA,0.9413842363637074
high-salinity,corrected_fc,initial_slope,39-38,0.3647479036620638,NA,NA,NA,0.9998455431952025
high-salinity,corrected_fc,initial_slope,41-38,0.47023397875836204,NA,NA,NA,0.9902635994574795
high-salinity,corrected_fc,initial_slope,42-38,1.0324411230479096,NA,NA,NA,0.04202004232960965
high-salinity,corrected_fc,initial_slope,43-38,0.023589313055794703,NA,NA,NA,1
high-salinity,corrected_fc,initial_slope,5-38,0.6909864087710735,NA,NA,NA,0.6584724559577937
high-salinity,corrected_fc,initial_slope,6-38,0.15461036846423326,NA,NA,NA,0.9999999999944924
high-salinity,corrected_fc,initial_slope,7-38,0.27916262034878336,NA,NA,NA,0.9999988853359053
high-salinity,corrected_fc,initial_slope,41-39,0.10548607509629826,NA,NA,NA,1
high-salinity,corrected_fc,initial_slope,42-39,0.6676932193858458,NA,NA,NA,0.7759595330354984
high-salinity,corrected_fc,initial_slope,43-39,-0.3411585906062691,NA,NA,NA,0.9999224082924574
high-salinity,corrected_fc,initial_slope,5-39,0.32623850510900976,NA,NA,NA,0.9999784614107434
high-salinity,corrected_fc,initial_slope,6-39,-0.21013753519783052,NA,NA,NA,0.9999999961237942
high-salinity,corrected_fc,initial_slope,7-39,-0.08558528331328041,NA,NA,NA,1
high-salinity,corrected_fc,initial_slope,42-41,0.5622071442895475,NA,NA,NA,0.9399424109033753
high-salinity,corrected_fc,initial_slope,43-41,-0.44664466570256733,NA,NA,NA,0.9928488937903283
high-salinity,corrected_fc,initial_slope,5-41,0.2207524300127115,NA,NA,NA,0.9999999861721882
high-salinity,corrected_fc,initial_slope,6-41,-0.3156236102941288,NA,NA,NA,0.999979669737407
high-salinity,corrected_fc,initial_slope,7-41,-0.19107135840957867,NA,NA,NA,0.9999999995054675
high-salinity,corrected_fc,initial_slope,43-42,-1.0088518099921149,NA,NA,NA,0.04034558785559206
high-salinity,corrected_fc,initial_slope,5-42,-0.34145471427683605,NA,NA,NA,0.9999597217170917
high-salinity,corrected_fc,initial_slope,6-42,-0.8778307545836763,NA,NA,NA,0.198244565273358
high-salinity,corrected_fc,initial_slope,7-42,-0.7532785026991262,NA,NA,NA,0.5434275368571699
high-salinity,corrected_fc,initial_slope,5-43,0.6673970957152788,NA,NA,NA,0.6726056696998501
high-salinity,corrected_fc,initial_slope,6-43,0.13102105540843856,NA,NA,NA,1
high-salinity,corrected_fc,initial_slope,7-43,0.25557330729298866,NA,NA,NA,0.9999996714520558
high-salinity,corrected_fc,initial_slope,6-5,-0.5363760403068403,NA,NA,NA,0.9538236588702171
high-salinity,corrected_fc,initial_slope,7-5,-0.41182378842229017,NA,NA,NA,0.9988920836579147
high-salinity,corrected_fc,initial_slope,7-6,0.1245522518845501,NA,NA,NA,1
high-salinity,corrected_fc,metabolic_scope,14-12,3.4158641453638645,NA,NA,NA,3.2836881004305596e-6
high-salinity,corrected_fc,metabolic_scope,15-12,0.7076954028009896,NA,NA,NA,0.9999792110118311
high-salinity,corrected_fc,metabolic_scope,16-12,3.2772946128617755,NA,NA,NA,3.988272553745453e-5
high-salinity,corrected_fc,metabolic_scope,19-12,1.6980906710523644,NA,NA,NA,0.3979876499896158
high-salinity,corrected_fc,metabolic_scope,2-12,0.55796501141206,NA,NA,NA,0.9999997471276698
high-salinity,corrected_fc,metabolic_scope,20-12,1.774696759019517,NA,NA,NA,0.36876520561488624
high-salinity,corrected_fc,metabolic_scope,21-12,2.3842886005330626,NA,NA,NA,0.01572916031814997
high-salinity,corrected_fc,metabolic_scope,24-12,2.104654732434741,NA,NA,NA,0.08686674015792328
high-salinity,corrected_fc,metabolic_scope,25-12,2.0517899977248404,NA,NA,NA,0.09230309149186167
high-salinity,corrected_fc,metabolic_scope,26-12,2.1450807052008787,NA,NA,NA,0.07074042976081008
high-salinity,corrected_fc,metabolic_scope,31-12,1.3723581169914363,NA,NA,NA,0.8405696753537928
high-salinity,corrected_fc,metabolic_scope,32-12,2.607137399487336,NA,NA,NA,0.005159725458926845
high-salinity,corrected_fc,metabolic_scope,33-12,1.375067137502736,NA,NA,NA,0.7982886977730512
high-salinity,corrected_fc,metabolic_scope,34-12,0.5795667920790168,NA,NA,NA,0.9999998166086999
high-salinity,corrected_fc,metabolic_scope,36-12,2.01610796503363,NA,NA,NA,0.1207497822468393
high-salinity,corrected_fc,metabolic_scope,37-12,1.175991528717788,NA,NA,NA,0.9501698739527193
high-salinity,corrected_fc,metabolic_scope,38-12,1.4239298534220435,NA,NA,NA,0.7887718741267955
high-salinity,corrected_fc,metabolic_scope,39-12,1.123772241885661,NA,NA,NA,0.9808266877016576
high-salinity,corrected_fc,metabolic_scope,41-12,1.7021575395235469,NA,NA,NA,0.41328187251418913
high-salinity,corrected_fc,metabolic_scope,42-12,1.4362424888594951,NA,NA,NA,0.80879018939119
high-salinity,corrected_fc,metabolic_scope,43-12,0.1902112620417924,NA,NA,NA,1
high-salinity,corrected_fc,metabolic_scope,5-12,2.681602626884143,NA,NA,NA,0.0025275307315746343
high-salinity,corrected_fc,metabolic_scope,6-12,0.6319679094085027,NA,NA,NA,0.9999975324290082
high-salinity,corrected_fc,metabolic_scope,7-12,1.3539490465121946,NA,NA,NA,0.8693947792921571
high-salinity,corrected_fc,metabolic_scope,15-14,-2.708168742562875,NA,NA,NA,0.0017102696388191507
high-salinity,corrected_fc,metabolic_scope,16-14,-0.13856953250208903,NA,NA,NA,1
high-salinity,corrected_fc,metabolic_scope,19-14,-1.7177734743115,NA,NA,NA,0.3735649532230827
high-salinity,corrected_fc,metabolic_scope,2-14,-2.8578991339518045,NA,NA,NA,4.4051770405717505e-4
high-salinity,corrected_fc,metabolic_scope,20-14,-1.6411673863443474,NA,NA,NA,0.5380739355414713
high-salinity,corrected_fc,metabolic_scope,21-14,-1.031575544830802,NA,NA,NA,0.991539562886159
high-salinity,corrected_fc,metabolic_scope,24-14,-1.3112094129291236,NA,NA,NA,0.8915419487625016
high-salinity,corrected_fc,metabolic_scope,25-14,-1.3640741476390241,NA,NA,NA,0.82264420480724
high-salinity,corrected_fc,metabolic_scope,26-14,-1.2707834401629858,NA,NA,NA,0.9187332015891576
high-salinity,corrected_fc,metabolic_scope,31-14,-2.0435060283724282,NA,NA,NA,0.11686797721680442
high-salinity,corrected_fc,metabolic_scope,32-14,-0.8087267458765286,NA,NA,NA,0.9998477796742512
high-salinity,corrected_fc,metabolic_scope,33-14,-2.0407970078611286,NA,NA,NA,0.08888278792244697
high-salinity,corrected_fc,metabolic_scope,34-14,-2.8362973532848477,NA,NA,NA,0.0016451643090701351
high-salinity,corrected_fc,metabolic_scope,36-14,-1.3997561803302343,NA,NA,NA,0.7993855736537765
high-salinity,corrected_fc,metabolic_scope,37-14,-2.2398726166460765,NA,NA,NA,0.029353531825747847
high-salinity,corrected_fc,metabolic_scope,38-14,-1.991934291941821,NA,NA,NA,0.1480741455071486
high-salinity,corrected_fc,metabolic_scope,39-14,-2.2920919034782035,NA,NA,NA,0.03636142942900478
high-salinity,corrected_fc,metabolic_scope,41-14,-1.7137066058403176,NA,NA,NA,0.3987779205442228
high-salinity,corrected_fc,metabolic_scope,42-14,-1.9796216565043694,NA,NA,NA,0.18833231676035134
high-salinity,corrected_fc,metabolic_scope,43-14,-3.225652883322072,NA,NA,NA,1.4707319158646648e-5
high-salinity,corrected_fc,metabolic_scope,5-14,-0.7342615184797214,NA,NA,NA,0.9999662128902846
high-salinity,corrected_fc,metabolic_scope,6-14,-2.783896235955362,NA,NA,NA,9.687051177392769e-4
high-salinity,corrected_fc,metabolic_scope,7-14,-2.06191509885167,NA,NA,NA,0.1188296920471481
high-salinity,corrected_fc,metabolic_scope,16-15,2.569599210060786,NA,NA,NA,0.009267024440178684
high-salinity,corrected_fc,metabolic_scope,19-15,0.9903952682513748,NA,NA,NA,0.9951230744640958
high-salinity,corrected_fc,metabolic_scope,2-15,-0.14973039138892963,NA,NA,NA,1
high-salinity,corrected_fc,metabolic_scope,20-15,1.0670013562185274,NA,NA,NA,0.9910817567843859
high-salinity,corrected_fc,metabolic_scope,21-15,1.676593197732073,NA,NA,NA,0.4664660864315253
high-salinity,corrected_fc,metabolic_scope,24-15,1.3969593296337512,NA,NA,NA,0.8293385991434108
high-salinity,corrected_fc,metabolic_scope,25-15,1.3440945949238507,NA,NA,NA,0.8538391280546406
high-salinity,corrected_fc,metabolic_scope,26-15,1.437385302399889,NA,NA,NA,0.7883976315387151
high-salinity,corrected_fc,metabolic_scope,31-15,0.6646627141904466,NA,NA,NA,0.9999955072642897
high-salinity,corrected_fc,metabolic_scope,32-15,1.8994419966863463,NA,NA,NA,0.25321411752185585
high-salinity,corrected_fc,metabolic_scope,33-15,0.6673717347017463,NA,NA,NA,0.999991743930115
high-salinity,corrected_fc,metabolic_scope,34-15,-0.1281286107219728,NA,NA,NA,1
high-salinity,corrected_fc,metabolic_scope,36-15,1.3084125622326406,NA,NA,NA,0.892883322834479
high-salinity,corrected_fc,metabolic_scope,37-15,0.46829612591679837,NA,NA,NA,0.9999999934796324
high-salinity,corrected_fc,metabolic_scope,38-15,0.7162344506210538,NA,NA,NA,0.9999817980453108
high-salinity,corrected_fc,metabolic_scope,39-15,0.4160768390846714,NA,NA,NA,0.9999999997821214
high-salinity,corrected_fc,metabolic_scope,41-15,0.9944621367225572,NA,NA,NA,0.9954661780879075
high-salinity,corrected_fc,metabolic_scope,42-15,0.7285470860585055,NA,NA,NA,0.9999832871900819
high-salinity,corrected_fc,metabolic_scope,43-15,-0.5174841407591972,NA,NA,NA,0.9999999467368874
high-salinity,corrected_fc,metabolic_scope,5-15,1.9739072240831534,NA,NA,NA,0.17337228882862177
high-salinity,corrected_fc,metabolic_scope,6-15,-0.07572749339248697,NA,NA,NA,1
high-salinity,corrected_fc,metabolic_scope,7-15,0.646253643711205,NA,NA,NA,0.9999978622042758
high-salinity,corrected_fc,metabolic_scope,19-16,-1.579203941809411,NA,NA,NA,0.642979997022953
high-salinity,corrected_fc,metabolic_scope,2-16,-2.7193296014497155,NA,NA,NA,0.0029484246971924755
high-salinity,corrected_fc,metabolic_scope,20-16,-1.5025978538422584,NA,NA,NA,0.7829901595071573
high-salinity,corrected_fc,metabolic_scope,21-16,-0.8930060123287129,NA,NA,NA,0.9994384964515516
high-salinity,corrected_fc,metabolic_scope,24-16,-1.1726398804270346,NA,NA,NA,0.9775778797371073
high-salinity,corrected_fc,metabolic_scope,25-16,-1.225504615136935,NA,NA,NA,0.9549088252884084
high-salinity,corrected_fc,metabolic_scope,26-16,-1.1322139076608968,NA,NA,NA,0.9853486903601067
high-salinity,corrected_fc,metabolic_scope,31-16,-1.9049364958703392,NA,NA,NA,0.2857805554929559
high-salinity,corrected_fc,metabolic_scope,32-16,-0.6701572133744396,NA,NA,NA,0.9999976005578817
high-salinity,corrected_fc,metabolic_scope,33-16,-1.9022274753590396,NA,NA,NA,0.24019629990721203
high-salinity,corrected_fc,metabolic_scope,34-16,-2.6977278207827586,NA,NA,NA,0.008167368623433258
high-salinity,corrected_fc,metabolic_scope,36-16,-1.2611866478281453,NA,NA,NA,0.9444511815846114
high-salinity,corrected_fc,metabolic_scope,37-16,-2.1013030841439875,NA,NA,NA,0.10174468703586981
high-salinity,corrected_fc,metabolic_scope,38-16,-1.853364759439732,NA,NA,NA,0.3399736454591741
high-salinity,corrected_fc,metabolic_scope,39-16,-2.1535223709761144,NA,NA,NA,0.1141852324698791
high-salinity,corrected_fc,metabolic_scope,41-16,-1.5751370733382286,NA,NA,NA,0.6655490469068004
high-salinity,corrected_fc,metabolic_scope,42-16,-1.8410521240022804,NA,NA,NA,0.39657569062537723
high-salinity,corrected_fc,metabolic_scope,43-16,-3.087083350819983,NA,NA,NA,1.5476756913046508e-4
high-salinity,corrected_fc,metabolic_scope,5-16,-0.5956919859776324,NA,NA,NA,0.9999997164279257
high-salinity,corrected_fc,metabolic_scope,6-16,-2.645326703453273,NA,NA,NA,0.005690455937300332
high-salinity,corrected_fc,metabolic_scope,7-16,-1.9233455663495809,NA,NA,NA,0.2862885278078755
high-salinity,corrected_fc,metabolic_scope,2-19,-1.1401256596403044,NA,NA,NA,0.9677135513266656
high-salinity,corrected_fc,metabolic_scope,20-19,0.07660608796715263,NA,NA,NA,1
high-salinity,corrected_fc,metabolic_scope,21-19,0.6861979294806981,NA,NA,NA,0.9999882294380782
high-salinity,corrected_fc,metabolic_scope,24-19,0.40656406138237644,NA,NA,NA,0.9999999997980871
high-salinity,corrected_fc,metabolic_scope,25-19,0.35369932667247594,NA,NA,NA,0.9999999999859546
high-salinity,corrected_fc,metabolic_scope,26-19,0.44699003414851424,NA,NA,NA,0.999999998401145
high-salinity,corrected_fc,metabolic_scope,31-19,-0.32573255406092816,NA,NA,NA,0.9999999999987473
high-salinity,corrected_fc,metabolic_scope,32-19,0.9090467284349715,NA,NA,NA,0.9989793204203354
high-salinity,corrected_fc,metabolic_scope,33-19,-0.32302353354962854,NA,NA,NA,0.9999999999978773
high-salinity,corrected_fc,metabolic_scope,34-19,-1.1185238789733476,NA,NA,NA,0.9864443922300349
high-salinity,corrected_fc,metabolic_scope,36-19,0.31801729398126577,NA,NA,NA,0.999999999999161
high-salinity,corrected_fc,metabolic_scope,37-19,-0.5220991423345764,NA,NA,NA,0.9999999217913922
high-salinity,corrected_fc,metabolic_scope,38-19,-0.27416081763032096,NA,NA,NA,1
high-salinity,corrected_fc,metabolic_scope,39-19,-0.5743184291667034,NA,NA,NA,0.9999997543159473
high-salinity,corrected_fc,metabolic_scope,41-19,0.004066868471182428,NA,NA,NA,1
high-salinity,corrected_fc,metabolic_scope,42-19,-0.2618481821928693,NA,NA,NA,1
high-salinity,corrected_fc,metabolic_scope,43-19,-1.507879409010572,NA,NA,NA,0.6339013662124137
high-salinity,corrected_fc,metabolic_scope,5-19,0.9835119558317786,NA,NA,NA,0.9961589254168217
high-salinity,corrected_fc,metabolic_scope,6-19,-1.0661227616438618,NA,NA,NA,0.9870594545475543
high-salinity,corrected_fc,metabolic_scope,7-19,-0.34414162454016983,NA,NA,NA,0.999999999996281
high-salinity,corrected_fc,metabolic_scope,20-2,1.216731747607457,NA,NA,NA,0.9528559312172097
high-salinity,corrected_fc,metabolic_scope,21-2,1.8263235891210026,NA,NA,NA,0.27056805554547103
high-salinity,corrected_fc,metabolic_scope,24-2,1.5466897210226809,NA,NA,NA,0.6404039996038617
high-salinity,corrected_fc,metabolic_scope,25-2,1.4938249863127804,NA,NA,NA,0.670521044485936
high-salinity,corrected_fc,metabolic_scope,26-2,1.5871156937888187,NA,NA,NA,0.5869565172672799
high-salinity,corrected_fc,metabolic_scope,31-2,0.8143931055793763,NA,NA,NA,0.9997947009396416
high-salinity,corrected_fc,metabolic_scope,32-2,2.049172388075276,NA,NA,NA,0.12602756826364003
high-salinity,corrected_fc,metabolic_scope,33-2,0.8171021260906759,NA,NA,NA,0.9996510872017019
high-salinity,corrected_fc,metabolic_scope,34-2,0.021601780666956838,NA,NA,NA,1
high-salinity,corrected_fc,metabolic_scope,36-2,1.4581429536215702,NA,NA,NA,0.7330722094641389
high-salinity,corrected_fc,metabolic_scope,37-2,0.618026517305728,NA,NA,NA,0.9999977063006501
high-salinity,corrected_fc,metabolic_scope,38-2,0.8659648420099835,NA,NA,NA,0.9994375945793719
high-salinity,corrected_fc,metabolic_scope,39-2,0.565807230473601,NA,NA,NA,0.9999998185555744
high-salinity,corrected_fc,metabolic_scope,41-2,1.1441925281114869,NA,NA,NA,0.9698149804223076
high-salinity,corrected_fc,metabolic_scope,42-2,0.8782774774474351,NA,NA,NA,0.999505107776306
high-salinity,corrected_fc,metabolic_scope,43-2,-0.3677537493702676,NA,NA,NA,0.9999999999587581
high-salinity,corrected_fc,metabolic_scope,5-2,2.123637615472083,NA,NA,NA,0.07895220221431687
high-salinity,corrected_fc,metabolic_scope,6-2,0.07400289799644266,NA,NA,NA,1
high-salinity,corrected_fc,metabolic_scope,7-2,0.7959840351001346,NA,NA,NA,0.9998840182748696
high-salinity,corrected_fc,metabolic_scope,21-20,0.6095918415135455,NA,NA,NA,0.9999993213458028
high-salinity,corrected_fc,metabolic_scope,24-20,0.3299579734152238,NA,NA,NA,0.9999999999992464
high-salinity,corrected_fc,metabolic_scope,25-20,0.2770932387053233,NA,NA,NA,1
high-salinity,corrected_fc,metabolic_scope,26-20,0.3703839461813616,NA,NA,NA,0.999999999986812
high-salinity,corrected_fc,metabolic_scope,31-20,-0.4023386420280808,NA,NA,NA,0.999999999915872
high-salinity,corrected_fc,metabolic_scope,32-20,0.8324406404678188,NA,NA,NA,0.9998469440414783
high-salinity,corrected_fc,metabolic_scope,33-20,-0.39962962151678116,NA,NA,NA,0.9999999998684673
high-salinity,corrected_fc,metabolic_scope,34-20,-1.1951299669405002,NA,NA,NA,0.9781953647953555
high-salinity,corrected_fc,metabolic_scope,36-20,0.24141120601411314,NA,NA,NA,1
high-salinity,corrected_fc,metabolic_scope,37-20,-0.5987052303017291,NA,NA,NA,0.9999993290808278
high-salinity,corrected_fc,metabolic_scope,38-20,-0.3507669055974736,NA,NA,NA,0.999999999996231
high-salinity,corrected_fc,metabolic_scope,39-20,-0.650924517133856,NA,NA,NA,0.9999983208318086
high-salinity,corrected_fc,metabolic_scope,41-20,-0.0725392194959702,NA,NA,NA,1
high-salinity,corrected_fc,metabolic_scope,42-20,-0.33845427016002194,NA,NA,NA,0.9999999999991187
high-salinity,corrected_fc,metabolic_scope,43-20,-1.5844854969777247,NA,NA,NA,0.5951567232100469
high-salinity,corrected_fc,metabolic_scope,5-20,0.906905867864626,NA,NA,NA,0.9992629883949778
high-salinity,corrected_fc,metabolic_scope,6-20,-1.1427288496110144,NA,NA,NA,0.9789588916754917
high-salinity,corrected_fc,metabolic_scope,7-20,-0.42074771250732246,NA,NA,NA,0.9999999998191147
high-salinity,corrected_fc,metabolic_scope,24-21,-0.2796338680983217,NA,NA,NA,1
high-salinity,corrected_fc,metabolic_scope,25-21,-0.3324986028082222,NA,NA,NA,0.999999999997309
high-salinity,corrected_fc,metabolic_scope,26-21,-0.2392078953321839,NA,NA,NA,1
high-salinity,corrected_fc,metabolic_scope,31-21,-1.0119304835416263,NA,NA,NA,0.9949678758580776
high-salinity,corrected_fc,metabolic_scope,32-21,0.22284879895427334,NA,NA,NA,1
high-salinity,corrected_fc,metabolic_scope,33-21,-1.0092214630303267,NA,NA,NA,0.9928888699645797
high-salinity,corrected_fc,metabolic_scope,34-21,-1.8047218084540457,NA,NA,NA,0.4011381647719827
high-salinity,corrected_fc,metabolic_scope,36-21,-0.36818063549943236,NA,NA,NA,0.999999999977333
high-salinity,corrected_fc,metabolic_scope,37-21,-1.2082970718152746,NA,NA,NA,0.9403785668288425
high-salinity,corrected_fc,metabolic_scope,38-21,-0.9603587471110191,NA,NA,NA,0.9976104725787047
high-salinity,corrected_fc,metabolic_scope,39-21,-1.2605163586474015,NA,NA,NA,0.9380984047081617
high-salinity,corrected_fc,metabolic_scope,41-21,-0.6821310610095157,NA,NA,NA,0.999991152106433
high-salinity,corrected_fc,metabolic_scope,42-21,-0.9480461116735674,NA,NA,NA,0.9985732096891236
high-salinity,corrected_fc,metabolic_scope,43-21,-2.19407733849127,NA,NA,NA,0.04344659589579947
high-salinity,corrected_fc,metabolic_scope,5-21,0.2973140263510805,NA,NA,NA,1
high-salinity,corrected_fc,metabolic_scope,6-21,-1.75232069112456,NA,NA,NA,0.3713773559906999
high-salinity,corrected_fc,metabolic_scope,7-21,-1.030339554020868,NA,NA,NA,0.9944193875569104
high-salinity,corrected_fc,metabolic_scope,25-24,-0.052864734709900496,NA,NA,NA,1
high-salinity,corrected_fc,metabolic_scope,26-24,0.0404259727661378,NA,NA,NA,1
high-salinity,corrected_fc,metabolic_scope,31-24,-0.7322966154433046,NA,NA,NA,0.9999771341736823
high-salinity,corrected_fc,metabolic_scope,32-24,0.502482667052595,NA,NA,NA,0.9999999895158707
high-salinity,corrected_fc,metabolic_scope,33-24,-0.729587594932005,NA,NA,NA,0.9999648019365475
high-salinity,corrected_fc,metabolic_scope,34-24,-1.525087940355724,NA,NA,NA,0.762088182873651
high-salinity,corrected_fc,metabolic_scope,36-24,-0.08854676740111067,NA,NA,NA,1
high-salinity,corrected_fc,metabolic_scope,37-24,-0.9286632037169529,NA,NA,NA,0.9981060168618275
high-salinity,corrected_fc,metabolic_scope,38-24,-0.6807248790126974,NA,NA,NA,0.9999941186117814
high-salinity,corrected_fc,metabolic_scope,39-24,-0.9808824905490798,NA,NA,NA,0.9975707242169655
high-salinity,corrected_fc,metabolic_scope,41-24,-0.402497192911194,NA,NA,NA,0.9999999998678382
high-salinity,corrected_fc,metabolic_scope,42-24,-0.6684122435752458,NA,NA,NA,0.9999972382142642
high-salinity,corrected_fc,metabolic_scope,43-24,-1.9144434703929485,NA,NA,NA,0.192546422409413
high-salinity,corrected_fc,metabolic_scope,5-24,0.5769478944494022,NA,NA,NA,0.9999997715993816
high-salinity,corrected_fc,metabolic_scope,6-24,-1.4726868230262382,NA,NA,NA,0.7491731540541292
high-salinity,corrected_fc,metabolic_scope,7-24,-0.7507056859225463,NA,NA,NA,0.9999702382773981
high-salinity,corrected_fc,metabolic_scope,26-25,0.09329070747603829,NA,NA,NA,1
high-salinity,corrected_fc,metabolic_scope,31-25,-0.6794318807334041,NA,NA,NA,0.9999918997009642
high-salinity,corrected_fc,metabolic_scope,32-25,0.5553474017624955,NA,NA,NA,0.9999998760330242
high-salinity,corrected_fc,metabolic_scope,33-25,-0.6767228602221045,NA,NA,NA,0.9999871728519879
high-salinity,corrected_fc,metabolic_scope,34-25,-1.4722232056458235,NA,NA,NA,0.7900751086030531
high-salinity,corrected_fc,metabolic_scope,36-25,-0.035682032691210175,NA,NA,NA,1
high-salinity,corrected_fc,metabolic_scope,37-25,-0.8757984690070524,NA,NA,NA,0.9989462605407259
high-salinity,corrected_fc,metabolic_scope,38-25,-0.6278601443027969,NA,NA,NA,0.9999982125502751
high-salinity,corrected_fc,metabolic_scope,39-25,-0.9280177558391793,NA,NA,NA,0.9985990593577438
high-salinity,corrected_fc,metabolic_scope,41-25,-0.3496324582012935,NA,NA,NA,0.9999999999913252
high-salinity,corrected_fc,metabolic_scope,42-25,-0.6155475088653453,NA,NA,NA,0.9999992153257681
high-salinity,corrected_fc,metabolic_scope,43-25,-1.861578735683048,NA,NA,NA,0.20523617779063308
high-salinity,corrected_fc,metabolic_scope,5-25,0.6298126291593027,NA,NA,NA,0.9999981011470007
high-salinity,corrected_fc,metabolic_scope,6-25,-1.4198220883163377,NA,NA,NA,0.7775623991281313
high-salinity,corrected_fc,metabolic_scope,7-25,-0.6978409512126458,NA,NA,NA,0.9999890664076038
high-salinity,corrected_fc,metabolic_scope,31-26,-0.7727225882094424,NA,NA,NA,0.9999400262699583
high-salinity,corrected_fc,metabolic_scope,32-26,0.46205669428645724,NA,NA,NA,0.9999999982578607
high-salinity,corrected_fc,metabolic_scope,33-26,-0.7700135676981428,NA,NA,NA,0.9999086604829981
high-salinity,corrected_fc,metabolic_scope,34-26,-1.5655139131218618,NA,NA,NA,0.7168043599970135
high-salinity,corrected_fc,metabolic_scope,36-26,-0.12897274016724847,NA,NA,NA,1
high-salinity,corrected_fc,metabolic_scope,37-26,-0.9690891764830907,NA,NA,NA,0.9964778783472938
high-salinity,corrected_fc,metabolic_scope,38-26,-0.7211508517788352,NA,NA,NA,0.9999827324042074
high-salinity,corrected_fc,metabolic_scope,39-26,-1.0213084633152176,NA,NA,NA,0.9956693497385444
high-salinity,corrected_fc,metabolic_scope,41-26,-0.4429231656773318,NA,NA,NA,0.9999999989244217
high-salinity,corrected_fc,metabolic_scope,42-26,-0.7088382163413836,NA,NA,NA,0.9999915548953782
high-salinity,corrected_fc,metabolic_scope,43-26,-1.9548694431590863,NA,NA,NA,0.1617952685248758
high-salinity,corrected_fc,metabolic_scope,5-26,0.5365219216832644,NA,NA,NA,0.9999999485458011
high-salinity,corrected_fc,metabolic_scope,6-26,-1.513112795792376,NA,NA,NA,0.7009197290549047
high-salinity,corrected_fc,metabolic_scope,7-26,-0.7911316586886841,NA,NA,NA,0.9999243188584521
high-salinity,corrected_fc,metabolic_scope,32-31,1.2347792824958996,NA,NA,NA,0.9546969246921206
high-salinity,corrected_fc,metabolic_scope,33-31,0.00270902051129962,NA,NA,NA,1
high-salinity,corrected_fc,metabolic_scope,34-31,-0.7927913249124194,NA,NA,NA,0.9999473292574683
high-salinity,corrected_fc,metabolic_scope,36-31,0.6437498480421939,NA,NA,NA,0.9999975691915289
high-salinity,corrected_fc,metabolic_scope,37-31,-0.19636658827364828,NA,NA,NA,1
high-salinity,corrected_fc,metabolic_scope,38-31,0.051571736430607196,NA,NA,NA,1
high-salinity,corrected_fc,metabolic_scope,39-31,-0.24858587510577523,NA,NA,NA,1
high-salinity,corrected_fc,metabolic_scope,41-31,0.3297994225321106,NA,NA,NA,0.9999999999986369
high-salinity,corrected_fc,metabolic_scope,42-31,0.06388437186805884,NA,NA,NA,1
high-salinity,corrected_fc,metabolic_scope,43-31,-1.1821468549496439,NA,NA,NA,0.9573870361788788
high-salinity,corrected_fc,metabolic_scope,5-31,1.3092445098927068,NA,NA,NA,0.9099083290029432
high-salinity,corrected_fc,metabolic_scope,6-31,-0.7403902075829336,NA,NA,NA,0.9999667255549318
high-salinity,corrected_fc,metabolic_scope,7-31,-0.018409070479241674,NA,NA,NA,1
high-salinity,corrected_fc,metabolic_scope,33-32,-1.2320702619846,NA,NA,NA,0.9413795920106951
high-salinity,corrected_fc,metabolic_scope,34-32,-2.027570607408319,NA,NA,NA,0.2128884119614538
high-salinity,corrected_fc,metabolic_scope,36-32,-0.5910294344537057,NA,NA,NA,0.9999996342947897
high-salinity,corrected_fc,metabolic_scope,37-32,-1.431145870769548,NA,NA,NA,0.7844101658581156
high-salinity,corrected_fc,metabolic_scope,38-32,-1.1832075460652924,NA,NA,NA,0.9717248038656914
high-salinity,corrected_fc,metabolic_scope,39-32,-1.4833651576016749,NA,NA,NA,0.7862928112738192
high-salinity,corrected_fc,metabolic_scope,41-32,-0.904979859963789,NA,NA,NA,0.9991722728144876
high-salinity,corrected_fc,metabolic_scope,42-32,-1.1708949106278408,NA,NA,NA,0.98041979576175875
high-salinity,corrected_fc,metabolic_scope,43-32,-2.4169261374455435,NA,NA,NA,0.015429509289411003
high-salinity,corrected_fc,metabolic_scope,5-32,0.07446522739680717,NA,NA,NA,1
high-salinity,corrected_fc,metabolic_scope,6-32,-1.9751694900788332,NA,NA,NA,0.18809069435400305
high-salinity,corrected_fc,metabolic_scope,7-32,-1.2531883529751413,NA,NA,NA,0.9523836399922412
high-salinity,corrected_fc,metabolic_scope,34-33,-0.7955003454237191,NA,NA,NA,0.9999121181175038
high-salinity,corrected_fc,metabolic_scope,36-33,0.6410408275308943,NA,NA,NA,0.9999961516002944
high-salinity,corrected_fc,metabolic_scope,37-33,-0.1990756087849479,NA,NA,NA,1
high-salinity,corrected_fc,metabolic_scope,38-33,0.048862715919307576,NA,NA,NA,1
high-salinity,corrected_fc,metabolic_scope,39-33,-0.25129489561707485,NA,NA,NA,1
high-salinity,corrected_fc,metabolic_scope,41-33,0.32709040202081097,NA,NA,NA,0.9999999999977375
high-salinity,corrected_fc,metabolic_scope,42-33,0.06117535135675922,NA,NA,NA,1
high-salinity,corrected_fc,metabolic_scope,43-33,-1.1848558754609435,NA,NA,NA,0.9408129493228508
high-salinity,corrected_fc,metabolic_scope,5-33,1.3065354893814072,NA,NA,NA,0.8865424073172482
high-salinity,corrected_fc,metabolic_scope,6-33,-0.7430992280942332,NA,NA,NA,0.9999413835837971
high-salinity,corrected_fc,metabolic_scope,7-33,-0.021118090990541294,NA,NA,NA,1
high-salinity,corrected_fc,metabolic_scope,36-34,1.4365411729546134,NA,NA,NA,0.836788531819803
high-salinity,corrected_fc,metabolic_scope,37-34,0.5964247366387712,NA,NA,NA,0.9999996144011483
high-salinity,corrected_fc,metabolic_scope,38-34,0.8443630613430266,NA,NA,NA,0.9998425802731401
high-salinity,corrected_fc,metabolic_scope,39-34,0.5442054498066442,NA,NA,NA,0.9999999715366317
high-salinity,corrected_fc,metabolic_scope,41-34,1.12259074744453,NA,NA,NA,0.9872606568077902
high-salinity,corrected_fc,metabolic_scope,42-34,0.8566756967804783,NA,NA,NA,0.999856588255707
high-salinity,corrected_fc,metabolic_scope,43-34,-0.38935553003722445,NA,NA,NA,0.9999999999565548
high-salinity,corrected_fc,metabolic_scope,5-34,2.1020358348051262,NA,NA,NA,0.14551864375910784
high-salinity,corrected_fc,metabolic_scope,6-34,0.052401117329485825,NA,NA,NA,1
high-salinity,corrected_fc,metabolic_scope,7-34,0.7743822544331778,NA,NA,NA,0.9999709168540856
high-salinity,corrected_fc,metabolic_scope,37-36,-0.8401164363158422,NA,NA,NA,0.9995316635077365
high-salinity,corrected_fc,metabolic_scope,38-36,-0.5921781116115867,NA,NA,NA,0.999999530517127
high-salinity,corrected_fc,metabolic_scope,39-36,-0.8923357231479692,NA,NA,NA,0.9993369766101268
high-salinity,corrected_fc,metabolic_scope,41-36,-0.31395042551008334,NA,NA,NA,1
high-salinity,corrected_fc,metabolic_scope,42-36,-0.5798654761741351,NA,NA,NA,0.9999998015895484
high-salinity,corrected_fc,metabolic_scope,43-36,-1.8258967029918378,NA,NA,NA,0.2548238752361487
high-salinity,corrected_fc,metabolic_scope,5-36,0.6654946618505129,NA,NA,NA,0.9999953988237107
high-salinity,corrected_fc,metabolic_scope,6-36,-1.3841400556251275,NA,NA,NA,0.8284258474059106
high-salinity,corrected_fc,metabolic_scope,7-36,-0.6621589185214356,NA,NA,NA,0.9999965817436327
high-salinity,corrected_fc,metabolic_scope,38-37,0.24793832470425547,NA,NA,NA,1
high-salinity,corrected_fc,metabolic_scope,39-37,-0.052219286832126954,NA,NA,NA,1
high-salinity,corrected_fc,metabolic_scope,41-37,0.5261660108057589,NA,NA,NA,0.9999999248537892
high-salinity,corrected_fc,metabolic_scope,42-37,0.2602509601417071,NA,NA,NA,1
high-salinity,corrected_fc,metabolic_scope,43-37,-0.9857802666759956,NA,NA,NA,0.99331799272169
high-salinity,corrected_fc,metabolic_scope,5-37,1.505611098166355,NA,NA,NA,0.6765221930463153
high-salinity,corrected_fc,metabolic_scope,6-37,-0.5440236193092853,NA,NA,NA,0.9999998509103956
high-salinity,corrected_fc,metabolic_scope,7-37,0.1779575177944066,NA,NA,NA,1
high-salinity,corrected_fc,metabolic_scope,39-38,-0.30015761153638243,NA,NA,NA,1
high-salinity,corrected_fc,metabolic_scope,41-38,0.2782276861015034,NA,NA,NA,1
high-salinity,corrected_fc,metabolic_scope,42-38,0.012312635437451647,NA,NA,NA,1
high-salinity,corrected_fc,metabolic_scope,43-38,-1.233718591380251,NA,NA,NA,0.9337143227881141
high-salinity,corrected_fc,metabolic_scope,5-38,1.2576727734620996,NA,NA,NA,0.9390015193169484
high-salinity,corrected_fc,metabolic_scope,6-38,-0.7919619440135408,NA,NA,NA,0.999890854971319
high-salinity,corrected_fc,metabolic_scope,7-38,-0.06998080690984887,NA,NA,NA,1
high-salinity,corrected_fc,metabolic_scope,41-39,0.5783852976378858,NA,NA,NA,0.9999997636517778
high-salinity,corrected_fc,metabolic_scope,42-39,0.3124702469738341,NA,NA,NA,1
high-salinity,corrected_fc,metabolic_scope,43-39,-0.9335609798438687,NA,NA,NA,0.9982585953497614
high-salinity,corrected_fc,metabolic_scope,5-39,1.557830384998482,NA,NA,NA,0.6837233831993612
high-salinity,corrected_fc,metabolic_scope,6-39,-0.4918043324771584,NA,NA,NA,0.9999999918674252
high-salinity,corrected_fc,metabolic_scope,7-39,0.23017680462653356,NA,NA,NA,1
high-salinity,corrected_fc,metabolic_scope,42-41,-0.26591505066405174,NA,NA,NA,1
high-salinity,corrected_fc,metabolic_scope,43-41,-1.5119462774817545,NA,NA,NA,0.6480412332172899
high-salinity,corrected_fc,metabolic_scope,5-41,0.9794450873605962,NA,NA,NA,0.9968217350194815
high-salinity,corrected_fc,metabolic_scope,6-41,-1.0701896301150442,NA,NA,NA,0.9879360367562706
high-salinity,corrected_fc,metabolic_scope,7-41,-0.34820849301135226,NA,NA,NA,0.9999999999960401
high-salinity,corrected_fc,metabolic_scope,43-42,-1.2460312268177027,NA,NA,NA,0.9415601402467397
high-salinity,corrected_fc,metabolic_scope,5-42,1.245360138024648,NA,NA,NA,0.9558600478286379
high-salinity,corrected_fc,metabolic_scope,6-42,-0.8042745794509925,NA,NA,NA,0.9999020548312452
high-salinity,corrected_fc,metabolic_scope,7-42,-0.08229344234730052,NA,NA,NA,1
high-salinity,corrected_fc,metabolic_scope,5-43,2.4913913648423507,NA,NA,NA,0.008048182752437238
high-salinity,corrected_fc,metabolic_scope,6-43,0.4417566473667103,NA,NA,NA,0.9999999981342121
high-salinity,corrected_fc,metabolic_scope,7-43,1.1637377844704022,NA,NA,NA,0.968195940285864
high-salinity,corrected_fc,metabolic_scope,6-5,-2.0496347174756404,NA,NA,NA,0.12394730265813747
high-salinity,corrected_fc,metabolic_scope,7-5,-1.3276535803719485,NA,NA,NA,0.9068037596232683
high-salinity,corrected_fc,metabolic_scope,7-6,0.7219811371036919,NA,NA,NA,0.9999826209216369
high-salinity,corrected_fc,peak_value,14-12,3.4158641453638645,NA,NA,NA,3.2836881004305596e-6
high-salinity,corrected_fc,peak_value,15-12,0.7076954028009896,NA,NA,NA,0.9999792110118311
high-salinity,corrected_fc,peak_value,16-12,3.2772946128617755,NA,NA,NA,3.988272553745453e-5
high-salinity,corrected_fc,peak_value,19-12,1.6980906710523644,NA,NA,NA,0.3979876499896158
high-salinity,corrected_fc,peak_value,2-12,0.55796501141206,NA,NA,NA,0.9999997471276698
high-salinity,corrected_fc,peak_value,20-12,1.774696759019517,NA,NA,NA,0.36876520561488624
high-salinity,corrected_fc,peak_value,21-12,2.3842886005330626,NA,NA,NA,0.01572916031814997
high-salinity,corrected_fc,peak_value,24-12,2.104654732434741,NA,NA,NA,0.08686674015792328
high-salinity,corrected_fc,peak_value,25-12,2.0517899977248404,NA,NA,NA,0.09230309149186167
high-salinity,corrected_fc,peak_value,26-12,2.1450807052008787,NA,NA,NA,0.07074042976081008
high-salinity,corrected_fc,peak_value,31-12,1.3723581169914363,NA,NA,NA,0.8405696753537928
high-salinity,corrected_fc,peak_value,32-12,2.607137399487336,NA,NA,NA,0.005159725458926845
high-salinity,corrected_fc,peak_value,33-12,1.375067137502736,NA,NA,NA,0.7982886977730512
high-salinity,corrected_fc,peak_value,34-12,0.5795667920790168,NA,NA,NA,0.9999998166086999
high-salinity,corrected_fc,peak_value,36-12,2.01610796503363,NA,NA,NA,0.1207497822468393
high-salinity,corrected_fc,peak_value,37-12,1.175991528717788,NA,NA,NA,0.9501698739527193
high-salinity,corrected_fc,peak_value,38-12,1.4239298534220435,NA,NA,NA,0.7887718741267955
high-salinity,corrected_fc,peak_value,39-12,1.123772241885661,NA,NA,NA,0.9808266877016576
high-salinity,corrected_fc,peak_value,41-12,1.7021575395235469,NA,NA,NA,0.41328187251418913
high-salinity,corrected_fc,peak_value,42-12,1.4362424888594951,NA,NA,NA,0.80879018939119
high-salinity,corrected_fc,peak_value,43-12,0.1902112620417924,NA,NA,NA,1
high-salinity,corrected_fc,peak_value,5-12,2.681602626884143,NA,NA,NA,0.0025275307315746343
high-salinity,corrected_fc,peak_value,6-12,0.6319679094085027,NA,NA,NA,0.9999975324290082
high-salinity,corrected_fc,peak_value,7-12,1.3539490465121946,NA,NA,NA,0.8693947792921571
high-salinity,corrected_fc,peak_value,15-14,-2.708168742562875,NA,NA,NA,0.0017102696388191507
high-salinity,corrected_fc,peak_value,16-14,-0.13856953250208903,NA,NA,NA,1
high-salinity,corrected_fc,peak_value,19-14,-1.7177734743115,NA,NA,NA,0.3735649532230827
high-salinity,corrected_fc,peak_value,2-14,-2.8578991339518045,NA,NA,NA,4.4051770405717505e-4
high-salinity,corrected_fc,peak_value,20-14,-1.6411673863443474,NA,NA,NA,0.5380739355414713
high-salinity,corrected_fc,peak_value,21-14,-1.031575544830802,NA,NA,NA,0.991539562886159
high-salinity,corrected_fc,peak_value,24-14,-1.3112094129291236,NA,NA,NA,0.8915419487625016
high-salinity,corrected_fc,peak_value,25-14,-1.3640741476390241,NA,NA,NA,0.82264420480724
high-salinity,corrected_fc,peak_value,26-14,-1.2707834401629858,NA,NA,NA,0.9187332015891576
high-salinity,corrected_fc,peak_value,31-14,-2.0435060283724282,NA,NA,NA,0.11686797721680442
high-salinity,corrected_fc,peak_value,32-14,-0.8087267458765286,NA,NA,NA,0.9998477796742512
high-salinity,corrected_fc,peak_value,33-14,-2.0407970078611286,NA,NA,NA,0.08888278792244697
high-salinity,corrected_fc,peak_value,34-14,-2.8362973532848477,NA,NA,NA,0.0016451643090701351
high-salinity,corrected_fc,peak_value,36-14,-1.3997561803302343,NA,NA,NA,0.7993855736537765
high-salinity,corrected_fc,peak_value,37-14,-2.2398726166460765,NA,NA,NA,0.029353531825747847
high-salinity,corrected_fc,peak_value,38-14,-1.991934291941821,NA,NA,NA,0.1480741455071486
high-salinity,corrected_fc,peak_value,39-14,-2.2920919034782035,NA,NA,NA,0.03636142942900478
high-salinity,corrected_fc,peak_value,41-14,-1.7137066058403176,NA,NA,NA,0.3987779205442228
high-salinity,corrected_fc,peak_value,42-14,-1.9796216565043694,NA,NA,NA,0.18833231676035134
high-salinity,corrected_fc,peak_value,43-14,-3.225652883322072,NA,NA,NA,1.4707319158646648e-5
high-salinity,corrected_fc,peak_value,5-14,-0.7342615184797214,NA,NA,NA,0.9999662128902846
high-salinity,corrected_fc,peak_value,6-14,-2.783896235955362,NA,NA,NA,9.687051177392769e-4
high-salinity,corrected_fc,peak_value,7-14,-2.06191509885167,NA,NA,NA,0.1188296920471481
high-salinity,corrected_fc,peak_value,16-15,2.569599210060786,NA,NA,NA,0.009267024440178684
high-salinity,corrected_fc,peak_value,19-15,0.9903952682513748,NA,NA,NA,0.9951230744640958
high-salinity,corrected_fc,peak_value,2-15,-0.14973039138892963,NA,NA,NA,1
high-salinity,corrected_fc,peak_value,20-15,1.0670013562185274,NA,NA,NA,0.9910817567843859
high-salinity,corrected_fc,peak_value,21-15,1.676593197732073,NA,NA,NA,0.4664660864315253
high-salinity,corrected_fc,peak_value,24-15,1.3969593296337512,NA,NA,NA,0.8293385991434108
high-salinity,corrected_fc,peak_value,25-15,1.3440945949238507,NA,NA,NA,0.8538391280546406
high-salinity,corrected_fc,peak_value,26-15,1.437385302399889,NA,NA,NA,0.7883976315387151
high-salinity,corrected_fc,peak_value,31-15,0.6646627141904466,NA,NA,NA,0.9999955072642897
high-salinity,corrected_fc,peak_value,32-15,1.8994419966863463,NA,NA,NA,0.25321411752185585
high-salinity,corrected_fc,peak_value,33-15,0.6673717347017463,NA,NA,NA,0.999991743930115
high-salinity,corrected_fc,peak_value,34-15,-0.1281286107219728,NA,NA,NA,1
high-salinity,corrected_fc,peak_value,36-15,1.3084125622326406,NA,NA,NA,0.892883322834479
high-salinity,corrected_fc,peak_value,37-15,0.46829612591679837,NA,NA,NA,0.9999999934796324
high-salinity,corrected_fc,peak_value,38-15,0.7162344506210538,NA,NA,NA,0.9999817980453108
high-salinity,corrected_fc,peak_value,39-15,0.4160768390846714,NA,NA,NA,0.9999999997821214
high-salinity,corrected_fc,peak_value,41-15,0.9944621367225572,NA,NA,NA,0.9954661780879075
high-salinity,corrected_fc,peak_value,42-15,0.7285470860585055,NA,NA,NA,0.9999832871900819
high-salinity,corrected_fc,peak_value,43-15,-0.5174841407591972,NA,NA,NA,0.9999999467368874
high-salinity,corrected_fc,peak_value,5-15,1.9739072240831534,NA,NA,NA,0.17337228882862177
high-salinity,corrected_fc,peak_value,6-15,-0.07572749339248697,NA,NA,NA,1
high-salinity,corrected_fc,peak_value,7-15,0.646253643711205,NA,NA,NA,0.9999978622042758
high-salinity,corrected_fc,peak_value,19-16,-1.579203941809411,NA,NA,NA,0.642979997022953
high-salinity,corrected_fc,peak_value,2-16,-2.7193296014497155,NA,NA,NA,0.0029484246971924755
high-salinity,corrected_fc,peak_value,20-16,-1.5025978538422584,NA,NA,NA,0.7829901595071573
high-salinity,corrected_fc,peak_value,21-16,-0.8930060123287129,NA,NA,NA,0.9994384964515516
high-salinity,corrected_fc,peak_value,24-16,-1.1726398804270346,NA,NA,NA,0.9775778797371073
high-salinity,corrected_fc,peak_value,25-16,-1.225504615136935,NA,NA,NA,0.9549088252884084
high-salinity,corrected_fc,peak_value,26-16,-1.1322139076608968,NA,NA,NA,0.9853486903601067
high-salinity,corrected_fc,peak_value,31-16,-1.9049364958703392,NA,NA,NA,0.2857805554929559
high-salinity,corrected_fc,peak_value,32-16,-0.6701572133744396,NA,NA,NA,0.9999976005578817
high-salinity,corrected_fc,peak_value,33-16,-1.9022274753590396,NA,NA,NA,0.24019629990721203
high-salinity,corrected_fc,peak_value,34-16,-2.6977278207827586,NA,NA,NA,0.008167368623433258
high-salinity,corrected_fc,peak_value,36-16,-1.2611866478281453,NA,NA,NA,0.9444511815846114
high-salinity,corrected_fc,peak_value,37-16,-2.1013030841439875,NA,NA,NA,0.10174468703586981
high-salinity,corrected_fc,peak_value,38-16,-1.853364759439732,NA,NA,NA,0.3399736454591741
high-salinity,corrected_fc,peak_value,39-16,-2.1535223709761144,NA,NA,NA,0.1141852324698791
high-salinity,corrected_fc,peak_value,41-16,-1.5751370733382286,NA,NA,NA,0.6655490469068004
high-salinity,corrected_fc,peak_value,42-16,-1.8410521240022804,NA,NA,NA,0.39657569062537723
high-salinity,corrected_fc,peak_value,43-16,-3.087083350819983,NA,NA,NA,1.5476756913046508e-4
high-salinity,corrected_fc,peak_value,5-16,-0.5956919859776324,NA,NA,NA,0.9999997164279257
high-salinity,corrected_fc,peak_value,6-16,-2.645326703453273,NA,NA,NA,0.005690455937300332
high-salinity,corrected_fc,peak_value,7-16,-1.9233455663495809,NA,NA,NA,0.2862885278078755
high-salinity,corrected_fc,peak_value,2-19,-1.1401256596403044,NA,NA,NA,0.9677135513266656
high-salinity,corrected_fc,peak_value,20-19,0.07660608796715263,NA,NA,NA,1
high-salinity,corrected_fc,peak_value,21-19,0.6861979294806981,NA,NA,NA,0.9999882294380782
high-salinity,corrected_fc,peak_value,24-19,0.40656406138237644,NA,NA,NA,0.9999999997980871
high-salinity,corrected_fc,peak_value,25-19,0.35369932667247594,NA,NA,NA,0.9999999999859546
high-salinity,corrected_fc,peak_value,26-19,0.44699003414851424,NA,NA,NA,0.999999998401145
high-salinity,corrected_fc,peak_value,31-19,-0.32573255406092816,NA,NA,NA,0.9999999999987473
high-salinity,corrected_fc,peak_value,32-19,0.9090467284349715,NA,NA,NA,0.9989793204203354
high-salinity,corrected_fc,peak_value,33-19,-0.32302353354962854,NA,NA,NA,0.9999999999978773
high-salinity,corrected_fc,peak_value,34-19,-1.1185238789733476,NA,NA,NA,0.9864443922300349
high-salinity,corrected_fc,peak_value,36-19,0.31801729398126577,NA,NA,NA,0.999999999999161
high-salinity,corrected_fc,peak_value,37-19,-0.5220991423345764,NA,NA,NA,0.9999999217913922
high-salinity,corrected_fc,peak_value,38-19,-0.27416081763032096,NA,NA,NA,1
high-salinity,corrected_fc,peak_value,39-19,-0.5743184291667034,NA,NA,NA,0.9999997543159473
high-salinity,corrected_fc,peak_value,41-19,0.004066868471182428,NA,NA,NA,1
high-salinity,corrected_fc,peak_value,42-19,-0.2618481821928693,NA,NA,NA,1
high-salinity,corrected_fc,peak_value,43-19,-1.507879409010572,NA,NA,NA,0.6339013662124137
high-salinity,corrected_fc,peak_value,5-19,0.9835119558317786,NA,NA,NA,0.9961589254168217
high-salinity,corrected_fc,peak_value,6-19,-1.0661227616438618,NA,NA,NA,0.9870594545475543
high-salinity,corrected_fc,peak_value,7-19,-0.34414162454016983,NA,NA,NA,0.999999999996281
high-salinity,corrected_fc,peak_value,20-2,1.216731747607457,NA,NA,NA,0.9528559312172097
high-salinity,corrected_fc,peak_value,21-2,1.8263235891210026,NA,NA,NA,0.27056805554547103
high-salinity,corrected_fc,peak_value,24-2,1.5466897210226809,NA,NA,NA,0.6404039996038617
high-salinity,corrected_fc,peak_value,25-2,1.4938249863127804,NA,NA,NA,0.670521044485936
high-salinity,corrected_fc,peak_value,26-2,1.5871156937888187,NA,NA,NA,0.5869565172672799
high-salinity,corrected_fc,peak_value,31-2,0.8143931055793763,NA,NA,NA,0.9997947009396416
high-salinity,corrected_fc,peak_value,32-2,2.049172388075276,NA,NA,NA,0.12602756826364003
high-salinity,corrected_fc,peak_value,33-2,0.8171021260906759,NA,NA,NA,0.9996510872017019
high-salinity,corrected_fc,peak_value,34-2,0.021601780666956838,NA,NA,NA,1
high-salinity,corrected_fc,peak_value,36-2,1.4581429536215702,NA,NA,NA,0.7330722094641389
high-salinity,corrected_fc,peak_value,37-2,0.618026517305728,NA,NA,NA,0.9999977063006501
high-salinity,corrected_fc,peak_value,38-2,0.8659648420099835,NA,NA,NA,0.9994375945793719
high-salinity,corrected_fc,peak_value,39-2,0.565807230473601,NA,NA,NA,0.9999998185555744
high-salinity,corrected_fc,peak_value,41-2,1.1441925281114869,NA,NA,NA,0.9698149804223076
high-salinity,corrected_fc,peak_value,42-2,0.8782774774474351,NA,NA,NA,0.999505107776306
high-salinity,corrected_fc,peak_value,43-2,-0.3677537493702676,NA,NA,NA,0.9999999999587581
high-salinity,corrected_fc,peak_value,5-2,2.123637615472083,NA,NA,NA,0.07895220221431687
high-salinity,corrected_fc,peak_value,6-2,0.07400289799644266,NA,NA,NA,1
high-salinity,corrected_fc,peak_value,7-2,0.7959840351001346,NA,NA,NA,0.9998840182748696
high-salinity,corrected_fc,peak_value,21-20,0.6095918415135455,NA,NA,NA,0.9999993213458028
high-salinity,corrected_fc,peak_value,24-20,0.3299579734152238,NA,NA,NA,0.9999999999992464
high-salinity,corrected_fc,peak_value,25-20,0.2770932387053233,NA,NA,NA,1
high-salinity,corrected_fc,peak_value,26-20,0.3703839461813616,NA,NA,NA,0.999999999986812
high-salinity,corrected_fc,peak_value,31-20,-0.4023386420280808,NA,NA,NA,0.999999999915872
high-salinity,corrected_fc,peak_value,32-20,0.8324406404678188,NA,NA,NA,0.9998469440414783
high-salinity,corrected_fc,peak_value,33-20,-0.39962962151678116,NA,NA,NA,0.9999999998684673
high-salinity,corrected_fc,peak_value,34-20,-1.1951299669405002,NA,NA,NA,0.9781953647953555
high-salinity,corrected_fc,peak_value,36-20,0.24141120601411314,NA,NA,NA,1
high-salinity,corrected_fc,peak_value,37-20,-0.5987052303017291,NA,NA,NA,0.9999993290808278
high-salinity,corrected_fc,peak_value,38-20,-0.3507669055974736,NA,NA,NA,0.999999999996231
high-salinity,corrected_fc,peak_value,39-20,-0.650924517133856,NA,NA,NA,0.9999983208318086
high-salinity,corrected_fc,peak_value,41-20,-0.0725392194959702,NA,NA,NA,1
high-salinity,corrected_fc,peak_value,42-20,-0.33845427016002194,NA,NA,NA,0.9999999999991187
high-salinity,corrected_fc,peak_value,43-20,-1.5844854969777247,NA,NA,NA,0.5951567232100469
high-salinity,corrected_fc,peak_value,5-20,0.906905867864626,NA,NA,NA,0.9992629883949778
high-salinity,corrected_fc,peak_value,6-20,-1.1427288496110144,NA,NA,NA,0.9789588916754917
high-salinity,corrected_fc,peak_value,7-20,-0.42074771250732246,NA,NA,NA,0.9999999998191147
high-salinity,corrected_fc,peak_value,24-21,-0.2796338680983217,NA,NA,NA,1
high-salinity,corrected_fc,peak_value,25-21,-0.3324986028082222,NA,NA,NA,0.999999999997309
high-salinity,corrected_fc,peak_value,26-21,-0.2392078953321839,NA,NA,NA,1
high-salinity,corrected_fc,peak_value,31-21,-1.0119304835416263,NA,NA,NA,0.9949678758580776
high-salinity,corrected_fc,peak_value,32-21,0.22284879895427334,NA,NA,NA,1
high-salinity,corrected_fc,peak_value,33-21,-1.0092214630303267,NA,NA,NA,0.9928888699645797
high-salinity,corrected_fc,peak_value,34-21,-1.8047218084540457,NA,NA,NA,0.4011381647719827
high-salinity,corrected_fc,peak_value,36-21,-0.36818063549943236,NA,NA,NA,0.999999999977333
high-salinity,corrected_fc,peak_value,37-21,-1.2082970718152746,NA,NA,NA,0.9403785668288425
high-salinity,corrected_fc,peak_value,38-21,-0.9603587471110191,NA,NA,NA,0.9976104725787047
high-salinity,corrected_fc,peak_value,39-21,-1.2605163586474015,NA,NA,NA,0.9380984047081617
high-salinity,corrected_fc,peak_value,41-21,-0.6821310610095157,NA,NA,NA,0.999991152106433
high-salinity,corrected_fc,peak_value,42-21,-0.9480461116735674,NA,NA,NA,0.9985732096891236
high-salinity,corrected_fc,peak_value,43-21,-2.19407733849127,NA,NA,NA,0.04344659589579947
high-salinity,corrected_fc,peak_value,5-21,0.2973140263510805,NA,NA,NA,1
high-salinity,corrected_fc,peak_value,6-21,-1.75232069112456,NA,NA,NA,0.3713773559906999
high-salinity,corrected_fc,peak_value,7-21,-1.030339554020868,NA,NA,NA,0.9944193875569104
high-salinity,corrected_fc,peak_value,25-24,-0.052864734709900496,NA,NA,NA,1
high-salinity,corrected_fc,peak_value,26-24,0.0404259727661378,NA,NA,NA,1
high-salinity,corrected_fc,peak_value,31-24,-0.7322966154433046,NA,NA,NA,0.9999771341736823
high-salinity,corrected_fc,peak_value,32-24,0.502482667052595,NA,NA,NA,0.9999999895158707
high-salinity,corrected_fc,peak_value,33-24,-0.729587594932005,NA,NA,NA,0.9999648019365475
high-salinity,corrected_fc,peak_value,34-24,-1.525087940355724,NA,NA,NA,0.762088182873651
high-salinity,corrected_fc,peak_value,36-24,-0.08854676740111067,NA,NA,NA,1
high-salinity,corrected_fc,peak_value,37-24,-0.9286632037169529,NA,NA,NA,0.9981060168618275
high-salinity,corrected_fc,peak_value,38-24,-0.6807248790126974,NA,NA,NA,0.9999941186117814
high-salinity,corrected_fc,peak_value,39-24,-0.9808824905490798,NA,NA,NA,0.9975707242169655
high-salinity,corrected_fc,peak_value,41-24,-0.402497192911194,NA,NA,NA,0.9999999998678382
high-salinity,corrected_fc,peak_value,42-24,-0.6684122435752458,NA,NA,NA,0.9999972382142642
high-salinity,corrected_fc,peak_value,43-24,-1.9144434703929485,NA,NA,NA,0.192546422409413
high-salinity,corrected_fc,peak_value,5-24,0.5769478944494022,NA,NA,NA,0.9999997715993816
high-salinity,corrected_fc,peak_value,6-24,-1.4726868230262382,NA,NA,NA,0.7491731540541292
high-salinity,corrected_fc,peak_value,7-24,-0.7507056859225463,NA,NA,NA,0.9999702382773981
high-salinity,corrected_fc,peak_value,26-25,0.09329070747603829,NA,NA,NA,1
high-salinity,corrected_fc,peak_value,31-25,-0.6794318807334041,NA,NA,NA,0.9999918997009642
high-salinity,corrected_fc,peak_value,32-25,0.5553474017624955,NA,NA,NA,0.9999998760330242
high-salinity,corrected_fc,peak_value,33-25,-0.6767228602221045,NA,NA,NA,0.9999871728519879
high-salinity,corrected_fc,peak_value,34-25,-1.4722232056458235,NA,NA,NA,0.7900751086030531
high-salinity,corrected_fc,peak_value,36-25,-0.035682032691210175,NA,NA,NA,1
high-salinity,corrected_fc,peak_value,37-25,-0.8757984690070524,NA,NA,NA,0.9989462605407259
high-salinity,corrected_fc,peak_value,38-25,-0.6278601443027969,NA,NA,NA,0.9999982125502751
high-salinity,corrected_fc,peak_value,39-25,-0.9280177558391793,NA,NA,NA,0.9985990593577438
high-salinity,corrected_fc,peak_value,41-25,-0.3496324582012935,NA,NA,NA,0.9999999999913252
high-salinity,corrected_fc,peak_value,42-25,-0.6155475088653453,NA,NA,NA,0.9999992153257681
high-salinity,corrected_fc,peak_value,43-25,-1.861578735683048,NA,NA,NA,0.20523617779063308
high-salinity,corrected_fc,peak_value,5-25,0.6298126291593027,NA,NA,NA,0.9999981011470007
high-salinity,corrected_fc,peak_value,6-25,-1.4198220883163377,NA,NA,NA,0.7775623991281313
high-salinity,corrected_fc,peak_value,7-25,-0.6978409512126458,NA,NA,NA,0.9999890664076038
high-salinity,corrected_fc,peak_value,31-26,-0.7727225882094424,NA,NA,NA,0.9999400262699583
high-salinity,corrected_fc,peak_value,32-26,0.46205669428645724,NA,NA,NA,0.9999999982578607
high-salinity,corrected_fc,peak_value,33-26,-0.7700135676981428,NA,NA,NA,0.9999086604829981
high-salinity,corrected_fc,peak_value,34-26,-1.5655139131218618,NA,NA,NA,0.7168043599970135
high-salinity,corrected_fc,peak_value,36-26,-0.12897274016724847,NA,NA,NA,1
high-salinity,corrected_fc,peak_value,37-26,-0.9690891764830907,NA,NA,NA,0.9964778783472938
high-salinity,corrected_fc,peak_value,38-26,-0.7211508517788352,NA,NA,NA,0.9999827324042074
high-salinity,corrected_fc,peak_value,39-26,-1.0213084633152176,NA,NA,NA,0.9956693497385444
high-salinity,corrected_fc,peak_value,41-26,-0.4429231656773318,NA,NA,NA,0.9999999989244217
high-salinity,corrected_fc,peak_value,42-26,-0.7088382163413836,NA,NA,NA,0.9999915548953782
high-salinity,corrected_fc,peak_value,43-26,-1.9548694431590863,NA,NA,NA,0.1617952685248758
high-salinity,corrected_fc,peak_value,5-26,0.5365219216832644,NA,NA,NA,0.9999999485458011
high-salinity,corrected_fc,peak_value,6-26,-1.513112795792376,NA,NA,NA,0.7009197290549047
high-salinity,corrected_fc,peak_value,7-26,-0.7911316586886841,NA,NA,NA,0.9999243188584521
high-salinity,corrected_fc,peak_value,32-31,1.2347792824958996,NA,NA,NA,0.9546969246921206
high-salinity,corrected_fc,peak_value,33-31,0.00270902051129962,NA,NA,NA,1
high-salinity,corrected_fc,peak_value,34-31,-0.7927913249124194,NA,NA,NA,0.9999473292574683
high-salinity,corrected_fc,peak_value,36-31,0.6437498480421939,NA,NA,NA,0.9999975691915289
high-salinity,corrected_fc,peak_value,37-31,-0.19636658827364828,NA,NA,NA,1
high-salinity,corrected_fc,peak_value,38-31,0.051571736430607196,NA,NA,NA,1
high-salinity,corrected_fc,peak_value,39-31,-0.24858587510577523,NA,NA,NA,1
high-salinity,corrected_fc,peak_value,41-31,0.3297994225321106,NA,NA,NA,0.9999999999986369
high-salinity,corrected_fc,peak_value,42-31,0.06388437186805884,NA,NA,NA,1
high-salinity,corrected_fc,peak_value,43-31,-1.1821468549496439,NA,NA,NA,0.9573870361788788
high-salinity,corrected_fc,peak_value,5-31,1.3092445098927068,NA,NA,NA,0.9099083290029432
high-salinity,corrected_fc,peak_value,6-31,-0.7403902075829336,NA,NA,NA,0.9999667255549318
high-salinity,corrected_fc,peak_value,7-31,-0.018409070479241674,NA,NA,NA,1
high-salinity,corrected_fc,peak_value,33-32,-1.2320702619846,NA,NA,NA,0.9413795920106951
high-salinity,corrected_fc,peak_value,34-32,-2.027570607408319,NA,NA,NA,0.2128884119614538
high-salinity,corrected_fc,peak_value,36-32,-0.5910294344537057,NA,NA,NA,0.9999996342947897
high-salinity,corrected_fc,peak_value,37-32,-1.431145870769548,NA,NA,NA,0.7844101658581156
high-salinity,corrected_fc,peak_value,38-32,-1.1832075460652924,NA,NA,NA,0.9717248038656914
high-salinity,corrected_fc,peak_value,39-32,-1.4833651576016749,NA,NA,NA,0.7862928112738192
high-salinity,corrected_fc,peak_value,41-32,-0.904979859963789,NA,NA,NA,0.9991722728144876
high-salinity,corrected_fc,peak_value,42-32,-1.1708949106278408,NA,NA,NA,0.98041979576175875
high-salinity,corrected_fc,peak_value,43-32,-2.4169261374455435,NA,NA,NA,0.015429509289411003
high-salinity,corrected_fc,peak_value,5-32,0.07446522739680717,NA,NA,NA,1
high-salinity,corrected_fc,peak_value,6-32,-1.9751694900788332,NA,NA,NA,0.18809069435400305
high-salinity,corrected_fc,peak_value,7-32,-1.2531883529751413,NA,NA,NA,0.9523836399922412
high-salinity,corrected_fc,peak_value,34-33,-0.7955003454237191,NA,NA,NA,0.9999121181175038
high-salinity,corrected_fc,peak_value,36-33,0.6410408275308943,NA,NA,NA,0.9999961516002944
high-salinity,corrected_fc,peak_value,37-33,-0.1990756087849479,NA,NA,NA,1
high-salinity,corrected_fc,peak_value,38-33,0.048862715919307576,NA,NA,NA,1
high-salinity,corrected_fc,peak_value,39-33,-0.25129489561707485,NA,NA,NA,1
high-salinity,corrected_fc,peak_value,41-33,0.32709040202081097,NA,NA,NA,0.9999999999977375
high-salinity,corrected_fc,peak_value,42-33,0.06117535135675922,NA,NA,NA,1
high-salinity,corrected_fc,peak_value,43-33,-1.1848558754609435,NA,NA,NA,0.9408129493228508
high-salinity,corrected_fc,peak_value,5-33,1.3065354893814072,NA,NA,NA,0.8865424073172482
high-salinity,corrected_fc,peak_value,6-33,-0.7430992280942332,NA,NA,NA,0.9999413835837971
high-salinity,corrected_fc,peak_value,7-33,-0.021118090990541294,NA,NA,NA,1
high-salinity,corrected_fc,peak_value,36-34,1.4365411729546134,NA,NA,NA,0.836788531819803
high-salinity,corrected_fc,peak_value,37-34,0.5964247366387712,NA,NA,NA,0.9999996144011483
high-salinity,corrected_fc,peak_value,38-34,0.8443630613430266,NA,NA,NA,0.9998425802731401
high-salinity,corrected_fc,peak_value,39-34,0.5442054498066442,NA,NA,NA,0.9999999715366317
high-salinity,corrected_fc,peak_value,41-34,1.12259074744453,NA,NA,NA,0.9872606568077902
high-salinity,corrected_fc,peak_value,42-34,0.8566756967804783,NA,NA,NA,0.999856588255707
high-salinity,corrected_fc,peak_value,43-34,-0.38935553003722445,NA,NA,NA,0.9999999999565548
high-salinity,corrected_fc,peak_value,5-34,2.1020358348051262,NA,NA,NA,0.14551864375910784
high-salinity,corrected_fc,peak_value,6-34,0.052401117329485825,NA,NA,NA,1
high-salinity,corrected_fc,peak_value,7-34,0.7743822544331778,NA,NA,NA,0.9999709168540856
high-salinity,corrected_fc,peak_value,37-36,-0.8401164363158422,NA,NA,NA,0.9995316635077365
high-salinity,corrected_fc,peak_value,38-36,-0.5921781116115867,NA,NA,NA,0.999999530517127
high-salinity,corrected_fc,peak_value,39-36,-0.8923357231479692,NA,NA,NA,0.9993369766101268
high-salinity,corrected_fc,peak_value,41-36,-0.31395042551008334,NA,NA,NA,1
high-salinity,corrected_fc,peak_value,42-36,-0.5798654761741351,NA,NA,NA,0.9999998015895484
high-salinity,corrected_fc,peak_value,43-36,-1.8258967029918378,NA,NA,NA,0.2548238752361487
high-salinity,corrected_fc,peak_value,5-36,0.6654946618505129,NA,NA,NA,0.9999953988237107
high-salinity,corrected_fc,peak_value,6-36,-1.3841400556251275,NA,NA,NA,0.8284258474059106
high-salinity,corrected_fc,peak_value,7-36,-0.6621589185214356,NA,NA,NA,0.9999965817436327
high-salinity,corrected_fc,peak_value,38-37,0.24793832470425547,NA,NA,NA,1
high-salinity,corrected_fc,peak_value,39-37,-0.052219286832126954,NA,NA,NA,1
high-salinity,corrected_fc,peak_value,41-37,0.5261660108057589,NA,NA,NA,0.9999999248537892
high-salinity,corrected_fc,peak_value,42-37,0.2602509601417071,NA,NA,NA,1
high-salinity,corrected_fc,peak_value,43-37,-0.9857802666759956,NA,NA,NA,0.99331799272169
high-salinity,corrected_fc,peak_value,5-37,1.505611098166355,NA,NA,NA,0.6765221930463153
high-salinity,corrected_fc,peak_value,6-37,-0.5440236193092853,NA,NA,NA,0.9999998509103956
high-salinity,corrected_fc,peak_value,7-37,0.1779575177944066,NA,NA,NA,1
high-salinity,corrected_fc,peak_value,39-38,-0.30015761153638243,NA,NA,NA,1
high-salinity,corrected_fc,peak_value,41-38,0.2782276861015034,NA,NA,NA,1
high-salinity,corrected_fc,peak_value,42-38,0.012312635437451647,NA,NA,NA,1
high-salinity,corrected_fc,peak_value,43-38,-1.233718591380251,NA,NA,NA,0.9337143227881141
high-salinity,corrected_fc,peak_value,5-38,1.2576727734620996,NA,NA,NA,0.9390015193169484
high-salinity,corrected_fc,peak_value,6-38,-0.7919619440135408,NA,NA,NA,0.999890854971319
high-salinity,corrected_fc,peak_value,7-38,-0.06998080690984887,NA,NA,NA,1
high-salinity,corrected_fc,peak_value,41-39,0.5783852976378858,NA,NA,NA,0.9999997636517778
high-salinity,corrected_fc,peak_value,42-39,0.3124702469738341,NA,NA,NA,1
high-salinity,corrected_fc,peak_value,43-39,-0.9335609798438687,NA,NA,NA,0.9982585953497614
high-salinity,corrected_fc,peak_value,5-39,1.557830384998482,NA,NA,NA,0.6837233831993612
high-salinity,corrected_fc,peak_value,6-39,-0.4918043324771584,NA,NA,NA,0.9999999918674252
high-salinity,corrected_fc,peak_value,7-39,0.23017680462653356,NA,NA,NA,1
high-salinity,corrected_fc,peak_value,42-41,-0.26591505066405174,NA,NA,NA,1
high-salinity,corrected_fc,peak_value,43-41,-1.5119462774817545,NA,NA,NA,0.6480412332172899
high-salinity,corrected_fc,peak_value,5-41,0.9794450873605962,NA,NA,NA,0.9968217350194815
high-salinity,corrected_fc,peak_value,6-41,-1.0701896301150442,NA,NA,NA,0.9879360367562706
high-salinity,corrected_fc,peak_value,7-41,-0.34820849301135226,NA,NA,NA,0.9999999999960401
high-salinity,corrected_fc,peak_value,43-42,-1.2460312268177027,NA,NA,NA,0.9415601402467397
high-salinity,corrected_fc,peak_value,5-42,1.245360138024648,NA,NA,NA,0.9558600478286379
high-salinity,corrected_fc,peak_value,6-42,-0.8042745794509925,NA,NA,NA,0.9999020548312452
high-salinity,corrected_fc,peak_value,7-42,-0.08229344234730052,NA,NA,NA,1
high-salinity,corrected_fc,peak_value,5-43,2.4913913648423507,NA,NA,NA,0.008048182752437238
high-salinity,corrected_fc,peak_value,6-43,0.4417566473667103,NA,NA,NA,0.9999999981342121
high-salinity,corrected_fc,peak_value,7-43,1.1637377844704022,NA,NA,NA,0.968195940285864
high-salinity,corrected_fc,peak_value,6-5,-2.0496347174756404,NA,NA,NA,0.12394730265813747
high-salinity,corrected_fc,peak_value,7-5,-1.3276535803719485,NA,NA,NA,0.9068037596232683
high-salinity,corrected_fc,peak_value,7-6,0.7219811371036919,NA,NA,NA,0.9999826209216369
low-salinity,corrected_fc,auc_late,48-47,2.4740171239321898,NA,NA,NA,0.7421106104971661
low-salinity,corrected_fc,auc_late,49-47,0.8599922270908484,NA,NA,NA,0.9999999382203755
low-salinity,corrected_fc,auc_late,50-47,-1.709760005289481,NA,NA,NA,0.9899468913838205
low-salinity,corrected_fc,auc_late,51-47,-1.6134056031562132,NA,NA,NA,0.9947777115077552
low-salinity,corrected_fc,auc_late,54-47,2.9795018447780075,NA,NA,NA,0.5870063233974354
low-salinity,corrected_fc,auc_late,55-47,-2.272615310689475,NA,NA,NA,0.8639386989894986
low-salinity,corrected_fc,auc_late,57-47,-2.2201169427298177,NA,NA,NA,0.8536442121963146
low-salinity,corrected_fc,auc_late,60-47,-2.2654107755631783,NA,NA,NA,0.8148737696164271
low-salinity,corrected_fc,auc_late,61-47,-2.152461080754141,NA,NA,NA,0.8777973978514475
low-salinity,corrected_fc,auc_late,70-47,-2.7219617785107184,NA,NA,NA,0.4627622087678238
low-salinity,corrected_fc,auc_late,71-47,-1.1480226895785197,NA,NA,NA,0.9999875454831059
low-salinity,corrected_fc,auc_late,72-47,-0.5181242054644484,NA,NA,NA,0.9999999999994534
low-salinity,corrected_fc,auc_late,74-47,-1.7392640308082132,NA,NA,NA,0.9889144447678121
low-salinity,corrected_fc,auc_late,76-47,0.2555201578789381,NA,NA,NA,1
low-salinity,corrected_fc,auc_late,77-47,1.46722535389691,NA,NA,NA,0.9992856661226353
low-salinity,corrected_fc,auc_late,78-47,4.53980742520717,NA,NA,NA,0.01110219817026259
low-salinity,corrected_fc,auc_late,79-47,-1.5980509627533763,NA,NA,NA,0.9936106302517765
low-salinity,corrected_fc,auc_late,80-47,-1.9821307206620737,NA,NA,NA,0.9439130694511639
low-salinity,corrected_fc,auc_late,82-47,0.757564830210776,NA,NA,NA,0.9999999989864927
low-salinity,corrected_fc,auc_late,83-47,-1.713240851870423,NA,NA,NA,0.9908808858585086
low-salinity,corrected_fc,auc_late,84-47,-1.991222220616974,NA,NA,NA,0.9520285678264424
low-salinity,corrected_fc,auc_late,85-47,-1.9278709919631654,NA,NA,NA,0.970050979636413
low-salinity,corrected_fc,auc_late,88-47,0.5939189920010017,NA,NA,NA,0.9999999999967615
low-salinity,corrected_fc,auc_late,90-47,-0.5810650803725679,NA,NA,NA,0.9999999999951876
low-salinity,corrected_fc,auc_late,49-48,-1.6140248968413413,NA,NA,NA,0.9974408814190554
low-salinity,corrected_fc,auc_late,50-48,-4.183777129221671,NA,NA,NA,0.010163705210054719
low-salinity,corrected_fc,auc_late,51-48,-4.087422727088403,NA,NA,NA,0.012871330577006734
low-salinity,corrected_fc,auc_late,54-48,0.5054847208458177,NA,NA,NA,1
low-salinity,corrected_fc,auc_late,55-48,-4.746632434621665,NA,NA,NA,0.002146733192252115
low-salinity,corrected_fc,auc_late,57-48,-4.6941340666620075,NA,NA,NA,0.0014828524269390186
low-salinity,corrected_fc,auc_late,60-48,-4.739427899495368,NA,NA,NA,0.001013678404338636
low-salinity,corrected_fc,auc_late,61-48,-4.626478204686331,NA,NA,NA,0.0016652386437567834
low-salinity,corrected_fc,auc_late,70-48,-5.195978902442908,NA,NA,NA,1.1942147829457905e-4
low-salinity,corrected_fc,auc_late,71-48,-3.6220398135107095,NA,NA,NA,0.08608096900943829
low-salinity,corrected_fc,auc_late,72-48,-2.992141329396638,NA,NA,NA,0.3678691095222486
low-salinity,corrected_fc,auc_late,74-48,-4.213281154740403,NA,NA,NA,0.010450433752470456
low-salinity,corrected_fc,auc_late,76-48,-2.2184969660532516,NA,NA,NA,0.9143816604413205
low-salinity,corrected_fc,auc_late,77-48,-1.0067917700352798,NA,NA,NA,0.9999996282544382
low-salinity,corrected_fc,auc_late,78-48,2.06579030127498,NA,NA,NA,0.9856975127372832
low-salinity,corrected_fc,auc_late,79-48,-4.072068086685566,NA,NA,NA,0.009602891704538097
low-salinity,corrected_fc,auc_late,80-48,-4.4561478445942635,NA,NA,NA,0.003429497686564087
low-salinity,corrected_fc,auc_late,82-48,-1.7164522937214137,NA,NA,NA,0.9974487744631557
low-salinity,corrected_fc,auc_late,83-48,-4.187257975802613,NA,NA,NA,0.011527046969584065
low-salinity,corrected_fc,auc_late,84-48,-4.465239344549164,NA,NA,NA,0.004587973959741198
low-salinity,corrected_fc,auc_late,85-48,-4.401888115895355,NA,NA,NA,0.006978953609697358
low-salinity,corrected_fc,auc_late,88-48,-1.880098131931188,NA,NA,NA,0.9924065113260224
low-salinity,corrected_fc,auc_late,90-48,-3.0550822043047576,NA,NA,NA,0.386599925606674
low-salinity,corrected_fc,auc_late,50-49,-2.5697522323803295,NA,NA,NA,0.5874600436848633
low-salinity,corrected_fc,auc_late,51-49,-2.4733978302470616,NA,NA,NA,0.6477135018226967
low-salinity,corrected_fc,auc_late,54-49,2.119509617687159,NA,NA,NA,0.9769500368472599
low-salinity,corrected_fc,auc_late,55-49,-3.1326075377803235,NA,NA,NA,0.2602971232034118
low-salinity,corrected_fc,auc_late,57-49,-3.080109169820666,NA,NA,NA,0.23323700517752233
low-salinity,corrected_fc,auc_late,60-49,-3.1254030026540267,NA,NA,NA,0.19369664269776266
low-salinity,corrected_fc,auc_late,61-49,-3.0124533078449893,NA,NA,NA,0.2556193412656994
low-salinity,corrected_fc,auc_late,70-49,-3.581954005601567,NA,NA,NA,0.0497433544718644
low-salinity,corrected_fc,auc_late,71-49,-2.008014916669368,NA,NA,NA,0.9476240714522135
low-salinity,corrected_fc,auc_late,72-49,-1.3781164325552968,NA,NA,NA,0.9996356821213794
low-salinity,corrected_fc,auc_late,74-49,-2.5992562578990617,NA,NA,NA,0.5834543107871006
low-salinity,corrected_fc,auc_late,76-49,-0.6044720692119103,NA,NA,NA,0.9999999999845843
low-salinity,corrected_fc,auc_late,77-49,0.6072331268060616,NA,NA,NA,0.999999999982883
low-salinity,corrected_fc,auc_late,78-49,3.679815198116321,NA,NA,NA,0.1446656903700635
low-salinity,corrected_fc,auc_late,79-49,-2.4580431898442248,NA,NA,NA,0.6107312563380025
low-salinity,corrected_fc,auc_late,80-49,-2.842122947752922,NA,NA,NA,0.369916747437084
low-salinity,corrected_fc,auc_late,82-49,-0.10242739688007241,NA,NA,NA,1
low-salinity,corrected_fc,auc_late,83-49,-2.5732330789612714,NA,NA,NA,0.6046324638564571
low-salinity,corrected_fc,auc_late,84-49,-2.8512144477078225,NA,NA,NA,0.40471949606601487
low-salinity,corrected_fc,auc_late,85-49,-2.787863219054014,NA,NA,NA,0.47672853181277797
low-salinity,corrected_fc,auc_late,88-49,-0.2660732350898467,NA,NA,NA,1
low-salinity,corrected_fc,auc_late,90-49,-1.4410573074634163,NA,NA,NA,0.9995535177309963
low-salinity,corrected_fc,auc_late,51-50,0.09635440213326785,NA,NA,NA,1
low-salinity,corrected_fc,auc_late,54-50,4.6892618500674885,NA,NA,NA,0.008928454115000206
low-salinity,corrected_fc,auc_late,55-50,-0.5628553053999941,NA,NA,NA,0.9999999999977205
low-salinity,corrected_fc,auc_late,57-50,-0.5103569374403367,NA,NA,NA,1
low-salinity,corrected_fc,auc_late,60-50,-0.5556507702736972,NA,NA,NA,0.9999999999955058
low-salinity,corrected_fc,auc_late,61-50,-0.44270107546465987,NA,NA,NA,1
low-salinity,corrected_fc,auc_late,70-50,-1.0122017732212374,NA,NA,NA,0.9999983567482211
low-salinity,corrected_fc,auc_late,71-50,0.5617373157109613,NA,NA,NA,0.999999999996344
low-salinity,corrected_fc,auc_late,72-50,1.1916357998250326,NA,NA,NA,0.9999703331287142
low-salinity,corrected_fc,auc_late,74-50,-0.029504025518732213,NA,NA,NA,1
low-salinity,corrected_fc,auc_late,76-50,1.9652801631684191,NA,NA,NA,0.9628785603077364
low-salinity,corrected_fc,auc_late,77-50,3.176985359186391,NA,NA,NA,0.2160540163318898
low-salinity,corrected_fc,auc_late,78-50,6.249567430496651,NA,NA,NA,7.731340472272308e-6
low-salinity,corrected_fc,auc_late,79-50,0.1117090425361047,NA,NA,NA,1
low-salinity,corrected_fc,auc_late,80-50,-0.2723707153725927,NA,NA,NA,1
low-salinity,corrected_fc,auc_late,82-50,2.467324835500257,NA,NA,NA,0.787446353168286
low-salinity,corrected_fc,auc_late,83-50,-0.003480846580941943,NA,NA,NA,1
low-salinity,corrected_fc,auc_late,84-50,-0.28146221532749305,NA,NA,NA,1
low-salinity,corrected_fc,auc_late,85-50,-0.21811098667368434,NA,NA,NA,1
low-salinity,corrected_fc,auc_late,88-50,2.3036789972904828,NA,NA,NA,0.8906995889031696
low-salinity,corrected_fc,auc_late,90-50,1.1286949249169131,NA,NA,NA,0.9999940117412176
low-salinity,corrected_fc,auc_late,54-51,4.592907447934221,NA,NA,NA,0.011190167237191573
low-salinity,corrected_fc,auc_late,55-51,-0.6592097075332619,NA,NA,NA,0.9999999999002716
low-salinity,corrected_fc,auc_late,57-51,-0.6067113395736046,NA,NA,NA,0.9999999999673854
low-salinity,corrected_fc,auc_late,60-51,-0.6520051724069651,NA,NA,NA,0.9999999998003856
low-salinity,corrected_fc,auc_late,61-51,-0.5390554775979277,NA,NA,NA,0.9999999999972925
low-salinity,corrected_fc,auc_late,70-51,-1.1085561753545052,NA,NA,NA,0.9999889350060152
low-salinity,corrected_fc,auc_late,71-51,0.46538291357769346,NA,NA,NA,1
low-salinity,corrected_fc,auc_late,72-51,1.0952813976917648,NA,NA,NA,0.9999926358942204
low-salinity,corrected_fc,auc_late,74-51,-0.12585842765200006,NA,NA,NA,1
low-salinity,corrected_fc,auc_late,76-51,1.8689257610351513,NA,NA,NA,0.9769300585909741
low-salinity,corrected_fc,auc_late,77-51,3.080630957053123,NA,NA,NA,0.254641708851818
low-salinity,corrected_fc,auc_late,78-51,6.153213028363383,NA,NA,NA,1.0054962457095584e-5
low-salinity,corrected_fc,auc_late,79-51,0.01535464040283685,NA,NA,NA,1
low-salinity,corrected_fc,auc_late,80-51,-0.36872511750586057,NA,NA,NA,1
low-salinity,corrected_fc,auc_late,82-51,2.370970433366989,NA,NA,NA,0.833051913703873
low-salinity,corrected_fc,auc_late,83-51,-0.09983524871420979,NA,NA,NA,1
low-salinity,corrected_fc,auc_late,84-51,-0.3778166174607609,NA,NA,NA,1
low-salinity,corrected_fc,auc_late,85-51,-0.3144653888069522,NA,NA,NA,1
low-salinity,corrected_fc,auc_late,88-51,2.207324595157215,NA,NA,NA,0.9209316971067907
low-salinity,corrected_fc,auc_late,90-51,1.0323405227836453,NA,NA,NA,0.999998743468908
low-salinity,corrected_fc,auc_late,55-54,-5.252117155467483,NA,NA,NA,0.002053008962111136
low-salinity,corrected_fc,auc_late,57-54,-5.199618787507825,NA,NA,NA,0.0015474728250493008
low-salinity,corrected_fc,auc_late,60-54,-5.244912620341186,NA,NA,NA,0.0011188461062640043
low-salinity,corrected_fc,auc_late,61-54,-5.131962925532148,NA,NA,NA,0.0017453515573140344
low-salinity,corrected_fc,auc_late,70-54,-5.701463623288726,NA,NA,NA,1.6648035565403063e-4
low-salinity,corrected_fc,auc_late,71-54,-4.127524534356527,NA,NA,NA,0.06334325880797331
low-salinity,corrected_fc,auc_late,72-54,-3.497626050242456,NA,NA,NA,0.2656550787082045
low-salinity,corrected_fc,auc_late,74-54,-4.718765875586221,NA,NA,NA,0.00905043620364232
low-salinity,corrected_fc,auc_late,76-54,-2.7239816868990694,NA,NA,NA,0.794655665403019
low-salinity,corrected_fc,auc_late,77-54,-1.5122764908810975,NA,NA,NA,0.9998837854364379
low-salinity,corrected_fc,auc_late,78-54,1.5603055804291621,NA,NA,NA,0.9999470275265698
low-salinity,corrected_fc,auc_late,79-54,-4.577552807531384,NA,NA,NA,0.008857230854030895
low-salinity,corrected_fc,auc_late,80-54,-4.961632565440081,NA,NA,NA,0.003341230722253785
low-salinity,corrected_fc,auc_late,82-54,-2.2219370145672315,NA,NA,NA,0.9778357631215788
low-salinity,corrected_fc,auc_late,83-54,-4.6927426966484305,NA,NA,NA,0.009897231935235506
low-salinity,corrected_fc,auc_late,84-54,-4.970724065394982,NA,NA,NA,0.004224559236135406
low-salinity,corrected_fc,auc_late,85-54,-4.907372836741173,NA,NA,NA,0.006101746374971517
low-salinity,corrected_fc,auc_late,88-54,-2.3855828527770058,NA,NA,NA,0.9562346706189395
low-salinity,corrected_fc,auc_late,90-54,-3.5605669251505754,NA,NA,NA,0.27757084722166026
low-salinity,corrected_fc,auc_late,57-55,0.052498367959657344,NA,NA,NA,1
low-salinity,corrected_fc,auc_late,60-55,0.007204535126296818,NA,NA,NA,1
low-salinity,corrected_fc,auc_late,61-55,0.1201542299353342,NA,NA,NA,1
low-salinity,corrected_fc,auc_late,70-55,-0.4493464678212433,NA,NA,NA,1
low-salinity,corrected_fc,auc_late,71-55,1.1245926211109554,NA,NA,NA,0.9999960384576456
low-salinity,corrected_fc,auc_late,72-55,1.7544911052250267,NA,NA,NA,0.9927310218955774
low-salinity,corrected_fc,auc_late,74-55,0.5333512798812619,NA,NA,NA,1
low-salinity,corrected_fc,auc_late,76-55,2.528135468568413,NA,NA,NA,0.7528636671543558
low-salinity,corrected_fc,auc_late,77-55,3.739840664586385,NA,NA,NA,0.06769416601534917
low-salinity,corrected_fc,auc_late,78-55,6.812422735896645,NA,NA,NA,1.3510118948012462e-6
low-salinity,corrected_fc,auc_late,79-55,0.6745643479360988,NA,NA,NA,0.9999999997289356
low-salinity,corrected_fc,auc_late,80-55,0.29048459002740135,NA,NA,NA,1
low-salinity,corrected_fc,auc_late,82-55,3.030180140900251,NA,NA,NA,0.45438559264501555
low-salinity,corrected_fc,auc_late,83-55,0.5593744588190521,NA,NA,NA,0.9999999999984335
low-salinity,corrected_fc,auc_late,84-55,0.281393090072501,NA,NA,NA,1
low-salinity,corrected_fc,auc_late,85-55,0.34474431872630973,NA,NA,NA,1
low-salinity,corrected_fc,auc_late,88-55,2.866534302690477,NA,NA,NA,0.6022641333238463
low-salinity,corrected_fc,auc_late,90-55,1.6915502303169072,NA,NA,NA,0.9971078502422939
low-salinity,corrected_fc,auc_late,60-57,-0.045293832833360526,NA,NA,NA,1
low-salinity,corrected_fc,auc_late,61-57,0.06765586197567686,NA,NA,NA,1
low-salinity,corrected_fc,auc_late,70-57,-0.5018448357809007,NA,NA,NA,1
low-salinity,corrected_fc,auc_late,71-57,1.072094253151298,NA,NA,NA,0.9999971317941614
low-salinity,corrected_fc,auc_late,72-57,1.7019927372653694,NA,NA,NA,0.9926125136936454
low-salinity,corrected_fc,auc_late,74-57,0.4808529119216045,NA,NA,NA,1
low-salinity,corrected_fc,auc_late,76-57,2.475637100608756,NA,NA,NA,0.7368008187398594
low-salinity,corrected_fc,auc_late,77-57,3.6873422966267277,NA,NA,NA,0.05620786502141428
low-salinity,corrected_fc,auc_late,78-57,6.759924367936987,NA,NA,NA,7.384376469188325e-7
low-salinity,corrected_fc,auc_late,79-57,0.6220659799764414,NA,NA,NA,0.9999999999033486
low-salinity,corrected_fc,auc_late,80-57,0.237986222067744,NA,NA,NA,1
low-salinity,corrected_fc,auc_late,82-57,2.9776817729405938,NA,NA,NA,0.43080035075492484
low-salinity,corrected_fc,auc_late,83-57,0.5068760908593948,NA,NA,NA,1
low-salinity,corrected_fc,auc_late,84-57,0.22889472211284367,NA,NA,NA,1
low-salinity,corrected_fc,auc_late,85-57,0.2922459507666524,NA,NA,NA,1
low-salinity,corrected_fc,auc_late,88-57,2.8140359347308195,NA,NA,NA,0.5830994689300528
low-salinity,corrected_fc,auc_late,90-57,1.6390518623572499,NA,NA,NA,0.9971827680916978
low-salinity,corrected_fc,auc_late,61-60,0.11294969480903738,NA,NA,NA,1
low-salinity,corrected_fc,auc_late,70-60,-0.45655100294754014,NA,NA,NA,1
low-salinity,corrected_fc,auc_late,71-60,1.1173880859846586,NA,NA,NA,0.9999924876748105
low-salinity,corrected_fc,auc_late,72-60,1.74728657009873,NA,NA,NA,0.988242710698231
low-salinity,corrected_fc,auc_late,74-60,0.526146744754965,NA,NA,NA,0.9999999999991198
low-salinity,corrected_fc,auc_late,76-60,2.5209309334421164,NA,NA,NA,0.6873617658867233
low-salinity,corrected_fc,auc_late,77-60,3.7326361294600883,NA,NA,NA,0.043541580197745566
low-salinity,corrected_fc,auc_late,78-60,6.805218200770348,NA,NA,NA,4.469129534223626e-7
low-salinity,corrected_fc,auc_late,79-60,0.66735981280980194,NA,NA,NA,0.9999999994329121
low-salinity,corrected_fc,auc_late,80-60,0.28328005490110453,NA,NA,NA,1
low-salinity,corrected_fc,auc_late,82-60,3.0229756057739543,NA,NA,NA,0.38059016798432244
low-salinity,corrected_fc,auc_late,83-60,0.5521699236927553,NA,NA,NA,0.9999999999968889
low-salinity,corrected_fc,auc_late,84-60,0.2741885549462042,NA,NA,NA,1
low-salinity,corrected_fc,auc_late,85-60,0.3375397836000129,NA,NA,NA,1
low-salinity,corrected_fc,auc_late,88-60,2.85932976756418,NA,NA,NA,0.5313283485777814
low-salinity,corrected_fc,auc_late,90-60,1.6843456951906104,NA,NA,NA,0.9953035158471597
low-salinity,corrected_fc,auc_late,70-61,-0.5695006977565775,NA,NA,NA,0.9999999999920773
low-salinity,corrected_fc,auc_late,71-61,1.0044383911756212,NA,NA,NA,0.999999038632388
low-salinity,corrected_fc,auc_late,72-61,1.6343368752896925,NA,NA,NA,0.9951695125397694
low-salinity,corrected_fc,auc_late,74-61,0.41319704994592765,NA,NA,NA,1
low-salinity,corrected_fc,auc_late,76-61,2.407981238633079,NA,NA,NA,0.7683233932117086
low-salinity,corrected_fc,auc_late,77-61,3.619686434651051,NA,NA,NA,0.06277111070454788
low-salinity,corrected_fc,auc_late,78-61,6.6922685059613105,NA,NA,NA,8.115534044783601e-7
low-salinity,corrected_fc,auc_late,79-61,0.5544101180007646,NA,NA,NA,0.9999999999908324
low-salinity,corrected_fc,auc_late,80-61,0.17033036009206715,NA,NA,NA,1
low-salinity,corrected_fc,auc_late,82-61,2.910025910964917,NA,NA,NA,0.46266736324845115
low-salinity,corrected_fc,auc_late,83-61,0.4392202288837179,NA,NA,NA,1
low-salinity,corrected_fc,auc_late,84-61,0.16123886013716682,NA,NA,NA,1
low-salinity,corrected_fc,auc_late,85-61,0.22459008879097553,NA,NA,NA,1
low-salinity,corrected_fc,auc_late,88-61,2.7463800727551426,NA,NA,NA,0.6170757103920161
low-salinity,corrected_fc,auc_late,90-61,1.571396000381573,NA,NA,NA,0.9982767597917409
low-salinity,corrected_fc,auc_late,71-70,1.5739390889321987,NA,NA,NA,0.9975529770439587
low-salinity,corrected_fc,auc_late,72-70,2.20383757304627,NA,NA,NA,0.862294690843432
low-salinity,corrected_fc,auc_late,74-70,0.9826977477025052,NA,NA,NA,0.9999992387408048
low-salinity,corrected_fc,auc_late,76-70,2.9774819363896565,NA,NA,NA,0.33644735361349376
low-salinity,corrected_fc,auc_late,77-70,4.189187132407628,NA,NA,NA,0.008272769630901067
low-salinity,corrected_fc,auc_late,78-70,7.261769203717888,NA,NA,NA,3.7102277250511406e-8
low-salinity,corrected_fc,auc_late,79-70,1.123910815757342,NA,NA,NA,0.9999776692650937
low-salinity,corrected_fc,auc_late,80-70,0.7398310578486447,NA,NA,NA,0.9999999974281968
low-salinity,corrected_fc,auc_late,82-70,3.4795266087214944,NA,NA,NA,0.13679197326279147
low-salinity,corrected_fc,auc_late,83-70,1.0087209266402954,NA,NA,NA,0.999998725117081
low-salinity,corrected_fc,auc_late,84-70,0.7307395578937443,NA,NA,NA,0.9999999987105006
low-salinity,corrected_fc,auc_late,85-70,0.794090786547553,NA,NA,NA,0.9999999938821857
low-salinity,corrected_fc,auc_late,88-70,3.31588077051172,NA,NA,NA,0.22869865405126666
low-salinity,corrected_fc,auc_late,90-70,2.1408966981381505,NA,NA,NA,0.9203774920750201
low-salinity,corrected_fc,auc_late,72-71,0.6298984841140713,NA,NA,NA,0.9999999999597411
low-salinity,corrected_fc,auc_late,74-71,-0.5912413412296935,NA,NA,NA,0.9999999999903673
low-salinity,corrected_fc,auc_late,76-71,1.4035428474574578,NA,NA,NA,0.999742287848024
low-salinity,corrected_fc,auc_late,77-71,2.6152480434754297,NA,NA,NA,0.6517781840265597
low-salinity,corrected_fc,auc_late,78-71,5.687830114785689,NA,NA,NA,1.6157552186168989e-4
low-salinity,corrected_fc,auc_late,79-71,-0.4500282731748566,NA,NA,NA,1
low-salinity,corrected_fc,auc_late,80-71,-0.834108031083554,NA,NA,NA,0.9999999782896094
low-salinity,corrected_fc,auc_late,82-71,1.9055875197892957,NA,NA,NA,0.9862683368301082
low-salinity,corrected_fc,auc_late,83-71,-0.5652181622919032,NA,NA,NA,0.9999999999965823
low-salinity,corrected_fc,auc_late,84-71,-0.8431995310384544,NA,NA,NA,0.9999999816605505
low-salinity,corrected_fc,auc_late,85-71,-0.7798483023846456,NA,NA,NA,0.9999999972039438
low-salinity,corrected_fc,auc_late,88-71,1.7419416815795215,NA,NA,NA,0.9965569554980136
low-salinity,corrected_fc,auc_late,90-71,0.5669576092059518,NA,NA,NA,0.9999999999982676
low-salinity,corrected_fc,auc_late,74-72,-1.2211398253437649,NA,NA,NA,0.9999610609528851
low-salinity,corrected_fc,auc_late,76-72,0.7736443633433865,NA,NA,NA,0.9999999971109728
low-salinity,corrected_fc,auc_late,77-72,1.9853495593613584,NA,NA,NA,0.9623897744407225
low-salinity,corrected_fc,auc_late,78-72,5.057931630671618,NA,NA,NA,0.0018559079513343901
low-salinity,corrected_fc,auc_late,79-72,-1.079926757288928,NA,NA,NA,0.9999911575277088
low-salinity,corrected_fc,auc_late,80-72,-1.4640065151976254,NA,NA,NA,0.9990441010217652
low-salinity,corrected_fc,auc_late,82-72,1.2756890356752244,NA,NA,NA,0.9999689209148033
low-salinity,corrected_fc,auc_late,83-72,-1.1951166464059746,NA,NA,NA,0.9999735940954526
low-salinity,corrected_fc,auc_late,84-72,-1.4730980151525257,NA,NA,NA,0.9992205522779739
low-salinity,corrected_fc,auc_late,85-72,-1.409746786498717,NA,NA,NA,0.9996755558019924
low-salinity,corrected_fc,auc_late,88-72,1.11204319746545,NA,NA,NA,0.9999981771558777
low-salinity,corrected_fc,auc_late,90-72,-0.0629408749081195,NA,NA,NA,1
low-salinity,corrected_fc,auc_late,76-74,1.9947841886871513,NA,NA,NA,0.960390560564905
low-salinity,corrected_fc,auc_late,77-74,3.2064893847051232,NA,NA,NA,0.21559957835756283
low-salinity,corrected_fc,auc_late,78-74,6.279071456015383,NA,NA,NA,8.392055467321136e-6
low-salinity,corrected_fc,auc_late,79-74,0.1412130680548369,NA,NA,NA,1
low-salinity,corrected_fc,auc_late,80-74,-0.2428666898538605,NA,NA,NA,1
low-salinity,corrected_fc,auc_late,82-74,2.4968288610189893,NA,NA,NA,0.7819529916080286
low-salinity,corrected_fc,auc_late,83-74,0.02602317893779027,NA,NA,NA,1
low-salinity,corrected_fc,auc_late,84-74,-0.25195818980876084,NA,NA,NA,1
low-salinity,corrected_fc,auc_late,85-74,-0.18860696115495212,NA,NA,NA,1
low-salinity,corrected_fc,auc_late,88-74,2.333183022809215,NA,NA,NA,0.8861542675747202
low-salinity,corrected_fc,auc_late,90-74,1.1581989504356454,NA,NA,NA,0.9999917438453951
low-salinity,corrected_fc,auc_late,77-76,1.2117051960179719,NA,NA,NA,0.9999836542569832
low-salinity,corrected_fc,auc_late,78-76,4.2842872673282315,NA,NA,NA,0.035713808465736574
low-salinity,corrected_fc,auc_late,79-76,-1.8535711206323144,NA,NA,NA,0.9726607908321983
low-salinity,corrected_fc,auc_late,80-76,-2.237650878541012,NA,NA,NA,0.8685855530029658
low-salinity,corrected_fc,auc_late,82-76,0.5020446723318379,NA,NA,NA,1
low-salinity,corrected_fc,auc_late,83-76,-1.968761009749361,NA,NA,NA,0.9657194755423366
low-salinity,corrected_fc,auc_late,84-76,-2.246742378495912,NA,NA,NA,0.8839267847471428
low-salinity,corrected_fc,auc_late,85-76,-2.1833911498421035,NA,NA,NA,0.9184916529942754
low-salinity,corrected_fc,auc_late,88-76,0.3383988341220636,NA,NA,NA,1
low-salinity,corrected_fc,auc_late,90-76,-0.836585238251506,NA,NA,NA,0.9999999919667772
low-salinity,corrected_fc,auc_late,78-77,3.0725820713102596,NA,NA,NA,0.5311810358717516
low-salinity,corrected_fc,auc_late,79-77,-3.0652763166502863,NA,NA,NA,0.22351802851812763
low-salinity,corrected_fc,auc_late,80-77,-3.4493560745589837,NA,NA,NA,0.10498429393486974
low-salinity,corrected_fc,auc_late,82-77,-0.709660523686134,NA,NA,NA,0.9999999998647899
low-salinity,corrected_fc,auc_late,83-77,-3.180466205767333,NA,NA,NA,0.229283063076256
low-salinity,corrected_fc,auc_late,84-77,-3.458447574513884,NA,NA,NA,0.12244807259818091
low-salinity,corrected_fc,auc_late,85-77,-3.3950963458600754,NA,NA,NA,0.15870905969689675
low-salinity,corrected_fc,auc_late,88-77,-0.8733063618959083,NA,NA,NA,0.9999999908644306
low-salinity,corrected_fc,auc_late,90-77,-2.048290434269478,NA,NA,NA,0.9620389496104698
low-salinity,corrected_fc,auc_late,79-78,-6.137858387960546,NA,NA,NA,6.118136975263866e-6
low-salinity,corrected_fc,auc_late,80-78,-6.521938145869243,NA,NA,NA,1.96330361923458e-6
low-salinity,corrected_fc,auc_late,82-78,-3.7822425949963936,NA,NA,NA,0.17929338260417294
low-salinity,corrected_fc,auc_late,83-78,-6.253048277077593,NA,NA,NA,9.527840858503112e-6
low-salinity,corrected_fc,auc_late,84-78,-6.531029645824144,NA,NA,NA,3.099111087756512e-6
low-salinity,corrected_fc,auc_late,85-78,-6.467678417170335,NA,NA,NA,5.535404985046455e-6
low-salinity,corrected_fc,auc_late,88-78,-3.945888433206168,NA,NA,NA,0.13652636507350968
low-salinity,corrected_fc,auc_late,90-78,-5.1208725055797375,NA,NA,NA,0.0023823387264219065
low-salinity,corrected_fc,auc_late,80-79,-0.3840797579086974,NA,NA,NA,1
low-salinity,corrected_fc,auc_late,82-79,2.3556157929641524,NA,NA,NA,0.8129881086274915
low-salinity,corrected_fc,auc_late,83-79,-0.11518988911704664,NA,NA,NA,1
low-salinity,corrected_fc,auc_late,84-79,-0.39317125786359775,NA,NA,NA,1
low-salinity,corrected_fc,auc_late,85-79,-0.32982002920978903,NA,NA,NA,1
low-salinity,corrected_fc,auc_late,88-79,2.191969954754378,NA,NA,NA,0.9100956396841342
low-salinity,corrected_fc,auc_late,90-79,1.0169858823808084,NA,NA,NA,0.9999985494178727
low-salinity,corrected_fc,auc_late,82-80,2.7396955508728498,NA,NA,NA,0.5932182744878418
low-salinity,corrected_fc,auc_late,83-80,0.2688898687916508,NA,NA,NA,1
low-salinity,corrected_fc,auc_late,84-80,-0.009091499954900328,NA,NA,NA,1
low-salinity,corrected_fc,auc_late,85-80,0.05425972869890838,NA,NA,NA,1
low-salinity,corrected_fc,auc_late,88-80,2.5760497126630755,NA,NA,NA,0.7395696657815742
low-salinity,corrected_fc,auc_late,90-80,1.4010656402895059,NA,NA,NA,0.9997184364787784
low-salinity,corrected_fc,auc_late,83-82,-2.470805682081199,NA,NA,NA,0.7979452006245051
low-salinity,corrected_fc,auc_late,84-82,-2.74878705082775,NA,NA,NA,0.6221401676666095
low-salinity,corrected_fc,auc_late,85-82,-2.6854358221739414,NA,NA,NA,0.6870970401695264
low-salinity,corrected_fc,auc_late,88-82,-0.1636458382097743,NA,NA,NA,1
low-salinity,corrected_fc,auc_late,90-82,-1.338629910583344,NA,NA,NA,0.9999556324237011
low-salinity,corrected_fc,auc_late,84-83,-0.2779813687465511,NA,NA,NA,1
low-salinity,corrected_fc,auc_late,85-83,-0.2146301400927424,NA,NA,NA,1
low-salinity,corrected_fc,auc_late,88-83,2.3071598438714247,NA,NA,NA,0.8969766054079742
low-salinity,corrected_fc,auc_late,90-83,1.132175771497855,NA,NA,NA,0.9999946240346793
low-salinity,corrected_fc,auc_late,85-84,0.06335122865380871,NA,NA,NA,1
low-salinity,corrected_fc,auc_late,88-84,2.585141212617976,NA,NA,NA,0.7619009357838047
low-salinity,corrected_fc,auc_late,90-84,1.4101571402444062,NA,NA,NA,0.9997678616077144
low-salinity,corrected_fc,auc_late,88-85,2.521789983964167,NA,NA,NA,0.8139336926356859
low-salinity,corrected_fc,auc_late,90-85,1.3468059115905975,NA,NA,NA,0.9999104419664175
low-salinity,corrected_fc,auc_late,90-88,-1.1749840723735696,NA,NA,NA,0.9999968973135449
low-salinity,corrected_fc,auc_total,48-47,2.4037121098373415,NA,NA,NA,0.9942070472874067
low-salinity,corrected_fc,auc_total,49-47,-0.006625191098105887,NA,NA,NA,1
low-salinity,corrected_fc,auc_total,50-47,-3.5161662065271955,NA,NA,NA,0.6429609850970954
low-salinity,corrected_fc,auc_total,51-47,-2.972258382566997,NA,NA,NA,0.8867084910218368
low-salinity,corrected_fc,auc_total,54-47,2.9256325450738636,NA,NA,NA,0.9814218524850835
low-salinity,corrected_fc,auc_total,55-47,-3.927437812590717,NA,NA,NA,0.49656664498860836
low-salinity,corrected_fc,auc_total,57-47,-3.986786779325545,NA,NA,NA,0.3942014210600979
low-salinity,corrected_fc,auc_total,60-47,-3.7449169312186505,NA,NA,NA,0.5094517176971542
low-salinity,corrected_fc,auc_total,61-47,-3.6500378966777456,NA,NA,NA,0.5650497184325026
low-salinity,corrected_fc,auc_total,70-47,-4.293335057722868,NA,NA,NA,0.2311415870558634
low-salinity,corrected_fc,auc_total,71-47,-1.698912180551961,NA,NA,NA,0.9999680124579933
low-salinity,corrected_fc,auc_total,72-47,-1.6522087419463372,NA,NA,NA,0.999976829373184
low-salinity,corrected_fc,auc_total,74-47,-2.4884765599237006,NA,NA,NA,0.9861094011004891
low-salinity,corrected_fc,auc_total,76-47,0.17766408509387865,NA,NA,NA,1
low-salinity,corrected_fc,auc_total,77-47,0.7011074544260065,NA,NA,NA,1
low-salinity,corrected_fc,auc_total,78-47,6.5663254541975835,NA,NA,NA,0.0069498742316922435
low-salinity,corrected_fc,auc_total,79-47,-2.6165755670063415,NA,NA,NA,0.9588339880672655
low-salinity,corrected_fc,auc_total,80-47,-2.6160753939470123,NA,NA,NA,0.9716555382953472
low-salinity,corrected_fc,auc_total,82-47,-0.7251665708737374,NA,NA,NA,1
low-salinity,corrected_fc,auc_total,83-47,-3.475048226097563,NA,NA,NA,0.6847606766328669
low-salinity,corrected_fc,auc_total,84-47,-3.559138543479154,NA,NA,NA,0.6578672261696901
low-salinity,corrected_fc,auc_total,85-47,-4.011093679412733,NA,NA,NA,0.4257941265803802
low-salinity,corrected_fc,auc_total,88-47,0.7145346797675263,NA,NA,NA,1
low-salinity,corrected_fc,auc_total,90-47,-1.9766127506980684,NA,NA,NA,0.9997004296736324
low-salinity,corrected_fc,auc_total,49-48,-2.4103373009354474,NA,NA,NA,0.9939856411247541
low-salinity,corrected_fc,auc_total,50-48,-5.919878316364537,NA,NA,NA,0.009122689875151635
low-salinity,corrected_fc,auc_total,51-48,-5.375970492404338,NA,NA,NA,0.03317308610188818
low-salinity,corrected_fc,auc_total,54-48,0.5219204352365221,NA,NA,NA,1
low-salinity,corrected_fc,auc_total,55-48,-6.331149922428058,NA,NA,NA,0.005632521780278843
low-salinity,corrected_fc,auc_total,57-48,-6.3904988891628864,NA,NA,NA,0.0027730020325753557
low-salinity,corrected_fc,auc_total,60-48,-6.148629041055992,NA,NA,NA,0.004790372528594489
low-salinity,corrected_fc,auc_total,61-48,-6.053750006515087,NA,NA,NA,0.006281419877834704
low-salinity,corrected_fc,auc_total,70-48,-6.69704716756021,NA,NA,NA,9.049036737742711e-4
low-salinity,corrected_fc,auc_total,71-48,-4.102624290389302,NA,NA,NA,0.44072669754722704
low-salinity,corrected_fc,auc_total,72-48,-4.055920851783679,NA,NA,NA,0.44540009442654493
low-salinity,corrected_fc,auc_total,74-48,-4.892188669761042,NA,NA,NA,0.11702152345245387
low-salinity,corrected_fc,auc_total,76-48,-2.226048024743463,NA,NA,NA,0.9987283679972765
low-salinity,corrected_fc,auc_total,77-48,-1.702604655411335,NA,NA,NA,0.999986665905201
low-salinity,corrected_fc,auc_total,78-48,4.162613344360242,NA,NA,NA,0.6280574973787758
low-salinity,corrected_fc,auc_total,79-48,-5.020287676843683,NA,NA,NA,0.05864259774621017
low-salinity,corrected_fc,auc_total,80-48,-5.019787503784354,NA,NA,NA,0.08249834919891685
low-salinity,corrected_fc,auc_total,82-48,-3.128878680711079,NA,NA,NA,0.936234250541194
low-salinity,corrected_fc,auc_total,83-48,-5.8787603359349045,NA,NA,NA,0.011728415105470846
low-salinity,corrected_fc,auc_total,84-48,-5.9628506533164956,NA,NA,NA,0.010856392365457324
low-salinity,corrected_fc,auc_total,85-48,-6.4148057892500745,NA,NA,NA,0.003693644263455642
low-salinity,corrected_fc,auc_total,88-48,-1.6891774300698152,NA,NA,NA,0.9999952195454886
low-salinity,corrected_fc,auc_total,90-48,-4.38032486053541,NA,NA,NA,0.34505277307839755
low-salinity,corrected_fc,auc_total,50-49,-3.5095410154290896,NA,NA,NA,0.6467520313952981
low-salinity,corrected_fc,auc_total,51-49,-2.965633191468891,NA,NA,NA,0.8889183799597236
low-salinity,corrected_fc,auc_total,54-49,2.9322577361719695,NA,NA,NA,0.9809074980576187
low-salinity,corrected_fc,auc_total,55-49,-3.920812621492611,NA,NA,NA,0.5002575178030682
low-salinity,corrected_fc,auc_total,57-49,-3.980161588227439,NA,NA,NA,0.3977476202475767
low-salinity,corrected_fc,auc_total,60-49,-3.7382917401205447,NA,NA,NA,0.51331624320559055
low-salinity,corrected_fc,auc_total,61-49,-3.6434127055796397,NA,NA,NA,0.5689389468852747
low-salinity,corrected_fc,auc_total,70-49,-4.286709866624762,NA,NA,NA,0.233797236895258
low-salinity,corrected_fc,auc_total,71-49,-1.692286989453855,NA,NA,NA,0.9999701911953178
low-salinity,corrected_fc,auc_total,72-49,-1.6455835508482313,NA,NA,NA,0.999978466825423
low-salinity,corrected_fc,auc_total,74-49,-2.4818513688255948,NA,NA,NA,0.9865659745212794
low-salinity,corrected_fc,auc_total,76-49,0.18428927619198454,NA,NA,NA,1
low-salinity,corrected_fc,auc_total,77-49,0.7077326455241124,NA,NA,NA,1
low-salinity,corrected_fc,auc_total,78-49,6.572950645295689,NA,NA,NA,0.006832376320582645
low-salinity,corrected_fc,auc_total,79-49,-2.6099503759082356,NA,NA,NA,0.9599495507185303
low-salinity,corrected_fc,auc_total,80-49,-2.6094502028489064,NA,NA,NA,0.9724675829277297
low-salinity,corrected_fc,auc_total,82-49,-0.7185413797756315,NA,NA,NA,1
low-salinity,corrected_fc,auc_total,83-49,-3.468423034999457,NA,NA,NA,0.6883949850195706
low-salinity,corrected_fc,auc_total,84-49,-3.552513352381048,NA,NA,NA,0.6615478184645871
low-salinity,corrected_fc,auc_total,85-49,-4.004468488314627,NA,NA,NA,0.4293724416110346
low-salinity,corrected_fc,auc_total,88-49,0.7211598708656322,NA,NA,NA,1
low-salinity,corrected_fc,auc_total,90-49,-1.9699875595999625,NA,NA,NA,0.9997166094865904
low-salinity,corrected_fc,auc_total,51-50,0.5439078239601987,NA,NA,NA,1
low-salinity,corrected_fc,auc_total,54-50,6.441798751601059,NA,NA,NA,0.01283839923313812
low-salinity,corrected_fc,auc_total,55-50,-0.4112716060635213,NA,NA,NA,1
low-salinity,corrected_fc,auc_total,57-50,-0.47062057279834946,NA,NA,NA,1
low-salinity,corrected_fc,auc_total,60-50,-0.22875072469145508,NA,NA,NA,1
low-salinity,corrected_fc,auc_total,61-50,-0.13387169015055012,NA,NA,NA,1
low-salinity,corrected_fc,auc_total,70-50,-0.7771688511956727,NA,NA,NA,0.9999999999960137
low-salinity,corrected_fc,auc_total,71-50,1.8172540259752346,NA,NA,NA,0.9998949196381457
low-salinity,corrected_fc,auc_total,72-50,1.8639574645808583,NA,NA,NA,0.9998075292728832
low-salinity,corrected_fc,auc_total,74-50,1.0276896466034948,NA,NA,NA,0.9999999983747316
low-salinity,corrected_fc,auc_total,76-50,3.693830291621074,NA,NA,NA,0.6039869659594662
low-salinity,corrected_fc,auc_total,77-50,4.217273660953202,NA,NA,NA,0.3209249752503257
low-salinity,corrected_fc,auc_total,78-50,10.082491660724779,NA,NA,NA,6.050280387803753e-8
low-salinity,corrected_fc,auc_total,79-50,0.8995906395208539,NA,NA,NA,0.99999999977311
low-salinity,corrected_fc,auc_total,80-50,0.9000908125801832,NA,NA,NA,0.9999999998899309
low-salinity,corrected_fc,auc_total,82-50,2.790999635653458,NA,NA,NA,0.9723107864925399
low-salinity,corrected_fc,auc_total,83-50,0.04111798042963244,NA,NA,NA,1
low-salinity,corrected_fc,auc_total,84-50,-0.04297233695195857,NA,NA,NA,1
low-salinity,corrected_fc,auc_total,85-50,-0.4949274728855375,NA,NA,NA,1
low-salinity,corrected_fc,auc_total,88-50,4.230700886294722,NA,NA,NA,0.41935180338698874
low-salinity,corrected_fc,auc_total,90-50,1.539553455829127,NA,NA,NA,0.9999966186211465
low-salinity,corrected_fc,auc_total,54-51,5.89789092764086,NA,NA,NA,0.04021980214091214
low-salinity,corrected_fc,auc_total,55-51,-0.95517943002372,NA,NA,NA,0.9999999998046227
low-salinity,corrected_fc,auc_total,57-51,-1.0145283967585481,NA,NA,NA,0.9999999985110797
low-salinity,corrected_fc,auc_total,60-51,-0.7726585486516537,NA,NA,NA,0.9999999999956947
low-salinity,corrected_fc,auc_total,61-51,-0.6777795141107488,NA,NA,NA,1
low-salinity,corrected_fc,auc_total,70-51,-1.3210766751558713,NA,NA,NA,0.999999546311225
low-salinity,corrected_fc,auc_total,71-51,1.273346202015036,NA,NA,NA,0.9999998560918995
low-salinity,corrected_fc,auc_total,72-51,1.3200496406206597,NA,NA,NA,0.9999996323031443
low-salinity,corrected_fc,auc_total,74-51,0.48378182264329617,NA,NA,NA,1
low-salinity,corrected_fc,auc_total,76-51,3.1499224676608755,NA,NA,NA,0.8570962826010072
low-salinity,corrected_fc,auc_total,77-51,3.6733658369930033,NA,NA,NA,0.5978733847720412
low-salinity,corrected_fc,auc_total,78-51,9.53858383676458,NA,NA,NA,3.836710129601073e-7
low-salinity,corrected_fc,auc_total,79-51,0.3556828155606553,NA,NA,NA,1
low-salinity,corrected_fc,auc_total,80-51,0.35618298861998454,NA,NA,NA,1
low-salinity,corrected_fc,auc_total,82-51,2.2470918116932594,NA,NA,NA,0.9982749998757088
low-salinity,corrected_fc,auc_total,83-51,-0.5027898435305662,NA,NA,NA,1
low-salinity,corrected_fc,auc_total,84-51,-0.5868801609121572,NA,NA,NA,1
low-salinity,corrected_fc,auc_total,85-51,-1.0388352968457362,NA,NA,NA,0.9999999984274897
low-salinity,corrected_fc,auc_total,88-51,3.686793062334523,NA,NA,NA,0.6929297485646204
low-salinity,corrected_fc,auc_total,90-51,0.9956456318689284,NA,NA,NA,0.9999999995143465
low-salinity,corrected_fc,auc_total,55-54,-6.85307035766458,NA,NA,NA,0.007870283199577277
low-salinity,corrected_fc,auc_total,57-54,-6.9124193243994085,NA,NA,NA,0.004465364513082548
low-salinity,corrected_fc,auc_total,60-54,-6.670549476292514,NA,NA,NA,0.007318343448251552
low-salinity,corrected_fc,auc_total,61-54,-6.575670441751609,NA,NA,NA,0.009269150246887126
low-salinity,corrected_fc,auc_total,70-54,-7.218967602796732,NA,NA,NA,0.0017169979898827847
low-salinity,corrected_fc,auc_total,71-54,-4.6245447256258245,NA,NA,NA,0.40377467230890096
low-salinity,corrected_fc,auc_total,72-54,-4.577841287020201,NA,NA,NA,0.4093266916594176
low-salinity,corrected_fc,auc_total,74-54,-5.414109104997564,NA,NA,NA,0.1204416629795223
low-salinity,corrected_fc,auc_total,76-54,-2.747968459979985,NA,NA,NA,0.9937928346420346
low-salinity,corrected_fc,auc_total,77-54,-2.224525090647857,NA,NA,NA,0.9997487789964163
low-salinity,corrected_fc,auc_total,78-54,3.64069290912372,NA,NA,NA,0.9308039399093547
low-salinity,corrected_fc,auc_total,79-54,-5.542208112080205,NA,NA,NA,0.06810439819840874
low-salinity,corrected_fc,auc_total,80-54,-5.541707939020876,NA,NA,NA,0.0889318414203103
low-salinity,corrected_fc,auc_total,82-54,-3.650799115947601,NA,NA,NA,0.8883293214867538
low-salinity,corrected_fc,auc_total,83-54,-6.400680771171427,NA,NA,NA,0.015766305272203462
low-salinity,corrected_fc,auc_total,84-54,-6.484771088553018,NA,NA,NA,0.014514920932237496
low-salinity,corrected_fc,auc_total,85-54,-6.936726224486597,NA,NA,NA,0.005530031214545872
low-salinity,corrected_fc,auc_total,88-54,-2.2110978653063373,NA,NA,NA,0.9998817912397002
low-salinity,corrected_fc,auc_total,90-54,-4.902245295771932,NA,NA,NA,0.3174737563377469
low-salinity,corrected_fc,auc_total,57-55,-0.059348966734828146,NA,NA,NA,1
low-salinity,corrected_fc,auc_total,60-55,0.18252088137206623,NA,NA,NA,1
low-salinity,corrected_fc,auc_total,61-55,0.2773999159129712,NA,NA,NA,1
low-salinity,corrected_fc,auc_total,70-55,-0.3658972451321514,NA,NA,NA,1
low-salinity,corrected_fc,auc_total,71-55,2.228525632038756,NA,NA,NA,0.9984971650659721
low-salinity,corrected_fc,auc_total,72-55,2.2752290706443796,NA,NA,NA,0.9976496514356172
low-salinity,corrected_fc,auc_total,74-55,1.4389612526670161,NA,NA,NA,0.9999992381957832
low-salinity,corrected_fc,auc_total,76-55,4.105101897684595,NA,NA,NA,0.46095075821048515
low-salinity,corrected_fc,auc_total,77-55,4.628545267016723,NA,NA,NA,0.22175771915588904
low-salinity,corrected_fc,auc_total,78-55,10.4937632667883,NA,NA,NA,4.493215355338975e-8
low-salinity,corrected_fc,auc_total,79-55,1.3108622455843753,NA,NA,NA,0.9999997410885743
low-salinity,corrected_fc,auc_total,80-55,1.3113624186437045,NA,NA,NA,0.999999859926257
low-salinity,corrected_fc,auc_total,82-55,3.2022712417169794,NA,NA,NA,0.9200025558933271
low-salinity,corrected_fc,auc_total,83-55,0.45238958649315375,NA,NA,NA,1
low-salinity,corrected_fc,auc_total,84-55,0.36829926911156274,NA,NA,NA,1
low-salinity,corrected_fc,auc_total,85-55,-0.0836558668220162,NA,NA,NA,1
low-salinity,corrected_fc,auc_total,88-55,4.641972492358243,NA,NA,NA,0.30134457188192265
low-salinity,corrected_fc,auc_total,90-55,1.9508250618926484,NA,NA,NA,0.9998743893939803
low-salinity,corrected_fc,auc_total,60-57,0.24186984810689438,NA,NA,NA,1
low-salinity,corrected_fc,auc_total,61-57,0.33674888264779934,NA,NA,NA,1
low-salinity,corrected_fc,auc_total,70-57,-0.30654827839732324,NA,NA,NA,1
low-salinity,corrected_fc,auc_total,71-57,2.287874598773584,NA,NA,NA,0.9965165139546801
low-salinity,corrected_fc,auc_total,72-57,2.3345780373792078,NA,NA,NA,0.9946906733822497
low-salinity,corrected_fc,auc_total,74-57,1.4983102194018443,NA,NA,NA,0.9999968888687416
low-salinity,corrected_fc,auc_total,76-57,4.164450864419424,NA,NA,NA,0.36500750562619944
low-salinity,corrected_fc,auc_total,77-57,4.6878942337515515,NA,NA,NA,0.15616500461148464
low-salinity,corrected_fc,auc_total,78-57,10.553112233523128,NA,NA,NA,1.2806705917967065e-8
low-salinity,corrected_fc,auc_total,79-57,1.3702112123192034,NA,NA,NA,0.999998760316946
low-salinity,corrected_fc,auc_total,80-57,1.3707113853785327,NA,NA,NA,0.9999993456519891
low-salinity,corrected_fc,auc_total,82-57,3.2616202084518076,NA,NA,NA,0.8776924467384359
low-salinity,corrected_fc,auc_total,83-57,0.5117385532279819,NA,NA,NA,1
low-salinity,corrected_fc,auc_total,84-57,0.4276482358463909,NA,NA,NA,1
low-salinity,corrected_fc,auc_total,85-57,-0.024306900087188055,NA,NA,NA,1
low-salinity,corrected_fc,auc_total,88-57,4.701321459093071,NA,NA,NA,0.22767751362343025
low-salinity,corrected_fc,auc_total,90-57,2.0101740286274765,NA,NA,NA,0.9996578747671769
low-salinity,corrected_fc,auc_total,61-60,0.09487903454090496,NA,NA,NA,1
low-salinity,corrected_fc,auc_total,70-60,-0.5484181265042176,NA,NA,NA,1
low-salinity,corrected_fc,auc_total,71-60,2.0460047506666896,NA,NA,NA,0.9992532316839248
low-salinity,corrected_fc,auc_total,72-60,2.0927081892723134,NA,NA,NA,0.9987600020910632
low-salinity,corrected_fc,auc_total,74-60,1.25644037129495,NA,NA,NA,0.9999998872892876
low-salinity,corrected_fc,auc_total,76-60,3.922581016312529,NA,NA,NA,0.474386769487803
low-salinity,corrected_fc,auc_total,77-60,4.446024385644657,NA,NA,NA,0.22326954282346168
low-salinity,corrected_fc,auc_total,78-60,10.311242385416234,NA,NA,NA,2.451718983387252e-8
low-salinity,corrected_fc,auc_total,79-60,1.128341364212309,NA,NA,NA,0.9999999704638458
low-salinity,corrected_fc,auc_total,80-60,1.1288415372716383,NA,NA,NA,0.9999999852001691
low-salinity,corrected_fc,auc_total,82-60,3.019750360344913,NA,NA,NA,0.935487307079305
low-salinity,corrected_fc,auc_total,83-60,0.2698687051210875,NA,NA,NA,1
low-salinity,corrected_fc,auc_total,84-60,0.1857783877394965,NA,NA,NA,1
low-salinity,corrected_fc,auc_total,85-60,-0.26617674819408244,NA,NA,NA,1
low-salinity,corrected_fc,auc_total,88-60,4.459451610986177,NA,NA,NA,0.3099899735994138
low-salinity,corrected_fc,auc_total,90-60,1.7683041805205821,NA,NA,NA,0.9999558603163585
low-salinity,corrected_fc,auc_total,70-61,-0.6432971610451226,NA,NA,NA,1
low-salinity,corrected_fc,auc_total,71-61,1.9511257161257847,NA,NA,NA,0.9996520193471989
low-salinity,corrected_fc,auc_total,72-61,1.9978291547314084,NA,NA,NA,0.999399417737439
low-salinity,corrected_fc,auc_total,74-61,1.161561336754045,NA,NA,NA,0.9999999779033841
low-salinity,corrected_fc,auc_total,76-61,3.8277019817716242,NA,NA,NA,0.5278603711754833
low-salinity,corrected_fc,auc_total,77-61,4.351145351103752,NA,NA,NA,0.2611204205468297
low-salinity,corrected_fc,auc_total,78-61,10.21636335087533,NA,NA,NA,3.568698170308693e-8
low-salinity,corrected_fc,auc_total,79-61,1.033462329671404,NA,NA,NA,0.9999999953918522
low-salinity,corrected_fc,auc_total,80-61,1.0339625027307333,NA,NA,NA,0.9999999977238128
low-salinity,corrected_fc,auc_total,82-61,2.924871325804008,NA,NA,NA,0.9535538013651061
low-salinity,corrected_fc,auc_total,83-61,0.17498967058018255,NA,NA,NA,1
low-salinity,corrected_fc,auc_total,84-61,0.09089935319859155,NA,NA,NA,1
low-salinity,corrected_fc,auc_total,85-61,-0.3610557827349874,NA,NA,NA,1
low-salinity,corrected_fc,auc_total,88-61,4.364572576445272,NA,NA,NA,0.35341697327228316
low-salinity,corrected_fc,auc_total,90-61,1.6734251459796772,NA,NA,NA,0.9999837619602383
low-salinity,corrected_fc,auc_total,71-70,2.5944228771709072,NA,NA,NA,0.9795524536969903
low-salinity,corrected_fc,auc_total,72-70,2.641126315776531,NA,NA,NA,0.971653557035827
low-salinity,corrected_fc,auc_total,74-70,1.8048584977991675,NA,NA,NA,0.9998888722355972
low-salinity,corrected_fc,auc_total,76-70,4.470999142816747,NA,NA,NA,0.2139512853793467
low-salinity,corrected_fc,auc_total,77-70,4.994442512148875,NA,NA,NA,0.07708608044713716
low-salinity,corrected_fc,auc_total,78-70,10.859660511920453,NA,NA,NA,2.9847873062038843e-9
low-salinity,corrected_fc,auc_total,79-70,1.6767594907165266,NA,NA,NA,0.9999349587198478
low-salinity,corrected_fc,auc_total,80-70,1.677259663775856,NA,NA,NA,0.9999638589018578
low-salinity,corrected_fc,auc_total,82-70,3.568168486849131,NA,NA,NA,0.740849722911006
low-salinity,corrected_fc,auc_total,83-70,0.8182868316253051,NA,NA,NA,0.9999999999894674
low-salinity,corrected_fc,auc_total,84-70,0.7341965142437141,NA,NA,NA,0.9999999999995351
low-salinity,corrected_fc,auc_total,85-70,0.2822413783101352,NA,NA,NA,1
low-salinity,corrected_fc,auc_total,88-70,5.007869737490394,NA,NA,NA,0.12485138788639238
low-salinity,corrected_fc,auc_total,90-70,2.3167223070247998,NA,NA,NA,0.9965357669464168
low-salinity,corrected_fc,auc_total,72-71,0.04670343860562376,NA,NA,NA,1
low-salinity,corrected_fc,auc_total,74-71,-0.7895643793717397,NA,NA,NA,0.9999999999970282
low-salinity,corrected_fc,auc_total,76-71,1.8765762656458396,NA,NA,NA,0.9998894442236599
low-salinity,corrected_fc,auc_total,77-71,2.4000196349779674,NA,NA,NA,0.9948543933574883
low-salinity,corrected_fc,auc_total,78-71,8.265237634749544,NA,NA,NA,6.852741134211193e-5
low-salinity,corrected_fc,auc_total,79-71,-0.9176633864543806,NA,NA,NA,0.9999999997782613
low-salinity,corrected_fc,auc_total,80-71,-0.9171632133950514,NA,NA,NA,0.9999999998919107
low-salinity,corrected_fc,auc_total,82-71,0.9737456096782235,NA,NA,NA,0.9999999999021375
low-salinity,corrected_fc,auc_total,83-71,-1.7761360455456021,NA,NA,NA,0.9999399595885516
low-salinity,corrected_fc,auc_total,84-71,-1.8602263629271931,NA,NA,NA,0.9998864336398731
low-salinity,corrected_fc,auc_total,85-71,-2.312181498860772,NA,NA,NA,0.9969571788714506
low-salinity,corrected_fc,auc_total,88-71,2.413446860319487,NA,NA,NA,0.9971981360838054
low-salinity,corrected_fc,auc_total,90-71,-0.2777005701461075,NA,NA,NA,1
low-salinity,corrected_fc,auc_total,74-72,-0.8362678179773635,NA,NA,NA,0.9999999999860223
low-salinity,corrected_fc,auc_total,76-72,1.8298728270402158,NA,NA,NA,0.9999157787034958
low-salinity,corrected_fc,auc_total,77-72,2.3533161963723437,NA,NA,NA,0.9955297872226483
low-salinity,corrected_fc,auc_total,78-72,8.21853419614392,NA,NA,NA,6.466115698544606e-5
low-salinity,corrected_fc,auc_total,79-72,-0.9643668250600044,NA,NA,NA,0.9999999991684223
low-salinity,corrected_fc,auc_total,80-72,-0.9638666520006751,NA,NA,NA,0.9999999995972452
low-salinity,corrected_fc,auc_total,82-72,0.9270421710725998,NA,NA,NA,0.99999999996001
low-salinity,corrected_fc,auc_total,83-72,-1.8228394841512259,NA,NA,NA,0.9998877804253818
low-salinity,corrected_fc,auc_total,84-72,-1.9069298015328169,NA,NA,NA,0.9997956965736412
low-salinity,corrected_fc,auc_total,85-72,-2.358884937466396,NA,NA,NA,0.9953800939763873
low-salinity,corrected_fc,auc_total,88-72,2.3667434217138634,NA,NA,NA,0.9976099722941802
low-salinity,corrected_fc,auc_total,90-72,-0.32440400875173125,NA,NA,NA,1
low-salinity,corrected_fc,auc_total,76-74,2.6661406450175793,NA,NA,NA,0.9776209260158805
low-salinity,corrected_fc,auc_total,77-74,3.189584014349707,NA,NA,NA,0.8628348487453708
low-salinity,corrected_fc,auc_total,78-74,9.054802014121284,NA,NA,NA,3.7432821968774732e-06
low-salinity,corrected_fc,auc_total,79-74,-0.12809900708264088,NA,NA,NA,1
low-salinity,corrected_fc,auc_total,80-74,-0.12759883402331162,NA,NA,NA,1
low-salinity,corrected_fc,auc_total,82-74,1.7633099890499633,NA,NA,NA,0.9999770417733803
low-salinity,corrected_fc,auc_total,83-74,-0.9865716661738624,NA,NA,NA,0.9999999994537246
low-salinity,corrected_fc,auc_total,84-74,-1.0706619835554534,NA,NA,NA,0.9999999974039874
low-salinity,corrected_fc,auc_total,85-74,-1.5226171194890323,NA,NA,NA,0.9999971371300875
low-salinity,corrected_fc,auc_total,88-74,3.203011239691227,NA,NA,NA,0.9079550953809947
low-salinity,corrected_fc,auc_total,90-74,0.5118638092256322,NA,NA,NA,1
low-salinity,corrected_fc,auc_total,77-76,0.5234433693321279,NA,NA,NA,1
low-salinity,corrected_fc,auc_total,78-76,6.388661369103705,NA,NA,NA,0.0156580721487527
low-salinity,corrected_fc,auc_total,79-76,-2.79423965210022,NA,NA,NA,0.9415784048517821
low-salinity,corrected_fc,auc_total,80-76,-2.793739479040891,NA,NA,NA,0.9580006198851925
low-salinity,corrected_fc,auc_total,82-76,-0.902830655967616,NA,NA,NA,0.9999999999853588
low-salinity,corrected_fc,auc_total,83-76,-3.6527123111914417,NA,NA,NA,0.6453396504612041
low-salinity,corrected_fc,auc_total,84-76,-3.7368026285730327,NA,NA,NA,0.618341867557082
low-salinity,corrected_fc,auc_total,85-76,-4.188757764506612,NA,NA,NA,0.39409235943508836
low-salinity,corrected_fc,auc_total,88-76,0.5368705946736476,NA,NA,NA,1
low-salinity,corrected_fc,auc_total,90-76,-2.154276835791947,NA,NA,NA,0.9992349978038688
low-salinity,corrected_fc,auc_total,78-77,5.865217999771577,NA,NA,NA,0.04960548867659498
low-salinity,corrected_fc,auc_total,79-77,-3.317683021432348,NA,NA,NA,0.7494271106483403
low-salinity,corrected_fc,auc_total,80-77,-3.317182848373019,NA,NA,NA,0.7994840218110414
low-salinity,corrected_fc,auc_total,82-77,-1.426274025299744,NA,NA,NA,0.9999997299200358
low-salinity,corrected_fc,auc_total,83-77,-4.17615568052357,NA,NA,NA,0.3591660504113954
low-salinity,corrected_fc,auc_total,84-77,-4.260245997905161,NA,NA,NA,0.33773298859696865
low-salinity,corrected_fc,auc_total,85-77,-4.7122011338387395,NA,NA,NA,0.17661554392947498
low-salinity,corrected_fc,auc_total,88-77,0.013427225341519744,NA,NA,NA,1
low-salinity,corrected_fc,auc_total,90-77,-2.677720205124075,NA,NA,NA,0.9836449192356198
low-salinity,corrected_fc,auc_total,79-78,-9.182901021203925,NA,NA,NA,7.683571192629302e-7
low-salinity,corrected_fc,auc_total,80-78,-9.182400848144596,NA,NA,NA,1.8537796713236077e-6
low-salinity,corrected_fc,auc_total,82-78,-7.291492025071321,NA,NA,NA,0.0027164891136622904
low-salinity,corrected_fc,auc_total,83-78,-10.041373680295147,NA,NA,NA,9.491378871739897e-8
low-salinity,corrected_fc,auc_total,84-78,-10.125463997676738,NA,NA,NA,9.310402693252229e-8
low-salinity,corrected_fc,auc_total,85-78,-10.577419133610316,NA,NA,NA,2.2682275391261442e-08
low-salinity,corrected_fc,auc_total,88-78,-5.851790774430057,NA,NA,NA,0.0801347515265759
low-salinity,corrected_fc,auc_total,90-78,-8.542938204895652,NA,NA,NA,4.477648756839869e-5
low-salinity,corrected_fc,auc_total,80-79,5.001730593292564e-4,NA,NA,NA,1
low-salinity,corrected_fc,auc_total,82-79,1.8914089961326042,NA,NA,NA,0.9998470387088882
low-salinity,corrected_fc,auc_total,83-79,-0.8584726590912215,NA,NA,NA,0.9999999999355769
low-salinity,corrected_fc,auc_total,84-79,-0.9425629764728125,NA,NA,NA,0.9999999996008903
low-salinity,corrected_fc,auc_total,85-79,-1.3945181124063915,NA,NA,NA,0.999998866995675
low-salinity,corrected_fc,auc_total,88-79,3.331110246773868,NA,NA,NA,0.8249048466246613
low-salinity,corrected_fc,auc_total,90-79,0.6399628163082731,NA,NA,NA,1
low-salinity,corrected_fc,auc_total,82-80,1.890908823073275,NA,NA,NA,0.9999076011298311
low-salinity,corrected_fc,auc_total,83-80,-0.8589728321505508,NA,NA,NA,0.999999999968499
low-salinity,corrected_fc,auc_total,84-80,-0.9430631495321418,NA,NA,NA,0.9999999998001324
low-salinity,corrected_fc,auc_total,85-80,-1.3950182854657207,NA,NA,NA,0.9999993861537612
low-salinity,corrected_fc,auc_total,88-80,3.3306100737145385,NA,NA,NA,0.8606294442677713
low-salinity,corrected_fc,auc_total,90-80,0.6394626432489439,NA,NA,NA,1
low-salinity,corrected_fc,auc_total,83-82,-2.7498816552238257,NA,NA,NA,0.9788846013048866
low-salinity,corrected_fc,auc_total,84-82,-2.8339719726054167,NA,NA,NA,0.9729156192871865
low-salinity,corrected_fc,auc_total,85-82,-3.2859271085389956,NA,NA,NA,0.8887599625729732
low-salinity,corrected_fc,auc_total,88-82,1.4397012506412636,NA,NA,NA,0.9999998681079202
low-salinity,corrected_fc,auc_total,90-82,-1.251446179824331,NA,NA,NA,0.9999999853007993
low-salinity,corrected_fc,auc_total,84-83,-0.084090317381591,NA,NA,NA,1
low-salinity,corrected_fc,auc_total,85-83,-0.53604545331517,NA,NA,NA,1
low-salinity,corrected_fc,auc_total,88-83,4.189582905865089,NA,NA,NA,0.45819120599966046
low-salinity,corrected_fc,auc_total,90-83,1.4984354753994946,NA,NA,NA,0.9999983102369109
low-salinity,corrected_fc,auc_total,85-84,-0.45195513593357894,NA,NA,NA,1
low-salinity,corrected_fc,auc_total,88-84,4.27367322324668,NA,NA,NA,0.43370106224264804
low-salinity,corrected_fc,auc_total,90-84,1.5825257927810856,NA,NA,NA,0.9999959466740813
low-salinity,corrected_fc,auc_total,88-85,4.725628359180259,NA,NA,NA,0.24970482971200458
low-salinity,corrected_fc,auc_total,90-85,2.0344809287146646,NA,NA,NA,0.9996959337877288
low-salinity,corrected_fc,auc_total,90-88,-2.6911474304655947,NA,NA,NA,0.9903459808705954
low-salinity,corrected_fc,delta_auc_late_minus_early,48-47,2.5443221380270153,NA,NA,NA,0.10880126330702278
low-salinity,corrected_fc,delta_auc_late_minus_early,49-47,1.7266096452797952,NA,NA,NA,0.7521680366047939
low-salinity,corrected_fc,delta_auc_late_minus_early,50-47,0.09664619594823032,NA,NA,NA,1
low-salinity,corrected_fc,delta_auc_late_minus_early,51-47,-0.2545528237454344,NA,NA,NA,1
low-salinity,corrected_fc,delta_auc_late_minus_early,54-47,3.0333711444821563,NA,NA,NA,0.05087688049985417
low-salinity,corrected_fc,delta_auc_late_minus_early,55-47,-0.6177928087882338,NA,NA,NA,0.9999999824791399
low-salinity,corrected_fc,delta_auc_late_minus_early,57-47,-0.45344710613409367,NA,NA,NA,0.9999999999572857
low-salinity,corrected_fc,delta_auc_late_minus_early,60-47,-0.78590461990771,NA,NA,NA,0.9999948743969211
low-salinity,corrected_fc,delta_auc_late_minus_early,61-47,-0.6548842648305349,NA,NA,NA,0.9999998604352199
low-salinity,corrected_fc,delta_auc_late_minus_early,70-47,-1.1505884992985744,NA,NA,NA,0.9968064684669238
low-salinity,corrected_fc,delta_auc_late_minus_early,71-47,-0.5971331986050834,NA,NA,NA,0.9999999863761322
low-salinity,corrected_fc,delta_auc_late_minus_early,72-47,0.6159603310174373,NA,NA,NA,0.9999999676851269
low-salinity,corrected_fc,delta_auc_late_minus_early,74-47,-0.990051501692732,NA,NA,NA,0.999731985180894
low-salinity,corrected_fc,delta_auc_late_minus_early,76-47,0.3333762306639936,NA,NA,NA,1
low-salinity,corrected_fc,delta_auc_late_minus_early,77-47,2.2333432533678104,NA,NA,NA,0.288092511756736
low-salinity,corrected_fc,delta_auc_late_minus_early,78-47,2.5132893962167553,NA,NA,NA,0.25199678174071427
low-salinity,corrected_fc,delta_auc_late_minus_early,79-47,-0.5795263585004151,NA,NA,NA,0.9999999778778593
low-salinity,corrected_fc,delta_auc_late_minus_early,80-47,-1.3481860473771374,NA,NA,NA,0.9748660783403713
low-salinity,corrected_fc,delta_auc_late_minus_early,82-47,2.240296231295281,NA,NA,NA,0.35455223161022165
low-salinity,corrected_fc,delta_auc_late_minus_early,83-47,0.048566522356713104,NA,NA,NA,1
low-salinity,corrected_fc,delta_auc_late_minus_early,84-47,-0.4233058977548021,NA,NA,NA,0.999999999992832
low-salinity,corrected_fc,delta_auc_late_minus_early,85-47,0.1553516954863956,NA,NA,NA,1
low-salinity,corrected_fc,delta_auc_late_minus_early,88-47,0.4733033042344714,NA,NA,NA,0.999999999977311
low-salinity,corrected_fc,delta_auc_late_minus_early,90-47,0.8144825899529251,NA,NA,NA,0.9999954252345812
low-salinity,corrected_fc,delta_auc_late_minus_early,49-48,-0.8177124927472201,NA,NA,NA,0.9999950671215297
low-salinity,corrected_fc,delta_auc_late_minus_early,50-48,-2.447675942078785,NA,NA,NA,0.15583792219791337
low-salinity,corrected_fc,delta_auc_late_minus_early,51-48,-2.7988749617724498,NA,NA,NA,0.03327198929825537
low-salinity,corrected_fc,delta_auc_late_minus_early,54-48,0.48904900645514093,NA,NA,NA,0.9999999999949316
low-salinity,corrected_fc,delta_auc_late_minus_early,55-48,-3.162114946815249,NA,NA,NA,0.011244950926832198
low-salinity,corrected_fc,delta_auc_late_minus_early,57-48,-2.997769244161109,NA,NA,NA,0.01616298200407995
low-salinity,corrected_fc,delta_auc_late_minus_early,60-48,-3.3302267579347253,NA,NA,NA,0.0023122462570251967
low-salinity,corrected_fc,delta_auc_late_minus_early,61-48,-3.19920640285755,NA,NA,NA,0.004861500568692723
low-salinity,corrected_fc,delta_auc_late_minus_early,70-48,-3.6949106373255898,NA,NA,NA,2.4396123420422633e-4
low-salinity,corrected_fc,delta_auc_late_minus_early,71-48,-3.1414553366320987,NA,NA,NA,0.009005387737903936
low-salinity,corrected_fc,delta_auc_late_minus_early,72-48,-1.928361807009578,NA,NA,NA,0.6402691221857557
low-salinity,corrected_fc,delta_auc_late_minus_early,74-48,-3.5343736397197474,NA,NA,NA,8.199544458522556e-4
low-salinity,corrected_fc,delta_auc_late_minus_early,76-48,-2.2109459073630218,NA,NA,NA,0.38822986512849933
low-salinity,corrected_fc,delta_auc_late_minus_early,77-48,-0.310978884659205,NA,NA,NA,1
low-salinity,corrected_fc,delta_auc_late_minus_early,78-48,-0.031032741810260056,NA,NA,NA,1
low-salinity,corrected_fc,delta_auc_late_minus_early,79-48,-3.1238484965274305,NA,NA,NA,0.004309507745423602
low-salinity,corrected_fc,delta_auc_late_minus_early,80-48,-3.8925081854041528,NA,NA,NA,6.508487977097133e-5
low-salinity,corrected_fc,delta_auc_late_minus_early,82-48,-0.30402590673173435,NA,NA,NA,1
low-salinity,corrected_fc,delta_auc_late_minus_early,83-48,-2.4957556156703022,NA,NA,NA,0.14173510876055107
low-salinity,corrected_fc,delta_auc_late_minus_early,84-48,-2.9676280357818174,NA,NA,NA,0.021438372925409288
low-salinity,corrected_fc,delta_auc_late_minus_early,85-48,-2.3889704425406197,NA,NA,NA,0.236925191462234
low-salinity,corrected_fc,delta_auc_late_minus_early,88-48,-2.071018833792544,NA,NA,NA,0.6290978193290506
low-salinity,corrected_fc,delta_auc_late_minus_early,90-48,-1.7298395480740902,NA,NA,NA,0.8631300224459444
low-salinity,corrected_fc,delta_auc_late_minus_early,50-49,-1.629963449331565,NA,NA,NA,0.8379459598406399
low-salinity,corrected_fc,delta_auc_late_minus_early,51-49,-1.9811624690252296,NA,NA,NA,0.455273010139567
low-salinity,corrected_fc,delta_auc_late_minus_early,54-49,1.306761499202361,NA,NA,NA,0.9976256556004861
low-salinity,corrected_fc,delta_auc_late_minus_early,55-49,-2.344402454068029,NA,NA,NA,0.2213619059401286
low-salinity,corrected_fc,delta_auc_late_minus_early,57-49,-2.180056751413889,NA,NA,NA,0.29453907686420155
low-salinity,corrected_fc,delta_auc_late_minus_early,60-49,-2.512514265187505,NA,NA,NA,0.0806849543212288
low-salinity,corrected_fc,delta_auc_late_minus_early,61-49,-2.38149391011033,NA,NA,NA,0.1371820473785773
low-salinity,corrected_fc,delta_auc_late_minus_early,70-49,-2.8771981445783696,NA,NA,NA,0.014026080570426203
low-salinity,corrected_fc,delta_auc_late_minus_early,71-49,-2.3237428438848786,NA,NA,NA,0.19981576417599733
low-salinity,corrected_fc,delta_auc_late_minus_early,72-49,-1.110649314262358,NA,NA,NA,0.9983466786853046
low-salinity,corrected_fc,delta_auc_late_minus_early,74-49,-2.7166611469725273,NA,NA,NA,0.03593887385773431
low-salinity,corrected_fc,delta_auc_late_minus_early,76-49,-1.3932334146158016,NA,NA,NA,0.9741094928559748
low-salinity,corrected_fc,delta_auc_late_minus_early,77-49,0.5067336080880152,NA,NA,NA,0.9999999996853497
low-salinity,corrected_fc,delta_auc_late_minus_early,78-49,0.7866797509369601,NA,NA,NA,0.9999995796678012
low-salinity,corrected_fc,delta_auc_late_minus_early,79-49,-2.3061360037802103,NA,NA,NA,0.13569547037328678
low-salinity,corrected_fc,delta_auc_late_minus_early,80-49,-3.0747956926569326,NA,NA,NA,0.0046898287417243
low-salinity,corrected_fc,delta_auc_late_minus_early,82-49,0.5136865860154858,NA,NA,NA,0.9999999998095039
low-salinity,corrected_fc,delta_auc_late_minus_early,83-49,-1.678043122923082,NA,NA,NA,0.8114172632724819
low-salinity,corrected_fc,delta_auc_late_minus_early,84-49,-2.1499155430345973,NA,NA,NA,0.3422675117135231
low-salinity,corrected_fc,delta_auc_late_minus_early,85-49,-1.5712579497933996,NA,NA,NA,0.90904254724071
low-salinity,corrected_fc,delta_auc_late_minus_early,88-49,-1.2533063410453238,NA,NA,NA,0.996575867604061
low-salinity,corrected_fc,delta_auc_late_minus_early,90-49,-0.9121270553268701,NA,NA,NA,0.9999627614455651
low-salinity,corrected_fc,delta_auc_late_minus_early,51-50,-0.35119901969366474,NA,NA,NA,1
low-salinity,corrected_fc,delta_auc_late_minus_early,54-50,2.936724948533926,NA,NA,NA,0.07376169313713621
low-salinity,corrected_fc,delta_auc_late_minus_early,55-50,-0.7144390047364642,NA,NA,NA,0.999999649891181
low-salinity,corrected_fc,delta_auc_late_minus_early,57-50,-0.550093302082324,NA,NA,NA,0.9999999970593942
low-salinity,corrected_fc,delta_auc_late_minus_early,60-50,-0.8825508158559403,NA,NA,NA,0.9999564662682445
low-salinity,corrected_fc,delta_auc_late_minus_early,61-50,-0.7515304607787652,NA,NA,NA,0.9999978287182454
low-salinity,corrected_fc,delta_auc_late_minus_early,70-50,-1.2472346952468047,NA,NA,NA,0.9903726581516012
low-salinity,corrected_fc,delta_auc_late_minus_early,71-50,-0.6937793945533137,NA,NA,NA,0.9999996975519914
low-salinity,corrected_fc,delta_auc_late_minus_early,72-50,0.519314135069207,NA,NA,NA,0.9999999991531603
low-salinity,corrected_fc,delta_auc_late_minus_early,74-50,-1.0866976976409624,NA,NA,NA,0.998812438163428
low-salinity,corrected_fc,delta_auc_late_minus_early,76-50,0.23673003471576326,NA,NA,NA,1
low-salinity,corrected_fc,delta_auc_late_minus_early,77-50,2.13669705741958,NA,NA,NA,0.3772925534680581
low-salinity,corrected_fc,delta_auc_late_minus_early,78-50,2.416643200268525,NA,NA,NA,0.3267681390426981
low-salinity,corrected_fc,delta_auc_late_minus_early,79-50,-0.6761725544486454,NA,NA,NA,0.999999477328283
low-salinity,corrected_fc,delta_auc_late_minus_early,80-50,-1.4448322433253677,NA,NA,NA,0.9462238914039331
low-salinity,corrected_fc,delta_auc_late_minus_early,82-50,2.1436500353470507,NA,NA,NA,0.44862149495487524
low-salinity,corrected_fc,delta_auc_late_minus_early,83-50,-0.048079673591517214,NA,NA,NA,1
low-salinity,corrected_fc,delta_auc_late_minus_early,84-50,-0.5199520937030324,NA,NA,NA,0.9999999993017077
low-salinity,corrected_fc,delta_auc_late_minus_early,85-50,0.058705499538165284,NA,NA,NA,1
low-salinity,corrected_fc,delta_auc_late_minus_early,88-50,0.3766571082862411,NA,NA,NA,1
low-salinity,corrected_fc,delta_auc_late_minus_early,90-50,0.7178363940046948,NA,NA,NA,0.999999614855134
low-salinity,corrected_fc,delta_auc_late_minus_early,54-51,3.2879239682275907,NA,NA,NA,0.015733211009302694
low-salinity,corrected_fc,delta_auc_late_minus_early,55-51,-0.3632399850427994,NA,NA,NA,1
low-salinity,corrected_fc,delta_auc_late_minus_early,57-51,-0.19889428238865925,NA,NA,NA,1
low-salinity,corrected_fc,delta_auc_late_minus_early,60-51,-0.5313517961622756,NA,NA,NA,0.9999999979219558
low-salinity,corrected_fc,delta_auc_late_minus_early,61-51,-0.40033144108510044,NA,NA,NA,0.9999999999961777
low-salinity,corrected_fc,delta_auc_late_minus_early,70-51,-0.89603567555314,NA,NA,NA,0.9999331965941798
low-salinity,corrected_fc,delta_auc_late_minus_early,71-51,-0.342580374859649,NA,NA,NA,1
low-salinity,corrected_fc,delta_auc_late_minus_early,72-51,0.8705131547628717,NA,NA,NA,0.9999663827230748
low-salinity,corrected_fc,delta_auc_late_minus_early,74-51,-0.7354986779472976,NA,NA,NA,0.99999859274935
low-salinity,corrected_fc,delta_auc_late_minus_early,76-51,0.587929054409428,NA,NA,NA,0.9999999906448097
low-salinity,corrected_fc,delta_auc_late_minus_early,77-51,2.487896077113245,NA,NA,NA,0.11157999575597932
low-salinity,corrected_fc,delta_auc_late_minus_early,78-51,2.7678422199621897,NA,NA,NA,0.104654296427928
low-salinity,corrected_fc,delta_auc_late_minus_early,79-51,-0.3249735347549807,NA,NA,NA,1
low-salinity,corrected_fc,delta_auc_late_minus_early,80-51,-1.093633223631703,NA,NA,NA,0.998268174462243
low-salinity,corrected_fc,delta_auc_late_minus_early,82-51,2.4948490550407154,NA,NA,NA,0.15328232298717082
low-salinity,corrected_fc,delta_auc_late_minus_early,83-51,0.3031193461021475,NA,NA,NA,1
low-salinity,corrected_fc,delta_auc_late_minus_early,84-51,-0.16875307400936768,NA,NA,NA,1
low-salinity,corrected_fc,delta_auc_late_minus_early,85-51,0.40990451923183,NA,NA,NA,0.9999999999967564
low-salinity,corrected_fc,delta_auc_late_minus_early,88-51,0.7278561279799058,NA,NA,NA,0.9999997288912843
low-salinity,corrected_fc,delta_auc_late_minus_early,90-51,1.0690354136983595,NA,NA,NA,0.9993669517930447
low-salinity,corrected_fc,delta_auc_late_minus_early,55-54,-3.65116395327039,NA,NA,NA,0.005332011989334973
low-salinity,corrected_fc,delta_auc_late_minus_early,57-54,-3.48681825061625,NA,NA,NA,0.007736108818148235
low-salinity,corrected_fc,delta_auc_late_minus_early,60-54,-3.8192757643898663,NA,NA,NA,0.0012441678245067589
low-salinity,corrected_fc,delta_auc_late_minus_early,61-54,-3.688255409312691,NA,NA,NA,0.0024939825662829707
low-salinity,corrected_fc,delta_auc_late_minus_early,70-54,-4.183959643780731,NA,NA,NA,1.5594480501102126e-4
low-salinity,corrected_fc,delta_auc_late_minus_early,71-54,-3.6305043430872397,NA,NA,NA,0.004387297222331332
low-salinity,corrected_fc,delta_auc_late_minus_early,72-54,-2.417410813464719,NA,NA,NA,0.37958783251777173
low-salinity,corrected_fc,delta_auc_late_minus_early,74-54,-4.023422646174888,NA,NA,NA,4.692008466883335e-4
low-salinity,corrected_fc,delta_auc_late_minus_early,76-54,-2.6999949138181627,NA,NA,NA,0.20105519844263242
low-salinity,corrected_fc,delta_auc_late_minus_early,77-54,-0.8000278911143459,NA,NA,NA,0.9999997445562728
low-salinity,corrected_fc,delta_auc_late_minus_early,78-54,-0.520081748265401,NA,NA,NA,0.9999999999955823
low-salinity,corrected_fc,delta_auc_late_minus_early,79-54,-3.6128975029825714,NA,NA,NA,0.002310913263969372
low-salinity,corrected_fc,delta_auc_late_minus_early,80-54,-4.381557191859294,NA,NA,NA,4.666484878734778e-5
low-salinity,corrected_fc,delta_auc_late_minus_early,82-54,-0.7930749131868753,NA,NA,NA,0.9999998785346379
low-salinity,corrected_fc,delta_auc_late_minus_early,83-54,-2.984804622125443,NA,NA,NA,0.06664625736440477
low-salinity,corrected_fc,delta_auc_late_minus_early,84-54,-3.4566770422369584,NA,NA,NA,0.010086460645682527
low-salinity,corrected_fc,delta_auc_late_minus_early,85-54,-2.8780194489957607,NA,NA,NA,0.11483716073575079
low-salinity,corrected_fc,delta_auc_late_minus_early,88-54,-2.560067840247685,NA,NA,NA,0.37279049907719786
low-salinity,corrected_fc,delta_auc_late_minus_early,90-54,-2.218888554529231,NA,NA,NA,0.6163243868921612
low-salinity,corrected_fc,delta_auc_late_minus_early,57-55,0.16434570265414017,NA,NA,NA,1
low-salinity,corrected_fc,delta_auc_late_minus_early,60-55,-0.16811181111947615,NA,NA,NA,1
low-salinity,corrected_fc,delta_auc_late_minus_early,61-55,-0.03709145604230102,NA,NA,NA,1
low-salinity,corrected_fc,delta_auc_late_minus_early,70-55,-0.5327956905103406,NA,NA,NA,0.9999999992654998
low-salinity,corrected_fc,delta_auc_late_minus_early,71-55,0.020659610183150434,NA,NA,NA,1
low-salinity,corrected_fc,delta_auc_late_minus_early,72-55,1.2337531398056711,NA,NA,NA,0.9957995316704407
low-salinity,corrected_fc,delta_auc_late_minus_early,74-55,-0.3722586929044982,NA,NA,NA,1
low-salinity,corrected_fc,delta_auc_late_minus_early,76-55,0.9511690394522274,NA,NA,NA,0.9999522133146674
low-salinity,corrected_fc,delta_auc_late_minus_early,77-55,2.851136062156044,NA,NA,NA,0.04175612725081257
low-salinity,corrected_fc,delta_auc_late_minus_early,78-55,3.131082205004989,NA,NA,NA,0.0407856011497062
low-salinity,corrected_fc,delta_auc_late_minus_early,79-55,0.03826645028781872,NA,NA,NA,1
low-salinity,corrected_fc,delta_auc_late_minus_early,80-55,-0.7303932385889036,NA,NA,NA,0.9999994549655502
low-salinity,corrected_fc,delta_auc_late_minus_early,82-55,2.858089040083515,NA,NA,NA,0.06083286818304123
low-salinity,corrected_fc,delta_auc_late_minus_early,83-55,0.6663593311449469,NA,NA,NA,0.9999999292815429
low-salinity,corrected_fc,delta_auc_late_minus_early,84-55,0.19448691103343174,NA,NA,NA,1
low-salinity,corrected_fc,delta_auc_late_minus_early,85-55,0.7731445042746294,NA,NA,NA,0.9999990321837623
low-salinity,corrected_fc,delta_auc_late_minus_early,88-55,1.0910961130227053,NA,NA,NA,0.999771705630373
low-salinity,corrected_fc,delta_auc_late_minus_early,90-55,1.432275398741159,NA,NA,NA,0.9800758308980071
low-salinity,corrected_fc,delta_auc_late_minus_early,60-57,-0.3324575137736163,NA,NA,NA,1
low-salinity,corrected_fc,delta_auc_late_minus_early,61-57,-0.2014371586964412,NA,NA,NA,1
low-salinity,corrected_fc,delta_auc_late_minus_early,70-57,-0.6971413931644808,NA,NA,NA,0.9999995916569993
low-salinity,corrected_fc,delta_auc_late_minus_early,71-57,-0.14368609247098973,NA,NA,NA,1
low-salinity,corrected_fc,delta_auc_late_minus_early,72-57,1.069407437151531,NA,NA,NA,0.9991990893696051
low-salinity,corrected_fc,delta_auc_late_minus_early,74-57,-0.5366043955586384,NA,NA,NA,0.9999999985927612
low-salinity,corrected_fc,delta_auc_late_minus_early,76-57,0.7868233367980872,NA,NA,NA,0.9999975320797356
low-salinity,corrected_fc,delta_auc_late_minus_early,77-57,2.686790359501904,NA,NA,NA,0.05920965565010261
low-salinity,corrected_fc,delta_auc_late_minus_early,78-57,2.966736502350849,NA,NA,NA,0.05777950702784673
low-salinity,corrected_fc,delta_auc_late_minus_early,79-57,-0.12607925236632145,NA,NA,NA,1
low-salinity,corrected_fc,delta_auc_late_minus_early,80-57,-0.8947389412430438,NA,NA,NA,0.9999530890405717
low-salinity,corrected_fc,delta_auc_late_minus_early,82-57,2.6937433374293747,NA,NA,NA,0.08550579035733163
low-salinity,corrected_fc,delta_auc_late_minus_early,83-57,0.5020136284908068,NA,NA,NA,0.9999999996706346
low-salinity,corrected_fc,delta_auc_late_minus_early,84-57,0.030141208379291573,NA,NA,NA,1
low-salinity,corrected_fc,delta_auc_late_minus_early,85-57,0.6087988016204893,NA,NA,NA,0.9999999864687875
low-salinity,corrected_fc,delta_auc_late_minus_early,88-57,0.9267504103685651,NA,NA,NA,0.9999788174063182
low-salinity,corrected_fc,delta_auc_late_minus_early,90-57,1.2679296960870188,NA,NA,NA,0.9938747242508263
low-salinity,corrected_fc,delta_auc_late_minus_early,61-60,0.13102035507717513,NA,NA,NA,1
low-salinity,corrected_fc,delta_auc_late_minus_early,70-60,-0.36468387939086444,NA,NA,NA,1
low-salinity,corrected_fc,delta_auc_late_minus_early,71-60,0.18877142130262659,NA,NA,NA,1
low-salinity,corrected_fc,delta_auc_late_minus_early,72-60,1.4018649509251473,NA,NA,NA,0.9648532857819183
low-salinity,corrected_fc,delta_auc_late_minus_early,74-60,-0.20414688178502205,NA,NA,NA,1
low-salinity,corrected_fc,delta_auc_late_minus_early,76-60,1.1192808505717036,NA,NA,NA,0.9986425472465101
low-salinity,corrected_fc,delta_auc_late_minus_early,77-60,3.0192478732755204,NA,NA,NA,0.010617460407131518
low-salinity,corrected_fc,delta_auc_late_minus_early,78-60,3.2991940161244653,NA,NA,NA,0.012411507451216997
low-salinity,corrected_fc,delta_auc_late_minus_early,79-60,0.20637826140729487,NA,NA,NA,1
low-salinity,corrected_fc,delta_auc_late_minus_early,80-60,-0.5622814274694274,NA,NA,NA,0.999999994235786
low-salinity,corrected_fc,delta_auc_late_minus_early,82-60,3.026200851202991,NA,NA,NA,0.017889283607699147
low-salinity,corrected_fc,delta_auc_late_minus_early,83-60,0.8344711422644231,NA,NA,NA,0.999986789190805
low-salinity,corrected_fc,delta_auc_late_minus_early,84-60,0.3625987221529079,NA,NA,NA,1
low-salinity,corrected_fc,delta_auc_late_minus_early,85-60,0.9412563153941056,NA,NA,NA,0.9999205227003595
low-salinity,corrected_fc,delta_auc_late_minus_early,88-60,1.2592079241421814,NA,NA,NA,0.9963393336051162
low-salinity,corrected_fc,delta_auc_late_minus_early,90-60,1.600387209860635,NA,NA,NA,0.9029889547673764
low-salinity,corrected_fc,delta_auc_late_minus_early,70-61,-0.4957042344680396,NA,NA,NA,0.9999999996224802
low-salinity,corrected_fc,delta_auc_late_minus_early,71-61,0.05775106622545145,NA,NA,NA,1
low-salinity,corrected_fc,delta_auc_late_minus_early,72-61,1.2708445958479722,NA,NA,NA,0.989152297743607
low-salinity,corrected_fc,delta_auc_late_minus_early,74-61,-0.3351672368621972,NA,NA,NA,1
low-salinity,corrected_fc,delta_auc_late_minus_early,76-61,0.9882604954945284,NA,NA,NA,0.9998164228427497
low-salinity,corrected_fc,delta_auc_late_minus_early,77-61,2.8882275181983452,NA,NA,NA,0.02073874117556529
low-salinity,corrected_fc,delta_auc_late_minus_early,78-61,3.16817366104729,NA,NA,NA,0.022610058196481653
low-salinity,corrected_fc,delta_auc_late_minus_early,79-61,0.07535790633011974,NA,NA,NA,1
low-salinity,corrected_fc,delta_auc_late_minus_early,80-61,-0.6933017825466026,NA,NA,NA,0.999999557546176
low-salinity,corrected_fc,delta_auc_late_minus_early,82-61,2.895180496125816,NA,NA,NA,0.03306650696877811
low-salinity,corrected_fc,delta_auc_late_minus_early,83-61,0.703450787187248,NA,NA,NA,0.9999995108867773
low-salinity,corrected_fc,delta_auc_late_minus_early,84-61,0.23157836707573276,NA,NA,NA,1
low-salinity,corrected_fc,delta_auc_late_minus_early,85-61,0.8102359603169305,NA,NA,NA,0.99999485705009306
low-salinity,corrected_fc,delta_auc_late_minus_early,88-61,1.1281875690650063,NA,NA,NA,0.9992967737109102
low-salinity,corrected_fc,delta_auc_late_minus_early,90-61,1.46936685478346,NA,NA,NA,0.9586452934376795
low-salinity,corrected_fc,delta_auc_late_minus_early,71-70,0.553455300693491,NA,NA,NA,0.9999999973012685
low-salinity,corrected_fc,delta_auc_late_minus_early,72-70,1.7665488303160117,NA,NA,NA,0.7291120294305968
low-salinity,corrected_fc,delta_auc_late_minus_early,74-70,0.1605369976058424,NA,NA,NA,1
low-salinity,corrected_fc,delta_auc_late_minus_early,76-70,1.483964729962568,NA,NA,NA,0.9481871293088694
low-salinity,corrected_fc,delta_auc_late_minus_early,77-70,3.383931752666385,NA,NA,NA,0.0013400072899778515
low-salinity,corrected_fc,delta_auc_late_minus_early,78-70,3.6638778955153297,NA,NA,NA,0.0019680379216953092
low-salinity,corrected_fc,delta_auc_late_minus_early,79-70,0.5710621407981593,NA,NA,NA,0.9999999837647389
low-salinity,corrected_fc,delta_auc_late_minus_early,80-70,-0.197597548078563,NA,NA,NA,1
low-salinity,corrected_fc,delta_auc_late_minus_early,82-70,3.3908847305938554,NA,NA,NA,0.0026460393137263116
low-salinity,corrected_fc,delta_auc_late_minus_early,83-70,1.1991550216552875,NA,NA,NA,0.995001405182678
low-salinity,corrected_fc,delta_auc_late_minus_early,84-70,0.7272826015437723,NA,NA,NA,0.9999992232176242
low-salinity,corrected_fc,delta_auc_late_minus_early,85-70,1.30594019478497,NA,NA,NA,0.9882184411587607
low-salinity,corrected_fc,delta_auc_late_minus_early,88-70,1.6238918035330459,NA,NA,NA,0.9228235023698095
low-salinity,corrected_fc,delta_auc_late_minus_early,90-70,1.9650710892514995,NA,NA,NA,0.5829724704950313
low-salinity,corrected_fc,delta_auc_late_minus_early,72-71,1.2130935296225207,NA,NA,NA,0.9955077558392149
low-salinity,corrected_fc,delta_auc_late_minus_early,74-71,-0.39291830308764863,NA,NA,NA,0.9999999999991024
low-salinity,corrected_fc,delta_auc_late_minus_early,76-71,0.930509429269077,NA,NA,NA,0.9999531439999779
low-salinity,corrected_fc,delta_auc_late_minus_early,77-71,2.8304764519728938,NA,NA,NA,0.03512307132899117
low-salinity,corrected_fc,delta_auc_late_minus_early,78-71,3.1104225948218387,NA,NA,NA,0.03559516497943016
low-salinity,corrected_fc,delta_auc_late_minus_early,79-71,0.017606840104668287,NA,NA,NA,1
low-salinity,corrected_fc,delta_auc_late_minus_early,80-71,-0.751052848772054,NA,NA,NA,0.9999985364683129
low-salinity,corrected_fc,delta_auc_late_minus_early,82-71,2.8374294299003644,NA,NA,NA,0.05273844853798215
low-salinity,corrected_fc,delta_auc_late_minus_early,83-71,0.6456997209617965,NA,NA,NA,0.999999942263591
low-salinity,corrected_fc,delta_auc_late_minus_early,84-71,0.1738273008502813,NA,NA,NA,1
low-salinity,corrected_fc,delta_auc_late_minus_early,85-71,0.752484894091479,NA,NA,NA,0.999999144297979
low-salinity,corrected_fc,delta_auc_late_minus_early,88-71,1.0704365028395548,NA,NA,NA,0.9997723030439521
low-salinity,corrected_fc,delta_auc_late_minus_early,90-71,1.4116157885580085,NA,NA,NA,0.9786268143125267
low-salinity,corrected_fc,delta_auc_late_minus_early,74-72,-1.6060118327101693,NA,NA,NA,0.8774142379006913
low-salinity,corrected_fc,delta_auc_late_minus_early,76-72,-0.2825841003534437,NA,NA,NA,1
low-salinity,corrected_fc,delta_auc_late_minus_early,77-72,1.617382922350373,NA,NA,NA,0.8909463401997244
low-salinity,corrected_fc,delta_auc_late_minus_early,78-72,1.897329065199318,NA,NA,NA,0.8169901392099306
low-salinity,corrected_fc,delta_auc_late_minus_early,79-72,-1.1954866895178524,NA,NA,NA,0.9925246550705312
low-salinity,corrected_fc,delta_auc_late_minus_early,80-72,-1.9641463783945747,NA,NA,NA,0.5146266269500932
low-salinity,corrected_fc,delta_auc_late_minus_early,82-72,1.6243359002778437,NA,NA,NA,0.9184194692478723
low-salinity,corrected_fc,delta_auc_late_minus_early,83-72,-0.5673938086607242,NA,NA,NA,0.9999999953261367
low-salinity,corrected_fc,delta_auc_late_minus_early,84-72,-1.0392662287722394,NA,NA,NA,0.9995667214203874
low-salinity,corrected_fc,delta_auc_late_minus_early,85-72,-0.4606086355310417,NA,NA,NA,0.9999999999688145
low-salinity,corrected_fc,delta_auc_late_minus_early,88-72,-0.14265702678296588,NA,NA,NA,1
low-salinity,corrected_fc,delta_auc_late_minus_early,90-72,0.1985222589354878,NA,NA,NA,1
low-salinity,corrected_fc,delta_auc_late_minus_early,76-74,1.3234277323567256,NA,NA,NA,0.9875517532515137
low-salinity,corrected_fc,delta_auc_late_minus_early,77-74,3.2233947550605424,NA,NA,NA,0.004068990589393584
low-salinity,corrected_fc,delta_auc_late_minus_early,78-74,3.5033408979094873,NA,NA,NA,0.00519686527101082
low-salinity,corrected_fc,delta_auc_late_minus_early,79-74,0.4105251431923169,NA,NA,NA,0.9999999999905289
low-salinity,corrected_fc,delta_auc_late_minus_early,80-74,-0.3581345456844054,NA,NA,NA,1
low-salinity,corrected_fc,delta_auc_late_minus_early,82-74,3.230347732988013,NA,NA,NA,0.007317737227274357
low-salinity,corrected_fc,delta_auc_late_minus_early,83-74,1.0386180240494451,NA,NA,NA,0.9994966435311479
low-salinity,corrected_fc,delta_auc_late_minus_early,84-74,0.5667456039379299,NA,NA,NA,0.999999996310246
low-salinity,corrected_fc,delta_auc_late_minus_early,85-74,1.1454031971791276,NA,NA,NA,0.9983202948809363
low-salinity,corrected_fc,delta_auc_late_minus_early,88-74,1.4633548059272035,NA,NA,NA,0.9767817008343258
low-salinity,corrected_fc,delta_auc_late_minus_early,90-74,1.8045340916456571,NA,NA,NA,0.7626813645660195
low-salinity,corrected_fc,delta_auc_late_minus_early,77-76,1.8999670227038168,NA,NA,NA,0.6859908890875405
low-salinity,corrected_fc,delta_auc_late_minus_early,78-76,2.1799131655527617,NA,NA,NA,0.5978495382383848
low-salinity,corrected_fc,delta_auc_late_minus_early,79-76,-0.9129025891644087,NA,NA,NA,0.9999194959459565
low-salinity,corrected_fc,delta_auc_late_minus_early,80-76,-1.681562278041131,NA,NA,NA,0.8368436858704182
low-salinity,corrected_fc,delta_auc_late_minus_early,82-76,1.9069200006312874,NA,NA,NA,0.7420418732368677
low-salinity,corrected_fc,delta_auc_late_minus_early,83-76,-0.2848097083072805,NA,NA,NA,1
low-salinity,corrected_fc,delta_auc_late_minus_early,84-76,-0.7566821284187957,NA,NA,NA,0.9999990448659857
low-salinity,corrected_fc,delta_auc_late_minus_early,85-76,-0.17802453517759798,NA,NA,NA,1
low-salinity,corrected_fc,delta_auc_late_minus_early,88-76,0.13992707357047784,NA,NA,NA,1
low-salinity,corrected_fc,delta_auc_late_minus_early,90-76,0.48110635928893153,NA,NA,NA,0.9999999999581433
low-salinity,corrected_fc,delta_auc_late_minus_early,78-77,0.2799461428489449,NA,NA,NA,1
low-salinity,corrected_fc,delta_auc_late_minus_early,79-77,-2.8128696118682255,NA,NA,NA,0.019332375026644977
low-salinity,corrected_fc,delta_auc_late_minus_early,80-77,-3.581529300744948,NA,NA,NA,3.8900019310994516e-4
low-salinity,corrected_fc,delta_auc_late_minus_early,82-77,0.006952977927470627,NA,NA,NA,1
low-salinity,corrected_fc,delta_auc_late_minus_early,83-77,-2.1847767310110973,NA,NA,NA,0.3496216159964377
low-salinity,corrected_fc,delta_auc_late_minus_early,84-77,-2.6566491511226125,NA,NA,NA,0.07480831637633922
low-salinity,corrected_fc,delta_auc_late_minus_early,85-77,-2.0779915578814148,NA,NA,NA,0.499390568192956
low-salinity,corrected_fc,delta_auc_late_minus_early,88-77,-1.760039949133339,NA,NA,NA,0.8732331572396693
low-salinity,corrected_fc,delta_auc_late_minus_early,90-77,-1.4188606634148853,NA,NA,NA,0.9798075521438634
low-salinity,corrected_fc,delta_auc_late_minus_early,79-78,-3.0928157547171704,NA,NA,NA,0.0221379160045565
low-salinity,corrected_fc,delta_auc_late_minus_early,80-78,-3.8614754435938927,NA,NA,NA,6.586026221889751e-4
low-salinity,corrected_fc,delta_auc_late_minus_early,82-78,-0.2729931649214743,NA,NA,NA,1
low-salinity,corrected_fc,delta_auc_late_minus_early,83-78,-2.464722873860042,NA,NA,NA,0.30236489629996244
low-salinity,corrected_fc,delta_auc_late_minus_early,84-78,-2.9365952939715574,NA,NA,NA,0.07092985901411075
low-salinity,corrected_fc,delta_auc_late_minus_early,85-78,-2.3579377007303597,NA,NA,NA,0.4278869721247085
low-salinity,corrected_fc,delta_auc_late_minus_early,88-78,-2.039986091982284,NA,NA,NA,0.7930386652876696
low-salinity,corrected_fc,delta_auc_late_minus_early,90-78,-1.6988068062638302,NA,NA,NA,0.9459443309801463
low-salinity,corrected_fc,delta_auc_late_minus_early,80-79,-0.7686596888767223,NA,NA,NA,0.9999936670424739
low-salinity,corrected_fc,delta_auc_late_minus_early,82-79,2.819822589795696,NA,NA,NA,0.031920155622865654
low-salinity,corrected_fc,delta_auc_late_minus_early,83-79,0.6280928808571282,NA,NA,NA,0.9999999046760804
low-salinity,corrected_fc,delta_auc_late_minus_early,84-79,0.15622046074561302,NA,NA,NA,1
low-salinity,corrected_fc,delta_auc_late_minus_early,85-79,0.7348780539868107,NA,NA,NA,0.9999985690973113
low-salinity,corrected_fc,delta_auc_late_minus_early,88-79,1.0528296627348865,NA,NA,NA,0.999635796379774
low-salinity,corrected_fc,delta_auc_late_minus_early,90-79,1.3940089484533402,NA,NA,NA,0.9675620165618523
low-salinity,corrected_fc,delta_auc_late_minus_early,82-80,3.5884822786724184,NA,NA,NA,8.398391163711993e-4
low-salinity,corrected_fc,delta_auc_late_minus_early,83-80,1.3967525697338505,NA,NA,NA,0.9662524144080136
low-salinity,corrected_fc,delta_auc_late_minus_early,84-80,0.9248801496223353,NA,NA,NA,0.9999295030296818
low-salinity,corrected_fc,delta_auc_late_minus_early,85-80,1.503537742863533,NA,NA,NA,0.9407210314666847
low-salinity,corrected_fc,delta_auc_late_minus_early,88-80,1.8214893516116089,NA,NA,NA,0.7954376875512212
low-salinity,corrected_fc,delta_auc_late_minus_early,90-80,2.1626686373300625,NA,NA,NA,0.375812171527351
low-salinity,corrected_fc,delta_auc_late_minus_early,83-82,-2.191729708938568,NA,NA,NA,0.41861244451135493
low-salinity,corrected_fc,delta_auc_late_minus_early,84-82,-2.663602129050083,NA,NA,NA,0.10505886525418595
low-salinity,corrected_fc,delta_auc_late_minus_early,85-82,-2.0849445358088854,NA,NA,NA,0.5669534555141196
low-salinity,corrected_fc,delta_auc_late_minus_early,88-82,-1.7669929270608096,NA,NA,NA,0.9005512070214171
low-salinity,corrected_fc,delta_auc_late_minus_early,90-82,-1.4258136413423559,NA,NA,NA,0.9858183444587472
low-salinity,corrected_fc,delta_auc_late_minus_early,84-83,-0.4718724201115152,NA,NA,NA,0.9999999999324942
low-salinity,corrected_fc,delta_auc_late_minus_early,85-83,0.1067851731296825,NA,NA,NA,1
low-salinity,corrected_fc,delta_auc_late_minus_early,88-83,0.4247367818777583,NA,NA,NA,0.9999999999985186
low-salinity,corrected_fc,delta_auc_late_minus_early,90-83,0.765916067596212,NA,NA,NA,0.999998826306939
low-salinity,corrected_fc,delta_auc_late_minus_early,85-84,0.5786575932411977,NA,NA,NA,0.9999999962479081
low-salinity,corrected_fc,delta_auc_late_minus_early,88-84,0.8966092019892735,NA,NA,NA,0.9999901955620885
low-salinity,corrected_fc,delta_auc_late_minus_early,90-84,1.2377884877077272,NA,NA,NA,0.9961416035922104
low-salinity,corrected_fc,delta_auc_late_minus_early,88-85,0.3179516087480758,NA,NA,NA,1
low-salinity,corrected_fc,delta_auc_late_minus_early,90-85,0.6591308944665295,NA,NA,NA,0.9999999621188209
low-salinity,corrected_fc,delta_auc_late_minus_early,90-88,0.3411792857184537,NA,NA,NA,1
low-salinity,corrected_fc,metabolic_scope,48-47,1.6386774979040233,NA,NA,NA,0.6636681580055672
low-salinity,corrected_fc,metabolic_scope,49-47,1.0789750806365026,NA,NA,NA,0.9906986143083161
low-salinity,corrected_fc,metabolic_scope,50-47,-0.43933385252902646,NA,NA,NA,0.9999999993951825
low-salinity,corrected_fc,metabolic_scope,51-47,-0.5957389505266679,NA,NA,NA,0.999999560893335
low-salinity,corrected_fc,metabolic_scope,54-47,1.7833444914872691,NA,NA,NA,0.7046131553195228
low-salinity,corrected_fc,metabolic_scope,55-47,-1.028394235195715,NA,NA,NA,0.9973020385723601
low-salinity,corrected_fc,metabolic_scope,57-47,-1.2697421794651405,NA,NA,NA,0.9442097938298764
low-salinity,corrected_fc,metabolic_scope,60-47,-1.1345669981288342,NA,NA,NA,0.9824643622924922
low-salinity,corrected_fc,metabolic_scope,61-47,-1.1381977098995422,NA,NA,NA,0.9817702432818265
low-salinity,corrected_fc,metabolic_scope,70-47,-1.526690543269686,NA,NA,NA,0.7186115249357307
low-salinity,corrected_fc,metabolic_scope,71-47,-0.8179397524166663,NA,NA,NA,0.9999011347840119
low-salinity,corrected_fc,metabolic_scope,72-47,-0.10559520425054014,NA,NA,NA,1
low-salinity,corrected_fc,metabolic_scope,74-47,-1.0992813983424305,NA,NA,NA,0.9895297523083293
low-salinity,corrected_fc,metabolic_scope,76-47,0.06708953215953883,NA,NA,NA,1
low-salinity,corrected_fc,metabolic_scope,77-47,1.1985312579218412,NA,NA,NA,0.9764856646994813
low-salinity,corrected_fc,metabolic_scope,78-47,2.3936404791207444,NA,NA,NA,0.11535306011696234
low-salinity,corrected_fc,metabolic_scope,79-47,-0.9917376873460366,NA,NA,NA,0.9953212310540649
low-salinity,corrected_fc,metabolic_scope,80-47,-1.3152631398939336,NA,NA,NA,0.9133964982187386
low-salinity,corrected_fc,metabolic_scope,82-47,1.0377639007616661,NA,NA,NA,0.9978655212941029
low-salinity,corrected_fc,metabolic_scope,83-47,-0.916320948192642,NA,NA,NA,0.9992344455613175
low-salinity,corrected_fc,metabolic_scope,84-47,-0.9218236222327434,NA,NA,NA,0.9992823533077974
low-salinity,corrected_fc,metabolic_scope,85-47,-0.9721483876124166,NA,NA,NA,0.9986145877109942
low-salinity,corrected_fc,metabolic_scope,88-47,0.47635550142803407,NA,NA,NA,0.9999999993916
low-salinity,corrected_fc,metabolic_scope,90-47,-0.23321177381661506,NA,NA,NA,1
low-salinity,corrected_fc,metabolic_scope,49-48,-0.5597024172675207,NA,NA,NA,0.9999999564389757
low-salinity,corrected_fc,metabolic_scope,50-48,-2.0780113504330497,NA,NA,NA,0.18674547626287696
low-salinity,corrected_fc,metabolic_scope,51-48,-2.234416448430691,NA,NA,NA,0.08821955060239717
low-salinity,corrected_fc,metabolic_scope,54-48,0.14466699358324586,NA,NA,NA,1
low-salinity,corrected_fc,metabolic_scope,55-48,-2.667071733099738,NA,NA,NA,0.017233068324903345
low-salinity,corrected_fc,metabolic_scope,57-48,-2.9084196773691637,NA,NA,NA,0.002399772350613172
low-salinity,corrected_fc,metabolic_scope,60-48,-2.7732444960328575,NA,NA,NA,0.004914261883783744
low-salinity,corrected_fc,metabolic_scope,61-48,-2.7768752078035654,NA,NA,NA,0.0048017546450509485
low-salinity,corrected_fc,metabolic_scope,70-48,-3.1653680411737093,NA,NA,NA,3.276273300388821e-4
low-salinity,corrected_fc,metabolic_scope,71-48,-2.4566172503206896,NA,NA,NA,0.04009710283589485
low-salinity,corrected_fc,metabolic_scope,72-48,-1.7442727021545634,NA,NA,NA,0.5523465637836124
low-salinity,corrected_fc,metabolic_scope,74-48,-2.737958896246454,NA,NA,NA,0.007129997377699038
low-salinity,corrected_fc,metabolic_scope,76-48,-1.5715879657444844,NA,NA,NA,0.7867711322004958
low-salinity,corrected_fc,metabolic_scope,77-48,-0.44014623998218205,NA,NA,NA,0.9999999998635026
low-salinity,corrected_fc,metabolic_scope,78-48,0.7549629812167211,NA,NA,NA,0.9999983656999392
low-salinity,corrected_fc,metabolic_scope,79-48,-2.63041518525006,NA,NA,NA,0.007215339351312577
low-salinity,corrected_fc,metabolic_scope,80-48,-2.953940637797957,NA,NA,NA,0.0014840365774059228
low-salinity,corrected_fc,metabolic_scope,82-48,-0.6009135971423571,NA,NA,NA,0.999999947152264
low-salinity,corrected_fc,metabolic_scope,83-48,-2.5549984460966653,NA,NA,NA,0.02087668849339419
low-salinity,corrected_fc,metabolic_scope,84-48,-2.5605011201367667,NA,NA,NA,0.02309932970422346
low-salinity,corrected_fc,metabolic_scope,85-48,-2.61082588551644,NA,NA,NA,0.02016275365340081
low-salinity,corrected_fc,metabolic_scope,88-48,-1.1623219964759892,NA,NA,NA,0.9946982562997335
low-salinity,corrected_fc,metabolic_scope,90-48,-1.8718892717206383,NA,NA,NA,0.4632220134604862
low-salinity,corrected_fc,metabolic_scope,50-49,-1.518308933165529,NA,NA,NA,0.7284602605913146
low-salinity,corrected_fc,metabolic_scope,51-49,-1.6747140311631705,NA,NA,NA,0.5115881365720216
low-salinity,corrected_fc,metabolic_scope,54-49,0.7043694108507665,NA,NA,NA,0.9999994554748721
low-salinity,corrected_fc,metabolic_scope,55-49,-2.1073693158322175,NA,NA,NA,0.16614448422503325
low-salinity,corrected_fc,metabolic_scope,57-49,-2.348717260101643,NA,NA,NA,0.0374761007332538
low-salinity,corrected_fc,metabolic_scope,60-49,-2.213542078765337,NA,NA,NA,0.06802771777589578
low-salinity,corrected_fc,metabolic_scope,61-49,-2.2171727905360448,NA,NA,NA,0.06678866397868721
low-salinity,corrected_fc,metabolic_scope,70-49,-2.6056656239061886,NA,NA,NA,0.007018553090560431
low-salinity,corrected_fc,metabolic_scope,71-49,-1.8969148330531689,NA,NA,NA,0.30803184346485124
low-salinity,corrected_fc,metabolic_scope,72-49,-1.1845702848870427,NA,NA,NA,0.9738638557319719
low-salinity,corrected_fc,metabolic_scope,74-49,-2.178256478978933,NA,NA,NA,0.0896769773144559
low-salinity,corrected_fc,metabolic_scope,76-49,-1.0118855484769638,NA,NA,NA,0.9974842231694311
low-salinity,corrected_fc,metabolic_scope,77-49,0.11955617728533863,NA,NA,NA,1
low-salinity,corrected_fc,metabolic_scope,78-49,1.3146653984842418,NA,NA,NA,0.9781219884543093
low-salinity,corrected_fc,metabolic_scope,79-49,-2.0707127679825392,NA,NA,NA,0.0971326089620409
low-salinity,corrected_fc,metabolic_scope,80-49,-2.3942382205304362,NA,NA,NA,0.02559334752687703
low-salinity,corrected_fc,metabolic_scope,82-49,-0.04121117987483647,NA,NA,NA,1
low-salinity,corrected_fc,metabolic_scope,83-49,-1.9952960288291446,NA,NA,NA,0.1998567549053456
low-salinity,corrected_fc,metabolic_scope,84-49,-2.000798702869246,NA,NA,NA,0.21164756764556825
low-salinity,corrected_fc,metabolic_scope,85-49,-2.0511234682489192,NA,NA,NA,0.18925670749590284
low-salinity,corrected_fc,metabolic_scope,88-49,-0.6026195792084685,NA,NA,NA,0.9999999102563761
low-salinity,corrected_fc,metabolic_scope,90-49,-1.3121868544531177,NA,NA,NA,0.9437995032692694
low-salinity,corrected_fc,metabolic_scope,51-50,-0.15640509799764146,NA,NA,NA,1
low-salinity,corrected_fc,metabolic_scope,54-50,2.2226783440162956,NA,NA,NA,0.2509626532250788
low-salinity,corrected_fc,metabolic_scope,55-50,-0.5890603826666885,NA,NA,NA,0.9999998748919401
low-salinity,corrected_fc,metabolic_scope,57-50,-0.830408326936114,NA,NA,NA,0.9998475662131914
low-salinity,corrected_fc,metabolic_scope,60-50,-0.6952331455998078,NA,NA,NA,0.9999925617020269
low-salinity,corrected_fc,metabolic_scope,61-50,-0.6988638573705157,NA,NA,NA,0.9999917964457731
low-salinity,corrected_fc,metabolic_scope,70-50,-1.0873566907406595,NA,NA,NA,0.989715048074603
low-salinity,corrected_fc,metabolic_scope,71-50,-0.3786058998876398,NA,NA,NA,0.9999999999855196
low-salinity,corrected_fc,metabolic_scope,72-50,0.3337386482784863,NA,NA,NA,0.9999999999991368
low-salinity,corrected_fc,metabolic_scope,74-50,-0.6599475458134041,NA,NA,NA,0.999997707634851
low-salinity,corrected_fc,metabolic_scope,76-50,0.5064233846885653,NA,NA,NA,0.9999999932608116
low-salinity,corrected_fc,metabolic_scope,77-50,1.6378651104508677,NA,NA,NA,0.6419954343376402
low-salinity,corrected_fc,metabolic_scope,78-50,2.832974331649771,NA,NA,NA,0.014487718003916017
low-salinity,corrected_fc,metabolic_scope,79-50,-0.5524038348170102,NA,NA,NA,0.9999998440355524
low-salinity,corrected_fc,metabolic_scope,80-50,-0.8759292873649072,NA,NA,NA,0.9995662908619192
low-salinity,corrected_fc,metabolic_scope,82-50,1.4770977532906926,NA,NA,NA,0.8657109330812609
low-salinity,corrected_fc,metabolic_scope,83-50,-0.4769870956636155,NA,NA,NA,0.9999999970797872
low-salinity,corrected_fc,metabolic_scope,84-50,-0.48248976970371693,NA,NA,NA,0.9999999969916538
low-salinity,corrected_fc,metabolic_scope,85-50,-0.5328145350833902,NA,NA,NA,0.9999999802585073
low-salinity,corrected_fc,metabolic_scope,88-50,0.9156893539570605,NA,NA,NA,0.9997611268996923
low-salinity,corrected_fc,metabolic_scope,90-50,0.2061220787124114,NA,NA,NA,1
low-salinity,corrected_fc,metabolic_scope,54-51,2.379083442013937,NA,NA,NA,0.13690809312256513
low-salinity,corrected_fc,metabolic_scope,55-51,-0.432655284669047,NA,NA,NA,0.9999999997921494
low-salinity,corrected_fc,metabolic_scope,57-51,-0.6740032289384725,NA,NA,NA,0.999995923326535
low-salinity,corrected_fc,metabolic_scope,60-51,-0.5388280476021663,NA,NA,NA,0.9999999433098129
low-salinity,corrected_fc,metabolic_scope,61-51,-0.5424587593728742,NA,NA,NA,0.999999934856219
low-salinity,corrected_fc,metabolic_scope,70-51,-0.9309515927430181,NA,NA,NA,0.9986960026957026
low-salinity,corrected_fc,metabolic_scope,71-51,-0.22220080188999836,NA,NA,NA,1
low-salinity,corrected_fc,metabolic_scope,72-51,0.4901437462761278,NA,NA,NA,0.9999999936844876
low-salinity,corrected_fc,metabolic_scope,74-51,-0.5035424478157626,NA,NA,NA,0.9999999888015965
low-salinity,corrected_fc,metabolic_scope,76-51,0.6628284826862068,NA,NA,NA,0.999998035697229
low-salinity,corrected_fc,metabolic_scope,77-51,1.7942702084485092,NA,NA,NA,0.42843836238323685
low-salinity,corrected_fc,metabolic_scope,78-51,2.9893794296474123,NA,NA,NA,0.0053871529148810104
low-salinity,corrected_fc,metabolic_scope,79-51,-0.3959987368193687,NA,NA,NA,0.999999999840943
low-salinity,corrected_fc,metabolic_scope,80-51,-0.7195241893672657,NA,NA,NA,0.9999833283420376
low-salinity,corrected_fc,metabolic_scope,82-51,1.633502851288334,NA,NA,NA,0.7026169758008006
low-salinity,corrected_fc,metabolic_scope,83-51,-0.32058199766597406,NA,NA,NA,1
low-salinity,corrected_fc,metabolic_scope,84-51,-0.32608467170607547,NA,NA,NA,1
low-salinity,corrected_fc,metabolic_scope,85-51,-0.3764094370857487,NA,NA,NA,0.9999999999879401
low-salinity,corrected_fc,metabolic_scope,88-51,1.072094451954702,NA,NA,NA,0.9968682394807187
low-salinity,corrected_fc,metabolic_scope,90-51,0.36252717671005286,NA,NA,NA,0.9999999999961201
low-salinity,corrected_fc,metabolic_scope,55-54,-2.811738726682984,NA,NA,NA,0.03275894825021819
low-salinity,corrected_fc,metabolic_scope,57-54,-3.0530866709524096,NA,NA,NA,0.006600290446842516
low-salinity,corrected_fc,metabolic_scope,60-54,-2.9179114896161034,NA,NA,NA,0.012287293652113118
low-salinity,corrected_fc,metabolic_scope,61-54,-2.9215422013868113,NA,NA,NA,0.012051496258631111
low-salinity,corrected_fc,metabolic_scope,70-54,-3.310035034756955,NA,NA,NA,0.0012656185610777637
low-salinity,corrected_fc,metabolic_scope,71-54,-2.6012842439039354,NA,NA,NA,0.06878245369807467
low-salinity,corrected_fc,metabolic_scope,72-54,-1.8889396957378093,NA,NA,NA,0.6048306971404405
low-salinity,corrected_fc,metabolic_scope,74-54,-2.8826258898296997,NA,NA,NA,0.016471216529147847
low-salinity,corrected_fc,metabolic_scope,76-54,-1.7162549593277303,NA,NA,NA,0.8058739373378268
low-salinity,corrected_fc,metabolic_scope,77-54,-0.5848132335654279,NA,NA,NA,0.9999999926980405
low-salinity,corrected_fc,metabolic_scope,78-54,0.6102959876334753,NA,NA,NA,0.9999999964360378
low-salinity,corrected_fc,metabolic_scope,79-54,-2.7750821788333058,NA,NA,NA,0.01807836264726448
low-salinity,corrected_fc,metabolic_scope,80-54,-3.0986076313812028,NA,NA,NA,0.004504894802430104
low-salinity,corrected_fc,metabolic_scope,82-54,-0.745580590725603,NA,NA,NA,0.9999993820632704
low-salinity,corrected_fc,metabolic_scope,83-54,-2.699665439679911,NA,NA,NA,0.040469905981553644
low-salinity,corrected_fc,metabolic_scope,84-54,-2.7051681137200125,NA,NA,NA,0.04336449297251577
low-salinity,corrected_fc,metabolic_scope,85-54,-2.7554928790996858,NA,NA,NA,0.03806094261983184
low-salinity,corrected_fc,metabolic_scope,88-54,-1.306988990059235,NA,NA,NA,0.9925909802392067
low-salinity,corrected_fc,metabolic_scope,90-54,-2.016556265303884,NA,NA,NA,0.5167027983477659
low-salinity,corrected_fc,metabolic_scope,57-55,-0.24134794426942552,NA,NA,NA,1
low-salinity,corrected_fc,metabolic_scope,60-55,-0.10617276293311928,NA,NA,NA,1
low-salinity,corrected_fc,metabolic_scope,61-55,-0.10980347470382723,NA,NA,NA,1
low-salinity,corrected_fc,metabolic_scope,70-55,-0.4982963080739711,NA,NA,NA,0.999999996259316
low-salinity,corrected_fc,metabolic_scope,71-55,0.21045448277904866,NA,NA,NA,1
low-salinity,corrected_fc,metabolic_scope,72-55,0.9227990309451748,NA,NA,NA,0.9995544154504874
low-salinity,corrected_fc,metabolic_scope,74-55,-0.07088716314671561,NA,NA,NA,1
low-salinity,corrected_fc,metabolic_scope,76-55,1.0954837673552538,NA,NA,NA,0.9955437319662845
low-salinity,corrected_fc,metabolic_scope,77-55,2.226925493117556,NA,NA,NA,0.13037796330456308
low-salinity,corrected_fc,metabolic_scope,78-55,3.4220347143164593,NA,NA,NA,8.377559792491773e-4
low-salinity,corrected_fc,metabolic_scope,79-55,0.03665654784967831,NA,NA,NA,1
low-salinity,corrected_fc,metabolic_scope,80-55,-0.2868689046982187,NA,NA,NA,1
low-salinity,corrected_fc,metabolic_scope,82-55,2.066158135957381,NA,NA,NA,0.30481554671809286
low-salinity,corrected_fc,metabolic_scope,83-55,0.11207328700307295,NA,NA,NA,1
low-salinity,corrected_fc,metabolic_scope,84-55,0.10657061296297154,NA,NA,NA,1
low-salinity,corrected_fc,metabolic_scope,85-55,0.056245847583298314,NA,NA,NA,1
low-salinity,corrected_fc,metabolic_scope,88-55,1.504749736623749,NA,NA,NA,0.897538158396141
low-salinity,corrected_fc,metabolic_scope,90-55,0.7951824613790999,NA,NA,NA,0.999979674158241
low-salinity,corrected_fc,metabolic_scope,60-57,0.13517518133630624,NA,NA,NA,1
low-salinity,corrected_fc,metabolic_scope,61-57,0.1315444695655983,NA,NA,NA,1
low-salinity,corrected_fc,metabolic_scope,70-57,-0.25694836380454555,NA,NA,NA,1
low-salinity,corrected_fc,metabolic_scope,71-57,0.4518024270484742,NA,NA,NA,0.9999999994054914
low-salinity,corrected_fc,metabolic_scope,72-57,1.1641469752146003,NA,NA,NA,0.9809427047146544
low-salinity,corrected_fc,metabolic_scope,74-57,0.1704607811227099,NA,NA,NA,1
low-salinity,corrected_fc,metabolic_scope,76-57,1.3368317116246793,NA,NA,NA,0.9305898372268703
low-salinity,corrected_fc,metabolic_scope,77-57,2.4682734373869817,NA,NA,NA,0.028862355890428293
low-salinity,corrected_fc,metabolic_scope,78-57,3.663382658585885,NA,NA,NA,9.166706062346819e-5
low-salinity,corrected_fc,metabolic_scope,79-57,0.27800449211910383,NA,NA,NA,1
low-salinity,corrected_fc,metabolic_scope,80-57,-0.04552096042879317,NA,NA,NA,1
low-salinity,corrected_fc,metabolic_scope,82-57,2.3075060802268066,NA,NA,NA,0.09731097838566827
low-salinity,corrected_fc,metabolic_scope,83-57,0.35342123127249847,NA,NA,NA,0.9999999999969705
low-salinity,corrected_fc,metabolic_scope,84-57,0.34791855723239706,NA,NA,NA,0.9999999999983811
low-salinity,corrected_fc,metabolic_scope,85-57,0.29759379185272383,NA,NA,NA,1
low-salinity,corrected_fc,metabolic_scope,88-57,1.7460976808931745,NA,NA,NA,0.6307357113064364
low-salinity,corrected_fc,metabolic_scope,90-57,1.0365304056485254,NA,NA,NA,0.9973366213809273
low-salinity,corrected_fc,metabolic_scope,61-60,-0.0036307117707079506,NA,NA,NA,1
low-salinity,corrected_fc,metabolic_scope,70-60,-0.3921235451408518,NA,NA,NA,0.9999999999506405
low-salinity,corrected_fc,metabolic_scope,71-60,0.31662724571216794,NA,NA,NA,1
low-salinity,corrected_fc,metabolic_scope,72-60,1.028971793878294,NA,NA,NA,0.9956977080578844
low-salinity,corrected_fc,metabolic_scope,74-60,0.035285599786403665,NA,NA,NA,1
low-salinity,corrected_fc,metabolic_scope,76-60,1.201656530288373,NA,NA,NA,0.9757574139193329
low-salinity,corrected_fc,metabolic_scope,77-60,2.3330982560506754,NA,NA,NA,0.052596092935676464
low-salinity,corrected_fc,metabolic_scope,78-60,3.5282074772495786,NA,NA,NA,1.9663335681319172e-4
low-salinity,corrected_fc,metabolic_scope,79-60,0.1428293107827976,NA,NA,NA,1
low-salinity,corrected_fc,metabolic_scope,80-60,-0.1806961417650994,NA,NA,NA,1
low-salinity,corrected_fc,metabolic_scope,82-60,2.1723308988905004,NA,NA,NA,0.15876430371425454
low-salinity,corrected_fc,metabolic_scope,83-60,0.21824604993619223,NA,NA,NA,1
low-salinity,corrected_fc,metabolic_scope,84-60,0.21274337589609082,NA,NA,NA,1
low-salinity,corrected_fc,metabolic_scope,85-60,0.1624186105164176,NA,NA,NA,1
low-salinity,corrected_fc,metabolic_scope,88-60,1.6109224995568683,NA,NA,NA,0.7649680369786253
low-salinity,corrected_fc,metabolic_scope,90-60,0.9013552243122191,NA,NA,NA,0.9996495790743675
low-salinity,corrected_fc,metabolic_scope,70-61,-0.38849283337014384,NA,NA,NA,0.9999999999598728
low-salinity,corrected_fc,metabolic_scope,71-61,0.3202579574828759,NA,NA,NA,1
low-salinity,corrected_fc,metabolic_scope,72-61,1.032602505649002,NA,NA,NA,0.9954807014562823
low-salinity,corrected_fc,metabolic_scope,74-61,0.038916311557111616,NA,NA,NA,1
low-salinity,corrected_fc,metabolic_scope,76-61,1.205287242059081,NA,NA,NA,0.9748894087370213
low-salinity,corrected_fc,metabolic_scope,77-61,2.3367289678213834,NA,NA,NA,0.051630088751461245
low-salinity,corrected_fc,metabolic_scope,78-61,3.5318381890202866,NA,NA,NA,1.917365391264081e-4
low-salinity,corrected_fc,metabolic_scope,79-61,0.14646002255350554,NA,NA,NA,1
low-salinity,corrected_fc,metabolic_scope,80-61,-0.17706542999439145,NA,NA,NA,1
low-salinity,corrected_fc,metabolic_scope,82-61,2.1759616106612083,NA,NA,NA,0.15647620684034913
low-salinity,corrected_fc,metabolic_scope,83-61,0.22187676170690018,NA,NA,NA,1
low-salinity,corrected_fc,metabolic_scope,84-61,0.21637408766679878,NA,NA,NA,1
low-salinity,corrected_fc,metabolic_scope,85-61,0.16604932228712554,NA,NA,NA,1
low-salinity,corrected_fc,metabolic_scope,88-61,1.6145532113275762,NA,NA,NA,0.761272206680226
low-salinity,corrected_fc,metabolic_scope,90-61,0.9049859360829271,NA,NA,NA,0.9996257489160001
low-salinity,corrected_fc,metabolic_scope,71-70,0.7087507908530197,NA,NA,NA,0.9999926110598081
low-salinity,corrected_fc,metabolic_scope,72-70,1.4210953390191459,NA,NA,NA,0.8435221471534581
low-salinity,corrected_fc,metabolic_scope,74-70,0.42740914492725546,NA,NA,NA,0.9999999997312348
low-salinity,corrected_fc,metabolic_scope,76-70,1.5937800754292248,NA,NA,NA,0.6952167710768968
low-salinity,corrected_fc,metabolic_scope,77-70,2.7252218011915272,NA,NA,NA,0.005468724600530495
low-salinity,corrected_fc,metabolic_scope,78-70,3.9203310223904304,NA,NA,NA,1.1137147536754988e-5
low-salinity,corrected_fc,metabolic_scope,79-70,0.5349528559236494,NA,NA,NA,0.9999999192503026
low-salinity,corrected_fc,metabolic_scope,80-70,0.2114274033757524,NA,NA,NA,1
low-salinity,corrected_fc,metabolic_scope,82-70,2.564454444031352,NA,NA,NA,0.02492574291278149
low-salinity,corrected_fc,metabolic_scope,83-70,0.610369595077044,NA,NA,NA,0.9999995075367267
low-salinity,corrected_fc,metabolic_scope,84-70,0.6048669210369426,NA,NA,NA,0.9999996646127246
low-salinity,corrected_fc,metabolic_scope,85-70,0.5545421556572694,NA,NA,NA,0.9999999544798415
low-salinity,corrected_fc,metabolic_scope,88-70,2.00304604469772,NA,NA,NA,0.3210698395811097
low-salinity,corrected_fc,metabolic_scope,90-70,1.293478769453071,NA,NA,NA,0.9515861495671902
low-salinity,corrected_fc,metabolic_scope,72-71,0.7123445481661261,NA,NA,NA,0.9999931609675062
low-salinity,corrected_fc,metabolic_scope,74-71,-0.28134164592576427,NA,NA,NA,1
low-salinity,corrected_fc,metabolic_scope,76-71,0.8850292845762051,NA,NA,NA,0.9997697938901432
low-salinity,corrected_fc,metabolic_scope,77-71,2.0164710103385075,NA,NA,NA,0.24814808874097283
low-salinity,corrected_fc,metabolic_scope,78-71,3.2115802315374107,NA,NA,NA,0.0021580908715882474
low-salinity,corrected_fc,metabolic_scope,79-71,-0.17379793492937035,NA,NA,NA,1
low-salinity,corrected_fc,metabolic_scope,80-71,-0.49732338747726734,NA,NA,NA,0.999999994247794
low-salinity,corrected_fc,metabolic_scope,82-71,1.8557036531783324,NA,NA,NA,0.4905088039641722
low-salinity,corrected_fc,metabolic_scope,83-71,-0.0983811957759757,NA,NA,NA,1
low-salinity,corrected_fc,metabolic_scope,84-71,-0.10388386981607711,NA,NA,NA,1
low-salinity,corrected_fc,metabolic_scope,85-71,-0.15420863519575034,NA,NA,NA,1
low-salinity,corrected_fc,metabolic_scope,88-71,1.2942952538447003,NA,NA,NA,0.9736397708192429
low-salinity,corrected_fc,metabolic_scope,90-71,0.5847279786000512,NA,NA,NA,0.9999999258556229
low-salinity,corrected_fc,metabolic_scope,74-72,-0.9936861940918904,NA,NA,NA,0.9977195119017271
low-salinity,corrected_fc,metabolic_scope,76-72,0.17268473641007898,NA,NA,NA,1
low-salinity,corrected_fc,metabolic_scope,77-72,1.3041264621723814,NA,NA,NA,0.9459267416917161
low-salinity,corrected_fc,metabolic_scope,78-72,2.4992356833712845,NA,NA,NA,0.08009411119160992
low-salinity,corrected_fc,metabolic_scope,79-72,-0.8861424830954965,NA,NA,NA,0.9992439483543987
low-salinity,corrected_fc,metabolic_scope,80-72,-1.2096679356433935,NA,NA,NA,0.9668239259326934
low-salinity,corrected_fc,metabolic_scope,82-72,1.1433591050122063,NA,NA,NA,0.9925831482650118
low-salinity,corrected_fc,metabolic_scope,83-72,-0.8107257439421018,NA,NA,NA,0.9999141370397582
low-salinity,corrected_fc,metabolic_scope,84-72,-0.8162284179822032,NA,NA,NA,0.9999187064995804
low-salinity,corrected_fc,metabolic_scope,85-72,-0.8665531833618765,NA,NA,NA,0.9998104966311252
low-salinity,corrected_fc,metabolic_scope,88-72,0.5819507056785742,NA,NA,NA,0.9999999631838072
low-salinity,corrected_fc,metabolic_scope,90-72,-0.12761656956607492,NA,NA,NA,1
low-salinity,corrected_fc,metabolic_scope,76-74,1.1663709305019694,NA,NA,NA,0.9847995120733513
low-salinity,corrected_fc,metabolic_scope,77-74,2.297812656264272,NA,NA,NA,0.06949922845992496
low-salinity,corrected_fc,metabolic_scope,78-74,3.492921877463175,NA,NA,NA,2.990881552991098e-4
low-salinity,corrected_fc,metabolic_scope,79-74,0.10754371099639393,NA,NA,NA,1
low-salinity,corrected_fc,metabolic_scope,80-74,-0.21598174155150307,NA,NA,NA,1
low-salinity,corrected_fc,metabolic_scope,82-74,2.1370452991040967,NA,NA,NA,0.19507080735807725
low-salinity,corrected_fc,metabolic_scope,83-74,0.18296045014978857,NA,NA,NA,1
low-salinity,corrected_fc,metabolic_scope,84-74,0.17745777610968716,NA,NA,NA,1
low-salinity,corrected_fc,metabolic_scope,85-74,0.12713301073001393,NA,NA,NA,1
low-salinity,corrected_fc,metabolic_scope,88-74,1.5756368997704646,NA,NA,NA,0.8113048800968116
low-salinity,corrected_fc,metabolic_scope,90-74,0.8660696245258155,NA,NA,NA,0.9998446542888269
low-salinity,corrected_fc,metabolic_scope,77-76,1.1314417257623024,NA,NA,NA,0.9919948785439925
low-salinity,corrected_fc,metabolic_scope,78-76,2.3265509469612056,NA,NA,NA,0.18346499268453187
low-salinity,corrected_fc,metabolic_scope,79-76,-1.0588272195055755,NA,NA,NA,0.9926512006944245
low-salinity,corrected_fc,metabolic_scope,80-76,-1.3823526720534725,NA,NA,NA,0.8964424472747361
low-salinity,corrected_fc,metabolic_scope,82-76,0.9706743686021273,NA,NA,NA,0.9994958199619594
low-salinity,corrected_fc,metabolic_scope,83-76,-0.9834104803521808,NA,NA,NA,0.9985599576430457
low-salinity,corrected_fc,metabolic_scope,84-76,-0.9889131543922822,NA,NA,NA,0.998643340127471
low-salinity,corrected_fc,metabolic_scope,85-76,-1.0392379197719555,NA,NA,NA,0.9975533167239732
low-salinity,corrected_fc,metabolic_scope,88-76,0.40926596926849523,NA,NA,NA,0.9999999999882276
low-salinity,corrected_fc,metabolic_scope,90-76,-0.3003013059761539,NA,NA,NA,1
low-salinity,corrected_fc,metabolic_scope,78-77,1.1951092211989032,NA,NA,NA,0.9952760706284558
low-salinity,corrected_fc,metabolic_scope,79-77,-2.190268945267878,NA,NA,NA,0.07560201081795681
low-salinity,corrected_fc,metabolic_scope,80-77,-2.513794397815775,NA,NA,NA,0.019743891263695024
low-salinity,corrected_fc,metabolic_scope,82-77,-0.1607673571601751,NA,NA,NA,1
low-salinity,corrected_fc,metabolic_scope,83-77,-2.114852206114483,NA,NA,NA,0.15784551736821806
low-salinity,corrected_fc,metabolic_scope,84-77,-2.1203548801545846,NA,NA,NA,0.1675021739833069
low-salinity,corrected_fc,metabolic_scope,85-77,-2.170679645534258,NA,NA,NA,0.14916331665750004
low-salinity,corrected_fc,metabolic_scope,88-77,-0.7221757564938072,NA,NA,NA,0.9999979954588814
low-salinity,corrected_fc,metabolic_scope,90-77,-1.4317430317384563,NA,NA,NA,0.9003277204410858
low-salinity,corrected_fc,metabolic_scope,79-78,-3.385378166466781,NA,NA,NA,2.8747703792020296e-4
low-salinity,corrected_fc,metabolic_scope,80-78,-3.708903619014678,NA,NA,NA,5.430935321071306e-5
low-salinity,corrected_fc,metabolic_scope,82-78,-1.3558765783590783,NA,NA,NA,0.9831099294836281
low-salinity,corrected_fc,metabolic_scope,83-78,-3.3099614273133864,NA,NA,NA,9.969751104373925e-4
low-salinity,corrected_fc,metabolic_scope,84-78,-3.315464101353488,NA,NA,NA,0.0011352886862625589
low-salinity,corrected_fc,metabolic_scope,85-78,-3.365788866733161,NA,NA,NA,9.860978045346247e-4
low-salinity,corrected_fc,metabolic_scope,88-78,-1.9172849776927103,NA,NA,NA,0.6510284221127609
low-salinity,corrected_fc,metabolic_scope,90-78,-2.6268522529373595,NA,NA,NA,0.06089714362377174
low-salinity,corrected_fc,metabolic_scope,80-79,-0.323525452547897,NA,NA,NA,0.9999999999987865
low-salinity,corrected_fc,metabolic_scope,82-79,2.0295015881077028,NA,NA,NA,0.2180037184721959
low-salinity,corrected_fc,metabolic_scope,83-79,0.07541673915339464,NA,NA,NA,1
low-salinity,corrected_fc,metabolic_scope,84-79,0.06991406511329323,NA,NA,NA,1
low-salinity,corrected_fc,metabolic_scope,85-79,0.019589299733620003,NA,NA,NA,1
low-salinity,corrected_fc,metabolic_scope,88-79,1.4680931887740707,NA,NA,NA,0.8561551687458168
low-salinity,corrected_fc,metabolic_scope,90-79,0.7585259135294216,NA,NA,NA,0.9999697439968842
low-salinity,corrected_fc,metabolic_scope,82-80,2.3530270406555998,NA,NA,NA,0.07243740669869525
low-salinity,corrected_fc,metabolic_scope,83-80,0.39894219170129164,NA,NA,NA,0.9999999999414044
low-salinity,corrected_fc,metabolic_scope,84-80,0.39343951766119023,NA,NA,NA,0.9999999999656568
low-salinity,corrected_fc,metabolic_scope,85-80,0.343114752281517,NA,NA,NA,0.9999999999989404
low-salinity,corrected_fc,metabolic_scope,88-80,1.7916186413219677,NA,NA,NA,0.5596488297789789
low-salinity,corrected_fc,metabolic_scope,90-80,1.0820513660773186,NA,NA,NA,0.9944692562560519
low-salinity,corrected_fc,metabolic_scope,83-82,-1.9540848489543081,NA,NA,NA,0.3602630103137483
low-salinity,corrected_fc,metabolic_scope,84-82,-1.9595875229944095,NA,NA,NA,0.37289077719048536
low-salinity,corrected_fc,metabolic_scope,85-82,-2.0099122883740828,NA,NA,NA,0.33990085845354523
low-salinity,corrected_fc,metabolic_scope,88-82,-0.5614083993336321,NA,NA,NA,0.9999999938919505
low-salinity,corrected_fc,metabolic_scope,90-82,-1.2709756745782812,NA,NA,NA,0.9801866230290569
low-salinity,corrected_fc,metabolic_scope,84-83,-0.005502674040101407,NA,NA,NA,1
low-salinity,corrected_fc,metabolic_scope,85-83,-0.05582743941977464,NA,NA,NA,1
low-salinity,corrected_fc,metabolic_scope,88-83,1.392676449620676,NA,NA,NA,0.9362330224311878
low-salinity,corrected_fc,metabolic_scope,90-83,0.6831091743760269,NA,NA,NA,0.9999979769441707
low-salinity,corrected_fc,metabolic_scope,85-84,-0.05032476537967323,NA,NA,NA,1
low-salinity,corrected_fc,metabolic_scope,88-84,1.3981791236607775,NA,NA,NA,0.9391619245165572
low-salinity,corrected_fc,metabolic_scope,90-84,0.6886118484161283,NA,NA,NA,0.9999980265602725
low-salinity,corrected_fc,metabolic_scope,88-85,1.4485038890404507,NA,NA,NA,0.9212750759897148
low-salinity,corrected_fc,metabolic_scope,90-85,0.7389366137958016,NA,NA,NA,0.9999936852044709
low-salinity,corrected_fc,metabolic_scope,90-88,-0.7095672752446491,NA,NA,NA,0.999998826646924
low-salinity,corrected_fc,peak_value,48-47,1.6386774979040233,NA,NA,NA,0.6636681580055672
low-salinity,corrected_fc,peak_value,49-47,1.0789750806365026,NA,NA,NA,0.9906986143083161
low-salinity,corrected_fc,peak_value,50-47,-0.43933385252902646,NA,NA,NA,0.9999999993951825
low-salinity,corrected_fc,peak_value,51-47,-0.5957389505266679,NA,NA,NA,0.999999560893335
low-salinity,corrected_fc,peak_value,54-47,1.7833444914872691,NA,NA,NA,0.7046131553195228
low-salinity,corrected_fc,peak_value,55-47,-1.028394235195715,NA,NA,NA,0.9973020385723601
low-salinity,corrected_fc,peak_value,57-47,-1.2697421794651405,NA,NA,NA,0.9442097938298764
low-salinity,corrected_fc,peak_value,60-47,-1.1345669981288342,NA,NA,NA,0.9824643622924922
low-salinity,corrected_fc,peak_value,61-47,-1.1381977098995422,NA,NA,NA,0.9817702432818265
low-salinity,corrected_fc,peak_value,70-47,-1.526690543269686,NA,NA,NA,0.7186115249357307
low-salinity,corrected_fc,peak_value,71-47,-0.8179397524166663,NA,NA,NA,0.9999011347840119
low-salinity,corrected_fc,peak_value,72-47,-0.10559520425054014,NA,NA,NA,1
low-salinity,corrected_fc,peak_value,74-47,-1.0992813983424305,NA,NA,NA,0.9895297523083293
low-salinity,corrected_fc,peak_value,76-47,0.06708953215953883,NA,NA,NA,1
low-salinity,corrected_fc,peak_value,77-47,1.1985312579218412,NA,NA,NA,0.9764856646994813
low-salinity,corrected_fc,peak_value,78-47,2.3936404791207444,NA,NA,NA,0.11535306011696234
low-salinity,corrected_fc,peak_value,79-47,-0.9917376873460366,NA,NA,NA,0.9953212310540649
low-salinity,corrected_fc,peak_value,80-47,-1.3152631398939336,NA,NA,NA,0.9133964982187386
low-salinity,corrected_fc,peak_value,82-47,1.0377639007616661,NA,NA,NA,0.9978655212941029
low-salinity,corrected_fc,peak_value,83-47,-0.916320948192642,NA,NA,NA,0.9992344455613175
low-salinity,corrected_fc,peak_value,84-47,-0.9218236222327434,NA,NA,NA,0.9992823533077974
low-salinity,corrected_fc,peak_value,85-47,-0.9721483876124166,NA,NA,NA,0.9986145877109942
low-salinity,corrected_fc,peak_value,88-47,0.47635550142803407,NA,NA,NA,0.9999999993916
low-salinity,corrected_fc,peak_value,90-47,-0.23321177381661506,NA,NA,NA,1
low-salinity,corrected_fc,peak_value,49-48,-0.5597024172675207,NA,NA,NA,0.9999999564389757
low-salinity,corrected_fc,peak_value,50-48,-2.0780113504330497,NA,NA,NA,0.18674547626287696
low-salinity,corrected_fc,peak_value,51-48,-2.234416448430691,NA,NA,NA,0.08821955060239717
low-salinity,corrected_fc,peak_value,54-48,0.14466699358324586,NA,NA,NA,1
low-salinity,corrected_fc,peak_value,55-48,-2.667071733099738,NA,NA,NA,0.017233068324903345
low-salinity,corrected_fc,peak_value,57-48,-2.9084196773691637,NA,NA,NA,0.002399772350613172
low-salinity,corrected_fc,peak_value,60-48,-2.7732444960328575,NA,NA,NA,0.004914261883783744
low-salinity,corrected_fc,peak_value,61-48,-2.7768752078035654,NA,NA,NA,0.0048017546450509485
low-salinity,corrected_fc,peak_value,70-48,-3.1653680411737093,NA,NA,NA,3.276273300388821e-4
low-salinity,corrected_fc,peak_value,71-48,-2.4566172503206896,NA,NA,NA,0.04009710283589485
low-salinity,corrected_fc,peak_value,72-48,-1.7442727021545634,NA,NA,NA,0.5523465637836124
low-salinity,corrected_fc,peak_value,74-48,-2.737958896246454,NA,NA,NA,0.007129997377699038
low-salinity,corrected_fc,peak_value,76-48,-1.5715879657444844,NA,NA,NA,0.7867711322004958
low-salinity,corrected_fc,peak_value,77-48,-0.44014623998218205,NA,NA,NA,0.9999999998635026
low-salinity,corrected_fc,peak_value,78-48,0.7549629812167211,NA,NA,NA,0.9999983656999392
low-salinity,corrected_fc,peak_value,79-48,-2.63041518525006,NA,NA,NA,0.007215339351312577
low-salinity,corrected_fc,peak_value,80-48,-2.953940637797957,NA,NA,NA,0.0014840365774059228
low-salinity,corrected_fc,peak_value,82-48,-0.6009135971423571,NA,NA,NA,0.999999947152264
low-salinity,corrected_fc,peak_value,83-48,-2.5549984460966653,NA,NA,NA,0.02087668849339419
low-salinity,corrected_fc,peak_value,84-48,-2.5605011201367667,NA,NA,NA,0.02309932970422346
low-salinity,corrected_fc,peak_value,85-48,-2.61082588551644,NA,NA,NA,0.02016275365340081
low-salinity,corrected_fc,peak_value,88-48,-1.1623219964759892,NA,NA,NA,0.9946982562997335
low-salinity,corrected_fc,peak_value,90-48,-1.8718892717206383,NA,NA,NA,0.4632220134604862
low-salinity,corrected_fc,peak_value,50-49,-1.518308933165529,NA,NA,NA,0.7284602605913146
low-salinity,corrected_fc,peak_value,51-49,-1.6747140311631705,NA,NA,NA,0.5115881365720216
low-salinity,corrected_fc,peak_value,54-49,0.7043694108507665,NA,NA,NA,0.9999994554748721
low-salinity,corrected_fc,peak_value,55-49,-2.1073693158322175,NA,NA,NA,0.16614448422503325
low-salinity,corrected_fc,peak_value,57-49,-2.348717260101643,NA,NA,NA,0.0374761007332538
low-salinity,corrected_fc,peak_value,60-49,-2.213542078765337,NA,NA,NA,0.06802771777589578
low-salinity,corrected_fc,peak_value,61-49,-2.2171727905360448,NA,NA,NA,0.06678866397868721
low-salinity,corrected_fc,peak_value,70-49,-2.6056656239061886,NA,NA,NA,0.007018553090560431
low-salinity,corrected_fc,peak_value,71-49,-1.8969148330531689,NA,NA,NA,0.30803184346485124
low-salinity,corrected_fc,peak_value,72-49,-1.1845702848870427,NA,NA,NA,0.9738638557319719
low-salinity,corrected_fc,peak_value,74-49,-2.178256478978933,NA,NA,NA,0.0896769773144559
low-salinity,corrected_fc,peak_value,76-49,-1.0118855484769638,NA,NA,NA,0.9974842231694311
low-salinity,corrected_fc,peak_value,77-49,0.11955617728533863,NA,NA,NA,1
low-salinity,corrected_fc,peak_value,78-49,1.3146653984842418,NA,NA,NA,0.9781219884543093
low-salinity,corrected_fc,peak_value,79-49,-2.0707127679825392,NA,NA,NA,0.0971326089620409
low-salinity,corrected_fc,peak_value,80-49,-2.3942382205304362,NA,NA,NA,0.02559334752687703
low-salinity,corrected_fc,peak_value,82-49,-0.04121117987483647,NA,NA,NA,1
low-salinity,corrected_fc,peak_value,83-49,-1.9952960288291446,NA,NA,NA,0.1998567549053456
low-salinity,corrected_fc,peak_value,84-49,-2.000798702869246,NA,NA,NA,0.21164756764556825
low-salinity,corrected_fc,peak_value,85-49,-2.0511234682489192,NA,NA,NA,0.18925670749590284
low-salinity,corrected_fc,peak_value,88-49,-0.6026195792084685,NA,NA,NA,0.9999999102563761
low-salinity,corrected_fc,peak_value,90-49,-1.3121868544531177,NA,NA,NA,0.9437995032692694
low-salinity,corrected_fc,peak_value,51-50,-0.15640509799764146,NA,NA,NA,1
low-salinity,corrected_fc,peak_value,54-50,2.2226783440162956,NA,NA,NA,0.2509626532250788
low-salinity,corrected_fc,peak_value,55-50,-0.5890603826666885,NA,NA,NA,0.9999998748919401
low-salinity,corrected_fc,peak_value,57-50,-0.830408326936114,NA,NA,NA,0.9998475662131914
low-salinity,corrected_fc,peak_value,60-50,-0.6952331455998078,NA,NA,NA,0.9999925617020269
low-salinity,corrected_fc,peak_value,61-50,-0.6988638573705157,NA,NA,NA,0.9999917964457731
low-salinity,corrected_fc,peak_value,70-50,-1.0873566907406595,NA,NA,NA,0.989715048074603
low-salinity,corrected_fc,peak_value,71-50,-0.3786058998876398,NA,NA,NA,0.9999999999855196
low-salinity,corrected_fc,peak_value,72-50,0.3337386482784863,NA,NA,NA,0.9999999999991368
low-salinity,corrected_fc,peak_value,74-50,-0.6599475458134041,NA,NA,NA,0.999997707634851
low-salinity,corrected_fc,peak_value,76-50,0.5064233846885653,NA,NA,NA,0.9999999932608116
low-salinity,corrected_fc,peak_value,77-50,1.6378651104508677,NA,NA,NA,0.6419954343376402
low-salinity,corrected_fc,peak_value,78-50,2.832974331649771,NA,NA,NA,0.014487718003916017
low-salinity,corrected_fc,peak_value,79-50,-0.5524038348170102,NA,NA,NA,0.9999998440355524
low-salinity,corrected_fc,peak_value,80-50,-0.8759292873649072,NA,NA,NA,0.9995662908619192
low-salinity,corrected_fc,peak_value,82-50,1.4770977532906926,NA,NA,NA,0.8657109330812609
low-salinity,corrected_fc,peak_value,83-50,-0.4769870956636155,NA,NA,NA,0.9999999970797872
low-salinity,corrected_fc,peak_value,84-50,-0.48248976970371693,NA,NA,NA,0.9999999969916538
low-salinity,corrected_fc,peak_value,85-50,-0.5328145350833902,NA,NA,NA,0.9999999802585073
low-salinity,corrected_fc,peak_value,88-50,0.9156893539570605,NA,NA,NA,0.9997611268996923
low-salinity,corrected_fc,peak_value,90-50,0.2061220787124114,NA,NA,NA,1
low-salinity,corrected_fc,peak_value,54-51,2.379083442013937,NA,NA,NA,0.13690809312256513
low-salinity,corrected_fc,peak_value,55-51,-0.432655284669047,NA,NA,NA,0.9999999997921494
low-salinity,corrected_fc,peak_value,57-51,-0.6740032289384725,NA,NA,NA,0.999995923326535
low-salinity,corrected_fc,peak_value,60-51,-0.5388280476021663,NA,NA,NA,0.9999999433098129
low-salinity,corrected_fc,peak_value,61-51,-0.5424587593728742,NA,NA,NA,0.999999934856219
low-salinity,corrected_fc,peak_value,70-51,-0.9309515927430181,NA,NA,NA,0.9986960026957026
low-salinity,corrected_fc,peak_value,71-51,-0.22220080188999836,NA,NA,NA,1
low-salinity,corrected_fc,peak_value,72-51,0.4901437462761278,NA,NA,NA,0.9999999936844876
low-salinity,corrected_fc,peak_value,74-51,-0.5035424478157626,NA,NA,NA,0.9999999888015965
low-salinity,corrected_fc,peak_value,76-51,0.6628284826862068,NA,NA,NA,0.999998035697229
low-salinity,corrected_fc,peak_value,77-51,1.7942702084485092,NA,NA,NA,0.42843836238323685
low-salinity,corrected_fc,peak_value,78-51,2.9893794296474123,NA,NA,NA,0.0053871529148810104
low-salinity,corrected_fc,peak_value,79-51,-0.3959987368193687,NA,NA,NA,0.999999999840943
low-salinity,corrected_fc,peak_value,80-51,-0.7195241893672657,NA,NA,NA,0.9999833283420376
low-salinity,corrected_fc,peak_value,82-51,1.633502851288334,NA,NA,NA,0.7026169758008006
low-salinity,corrected_fc,peak_value,83-51,-0.32058199766597406,NA,NA,NA,1
low-salinity,corrected_fc,peak_value,84-51,-0.32608467170607547,NA,NA,NA,1
low-salinity,corrected_fc,peak_value,85-51,-0.3764094370857487,NA,NA,NA,0.9999999999879401
low-salinity,corrected_fc,peak_value,88-51,1.072094451954702,NA,NA,NA,0.9968682394807187
low-salinity,corrected_fc,peak_value,90-51,0.36252717671005286,NA,NA,NA,0.9999999999961201
low-salinity,corrected_fc,peak_value,55-54,-2.811738726682984,NA,NA,NA,0.03275894825021819
low-salinity,corrected_fc,peak_value,57-54,-3.0530866709524096,NA,NA,NA,0.006600290446842516
low-salinity,corrected_fc,peak_value,60-54,-2.9179114896161034,NA,NA,NA,0.012287293652113118
low-salinity,corrected_fc,peak_value,61-54,-2.9215422013868113,NA,NA,NA,0.012051496258631111
low-salinity,corrected_fc,peak_value,70-54,-3.310035034756955,NA,NA,NA,0.0012656185610777637
low-salinity,corrected_fc,peak_value,71-54,-2.6012842439039354,NA,NA,NA,0.06878245369807467
low-salinity,corrected_fc,peak_value,72-54,-1.8889396957378093,NA,NA,NA,0.6048306971404405
low-salinity,corrected_fc,peak_value,74-54,-2.8826258898296997,NA,NA,NA,0.016471216529147847
low-salinity,corrected_fc,peak_value,76-54,-1.7162549593277303,NA,NA,NA,0.8058739373378268
low-salinity,corrected_fc,peak_value,77-54,-0.5848132335654279,NA,NA,NA,0.9999999926980405
low-salinity,corrected_fc,peak_value,78-54,0.6102959876334753,NA,NA,NA,0.9999999964360378
low-salinity,corrected_fc,peak_value,79-54,-2.7750821788333058,NA,NA,NA,0.01807836264726448
low-salinity,corrected_fc,peak_value,80-54,-3.0986076313812028,NA,NA,NA,0.004504894802430104
low-salinity,corrected_fc,peak_value,82-54,-0.745580590725603,NA,NA,NA,0.9999993820632704
low-salinity,corrected_fc,peak_value,83-54,-2.699665439679911,NA,NA,NA,0.040469905981553644
low-salinity,corrected_fc,peak_value,84-54,-2.7051681137200125,NA,NA,NA,0.04336449297251577
low-salinity,corrected_fc,peak_value,85-54,-2.7554928790996858,NA,NA,NA,0.03806094261983184
low-salinity,corrected_fc,peak_value,88-54,-1.306988990059235,NA,NA,NA,0.9925909802392067
low-salinity,corrected_fc,peak_value,90-54,-2.016556265303884,NA,NA,NA,0.5167027983477659
low-salinity,corrected_fc,peak_value,57-55,-0.24134794426942552,NA,NA,NA,1
low-salinity,corrected_fc,peak_value,60-55,-0.10617276293311928,NA,NA,NA,1
low-salinity,corrected_fc,peak_value,61-55,-0.10980347470382723,NA,NA,NA,1
low-salinity,corrected_fc,peak_value,70-55,-0.4982963080739711,NA,NA,NA,0.999999996259316
low-salinity,corrected_fc,peak_value,71-55,0.21045448277904866,NA,NA,NA,1
low-salinity,corrected_fc,peak_value,72-55,0.9227990309451748,NA,NA,NA,0.9995544154504874
low-salinity,corrected_fc,peak_value,74-55,-0.07088716314671561,NA,NA,NA,1
low-salinity,corrected_fc,peak_value,76-55,1.0954837673552538,NA,NA,NA,0.9955437319662845
low-salinity,corrected_fc,peak_value,77-55,2.226925493117556,NA,NA,NA,0.13037796330456308
low-salinity,corrected_fc,peak_value,78-55,3.4220347143164593,NA,NA,NA,8.377559792491773e-4
low-salinity,corrected_fc,peak_value,79-55,0.03665654784967831,NA,NA,NA,1
low-salinity,corrected_fc,peak_value,80-55,-0.2868689046982187,NA,NA,NA,1
low-salinity,corrected_fc,peak_value,82-55,2.066158135957381,NA,NA,NA,0.30481554671809286
low-salinity,corrected_fc,peak_value,83-55,0.11207328700307295,NA,NA,NA,1
low-salinity,corrected_fc,peak_value,84-55,0.10657061296297154,NA,NA,NA,1
low-salinity,corrected_fc,peak_value,85-55,0.056245847583298314,NA,NA,NA,1
low-salinity,corrected_fc,peak_value,88-55,1.504749736623749,NA,NA,NA,0.897538158396141
low-salinity,corrected_fc,peak_value,90-55,0.7951824613790999,NA,NA,NA,0.999979674158241
low-salinity,corrected_fc,peak_value,60-57,0.13517518133630624,NA,NA,NA,1
low-salinity,corrected_fc,peak_value,61-57,0.1315444695655983,NA,NA,NA,1
low-salinity,corrected_fc,peak_value,70-57,-0.25694836380454555,NA,NA,NA,1
low-salinity,corrected_fc,peak_value,71-57,0.4518024270484742,NA,NA,NA,0.9999999994054914
low-salinity,corrected_fc,peak_value,72-57,1.1641469752146003,NA,NA,NA,0.9809427047146544
low-salinity,corrected_fc,peak_value,74-57,0.1704607811227099,NA,NA,NA,1
low-salinity,corrected_fc,peak_value,76-57,1.3368317116246793,NA,NA,NA,0.9305898372268703
low-salinity,corrected_fc,peak_value,77-57,2.4682734373869817,NA,NA,NA,0.028862355890428293
low-salinity,corrected_fc,peak_value,78-57,3.663382658585885,NA,NA,NA,9.166706062346819e-5
low-salinity,corrected_fc,peak_value,79-57,0.27800449211910383,NA,NA,NA,1
low-salinity,corrected_fc,peak_value,80-57,-0.04552096042879317,NA,NA,NA,1
low-salinity,corrected_fc,peak_value,82-57,2.3075060802268066,NA,NA,NA,0.09731097838566827
low-salinity,corrected_fc,peak_value,83-57,0.35342123127249847,NA,NA,NA,0.9999999999969705
low-salinity,corrected_fc,peak_value,84-57,0.34791855723239706,NA,NA,NA,0.9999999999983811
low-salinity,corrected_fc,peak_value,85-57,0.29759379185272383,NA,NA,NA,1
low-salinity,corrected_fc,peak_value,88-57,1.7460976808931745,NA,NA,NA,0.6307357113064364
low-salinity,corrected_fc,peak_value,90-57,1.0365304056485254,NA,NA,NA,0.9973366213809273
low-salinity,corrected_fc,peak_value,61-60,-0.0036307117707079506,NA,NA,NA,1
low-salinity,corrected_fc,peak_value,70-60,-0.3921235451408518,NA,NA,NA,0.9999999999506405
low-salinity,corrected_fc,peak_value,71-60,0.31662724571216794,NA,NA,NA,1
low-salinity,corrected_fc,peak_value,72-60,1.028971793878294,NA,NA,NA,0.9956977080578844
low-salinity,corrected_fc,peak_value,74-60,0.035285599786403665,NA,NA,NA,1
low-salinity,corrected_fc,peak_value,76-60,1.201656530288373,NA,NA,NA,0.9757574139193329
low-salinity,corrected_fc,peak_value,77-60,2.3330982560506754,NA,NA,NA,0.052596092935676464
low-salinity,corrected_fc,peak_value,78-60,3.5282074772495786,NA,NA,NA,1.9663335681319172e-4
low-salinity,corrected_fc,peak_value,79-60,0.1428293107827976,NA,NA,NA,1
low-salinity,corrected_fc,peak_value,80-60,-0.1806961417650994,NA,NA,NA,1
low-salinity,corrected_fc,peak_value,82-60,2.1723308988905004,NA,NA,NA,0.15876430371425454
low-salinity,corrected_fc,peak_value,83-60,0.21824604993619223,NA,NA,NA,1
low-salinity,corrected_fc,peak_value,84-60,0.21274337589609082,NA,NA,NA,1
low-salinity,corrected_fc,peak_value,85-60,0.1624186105164176,NA,NA,NA,1
low-salinity,corrected_fc,peak_value,88-60,1.6109224995568683,NA,NA,NA,0.7649680369786253
low-salinity,corrected_fc,peak_value,90-60,0.9013552243122191,NA,NA,NA,0.9996495790743675
low-salinity,corrected_fc,peak_value,70-61,-0.38849283337014384,NA,NA,NA,0.9999999999598728
low-salinity,corrected_fc,peak_value,71-61,0.3202579574828759,NA,NA,NA,1
low-salinity,corrected_fc,peak_value,72-61,1.032602505649002,NA,NA,NA,0.9954807014562823
low-salinity,corrected_fc,peak_value,74-61,0.038916311557111616,NA,NA,NA,1
low-salinity,corrected_fc,peak_value,76-61,1.205287242059081,NA,NA,NA,0.9748894087370213
low-salinity,corrected_fc,peak_value,77-61,2.3367289678213834,NA,NA,NA,0.051630088751461245
low-salinity,corrected_fc,peak_value,78-61,3.5318381890202866,NA,NA,NA,1.917365391264081e-4
low-salinity,corrected_fc,peak_value,79-61,0.14646002255350554,NA,NA,NA,1
low-salinity,corrected_fc,peak_value,80-61,-0.17706542999439145,NA,NA,NA,1
low-salinity,corrected_fc,peak_value,82-61,2.1759616106612083,NA,NA,NA,0.15647620684034913
low-salinity,corrected_fc,peak_value,83-61,0.22187676170690018,NA,NA,NA,1
low-salinity,corrected_fc,peak_value,84-61,0.21637408766679878,NA,NA,NA,1
low-salinity,corrected_fc,peak_value,85-61,0.16604932228712554,NA,NA,NA,1
low-salinity,corrected_fc,peak_value,88-61,1.6145532113275762,NA,NA,NA,0.761272206680226
low-salinity,corrected_fc,peak_value,90-61,0.9049859360829271,NA,NA,NA,0.9996257489160001
low-salinity,corrected_fc,peak_value,71-70,0.7087507908530197,NA,NA,NA,0.9999926110598081
low-salinity,corrected_fc,peak_value,72-70,1.4210953390191459,NA,NA,NA,0.8435221471534581
low-salinity,corrected_fc,peak_value,74-70,0.42740914492725546,NA,NA,NA,0.9999999997312348
low-salinity,corrected_fc,peak_value,76-70,1.5937800754292248,NA,NA,NA,0.6952167710768968
low-salinity,corrected_fc,peak_value,77-70,2.7252218011915272,NA,NA,NA,0.005468724600530495
low-salinity,corrected_fc,peak_value,78-70,3.9203310223904304,NA,NA,NA,1.1137147536754988e-5
low-salinity,corrected_fc,peak_value,79-70,0.5349528559236494,NA,NA,NA,0.9999999192503026
low-salinity,corrected_fc,peak_value,80-70,0.2114274033757524,NA,NA,NA,1
low-salinity,corrected_fc,peak_value,82-70,2.564454444031352,NA,NA,NA,0.02492574291278149
low-salinity,corrected_fc,peak_value,83-70,0.610369595077044,NA,NA,NA,0.9999995075367267
low-salinity,corrected_fc,peak_value,84-70,0.6048669210369426,NA,NA,NA,0.9999996646127246
low-salinity,corrected_fc,peak_value,85-70,0.5545421556572694,NA,NA,NA,0.9999999544798415
low-salinity,corrected_fc,peak_value,88-70,2.00304604469772,NA,NA,NA,0.3210698395811097
low-salinity,corrected_fc,peak_value,90-70,1.293478769453071,NA,NA,NA,0.9515861495671902
low-salinity,corrected_fc,peak_value,72-71,0.7123445481661261,NA,NA,NA,0.9999931609675062
low-salinity,corrected_fc,peak_value,74-71,-0.28134164592576427,NA,NA,NA,1
low-salinity,corrected_fc,peak_value,76-71,0.8850292845762051,NA,NA,NA,0.9997697938901432
low-salinity,corrected_fc,peak_value,77-71,2.0164710103385075,NA,NA,NA,0.24814808874097283
low-salinity,corrected_fc,peak_value,78-71,3.2115802315374107,NA,NA,NA,0.0021580908715882474
low-salinity,corrected_fc,peak_value,79-71,-0.17379793492937035,NA,NA,NA,1
low-salinity,corrected_fc,peak_value,80-71,-0.49732338747726734,NA,NA,NA,0.999999994247794
low-salinity,corrected_fc,peak_value,82-71,1.8557036531783324,NA,NA,NA,0.4905088039641722
low-salinity,corrected_fc,peak_value,83-71,-0.0983811957759757,NA,NA,NA,1
low-salinity,corrected_fc,peak_value,84-71,-0.10388386981607711,NA,NA,NA,1
low-salinity,corrected_fc,peak_value,85-71,-0.15420863519575034,NA,NA,NA,1
low-salinity,corrected_fc,peak_value,88-71,1.2942952538447003,NA,NA,NA,0.9736397708192429
low-salinity,corrected_fc,peak_value,90-71,0.5847279786000512,NA,NA,NA,0.9999999258556229
low-salinity,corrected_fc,peak_value,74-72,-0.9936861940918904,NA,NA,NA,0.9977195119017271
low-salinity,corrected_fc,peak_value,76-72,0.17268473641007898,NA,NA,NA,1
low-salinity,corrected_fc,peak_value,77-72,1.3041264621723814,NA,NA,NA,0.9459267416917161
low-salinity,corrected_fc,peak_value,78-72,2.4992356833712845,NA,NA,NA,0.08009411119160992
low-salinity,corrected_fc,peak_value,79-72,-0.8861424830954965,NA,NA,NA,0.9992439483543987
low-salinity,corrected_fc,peak_value,80-72,-1.2096679356433935,NA,NA,NA,0.9668239259326934
low-salinity,corrected_fc,peak_value,82-72,1.1433591050122063,NA,NA,NA,0.9925831482650118
low-salinity,corrected_fc,peak_value,83-72,-0.8107257439421018,NA,NA,NA,0.9999141370397582
low-salinity,corrected_fc,peak_value,84-72,-0.8162284179822032,NA,NA,NA,0.9999187064995804
low-salinity,corrected_fc,peak_value,85-72,-0.8665531833618765,NA,NA,NA,0.9998104966311252
low-salinity,corrected_fc,peak_value,88-72,0.5819507056785742,NA,NA,NA,0.9999999631838072
low-salinity,corrected_fc,peak_value,90-72,-0.12761656956607492,NA,NA,NA,1
low-salinity,corrected_fc,peak_value,76-74,1.1663709305019694,NA,NA,NA,0.9847995120733513
low-salinity,corrected_fc,peak_value,77-74,2.297812656264272,NA,NA,NA,0.06949922845992496
low-salinity,corrected_fc,peak_value,78-74,3.492921877463175,NA,NA,NA,2.990881552991098e-4
low-salinity,corrected_fc,peak_value,79-74,0.10754371099639393,NA,NA,NA,1
low-salinity,corrected_fc,peak_value,80-74,-0.21598174155150307,NA,NA,NA,1
low-salinity,corrected_fc,peak_value,82-74,2.1370452991040967,NA,NA,NA,0.19507080735807725
low-salinity,corrected_fc,peak_value,83-74,0.18296045014978857,NA,NA,NA,1
low-salinity,corrected_fc,peak_value,84-74,0.17745777610968716,NA,NA,NA,1
low-salinity,corrected_fc,peak_value,85-74,0.12713301073001393,NA,NA,NA,1
low-salinity,corrected_fc,peak_value,88-74,1.5756368997704646,NA,NA,NA,0.8113048800968116
low-salinity,corrected_fc,peak_value,90-74,0.8660696245258155,NA,NA,NA,0.9998446542888269
low-salinity,corrected_fc,peak_value,77-76,1.1314417257623024,NA,NA,NA,0.9919948785439925
low-salinity,corrected_fc,peak_value,78-76,2.3265509469612056,NA,NA,NA,0.18346499268453187
low-salinity,corrected_fc,peak_value,79-76,-1.0588272195055755,NA,NA,NA,0.9926512006944245
low-salinity,corrected_fc,peak_value,80-76,-1.3823526720534725,NA,NA,NA,0.8964424472747361
low-salinity,corrected_fc,peak_value,82-76,0.9706743686021273,NA,NA,NA,0.9994958199619594
low-salinity,corrected_fc,peak_value,83-76,-0.9834104803521808,NA,NA,NA,0.9985599576430457
low-salinity,corrected_fc,peak_value,84-76,-0.9889131543922822,NA,NA,NA,0.998643340127471
low-salinity,corrected_fc,peak_value,85-76,-1.0392379197719555,NA,NA,NA,0.9975533167239732
low-salinity,corrected_fc,peak_value,88-76,0.40926596926849523,NA,NA,NA,0.9999999999882276
low-salinity,corrected_fc,peak_value,90-76,-0.3003013059761539,NA,NA,NA,1
low-salinity,corrected_fc,peak_value,78-77,1.1951092211989032,NA,NA,NA,0.9952760706284558
low-salinity,corrected_fc,peak_value,79-77,-2.190268945267878,NA,NA,NA,0.07560201081795681
low-salinity,corrected_fc,peak_value,80-77,-2.513794397815775,NA,NA,NA,0.019743891263695024
low-salinity,corrected_fc,peak_value,82-77,-0.1607673571601751,NA,NA,NA,1
low-salinity,corrected_fc,peak_value,83-77,-2.114852206114483,NA,NA,NA,0.15784551736821806
low-salinity,corrected_fc,peak_value,84-77,-2.1203548801545846,NA,NA,NA,0.1675021739833069
low-salinity,corrected_fc,peak_value,85-77,-2.170679645534258,NA,NA,NA,0.14916331665750004
low-salinity,corrected_fc,peak_value,88-77,-0.7221757564938072,NA,NA,NA,0.9999979954588814
low-salinity,corrected_fc,peak_value,90-77,-1.4317430317384563,NA,NA,NA,0.9003277204410858
low-salinity,corrected_fc,peak_value,79-78,-3.385378166466781,NA,NA,NA,2.8747703792020296e-4
low-salinity,corrected_fc,peak_value,80-78,-3.708903619014678,NA,NA,NA,5.430935321071306e-5
low-salinity,corrected_fc,peak_value,82-78,-1.3558765783590783,NA,NA,NA,0.9831099294836281
low-salinity,corrected_fc,peak_value,83-78,-3.3099614273133864,NA,NA,NA,9.969751104373925e-4
low-salinity,corrected_fc,peak_value,84-78,-3.315464101353488,NA,NA,NA,0.0011352886862625589
low-salinity,corrected_fc,peak_value,85-78,-3.365788866733161,NA,NA,NA,9.860978045346247e-4
low-salinity,corrected_fc,peak_value,88-78,-1.9172849776927103,NA,NA,NA,0.6510284221127609
low-salinity,corrected_fc,peak_value,90-78,-2.6268522529373595,NA,NA,NA,0.06089714362377174
low-salinity,corrected_fc,peak_value,80-79,-0.323525452547897,NA,NA,NA,0.9999999999987865
low-salinity,corrected_fc,peak_value,82-79,2.0295015881077028,NA,NA,NA,0.2180037184721959
low-salinity,corrected_fc,peak_value,83-79,0.07541673915339464,NA,NA,NA,1
low-salinity,corrected_fc,peak_value,84-79,0.06991406511329323,NA,NA,NA,1
low-salinity,corrected_fc,peak_value,85-79,0.019589299733620003,NA,NA,NA,1
low-salinity,corrected_fc,peak_value,88-79,1.4680931887740707,NA,NA,NA,0.8561551687458168
low-salinity,corrected_fc,peak_value,90-79,0.7585259135294216,NA,NA,NA,0.9999697439968842
low-salinity,corrected_fc,peak_value,82-80,2.3530270406555998,NA,NA,NA,0.07243740669869525
low-salinity,corrected_fc,peak_value,83-80,0.39894219170129164,NA,NA,NA,0.9999999999414044
low-salinity,corrected_fc,peak_value,84-80,0.39343951766119023,NA,NA,NA,0.9999999999656568
low-salinity,corrected_fc,peak_value,85-80,0.343114752281517,NA,NA,NA,0.9999999999989404
low-salinity,corrected_fc,peak_value,88-80,1.7916186413219677,NA,NA,NA,0.5596488297789789
low-salinity,corrected_fc,peak_value,90-80,1.0820513660773186,NA,NA,NA,0.9944692562560519
low-salinity,corrected_fc,peak_value,83-82,-1.9540848489543081,NA,NA,NA,0.3602630103137483
low-salinity,corrected_fc,peak_value,84-82,-1.9595875229944095,NA,NA,NA,0.37289077719048536
low-salinity,corrected_fc,peak_value,85-82,-2.0099122883740828,NA,NA,NA,0.33990085845354523
low-salinity,corrected_fc,peak_value,88-82,-0.5614083993336321,NA,NA,NA,0.9999999938919505
low-salinity,corrected_fc,peak_value,90-82,-1.2709756745782812,NA,NA,NA,0.9801866230290569
low-salinity,corrected_fc,peak_value,84-83,-0.005502674040101407,NA,NA,NA,1
low-salinity,corrected_fc,peak_value,85-83,-0.05582743941977464,NA,NA,NA,1
low-salinity,corrected_fc,peak_value,88-83,1.392676449620676,NA,NA,NA,0.9362330224311878
low-salinity,corrected_fc,peak_value,90-83,0.6831091743760269,NA,NA,NA,0.9999979769441707
low-salinity,corrected_fc,peak_value,85-84,-0.05032476537967323,NA,NA,NA,1
low-salinity,corrected_fc,peak_value,88-84,1.3981791236607775,NA,NA,NA,0.9391619245165572
low-salinity,corrected_fc,peak_value,90-84,0.6886118484161283,NA,NA,NA,0.9999980265602725
low-salinity,corrected_fc,peak_value,88-85,1.4485038890404507,NA,NA,NA,0.9212750759897148
low-salinity,corrected_fc,peak_value,90-85,0.7389366137958016,NA,NA,NA,0.9999936852044709
low-salinity,corrected_fc,peak_value,90-88,-0.7095672752446491,NA,NA,NA,0.999998826646924
