phenotype,value_metric,feature,family_id_group,n,mean,sd,se,median,iqr
high-salinity,corrected_fc,auc_early,12,27,1.1232742975833367,1.1954240973309183,0.23005947479659034,0.8003594277277541,1.4579943680912058
high-salinity,corrected_fc,auc_early,14,27,2.4663374163700738,1.173804444100548,0.2258987705924768,2.4777697198963686,1.5643710216741904
high-salinity,corrected_fc,auc_early,15,26,1.6873014795303747,1.137997618466374,0.223179694730083,1.53696382200022,1.5118842858524157
high-salinity,corrected_fc,auc_early,16,23,2.113937288953013,1.735093025354944,0.36179190551640333,1.2084194442830523,1.7728639244924118
high-salinity,corrected_fc,auc_early,19,27,2.4787572612463165,1.168656429256469,0.22490803467380305,2.2939582363922724,1.4142969707129476
high-salinity,corrected_fc,auc_early,2,27,1.4736619421901764,1.3755687010654392,0.26472831994965174,1.0721773885298704,1.3164203055134567
high-salinity,corrected_fc,auc_early,20,24,1.8146458618841241,1.4398510044178927,0.29390835553814043,1.5252222433768026,1.8541919639625413
high-salinity,corrected_fc,auc_early,21,26,2.7189730135041397,1.489335275413873,0.29208267813913164,2.2966213567693696,1.9224488199750842
high-salinity,corrected_fc,auc_early,24,25,3.3278420788729552,1.8276883530190815,0.3655376706038163,3.703944135913517,2.5823192701065505
high-salinity,corrected_fc,auc_early,25,27,1.6172913740216748,1.1441666229682055,0.2201949692561595,1.1869737586699771,1.4498383827466457
high-salinity,corrected_fc,auc_early,26,25,2.3464020893678996,2.1372159312020456,0.4274431862404091,1.4371256923320064,2.3517095411289386
high-salinity,corrected_fc,auc_early,31,25,1.871049328601159,1.5878076746254268,0.3175615349250854,1.605328656676587,1.6246191811064263
high-salinity,corrected_fc,auc_early,32,24,2.713977287847854,1.6197226963245457,0.3306245109000073,2.373698318510772,2.111689248945849
high-salinity,corrected_fc,auc_early,33,28,1.3234343000105557,1.1962047491186403,0.22606144880588086,0.8526980578279126,1.792535236941815
high-salinity,corrected_fc,auc_early,34,22,1.63427172289537,1.1315951816348184,0.24125690334910038,1.5116446767750633,0.7332747324521582
high-salinity,corrected_fc,auc_early,36,26,3.308916581300284,1.5070274352839457,0.2955523961550972,3.7354931442806776,2.779567116420426
high-salinity,corrected_fc,auc_early,37,28,2.9558732635992935,1.6380361491558721,0.3095597349428816,3.3383378075346637,2.951812893893039
high-salinity,corrected_fc,auc_early,38,25,1.776866693702999,1.7260426478520705,0.3452085295704141,1.429615274066056,2.4380701456873184
high-salinity,corrected_fc,auc_early,39,24,2.186969530937932,1.2695394782776663,0.25914366084162094,1.6587302710478071,2.1487611970175067
high-salinity,corrected_fc,auc_early,41,26,2.3616999837746055,1.2238632969402536,0.24001933973339826,2.2406344690987092,1.697579073393102
high-salinity,corrected_fc,auc_early,42,23,3.16618636761218,2.708078770230243,0.5646734579949628,2.794316276415556,3.937262002139411
high-salinity,corrected_fc,auc_early,43,28,1.6484733737234574,1.3569087599754233,0.2564316521928574,1.4069682503713858,2.331309264784114
high-salinity,corrected_fc,auc_early,5,25,2.7371414961861027,1.592605849375683,0.31852116987513657,2.6486898173982003,1.499277133972972
high-salinity,corrected_fc,auc_early,6,26,1.874142496859867,1.5354302426736266,0.3011226449674357,1.532939887873158,1.7645544438027998
high-salinity,corrected_fc,auc_early,7,24,2.020891503642412,1.6296893498293068,0.3326589455274895,1.9179488668390055,1.586077861090388
high-salinity,corrected_fc,auc_late,12,27,3.166005078439354,2.8782467703940937,0.553918849227067,2.632246283030848,3.669245876745891
high-salinity,corrected_fc,auc_late,14,27,8.123460375004518,3.0809594356940986,0.592930919853435,7.762912798678977,4.102706032093246
high-salinity,corrected_fc,auc_late,15,26,4.530092780531809,3.060583272271405,0.6002297626264443,4.176542214010977,2.803645552210055
high-salinity,corrected_fc,auc_late,16,23,8.150752265746478,4.74605131328513,0.9896201086744592,6.6417604732339,6.524288779637905
high-salinity,corrected_fc,auc_late,19,27,6.050692958181816,2.2754381142114855,0.4379082692547785,5.9529203261241195,3.7293288664918496
high-salinity,corrected_fc,auc_late,2,27,4.231907422169938,3.286711255051865,0.6325278759509223,3.09554921318461,3.772916563263336
high-salinity,corrected_fc,auc_late,20,24,5.636405573246029,3.7631965147400566,0.7681592719110979,4.666677047145209,4.191346463473125
high-salinity,corrected_fc,auc_late,21,26,6.977952318593116,3.1335713425818943,0.6145439008869316,6.7651623735488435,3.6850954893379804
high-salinity,corrected_fc,auc_late,24,25,7.028291910249334,3.6907138467050755,0.7381427693410151,7.286462014121924,4.253719362474058
high-salinity,corrected_fc,auc_late,25,27,6.419831322177656,4.187123684097092,0.8058123287145711,5.078496222484962,5.02264911712647
high-salinity,corrected_fc,auc_late,26,25,6.530343804378886,3.4521245090221684,0.6904249018044337,5.622548214155023,5.342543153348063
high-salinity,corrected_fc,auc_late,31,25,5.504689591079068,4.531199334966283,0.9062398669932566,4.743582935736136,6.551522128026347
high-salinity,corrected_fc,auc_late,32,24,7.355149845406646,3.59134437994473,0.7330801017897192,6.647894812537743,5.177644384350467
high-salinity,corrected_fc,auc_late,33,28,5.413048969417449,4.31582895222844,0.8156150077634937,4.64959531327894,6.132413505601983
high-salinity,corrected_fc,auc_late,34,22,4.4393722188255484,2.6386055136718176,0.5625525856946949,3.94483780709513,2.327691476832614
high-salinity,corrected_fc,auc_late,36,26,6.9432894807373655,2.5954918031032648,0.5090178212074489,6.030005850190406,3.272392092564793
high-salinity,corrected_fc,auc_late,37,28,5.671534685231971,2.3873282894611316,0.4511626394130982,5.516732963962017,3.4897658303576815
high-salinity,corrected_fc,auc_late,38,25,5.541908898061523,4.441960104274476,0.8883920208548952,5.542172084320669,7.925929599580075
high-salinity,corrected_fc,auc_late,39,24,4.921622160984474,2.21098576623969,0.4513155796536439,4.38520095909064,2.297793796099362
high-salinity,corrected_fc,auc_late,41,26,5.886408731485838,2.5867834531989238,0.5073099732807785,5.368354337179329,3.7667551143828426
high-salinity,corrected_fc,auc_late,42,23,6.0689905480035815,4.101524920957887,0.8552270656340238,5.938492636447522,5.596139655636224
high-salinity,corrected_fc,auc_late,43,28,3.7775810343965412,3.183957794415404,0.6017114649249198,3.3958107196922973,3.1656485533129404
high-salinity,corrected_fc,auc_late,5,25,7.193767738498294,2.8441774322313855,0.5688354864462771,7.257185717654217,4.438785142956406
high-salinity,corrected_fc,auc_late,6,26,4.510998342509174,3.070902582474273,0.6022535458607229,4.04645403810243,3.8139598439284157
high-salinity,corrected_fc,auc_late,7,24,5.428610215579531,2.967421552520335,0.6057223879510246,4.855072858216187,3.3240655732557807
high-salinity,corrected_fc,auc_total,12,27,4.28927937602269,3.8763235220452277,0.7459988096396302,3.352597618031004,5.84506260201875
high-salinity,corrected_fc,auc_total,14,27,10.589797791374592,3.588371045313328,0.6905823296546363,10.950500638756639,4.810961548523901
high-salinity,corrected_fc,auc_total,15,26,6.217394260062183,3.936457854631345,0.7720029005846469,5.814544649986917,4.0295410534377565
high-salinity,corrected_fc,auc_total,16,23,10.26468955469949,5.9464250822099904,1.239915341751309,9.396917997398061,8.873793364313302
high-salinity,corrected_fc,auc_total,19,27,8.529450219428131,3.0959804845152328,0.5958217220468992,8.530973020688158,5.013413778453961
high-salinity,corrected_fc,auc_total,2,27,5.705569364360114,4.391052323981283,0.8450584137587751,4.061465932631968,5.302934411335057
high-salinity,corrected_fc,auc_total,20,24,7.451051435130153,4.919111757161582,1.0041094827309527,6.168899904997897,5.558502219905711
high-salinity,corrected_fc,auc_total,21,26,9.696925332097255,4.341658150396919,0.8514692165470403,9.08220838162949,5.852475127810198
high-salinity,corrected_fc,auc_total,24,25,10.35613398912229,5.2848822134900075,1.0569764426980015,10.980644595944973,7.591848117270148
high-salinity,corrected_fc,auc_total,25,27,8.037122696199331,4.903574369386961,0.943693327385637,6.666171156991106,6.552581540400458
high-salinity,corrected_fc,auc_total,26,25,8.876745893746786,5.2840273895464485,1.0568054779092897,7.226074279735315,8.316716568827424
high-salinity,corrected_fc,auc_total,31,25,7.375738919680227,5.90537565857345,1.1810751317146901,6.393593463801153,9.581370312354263
high-salinity,corrected_fc,auc_total,32,24,10.0691271332545,4.933232431790076,1.0069918533695923,9.543036421844933,5.9260715634741645
high-salinity,corrected_fc,auc_total,33,28,6.736483269428005,5.248705465637336,0.9919120976501331,6.236300496350575,7.560799777415516
high-salinity,corrected_fc,auc_total,34,22,6.073643941720919,3.610995264061059,0.7698667770545344,5.346994757598364,3.1762788805008153
high-salinity,corrected_fc,auc_total,36,26,10.252206062037649,3.9517964057899166,0.7750110379564853,9.862744923372814,6.357259323090828
high-salinity,corrected_fc,auc_total,37,28,8.627407948831264,3.8598151028353636,0.7294364906281121,9.077837300521015,5.851680119745315
high-salinity,corrected_fc,auc_total,38,25,7.318775591764521,5.953271587674562,1.1906543175349125,8.488078775314587,10.023544956867715
high-salinity,corrected_fc,auc_total,39,24,7.108591691922406,3.352545604395026,0.684335505848204,6.1892941110197,4.283123232020657
high-salinity,corrected_fc,auc_total,41,26,8.248108715260443,3.663964121947595,0.7185624828813324,7.81993129123354,4.788292880782868
high-salinity,corrected_fc,auc_total,42,23,9.235176915615762,6.735801866019842,1.4045117792976782,9.395065771704633,8.708777373183324
high-salinity,corrected_fc,auc_total,43,28,5.426054408119998,4.447346562044368,0.840469499806249,4.992602315201063,5.5312850885944025
high-salinity,corrected_fc,auc_total,5,25,9.930909234684396,4.089833864928483,0.8179667729856966,10.08732886455521,5.974328365917422
high-salinity,corrected_fc,auc_total,6,26,6.385140839369041,4.501622998458929,0.8828409043069286,5.348519793801673,4.7756084370051255
high-salinity,corrected_fc,auc_total,7,24,7.449501719221943,4.3770493768537335,0.8934614626882269,6.797656638804747,3.520435475619511
high-salinity,corrected_fc,baseline_value,12,27,0,0,0,0,0
high-salinity,corrected_fc,baseline_value,14,27,0,0,0,0,0
high-salinity,corrected_fc,baseline_value,15,26,0,0,0,0,0
high-salinity,corrected_fc,baseline_value,16,23,0,0,0,0,0
high-salinity,corrected_fc,baseline_value,19,27,0,0,0,0,0
high-salinity,corrected_fc,baseline_value,2,27,0,0,0,0,0
high-salinity,corrected_fc,baseline_value,20,24,0,0,0,0,0
high-salinity,corrected_fc,baseline_value,21,26,0,0,0,0,0
high-salinity,corrected_fc,baseline_value,24,25,0,0,0,0,0
high-salinity,corrected_fc,baseline_value,25,27,0,0,0,0,0
high-salinity,corrected_fc,baseline_value,26,25,0,0,0,0,0
high-salinity,corrected_fc,baseline_value,31,25,0,0,0,0,0
high-salinity,corrected_fc,baseline_value,32,24,0,0,0,0,0
high-salinity,corrected_fc,baseline_value,33,28,0,0,0,0,0
high-salinity,corrected_fc,baseline_value,34,22,0,0,0,0,0
high-salinity,corrected_fc,baseline_value,36,26,0,0,0,0,0
high-salinity,corrected_fc,baseline_value,37,28,0,0,0,0,0
high-salinity,corrected_fc,baseline_value,38,25,0,0,0,0,0
high-salinity,corrected_fc,baseline_value,39,24,0,0,0,0,0
high-salinity,corrected_fc,baseline_value,41,26,0,0,0,0,0
high-salinity,corrected_fc,baseline_value,42,23,0,0,0,0,0
high-salinity,corrected_fc,baseline_value,43,28,0,0,0,0,0
high-salinity,corrected_fc,baseline_value,5,25,0,0,0,0,0
high-salinity,corrected_fc,baseline_value,6,26,0,0,0,0,0
high-salinity,corrected_fc,baseline_value,7,24,0,0,0,0,0
high-salinity,corrected_fc,delta_auc_late_minus_early,12,27,2.042730780856017,2.097808961742186,0.4037235229234201,1.6870254950525956,2.074374937605934
high-salinity,corrected_fc,delta_auc_late_minus_early,14,27,5.657122958634445,2.9772217041937465,0.5729665841178186,4.760000670933051,4.084351733675678
high-salinity,corrected_fc,delta_auc_late_minus_early,15,26,2.8427913010014336,2.414273524478232,0.47347799278711283,2.177350575823085,1.7714073248176052
high-salinity,corrected_fc,delta_auc_late_minus_early,16,23,6.036814976793464,3.9637268437173696,0.8264941803000257,4.408255972298478,5.146503927595331
high-salinity,corrected_fc,delta_auc_late_minus_early,19,27,3.5719356969354994,1.871271696466985,0.36012640589404715,3.4481474224875877,3.1099357594987223
high-salinity,corrected_fc,delta_auc_late_minus_early,2,27,2.7582454799797618,2.471432730002883,0.4756274506504054,1.9921447370169942,2.1655608560029
high-salinity,corrected_fc,delta_auc_late_minus_early,20,24,3.8217597113619046,2.8761045473877584,0.5870823823331975,2.677155667279156,2.728704488347226
high-salinity,corrected_fc,delta_auc_late_minus_early,21,26,4.258979305088976,2.285778280668804,0.44827800218756914,3.7608369195469598,3.4329358241304644
high-salinity,corrected_fc,delta_auc_late_minus_early,24,25,3.7004498313763787,2.448192561376927,0.48963851227538535,3.142256765560221,2.7398557566782706
high-salinity,corrected_fc,delta_auc_late_minus_early,25,27,4.802539948155982,3.6928582992004717,0.7106909110408453,3.5473808042209765,4.8610850781636685
high-salinity,corrected_fc,delta_auc_late_minus_early,26,25,4.183941715010987,2.2469458541036733,0.44938917082073465,4.182981272408563,2.8866372896590775
high-salinity,corrected_fc,delta_auc_late_minus_early,31,25,3.6336402624779094,3.3514682723732867,0.6702936544746574,2.550609581020149,3.974984385025389
high-salinity,corrected_fc,delta_auc_late_minus_early,32,24,4.641172557558792,2.58954241336833,0.5285881316706434,3.787790435099355,2.7727119088777603
high-salinity,corrected_fc,delta_auc_late_minus_early,33,28,4.0896146694068936,3.544807699777689,0.6699056870827625,3.479789735053173,3.7929561836564547
high-salinity,corrected_fc,delta_auc_late_minus_early,34,22,2.8051004959301786,1.8563961394824946,0.39578498677745755,2.5192617842203653,1.539576377853074
high-salinity,corrected_fc,delta_auc_late_minus_early,36,26,3.6343728994370816,1.5487814398860107,0.3037410301641961,3.42353616874887,2.1238265044769973
high-salinity,corrected_fc,delta_auc_late_minus_early,37,28,2.7156614216326784,1.3663180256183605,0.2582098362579257,2.590608731124268,1.0059471346795277
high-salinity,corrected_fc,delta_auc_late_minus_early,38,25,3.765042204358524,3.1589591614529273,0.6317918322905854,4.143333094449844,4.885135609537718
high-salinity,corrected_fc,delta_auc_late_minus_early,39,24,2.734652630046542,1.326957068367947,0.2708639773400769,2.53123077044852,1.2978126873296545
high-salinity,corrected_fc,delta_auc_late_minus_early,41,26,3.524708747711233,1.7187050124332615,0.3370657844810358,3.290866135045489,2.356754185246298
high-salinity,corrected_fc,delta_auc_late_minus_early,42,23,2.902804180391402,1.7150416402362658,0.3576109026973494,2.7486579553142025,2.6588126765611446
high-salinity,corrected_fc,delta_auc_late_minus_early,43,28,2.1291076606730837,2.044183405691728,0.38631435183324064,1.7177653280546128,1.4808129088404214
high-salinity,corrected_fc,delta_auc_late_minus_early,5,25,4.456626242312192,2.1271427484407495,0.4254285496881499,3.58167180742855,3.0873655406697815
high-salinity,corrected_fc,delta_auc_late_minus_early,6,26,2.636855845649307,1.819716401550951,0.3568757477197363,2.454712920682879,2.212531394506059
high-salinity,corrected_fc,delta_auc_late_minus_early,7,24,3.4077187119371186,1.9402048467115205,0.39604265590983984,2.810978433250603,2.9516916991608126
high-salinity,corrected_fc,depression_abs,12,27,1.0980226599315792e-4,5.705493104590254e-4,1.098022659931579e-4,0,0
high-salinity,corrected_fc,depression_abs,14,27,0.002642101484931512,0.013728762031963673,0.0026421014849315133,0,0
high-salinity,corrected_fc,depression_abs,15,26,0,0,0,0,0
high-salinity,corrected_fc,depression_abs,16,23,0.005044904781060218,0.016850915201407336,0.003513658709546905,0,0
high-salinity,corrected_fc,depression_abs,19,27,0.002006896456415488,0.0074829517738037,0.0014400947403128512,0,0
high-salinity,corrected_fc,depression_abs,2,27,0.009211906664215917,0.04753037403731378,0.009147224748375569,0,0
high-salinity,corrected_fc,depression_abs,20,24,0.006953835654337363,0.034066698216598655,0.006953835654337367,0,0
high-salinity,corrected_fc,depression_abs,21,26,0,0,0,0,0
high-salinity,corrected_fc,depression_abs,24,25,0.019684557868601044,0.08293946355243995,0.016587892710487988,0,0
high-salinity,corrected_fc,depression_abs,25,27,0.05339705849012526,0.2741161701198409,0.05275368153597313,0,0
high-salinity,corrected_fc,depression_abs,26,25,0.012989904166889641,0.04448153215091363,0.008896306430182726,0,0
high-salinity,corrected_fc,depression_abs,31,25,0.011171864063029079,0.035164266918049344,0.007032853383609869,0,0
high-salinity,corrected_fc,depression_abs,32,24,0.01728909775453058,0.06680053283208705,0.013635601665387347,0,0
high-salinity,corrected_fc,depression_abs,33,28,0.006407205808291572,0.02877203121273555,0.005437402807363314,0,0
high-salinity,corrected_fc,depression_abs,34,22,1.456458052791336e-4,6.831393804334232e-4,1.456458052791337e-4,0,0
high-salinity,corrected_fc,depression_abs,36,26,0.004590350812398046,0.01984092763190788,0.003891126044726176,0,0
high-salinity,corrected_fc,depression_abs,37,28,0,0,0,0,0
high-salinity,corrected_fc,depression_abs,38,25,0,0,0,0,0
high-salinity,corrected_fc,depression_abs,39,24,0,0,0,0,0
high-salinity,corrected_fc,depression_abs,41,26,0.05617477986901747,0.2347426688837908,0.04603682497351151,0,0
high-salinity,corrected_fc,depression_abs,42,23,0.01609015240925175,0.07716566013919568,0.016090152409251757,0,0
high-salinity,corrected_fc,depression_abs,43,28,3.886885203642856e-4,0.0014576803833626837,2.754756989567825e-4,0,0
high-salinity,corrected_fc,depression_abs,5,25,0.20444739209384172,0.7284240069897225,0.1456848013979445,0,0
high-salinity,corrected_fc,depression_abs,6,26,2.602485926079983e-4,0.0013270126520932425,2.6024859260799835e-4,0,0
high-salinity,corrected_fc,depression_abs,7,24,0,0,0,0,0
high-salinity,corrected_fc,final_delta,12,27,2.084815127174398,2.0262813540838214,0.38995802841140453,1.7763547706391711,2.18822602089905
high-salinity,corrected_fc,final_delta,14,27,5.498146973319331,2.242763680192155,0.4316200714958855,5.396101508596127,2.9216541178937407
high-salinity,corrected_fc,final_delta,15,26,2.7926203322413663,2.0649230341854206,0.404964724822257,2.383565584870679,1.8756212235744811
high-salinity,corrected_fc,final_delta,16,23,5.357174637521131,3.2383899587647345,0.6752509847401431,4.102593985807081,4.8244143735256815
high-salinity,corrected_fc,final_delta,19,27,3.7810087040363367,1.5588185078116912,0.2999947617009502,3.32782708701284,2.3915611751618444
high-salinity,corrected_fc,final_delta,2,27,2.6336780341882142,2.033528178772297,0.39135268047295835,2.0285657720264387,2.269448998007404
high-salinity,corrected_fc,final_delta,20,24,3.8526678528055696,2.5840388648563763,0.5274647245348985,3.157720536408763,3.0763767315307815
high-salinity,corrected_fc,final_delta,21,26,4.469213529973454,2.2074305740566134,0.432912752769846,4.159456635787379,2.21783925715999
high-salinity,corrected_fc,final_delta,24,25,4.1698951040065335,2.1981949827996385,0.4396389965599277,4.258747871040727,2.8671419346658147
high-salinity,corrected_fc,final_delta,25,27,4.08331786867511,2.7110116803282502,0.5217344411379117,3.2346362666479527,3.4579551504089485
high-salinity,corrected_fc,final_delta,26,25,4.217015730474374,2.098782753832459,0.4197565507664918,3.707927985628562,3.1927960423243826
high-salinity,corrected_fc,final_delta,31,25,3.4461111823687904,2.895838181954959,0.5791676363909918,2.927834604795346,4.4315557403276635
high-salinity,corrected_fc,final_delta,32,24,4.674773231173185,2.1569985465712938,0.440295484585384,4.190590902192179,2.7464999076442274
high-salinity,corrected_fc,final_delta,33,28,3.4535848611348285,2.7031833228924107,0.5108536300421809,2.939618435693527,3.64454957848998
high-salinity,corrected_fc,final_delta,34,22,2.6643460757141204,1.5352968556472728,0.3273263894425148,2.3326323128830957,1.209542766560991
high-salinity,corrected_fc,final_delta,36,26,4.096442543661614,1.5926975310030758,0.31235368422445126,3.7403190009639617,1.331455873726374
high-salinity,corrected_fc,final_delta,37,28,3.260916458158172,1.2948900985406733,0.24471122684989594,2.994030122052612,1.5192858958631188
high-salinity,corrected_fc,final_delta,38,25,3.508854782862429,2.7532423682612297,0.5506484736522459,3.8432827857713,5.505190169606227
high-salinity,corrected_fc,final_delta,39,24,3.208697171326046,1.6657521969173152,0.3400202433639591,2.784595678984754,1.4778810683400176
high-salinity,corrected_fc,final_delta,41,26,3.730907689094913,1.6216660318020313,0.31803487464188984,3.7449719878679826,1.953004023138912
high-salinity,corrected_fc,final_delta,42,23,3.505077265890629,2.216645169835702,0.46220246876073645,3.2905737009449343,3.1027917806052154
high-salinity,corrected_fc,final_delta,43,28,2.2747475029618114,2.035127497444499,0.3846029460390987,2.0084736694005647,1.7502258325944573
high-salinity,corrected_fc,final_delta,5,25,4.562080164230688,1.9181905756031303,0.38363811512062607,4.444089629476641,2.8516504691859783
high-salinity,corrected_fc,final_delta,6,26,2.716632590256279,1.8282549773461019,0.3585503002042657,2.3215323360453604,2.1080166992123743
high-salinity,corrected_fc,final_delta,7,24,3.438873975952578,1.7761336799440044,0.36255176923621496,3.118283522233341,2.1559865801606968
high-salinity,corrected_fc,final_value,12,27,2.084815127174398,2.0262813540838214,0.38995802841140453,1.7763547706391711,2.18822602089905
high-salinity,corrected_fc,final_value,14,27,5.498146973319331,2.242763680192155,0.4316200714958855,5.396101508596127,2.9216541178937407
high-salinity,corrected_fc,final_value,15,26,2.7926203322413663,2.0649230341854206,0.404964724822257,2.383565584870679,1.8756212235744811
high-salinity,corrected_fc,final_value,16,23,5.357174637521131,3.2383899587647345,0.6752509847401431,4.102593985807081,4.8244143735256815
high-salinity,corrected_fc,final_value,19,27,3.7810087040363367,1.5588185078116912,0.2999947617009502,3.32782708701284,2.3915611751618444
high-salinity,corrected_fc,final_value,2,27,2.6336780341882142,2.033528178772297,0.39135268047295835,2.0285657720264387,2.269448998007404
high-salinity,corrected_fc,final_value,20,24,3.8526678528055696,2.5840388648563763,0.5274647245348985,3.157720536408763,3.0763767315307815
high-salinity,corrected_fc,final_value,21,26,4.469213529973454,2.2074305740566134,0.432912752769846,4.159456635787379,2.21783925715999
high-salinity,corrected_fc,final_value,24,25,4.1698951040065335,2.1981949827996385,0.4396389965599277,4.258747871040727,2.8671419346658147
high-salinity,corrected_fc,final_value,25,27,4.08331786867511,2.7110116803282502,0.5217344411379117,3.2346362666479527,3.4579551504089485
high-salinity,corrected_fc,final_value,26,25,4.217015730474374,2.098782753832459,0.4197565507664918,3.707927985628562,3.1927960423243826
high-salinity,corrected_fc,final_value,31,25,3.4461111823687904,2.895838181954959,0.5791676363909918,2.927834604795346,4.4315557403276635
high-salinity,corrected_fc,final_value,32,24,4.674773231173185,2.1569985465712938,0.440295484585384,4.190590902192179,2.7464999076442274
high-salinity,corrected_fc,final_value,33,28,3.4535848611348285,2.7031833228924107,0.5108536300421809,2.939618435693527,3.64454957848998
high-salinity,corrected_fc,final_value,34,22,2.6643460757141204,1.5352968556472728,0.3273263894425148,2.3326323128830957,1.209542766560991
high-salinity,corrected_fc,final_value,36,26,4.096442543661614,1.5926975310030758,0.31235368422445126,3.7403190009639617,1.331455873726374
high-salinity,corrected_fc,final_value,37,28,3.260916458158172,1.2948900985406733,0.24471122684989594,2.994030122052612,1.5192858958631188
high-salinity,corrected_fc,final_value,38,25,3.508854782862429,2.7532423682612297,0.5506484736522459,3.8432827857713,5.505190169606227
high-salinity,corrected_fc,final_value,39,24,3.208697171326046,1.6657521969173152,0.3400202433639591,2.784595678984754,1.4778810683400176
high-salinity,corrected_fc,final_value,41,26,3.730907689094913,1.6216660318020313,0.31803487464188984,3.7449719878679826,1.953004023138912
high-salinity,corrected_fc,final_value,42,23,3.505077265890629,2.216645169835702,0.46220246876073645,3.2905737009449343,3.1027917806052154
high-salinity,corrected_fc,final_value,43,28,2.2747475029618114,2.035127497444499,0.3846029460390987,2.0084736694005647,1.7502258325944573
high-salinity,corrected_fc,final_value,5,25,4.562080164230688,1.9181905756031303,0.38363811512062607,4.444089629476641,2.8516504691859783
high-salinity,corrected_fc,final_value,6,26,2.716632590256279,1.8282549773461019,0.3585503002042657,2.3215323360453604,2.1080166992123743
high-salinity,corrected_fc,final_value,7,24,3.438873975952578,1.7761336799440044,0.36255176923621496,3.118283522233341,2.1559865801606968
high-salinity,corrected_fc,inflection_time,12,27,2.425925925925926,0.6751595780557778,0.12993452137881914,2.5,0.5
high-salinity,corrected_fc,inflection_time,14,27,2.388888888888889,0.7510676161988106,0.1445430301306646,2.5,1
high-salinity,corrected_fc,inflection_time,15,26,2.4615384615384617,0.9156754547663373,0.17957873122967313,2.5,2
high-salinity,corrected_fc,inflection_time,16,23,2.5434782608695654,0.638055345958271,0.13304373659847302,2.5,0
high-salinity,corrected_fc,inflection_time,19,27,2.0925925925925926,0.6938886664887107,0.13353893612829587,1.5,1
high-salinity,corrected_fc,inflection_time,2,27,2.3518518518518516,0.8182393717706753,0.15747024051778322,2.5,1.5
high-salinity,corrected_fc,inflection_time,20,24,2.375,0.6796738348201514,0.13873784056917243,2.5,1
high-salinity,corrected_fc,inflection_time,21,26,2.423076923076923,0.8909804452658621,0.1747356414092392,2.5,2
high-salinity,corrected_fc,inflection_time,24,25,2.1,0.8164965809277259,0.1632993161855452,1.5,1
high-salinity,corrected_fc,inflection_time,25,27,2.5,0.6201736729460423,0.11935247900657214,2.5,0
high-salinity,corrected_fc,inflection_time,26,25,2.3,0.7071067811865476,0.1414213562373095,2.5,1
high-salinity,corrected_fc,inflection_time,31,25,2.66,0.8504900548115384,0.17009801096230767,2.5,2
high-salinity,corrected_fc,inflection_time,32,24,2.3333333333333335,0.701964118163034,0.14328782560351588,2.5,1
high-salinity,corrected_fc,inflection_time,33,28,2.7142857142857144,0.6299407883487121,0.11904761904761905,2.5,1
high-salinity,corrected_fc,inflection_time,34,22,2.590909090909091,0.9211323729436766,0.19638608176993513,2.5,2
high-salinity,corrected_fc,inflection_time,36,26,1.9615384615384615,0.7060180864974626,0.13846153846153847,1.5,1
high-salinity,corrected_fc,inflection_time,37,28,2.0357142857142856,0.792658109342785,0.14979830228711807,1.5,1
high-salinity,corrected_fc,inflection_time,38,25,2.5,0.7637626158259734,0.15275252316519466,2.5,2
high-salinity,corrected_fc,inflection_time,39,24,1.9166666666666667,0.6538625481582945,0.13346913374198452,1.5,1
high-salinity,corrected_fc,inflection_time,41,26,2.1538461538461537,0.7452413135250993,0.14615384615384616,2,1
high-salinity,corrected_fc,inflection_time,42,23,1.8478260869565217,0.48698475355767396,0.10154334054280735,1.5,1
high-salinity,corrected_fc,inflection_time,43,28,2.392857142857143,0.8317445171439014,0.15718493905030442,2.5,2
high-salinity,corrected_fc,inflection_time,5,25,2.38,0.725718035235908,0.1451436070471816,2.5,1
high-salinity,corrected_fc,inflection_time,6,26,2.3846153846153846,0.8638019716079872,0.16940550419650183,2.5,2
high-salinity,corrected_fc,inflection_time,7,24,2.2083333333333335,0.6902530516863499,0.14089731416920842,2.5,1
high-salinity,corrected_fc,initial_slope,12,27,0.7005898715119204,0.7582121309714382,0.1459179926397332,0.51148451724019794,0.9236216702227534
high-salinity,corrected_fc,initial_slope,14,27,1.50104206328772,0.7776356580268292,0.14965605216441386,1.5080828360149792,1.2338332258754352
high-salinity,corrected_fc,initial_slope,15,26,1.0225865775140295,0.7410212188926812,0.14532621750461894,0.8994299525992537,0.9442116388251162
high-salinity,corrected_fc,initial_slope,16,23,1.1978663427594245,0.9807419892362109,0.20449884122675846,0.7438045326506074,0.9087761040277513
high-salinity,corrected_fc,initial_slope,19,27,1.550551134109056,0.7275823076276388,0.14002328038880876,1.4194862076784656,0.9124944719089447
high-salinity,corrected_fc,initial_slope,2,27,0.8938505480564635,0.8523553736672386,0.16403586814400142,0.5601519391134686,0.8191931952775945
high-salinity,corrected_fc,initial_slope,20,24,1.057753162531365,0.8013041573321336,0.16356552618621495,0.8594028032811218,1.0611077782157055
high-salinity,corrected_fc,initial_slope,21,26,1.684425866441882,0.9832095309403631,0.1928232532390508,1.4599629762119717,1.3157684580975988
high-salinity,corrected_fc,initial_slope,24,25,2.0608261936118657,1.1375111904215849,0.22750223808431697,2.3605449527411952,1.5134821792372923
high-salinity,corrected_fc,initial_slope,25,27,0.9585965103490983,0.6479726935510738,0.12470240301641311,0.7358664166741055,0.8751197554954422
high-salinity,corrected_fc,initial_slope,26,25,1.505480226601234,1.3956331712950723,0.27912663425901446,0.980874188840134,1.5442046131692784
high-salinity,corrected_fc,initial_slope,31,25,1.0815441782075321,0.9117784481118069,0.18235568962236137,0.938252986076856,1.2186855580762852
high-salinity,corrected_fc,initial_slope,32,24,1.66271384726813,0.9799661392056431,0.20003475052158792,1.485701634989742,1.389646189543617
high-salinity,corrected_fc,initial_slope,33,28,0.7837794518147309,0.685598811402693,0.1295659967237857,0.5969651057390997,1.0712471828156125
high-salinity,corrected_fc,initial_slope,34,22,1.003293912188044,0.7330508538132395,0.15628696715807452,0.8510459649377853,0.5821732477320367
high-salinity,corrected_fc,initial_slope,36,26,2.091184317888414,0.958370445243506,0.18795190775181703,2.3849193188204616,1.6819878447668117
high-salinity,corrected_fc,initial_slope,37,28,1.8426859015544612,1.0614187946093614,0.20058929767330821,2.136243512453909,2.0154844487817236
high-salinity,corrected_fc,initial_slope,38,25,1.0184861843481305,1.0027837989259207,0.20055675978518414,0.8156981913627119,1.2819450402657244
high-salinity,corrected_fc,initial_slope,39,24,1.3832340880101963,0.8305923375403425,0.16954395093661437,1.1191839733627535,1.4679870084784463
high-salinity,corrected_fc,initial_slope,41,26,1.4887201631064921,0.7815942647143362,0.15328324644194635,1.5064624184170037,1.2032428514136386
high-salinity,corrected_fc,initial_slope,42,23,2.0509273073960426,1.7626253969841155,0.3675328018542617,1.715963451157504,2.4901964540793813
high-salinity,corrected_fc,initial_slope,43,28,1.042075497403925,0.8341153497287581,0.15763298429456865,0.9144077859282778,1.4272509513184093
high-salinity,corrected_fc,initial_slope,5,25,1.709472593119204,1.0132314550972872,0.20264629101945744,1.6374274040256604,1.152213537612157
high-salinity,corrected_fc,initial_slope,6,26,1.1730965528123636,1.0080593115198648,0.19769669616533458,0.8552873719559219,1.198264797826765
high-salinity,corrected_fc,initial_slope,7,24,1.297648804696913,1.0561813673202916,0.21559211881414722,1.1862058283894048,1.0352050666014332
high-salinity,corrected_fc,late_early_auc_ratio,12,27,3.998192805743717,3.858408117967524,0.742550988517329,3.496446037758589,3.548458366229552
high-salinity,corrected_fc,late_early_auc_ratio,14,27,3.999091422299691,2.2535742623675503,0.43370056900557247,3.104745895786525,3.1893729399940938
high-salinity,corrected_fc,late_early_auc_ratio,15,26,4.403191227061523,6.991105337296954,1.3710685590946092,2.5643135203843856,1.5067437326384057
high-salinity,corrected_fc,late_early_auc_ratio,16,23,5.121054798187474,2.9442162876330538,0.6139115340731022,5.23173364272118,4.023287653897316
high-salinity,corrected_fc,late_early_auc_ratio,19,27,2.8125470365230494,1.288754053409757,0.24802083321844817,2.4301120149938815,1.7269842605950028
high-salinity,corrected_fc,late_early_auc_ratio,2,27,4.0928655353866885,3.679886239742352,0.7081944370341489,2.8379612659395543,2.365692317954568
high-salinity,corrected_fc,late_early_auc_ratio,20,24,4.353505258455341,2.659058464206124,0.5427780361278077,3.766249129001891,3.052952245504156
high-salinity,corrected_fc,late_early_auc_ratio,21,26,2.876925169420463,1.0525172268666836,0.20641561069945324,2.55238174105982,1.250012752315337
high-salinity,corrected_fc,late_early_auc_ratio,24,25,2.6080641014849038,1.4125092991704968,0.28250185983409937,1.9496111199054573,1.315747330359658
high-salinity,corrected_fc,late_early_auc_ratio,25,27,5.473228243746491,5.417378801200655,1.04257503639179,3.947207403436313,2.8523359141747258
high-salinity,corrected_fc,late_early_auc_ratio,26,25,6.3258630607737105,9.561989102003452,1.9123978204006904,3.5771682568410146,4.3508491563061575
high-salinity,corrected_fc,late_early_auc_ratio,31,25,8.454602701383102,20.81263172539015,4.16252634507803,2.981565743419697,3.3629540648970275
high-salinity,corrected_fc,late_early_auc_ratio,32,24,3.0590719963225736,1.0749534032434915,0.21942394460123352,2.885785983431275,1.6356406246241586
high-salinity,corrected_fc,late_early_auc_ratio,33,28,6.268338988044853,8.098991039831546,1.5305654401381916,4.484470256622552,3.3001058187310095
high-salinity,corrected_fc,late_early_auc_ratio,34,22,3.4647169025074156,2.0122310809968282,0.4290091079415481,2.80742847704523,2.142835370992655
high-salinity,corrected_fc,late_early_auc_ratio,36,26,2.3304678113395334,0.7933748941049004,0.1555936179475191,2.059403203766423,0.8290716337279347
high-salinity,corrected_fc,late_early_auc_ratio,37,28,2.3512082837338344,1.2151127556271324,0.22963472616369948,1.7624043173555184,1.1366351490441986
high-salinity,corrected_fc,late_early_auc_ratio,38,25,3.666857010545975,7.3471586045630435,1.4694317209126087,2.911733604454985,2.6494871835121843
high-salinity,corrected_fc,late_early_auc_ratio,39,24,2.5910810672536657,1.0191775977008701,0.2080387559702235,2.2143612883467076,1.57153615552126
high-salinity,corrected_fc,late_early_auc_ratio,41,26,3.428674975779176,3.3134395493396798,0.6498189584305043,2.365793251372252,1.4801816595942525
high-salinity,corrected_fc,late_early_auc_ratio,42,23,3.9675139483664563,3.988312923932396,0.8316207324100222,2.0994313515691125,1.115227091504826
high-salinity,corrected_fc,late_early_auc_ratio,43,28,3.3779242579673814,3.124022221470523,0.5903847063036107,2.6433174039305443,1.7665565902117868
high-salinity,corrected_fc,late_early_auc_ratio,5,25,3.927233269298868,4.425121057820378,0.8850242115640755,3.138844199255738,1.646558241994026
high-salinity,corrected_fc,late_early_auc_ratio,6,26,8.764334699805774,31.725674457604004,6.2219166592775,2.628795230234947,2.0091750489441047
high-salinity,corrected_fc,late_early_auc_ratio,7,24,4.290133285388791,3.698280011971371,0.7549082462719936,3.0532604339148186,2.9026438476338314
high-salinity,corrected_fc,metabolic_depression_index,12,27,6.17102606926427e-5,3.206559206039332e-4,6.17102606926427e-5,0,0
high-salinity,corrected_fc,metabolic_depression_index,14,27,6.396859417902496e-4,0.003323905656204778,6.396859417902494e-4,0,0
high-salinity,corrected_fc,metabolic_depression_index,15,26,0,0,0,0,0
high-salinity,corrected_fc,metabolic_depression_index,16,23,0.001068722288112636,0.0035707944742640672,7.445621175194123e-4,0,0
high-salinity,corrected_fc,metabolic_depression_index,19,27,9.077468385562873e-4,0.004044474744983946,7.783595275823748e-4,0,0
high-salinity,corrected_fc,metabolic_depression_index,2,27,0.0016819357144072387,0.007075398914451727,0.0013616611559608969,0,0
high-salinity,corrected_fc,metabolic_depression_index,20,24,0.0019183129101838353,0.009397775593887703,0.0019183129101838351,0,0
high-salinity,corrected_fc,metabolic_depression_index,21,26,0,0,0,0,0
high-salinity,corrected_fc,metabolic_depression_index,24,25,0.003179557819991349,0.013078848154567157,0.0026157696309134313,0,0
high-salinity,corrected_fc,metabolic_depression_index,25,27,0.007529306156390858,0.03810236499025506,0.007332803561295043,0,0
high-salinity,corrected_fc,metabolic_depression_index,26,25,0.0027695043254411336,0.010200813528691581,0.002040162705738316,0,0
high-salinity,corrected_fc,metabolic_depression_index,31,25,0.0028410297914393395,0.010077942029452508,0.0020155884058905013,0,0
high-salinity,corrected_fc,metabolic_depression_index,32,24,0.0029765500294656458,0.01160374148126113,0.002368603811354735,0,0
high-salinity,corrected_fc,metabolic_depression_index,33,28,8.474667252965094e-4,0.0032342204135318332,6.112102070981221e-4,0,0
high-salinity,corrected_fc,metabolic_depression_index,34,22,4.3001324370415365e-5,2.0169408952027564e-4,4.3001324370415385e-5,0,0
high-salinity,corrected_fc,metabolic_depression_index,36,26,9.661929041297566e-4,0.004173452785803697,8.184814305335084e-4,0,0
high-salinity,corrected_fc,metabolic_depression_index,37,28,0,0,0,0,0
high-salinity,corrected_fc,metabolic_depression_index,38,25,0,0,0,0,0
high-salinity,corrected_fc,metabolic_depression_index,39,24,0,0,0,0,0
high-salinity,corrected_fc,metabolic_depression_index,41,26,0.0112938035642055,0.04694145644663733,0.009205977016071907,0,0
high-salinity,corrected_fc,metabolic_depression_index,42,23,0.0022745985574141236,0.010908591464528286,0.0022745985574141227,0,0
high-salinity,corrected_fc,metabolic_depression_index,43,28,2.9358336348851884e-4,9.897308647617944e-4,1.8704155236032917e-4,0,0
high-salinity,corrected_fc,metabolic_depression_index,5,25,0.047230031390845764,0.15708534438249597,0.03141706887649919,0,0
high-salinity,corrected_fc,metabolic_depression_index,6,26,2.1179717147742455e-4,0.0010799579102871452,2.117971714774246e-4,0,0
high-salinity,corrected_fc,metabolic_depression_index,7,24,0,0,0,0,0
high-salinity,corrected_fc,metabolic_scope,12,27,2.084924929440391,2.0262640762705764,0.3899547032946952,1.7793194318209864,2.18822602089905
high-salinity,corrected_fc,metabolic_scope,14,27,5.5007890748042625,2.2410444048593865,0.4312891968038238,5.396101508596127,2.9216541178937407
high-salinity,corrected_fc,metabolic_scope,15,26,2.7926203322413663,2.0649230341854206,0.404964724822257,2.383565584870679,1.8756212235744811
high-salinity,corrected_fc,metabolic_scope,16,23,5.362219542302191,3.2373008355746067,0.6750238868563178,4.102593985807081,4.8244143735256815
high-salinity,corrected_fc,metabolic_scope,19,27,3.783015600492752,1.5578392529647054,0.29980630401777936,3.32782708701284,2.3915611751618444
high-salinity,corrected_fc,metabolic_scope,2,27,2.64288994085243,2.052629403280542,0.3950287128435206,2.0285657720264387,2.269448998007404
high-salinity,corrected_fc,metabolic_scope,20,24,3.859621688459907,2.583155247844365,0.5272843569676092,3.157720536408763,3.0763767315307815
high-salinity,corrected_fc,metabolic_scope,21,26,4.469213529973454,2.2074305740566134,0.432912752769846,4.159456635787379,2.21783925715999
high-salinity,corrected_fc,metabolic_scope,24,25,4.189579661875134,2.215697731347204,0.44313954626944085,4.258747871040727,2.8671419346658147
high-salinity,corrected_fc,metabolic_scope,25,27,4.136714927165236,2.758297017856698,0.5308345085881688,3.25145960178227,3.6237778441021176
high-salinity,corrected_fc,metabolic_scope,26,25,4.230005634641264,2.103967340827509,0.4207934681655018,3.7302251144681513,3.1927960423243826
high-salinity,corrected_fc,metabolic_scope,31,25,3.4572830464318196,2.8985884798463872,0.5797176959692775,2.927834604795346,4.468880271709827
high-salinity,corrected_fc,metabolic_scope,32,24,4.692062328927715,2.165313159320392,0.44199269780572814,4.190590902192179,2.8204238064542473
high-salinity,corrected_fc,metabolic_scope,33,28,3.45999206694312,2.7163771468787172,0.5133470284071613,2.939618435693527,3.64454957848998
high-salinity,corrected_fc,metabolic_scope,34,22,2.6644917215193997,1.535368507259002,0.3273416656174635,2.3326323128830957,1.2119459223480966
high-salinity,corrected_fc,metabolic_scope,36,26,4.101032894474011,1.594674423127044,0.31274138466738904,3.7403190009639617,1.4068157137363082
high-salinity,corrected_fc,metabolic_scope,37,28,3.260916458158172,1.2948900985406733,0.24471122684989594,2.994030122052612,1.5192858958631188
high-salinity,corrected_fc,metabolic_scope,38,25,3.508854782862429,2.7532423682612297,0.5506484736522459,3.8432827857713,5.505190169606227
high-salinity,corrected_fc,metabolic_scope,39,24,3.208697171326046,1.6657521969173152,0.3400202433639591,2.784595678984754,1.4778810683400176
high-salinity,corrected_fc,metabolic_scope,41,26,3.78708246896393,1.647328411397064,0.32306768134651664,3.7616754503969894,2.13808380654332
high-salinity,corrected_fc,metabolic_scope,42,23,3.5211674182998807,2.2421159844468277,0.46751350074493164,3.2905737009449343,3.1027917806052154
high-salinity,corrected_fc,metabolic_scope,43,28,2.2751361914821757,2.0349545084486613,0.38457025419177465,2.0084736694005647,1.7502258325944573
high-salinity,corrected_fc,metabolic_scope,5,25,4.7665275563245295,1.7714891498454783,0.35429782996909565,4.559217851172561,2.861610610041118
high-salinity,corrected_fc,metabolic_scope,6,26,2.7168928388488873,1.82803417673351,0.3585069976414881,2.3215323360453604,2.1080166992123743
high-salinity,corrected_fc,metabolic_scope,7,24,3.438873975952578,1.7761336799440044,0.36255176923621496,3.118283522233341,2.1559865801606968
high-salinity,corrected_fc,min_slope,12,27,0.0953850566220078,0.23752015577078803,0.0457107752907421,0.04652892036846015,0.179057385767822
high-salinity,corrected_fc,min_slope,14,27,0.25454198819474805,0.250602484132208,0.048228470557773066,0.22370135987816298,0.20123248685941464
high-salinity,corrected_fc,min_slope,15,26,0.17744551389617996,0.14674987495624378,0.028780018308430317,0.15413111593121398,0.18188593998466276
high-salinity,corrected_fc,min_slope,16,23,0.27849721426956736,0.40583779634046,0.08462303030614547,0.18617187217257358,0.5853891650704416
high-salinity,corrected_fc,min_slope,19,27,0.14931756191804657,0.22802036647731372,0.04388253998879806,0.15244263404715186,0.24546370431837888
high-salinity,corrected_fc,min_slope,2,27,0.0898319212817918,0.1769669556024713,0.034057306484918455,0.052288671118432495,0.18521660390880973
high-salinity,corrected_fc,min_slope,20,24,0.16472643145979574,0.3054885239749348,0.06235758383454799,0.06539559892876923,0.41136367700076987
high-salinity,corrected_fc,min_slope,21,26,0.30888980810931216,0.2762238661271785,0.05417195705778939,0.19954605113182167,0.25923818649504027
high-salinity,corrected_fc,min_slope,24,25,0.21516071641999093,0.3002639113997728,0.060052782279954565,0.13618703715331737,0.20967065398809703
high-salinity,corrected_fc,min_slope,25,27,0.04248723608764386,0.43769260867690557,0.08423398181397365,0.008337337729317273,0.15744563251554722
high-salinity,corrected_fc,min_slope,26,25,0.08698499923583734,0.21487844985463936,0.04297568997092787,0.08315984258712605,0.3837867686469294
high-salinity,corrected_fc,min_slope,31,25,0.11316656289563591,0.26351351360540043,0.05270270272108009,0.025294942839857004,0.2112935411336493
high-salinity,corrected_fc,min_slope,32,24,0.18362007626520382,0.3663501141465705,0.07478090390578924,0.18975142212227603,0.3546232891081068
high-salinity,corrected_fc,min_slope,33,28,0.11037295698604055,0.2788160367330029,0.05269127819515539,0.04483833320836285,0.20064643476047492
high-salinity,corrected_fc,min_slope,34,22,0.09576878556589395,0.12144870978969123,0.025892951927626806,0.059249424590901434,0.21292808042598277
high-salinity,corrected_fc,min_slope,36,26,0.13605128273959138,0.1794954062761566,0.035201945353937975,0.12124051845524364,0.16449552040736476
high-salinity,corrected_fc,min_slope,37,28,0.1857372513102621,0.13861837999795706,0.026196411472660323,0.19109744029813625,0.1625281073031249
high-salinity,corrected_fc,min_slope,38,25,0.20985611564451748,0.22729182266908257,0.04545836453381651,0.17319666494503227,0.27231166464786916
high-salinity,corrected_fc,min_slope,39,24,0.18953882231261937,0.17143732276594584,0.03499449697044945,0.2045924829209953,0.2287830083555829
high-salinity,corrected_fc,min_slope,41,26,0.1163725824021101,0.36279979491196906,0.07115089360706119,0.1243399407675636,0.3959302907994791
high-salinity,corrected_fc,min_slope,42,23,0.10018503480319609,0.20774146337721455,0.04331708951145915,0.08372263992395768,0.17273494906036796
high-salinity,corrected_fc,min_slope,43,28,0.0750616655570409,0.2226752284093217,0.04208166267896929,0.0417873019424031,0.15226832187114384
high-salinity,corrected_fc,min_slope,5,25,-0.0496712056018216,0.7507045604133756,0.15014091208267513,0.12386533494602747,0.3328512203473357
high-salinity,corrected_fc,min_slope,6,26,0.1318035930504373,0.15923175614635612,0.031227916606689145,0.058847493433907605,0.21653607718293857
high-salinity,corrected_fc,min_slope,7,24,0.11731473339792559,0.18574769768376276,0.0379155900184973,0.07878305061005286,0.22878043758505037
high-salinity,corrected_fc,peak_value,12,27,2.084924929440391,2.0262640762705764,0.3899547032946952,1.7793194318209864,2.18822602089905
high-salinity,corrected_fc,peak_value,14,27,5.5007890748042625,2.2410444048593865,0.4312891968038238,5.396101508596127,2.9216541178937407
high-salinity,corrected_fc,peak_value,15,26,2.7926203322413663,2.0649230341854206,0.404964724822257,2.383565584870679,1.8756212235744811
high-salinity,corrected_fc,peak_value,16,23,5.362219542302191,3.2373008355746067,0.6750238868563178,4.102593985807081,4.8244143735256815
high-salinity,corrected_fc,peak_value,19,27,3.783015600492752,1.5578392529647054,0.29980630401777936,3.32782708701284,2.3915611751618444
high-salinity,corrected_fc,peak_value,2,27,2.64288994085243,2.052629403280542,0.3950287128435206,2.0285657720264387,2.269448998007404
high-salinity,corrected_fc,peak_value,20,24,3.859621688459907,2.583155247844365,0.5272843569676092,3.157720536408763,3.0763767315307815
high-salinity,corrected_fc,peak_value,21,26,4.469213529973454,2.2074305740566134,0.432912752769846,4.159456635787379,2.21783925715999
high-salinity,corrected_fc,peak_value,24,25,4.189579661875134,2.215697731347204,0.44313954626944085,4.258747871040727,2.8671419346658147
high-salinity,corrected_fc,peak_value,25,27,4.136714927165236,2.758297017856698,0.5308345085881688,3.25145960178227,3.6237778441021176
high-salinity,corrected_fc,peak_value,26,25,4.230005634641264,2.103967340827509,0.4207934681655018,3.7302251144681513,3.1927960423243826
high-salinity,corrected_fc,peak_value,31,25,3.4572830464318196,2.8985884798463872,0.5797176959692775,2.927834604795346,4.468880271709827
high-salinity,corrected_fc,peak_value,32,24,4.692062328927715,2.165313159320392,0.44199269780572814,4.190590902192179,2.8204238064542473
high-salinity,corrected_fc,peak_value,33,28,3.45999206694312,2.7163771468787172,0.5133470284071613,2.939618435693527,3.64454957848998
high-salinity,corrected_fc,peak_value,34,22,2.6644917215193997,1.535368507259002,0.3273416656174635,2.3326323128830957,1.2119459223480966
high-salinity,corrected_fc,peak_value,36,26,4.101032894474011,1.594674423127044,0.31274138466738904,3.7403190009639617,1.4068157137363082
high-salinity,corrected_fc,peak_value,37,28,3.260916458158172,1.2948900985406733,0.24471122684989594,2.994030122052612,1.5192858958631188
high-salinity,corrected_fc,peak_value,38,25,3.508854782862429,2.7532423682612297,0.5506484736522459,3.8432827857713,5.505190169606227
high-salinity,corrected_fc,peak_value,39,24,3.208697171326046,1.6657521969173152,0.3400202433639591,2.784595678984754,1.4778810683400176
high-salinity,corrected_fc,peak_value,41,26,3.78708246896393,1.647328411397064,0.32306768134651664,3.7616754503969894,2.13808380654332
high-salinity,corrected_fc,peak_value,42,23,3.5211674182998807,2.2421159844468277,0.46751350074493164,3.2905737009449343,3.1027917806052154
high-salinity,corrected_fc,peak_value,43,28,2.2751361914821757,2.0349545084486613,0.38457025419177465,2.0084736694005647,1.7502258325944573
high-salinity,corrected_fc,peak_value,5,25,4.7665275563245295,1.7714891498454783,0.35429782996909565,4.559217851172561,2.861610610041118
high-salinity,corrected_fc,peak_value,6,26,2.7168928388488873,1.82803417673351,0.3585069976414881,2.3215323360453604,2.1080166992123743
high-salinity,corrected_fc,peak_value,7,24,3.438873975952578,1.7761336799440044,0.36255176923621496,3.118283522233341,2.1559865801606968
high-salinity,corrected_fc,resilience_ratio,12,27,0.9999382897393073,3.20655920603925e-4,6.171026069264112e-5,1,0
high-salinity,corrected_fc,resilience_ratio,14,27,0.9993603140582098,0.003323905656204769,6.396859417902476e-4,1,0
high-salinity,corrected_fc,resilience_ratio,15,26,1,0,0,1,0
high-salinity,corrected_fc,resilience_ratio,16,23,0.9989312777118874,0.0035707944742640664,7.445621175194122e-4,1,0
high-salinity,corrected_fc,resilience_ratio,19,27,0.9990922531614437,0.004044474744983957,7.783595275823767e-4,1,0
high-salinity,corrected_fc,resilience_ratio,2,27,0.9983180642855928,0.007075398914451734,0.0013616611559608982,1,0
high-salinity,corrected_fc,resilience_ratio,20,24,0.9980816870898161,0.009397775593887705,0.0019183129101838356,1,0
high-salinity,corrected_fc,resilience_ratio,21,26,1,0,0,1,0
high-salinity,corrected_fc,resilience_ratio,24,25,0.9968204421800086,0.013078848154567158,0.0026157696309134317,1,0
high-salinity,corrected_fc,resilience_ratio,25,27,0.9924706938436091,0.038102364990255065,0.007332803561295045,1,0
high-salinity,corrected_fc,resilience_ratio,26,25,0.9972304956745589,0.010200813528691578,0.0020401627057383158,1,0
high-salinity,corrected_fc,resilience_ratio,31,25,0.9971589702085607,0.010077942029452525,0.002015588405890505,1,0
high-salinity,corrected_fc,resilience_ratio,32,24,0.9970234499705344,0.011603741481261132,0.0023686038113547355,1,0
high-salinity,corrected_fc,resilience_ratio,33,28,0.9991525332747035,0.0032342204135318298,6.112102070981215e-4,1,0
high-salinity,corrected_fc,resilience_ratio,34,22,0.9999569986756296,2.016940895202806e-4,4.300132437041644e-5,1,0
high-salinity,corrected_fc,resilience_ratio,36,26,0.9990338070958702,0.004173452785803688,8.184814305335068e-4,1,0
high-salinity,corrected_fc,resilience_ratio,37,28,1,0,0,1,0
high-salinity,corrected_fc,resilience_ratio,38,25,1,0,0,1,0
high-salinity,corrected_fc,resilience_ratio,39,24,1,0,0,1,0
high-salinity,corrected_fc,resilience_ratio,41,26,0.9887061964357945,0.046941456446637345,0.00920597701607191,1,0
high-salinity,corrected_fc,resilience_ratio,42,23,0.9977254014425859,0.010908591464528298,0.0022745985574141253,1,0
high-salinity,corrected_fc,resilience_ratio,43,28,0.9997064166365115,9.897308647617991e-4,1.8704155236033007e-4,1,0
high-salinity,corrected_fc,resilience_ratio,5,25,0.9527699686091542,0.15708534438249594,0.031417068876499185,1,0
high-salinity,corrected_fc,resilience_ratio,6,26,0.9997882028285225,0.0010799579102871361,2.1179717147742284e-4,1,0
high-salinity,corrected_fc,resilience_ratio,7,24,1,0,0,1,0
high-salinity,corrected_fc,stability_cv,12,27,0.8955433507236708,0.2726179266795635,0.05246534445145455,0.8682958750825682,0.3484009548030216
high-salinity,corrected_fc,stability_cv,14,27,0.8534675054013275,0.18843660831056777,0.036264642177762124,0.8391533947373445,0.28358674726414734
high-salinity,corrected_fc,stability_cv,15,26,0.7743485199158794,0.1825681897923361,0.03580456778124742,0.7193827470423527,0.1870780360280332
high-salinity,corrected_fc,stability_cv,16,23,0.9128286220325773,0.20081937107222822,0.04187373349043594,1.0035653064363264,0.3493413987718452
high-salinity,corrected_fc,stability_cv,19,27,0.7494231503012544,0.15575237519572424,0.029974558582058327,0.7176734553907481,0.2553378733679065
high-salinity,corrected_fc,stability_cv,2,27,0.8089769960128742,0.20719687685073718,0.03987505754167428,0.743992075528507,0.30377473890832074
high-salinity,corrected_fc,stability_cv,20,24,0.8776171154411709,0.21273026082468036,0.04342338265580373,0.8593802739263199,0.31053244820560766
high-salinity,corrected_fc,stability_cv,21,26,0.7617607657731544,0.1273747655785787,0.024980246739403057,0.7409417871575579,0.16081353489496986
high-salinity,corrected_fc,stability_cv,24,25,0.7057861043796024,0.15617711943501356,0.031235423887002713,0.6498508780400453,0.2385713831286771
high-salinity,corrected_fc,stability_cv,25,27,0.9000804091464696,0.20012590224042123,0.03851424784344131,0.912996615410641,0.24855116216180684
high-salinity,corrected_fc,stability_cv,26,25,0.8915180561046915,0.23869342545715178,0.04773868509143035,0.8841871828626408,0.4246290818602185
high-salinity,corrected_fc,stability_cv,31,25,0.8502143467431661,0.22257950403433263,0.04451590080686653,0.7781909931879266,0.28993543914822695
high-salinity,corrected_fc,stability_cv,32,24,0.7913976601909763,0.14015033590115517,0.028608067519791384,0.7896214014043681,0.2450032554943894
high-salinity,corrected_fc,stability_cv,33,28,0.9266865602840532,0.1828707792945523,0.03455932886242608,0.959194003730593,0.25719900670134743
high-salinity,corrected_fc,stability_cv,34,22,0.791674320642792,0.1649493568185506,0.035167321036112184,0.7824267539433511,0.2534501729616827
high-salinity,corrected_fc,stability_cv,36,26,0.6894960553183784,0.11088389267020352,0.021746120479557526,0.6424277737811885,0.13017459467386905
high-salinity,corrected_fc,stability_cv,37,28,0.6814490810198688,0.1476605775875206,0.027905226196052665,0.6078778141965527,0.1894355800434483
high-salinity,corrected_fc,stability_cv,38,25,0.8732678421276949,0.22967327551192063,0.04593465510238413,0.8273813900369897,0.3030945840836555
high-salinity,corrected_fc,stability_cv,39,24,0.7363415443506746,0.15003486921825276,0.03062573943416048,0.6854552589719695,0.21244993698894565
high-salinity,corrected_fc,stability_cv,41,26,0.7827611110661395,0.16808513423617777,0.03296420690058204,0.7211179789968889,0.23664923181286446
high-salinity,corrected_fc,stability_cv,42,23,0.7604941039310028,0.24204194163295364,0.05046923363683202,0.6516627216264107,0.2026579828869699
high-salinity,corrected_fc,stability_cv,43,28,0.7606400361677722,0.17775701218058806,0.03359291771626537,0.7498604757301126,0.29733514106635517
high-salinity,corrected_fc,stability_cv,5,25,0.8297314224122448,0.17618703363139515,0.03523740672627903,0.8274543428089416,0.1993596686199176
high-salinity,corrected_fc,stability_cv,6,26,0.8211535470647433,0.24504704123798662,0.048057678654641146,0.7682506662212334,0.24519308807932383
high-salinity,corrected_fc,stability_cv,7,24,0.8350819611756942,0.2231507508437214,0.04555045627383836,0.8103093464946234,0.3115845477611616
high-salinity,corrected_fc,time_to_min_slope,12,27,1.9074074074074074,0.7970744227031972,0.1533970441706188,1.5,1
high-salinity,corrected_fc,time_to_min_slope,14,27,1.9814814814814814,0.9352239703107884,0.1799839370038414,1.5,1
high-salinity,corrected_fc,time_to_min_slope,15,26,2.8461538461538463,1.0561177090573832,0.20712172335132711,3.5,1.75
high-salinity,corrected_fc,time_to_min_slope,16,23,1.8478260869565217,0.982052380207062,0.20477207663223115,1.5,0.5
high-salinity,corrected_fc,time_to_min_slope,19,27,2.1666666666666665,0.8770580193070293,0.16878989451394444,1.5,1.5
high-salinity,corrected_fc,time_to_min_slope,2,27,2.2037037037037037,1.0675210253672476,0.20544451712045522,1.5,2
high-salinity,corrected_fc,time_to_min_slope,20,24,2.0416666666666665,1.0206207261596574,0.20833333333333331,1.5,2
high-salinity,corrected_fc,time_to_min_slope,21,26,2.3461538461538463,0.967152839723182,0.18967427701443001,1.5,2
high-salinity,corrected_fc,time_to_min_slope,24,25,2.42,1.0376254944182253,0.20752509888364506,2.5,2
high-salinity,corrected_fc,time_to_min_slope,25,27,2.1296296296296298,1.0056818639092642,0.1935435649490461,1.5,2
high-salinity,corrected_fc,time_to_min_slope,26,25,1.9,1,0.2,1.5,1
high-salinity,corrected_fc,time_to_min_slope,31,25,2.7,1.1180339887498951,0.22360679774997902,3.5,2
high-salinity,corrected_fc,time_to_min_slope,32,24,2.1666666666666665,0.9168313422570847,0.18714741406007188,1.5,2
high-salinity,corrected_fc,time_to_min_slope,33,28,2.2857142857142856,1.1007452982594161,0.2080213082870024,1.5,2
high-salinity,corrected_fc,time_to_min_slope,34,22,2.4545454545454546,1.1329385612423049,0.24154331284375402,3,2
high-salinity,corrected_fc,time_to_min_slope,36,26,2.576923076923077,0.9766504768063924,0.19153691689213434,3,2
high-salinity,corrected_fc,time_to_min_slope,37,28,2.75,0.927960727138337,0.17536809360305042,3.5,2
high-salinity,corrected_fc,time_to_min_slope,38,25,2.58,1.0770329614269005,0.21540659228538012,3.5,2
high-salinity,corrected_fc,time_to_min_slope,39,24,2.2083333333333335,0.9545846657358219,0.19485377894483372,1.5,2
high-salinity,corrected_fc,time_to_min_slope,41,26,2.076923076923077,0.9021342216356464,0.1769230769230769,1.5,1.75
high-salinity,corrected_fc,time_to_min_slope,42,23,2.4130434782608696,1.0834726777719228,0.2259196705524623,1.5,2
high-salinity,corrected_fc,time_to_min_slope,43,28,2.6428571428571432,1.0440053112638317,0.19729845864533418,3.5,2
high-salinity,corrected_fc,time_to_min_slope,5,25,2.06,0.8698658900466592,0.17397317800933182,1.5,1
high-salinity,corrected_fc,time_to_min_slope,6,26,2.3846153846153846,1.107318312931673,0.21716298789989397,2,2
high-salinity,corrected_fc,time_to_min_slope,7,24,1.875,1.0134958870382644,0.20687898163776397,1.5,0.5
high-salinity,corrected_fc,time_to_peak,12,27,3.962962962962963,0.1924500897298752,0.03703703703703703,4,0
high-salinity,corrected_fc,time_to_peak,14,27,3.962962962962963,0.19245008972987512,0.037037037037037014,4,0
high-salinity,corrected_fc,time_to_peak,15,26,4,0,0,4,0
high-salinity,corrected_fc,time_to_peak,16,23,3.9130434782608696,0.2881040655200305,0.06007385040937024,4,0
high-salinity,corrected_fc,time_to_peak,19,27,3.888888888888889,0.4236592728681617,0.08153326507837141,4,0
high-salinity,corrected_fc,time_to_peak,2,27,3.888888888888889,0.42365927286816174,0.08153326507837143,4,0
high-salinity,corrected_fc,time_to_peak,20,24,3.9583333333333335,0.2041241452319314,0.04166666666666665,4,0
high-salinity,corrected_fc,time_to_peak,21,26,4,0,0,4,0
high-salinity,corrected_fc,time_to_peak,24,25,3.88,0.33166247903554014,0.06633249580710802,4,0
high-salinity,corrected_fc,time_to_peak,25,27,3.925925925925926,0.26688025634181184,0.0513611292801138,4,0
high-salinity,corrected_fc,time_to_peak,26,25,3.88,0.33166247903554,0.06633249580710801,4,0
high-salinity,corrected_fc,time_to_peak,31,25,3.84,0.3741657386773941,0.07483314773547882,4,0
high-salinity,corrected_fc,time_to_peak,32,24,3.9166666666666665,0.2823298512866399,0.05763033956734371,4,0
high-salinity,corrected_fc,time_to_peak,33,28,3.9285714285714284,0.26226526415648105,0.04956347617776506,4,0
high-salinity,corrected_fc,time_to_peak,34,22,3.9545454545454546,0.21320071635561058,0.045454545454545484,4,0
high-salinity,corrected_fc,time_to_peak,36,26,3.8846153846153846,0.325812593608421,0.06389710663783134,4,0
high-salinity,corrected_fc,time_to_peak,37,28,4,0,0,4,0
high-salinity,corrected_fc,time_to_peak,38,25,4,0,0,4,0
high-salinity,corrected_fc,time_to_peak,39,24,4,0,0,4,0
high-salinity,corrected_fc,time_to_peak,41,26,3.8846153846153846,0.325812593608421,0.06389710663783134,4,0
high-salinity,corrected_fc,time_to_peak,42,23,3.9565217391304346,0.20851441405707477,0.04347826086956522,4,0
high-salinity,corrected_fc,time_to_peak,43,28,3.892857142857143,0.31497039417435607,0.05952380952380953,4,0
high-salinity,corrected_fc,time_to_peak,5,25,3.8,0.49999999999999994,0.09999999999999999,4,0
high-salinity,corrected_fc,time_to_peak,6,26,3.923076923076923,0.3922322702763679,0.0769230769230769,4,0
high-salinity,corrected_fc,time_to_peak,7,24,4,0,0,4,0
high-salinity,corrected_fc,time_to_trough,12,27,0.0740740740740741,0.38490017945975036,0.07407407407407404,0,0
high-salinity,corrected_fc,time_to_trough,14,27,0,0,0,0,0
high-salinity,corrected_fc,time_to_trough,15,26,0.03846153846153847,0.19611613513818396,0.03846153846153845,0,0
high-salinity,corrected_fc,time_to_trough,16,23,0,0,0,0,0
high-salinity,corrected_fc,time_to_trough,19,27,0,0,0,0,0
high-salinity,corrected_fc,time_to_trough,2,27,0,0,0,0,0
high-salinity,corrected_fc,time_to_trough,20,24,0,0,0,0,0
high-salinity,corrected_fc,time_to_trough,21,26,0,0,0,0,0
high-salinity,corrected_fc,time_to_trough,24,25,0,0,0,0,0
high-salinity,corrected_fc,time_to_trough,25,27,0,0,0,0,0
high-salinity,corrected_fc,time_to_trough,26,25,0.039999999999999994,0.20000000000000004,0.04000000000000001,0,0
high-salinity,corrected_fc,time_to_trough,31,25,0.039999999999999994,0.20000000000000007,0.040000000000000015,0,0
high-salinity,corrected_fc,time_to_trough,32,24,0,0,0,0,0
high-salinity,corrected_fc,time_to_trough,33,28,0.03571428571428572,0.1889822365046137,0.03571428571428573,0,0
high-salinity,corrected_fc,time_to_trough,34,22,0,0,0,0,0
high-salinity,corrected_fc,time_to_trough,36,26,0,0,0,0,0
high-salinity,corrected_fc,time_to_trough,37,28,0,0,0,0,0
high-salinity,corrected_fc,time_to_trough,38,25,0.04,0.20000000000000004,0.04000000000000001,0,0
high-salinity,corrected_fc,time_to_trough,39,24,0,0,0,0,0
high-salinity,corrected_fc,time_to_trough,41,26,0,0,0,0,0
high-salinity,corrected_fc,time_to_trough,42,23,0,0,0,0,0
high-salinity,corrected_fc,time_to_trough,43,28,0.035714285714285726,0.1889822365046137,0.03571428571428573,0,0
high-salinity,corrected_fc,time_to_trough,5,25,0,0,0,0,0
high-salinity,corrected_fc,time_to_trough,6,26,0.07692307692307694,0.271746488194703,0.053293871002119304,0,0
high-salinity,corrected_fc,time_to_trough,7,24,0,0,0,0,0
high-salinity,corrected_fc,time_to_vmax,12,27,1.9444444444444444,0.9740215340114146,0.18745053161932748,2.5,2
high-salinity,corrected_fc,time_to_vmax,14,27,2.018518518518518,1.0513862779269592,0.20233938352780284,2.5,2
high-salinity,corrected_fc,time_to_vmax,15,26,1.3846153846153846,0.9930527912220207,0.19475367540264868,0.5,2
high-salinity,corrected_fc,time_to_vmax,16,23,1.8043478260869565,0.9739695071153479,0.2030866810856147,2.5,2
high-salinity,corrected_fc,time_to_vmax,19,27,1.425925925925926,0.997146927138621,0.19190101560169698,0.5,2
high-salinity,corrected_fc,time_to_vmax,2,27,1.5,1,0.19245008972987526,1.5,2
high-salinity,corrected_fc,time_to_vmax,20,24,2,0.9780192938436515,0.19963735237617264,2.5,1.25
high-salinity,corrected_fc,time_to_vmax,21,26,1.5384615384615385,1.076318511622623,0.21108342667711147,1.5,2
high-salinity,corrected_fc,time_to_vmax,24,25,1.1800000000000002,1.0295630140987002,0.20591260281974005,0.5,2
high-salinity,corrected_fc,time_to_vmax,25,27,2.1296296296296298,0.7916947813271392,0.1523617317050819,2.5,0
high-salinity,corrected_fc,time_to_vmax,26,25,1.7799999999999998,0.9797958971132711,0.19595917942265423,2.5,2
high-salinity,corrected_fc,time_to_vmax,31,25,1.98,1.0847426730181988,0.21694853460363978,2.5,2
high-salinity,corrected_fc,time_to_vmax,32,24,1.625,1.0759222535351585,0.21962171033887773,2.5,2
high-salinity,corrected_fc,time_to_vmax,33,28,2.107142857142857,0.7859547491585428,0.148531486287404,2.5,0
high-salinity,corrected_fc,time_to_vmax,34,22,1.8181818181818181,1.04135276655684,0.22201715580881506,2.5,2
high-salinity,corrected_fc,time_to_vmax,36,26,1.076923076923077,0.9021342216356464,0.1769230769230769,0.5,1.75
high-salinity,corrected_fc,time_to_vmax,37,28,1.107142857142857,0.9940297973880049,0.18785397426261308,0.5,2
high-salinity,corrected_fc,time_to_vmax,38,25,1.8199999999999998,0.9882644720249059,0.19765289440498118,2.5,2
high-salinity,corrected_fc,time_to_vmax,39,24,1.2916666666666665,1.1787674722451364,0.24061490269924304,0.5,2
high-salinity,corrected_fc,time_to_vmax,41,26,1.653846153846154,1.1204394742174228,0.21973625933977997,2.5,2
high-salinity,corrected_fc,time_to_vmax,42,23,1.1956521739130437,0.9739695071153479,0.2030866810856147,0.5,2
high-salinity,corrected_fc,time_to_vmax,43,28,1.6785714285714284,1.0559731838826993,0.19956017397905013,2.5,2
high-salinity,corrected_fc,time_to_vmax,5,25,1.7399999999999998,1.0519822558706333,0.21039645117412667,2.5,2
high-salinity,corrected_fc,time_to_vmax,6,26,1.6153846153846154,1.0705857490896498,0.20995913944547975,2.5,2
high-salinity,corrected_fc,time_to_vmax,7,24,1.6666666666666667,1.0072203103706696,0.20559798491465373,2.5,2
high-salinity,corrected_fc,trough_value,12,27,-0.0010866549685698986,0.005646424847580674,0.001086654968569898,0,0
high-salinity,corrected_fc,trough_value,14,27,0,0,0,0,0
high-salinity,corrected_fc,trough_value,15,26,-6.584875175054694e-5,3.3576407012176577e-4,6.584875175054691e-5,0,0
high-salinity,corrected_fc,trough_value,16,23,0,0,0,0,0
high-salinity,corrected_fc,trough_value,19,27,0,0,0,0,0
high-salinity,corrected_fc,trough_value,2,27,0,0,0,0,0
high-salinity,corrected_fc,trough_value,20,24,0,0,0,0,0
high-salinity,corrected_fc,trough_value,21,26,0,0,0,0,0
high-salinity,corrected_fc,trough_value,24,25,0,0,0,0,0
high-salinity,corrected_fc,trough_value,25,27,0,0,0,0,0
high-salinity,corrected_fc,trough_value,26,25,-1.1576676400858448e-4,5.788338200429225e-4,1.1576676400858451e-4,0,0
high-salinity,corrected_fc,trough_value,31,25,-1.5218361558857032e-4,7.609180779428517e-4,1.5218361558857034e-4,0,0
high-salinity,corrected_fc,trough_value,32,24,0,0,0,0,0
high-salinity,corrected_fc,trough_value,33,28,-4.8313755410892684e-4,0.0025565236344164658,4.8313755410892684e-4,0,0
high-salinity,corrected_fc,trough_value,34,22,0,0,0,0,0
high-salinity,corrected_fc,trough_value,36,26,0,0,0,0,0
high-salinity,corrected_fc,trough_value,37,28,0,0,0,0,0
high-salinity,corrected_fc,trough_value,38,25,-5.263308818203998e-4,0.002631654409101999,5.263308818203998e-4,0,0
high-salinity,corrected_fc,trough_value,39,24,0,0,0,0,0
high-salinity,corrected_fc,trough_value,41,26,0,0,0,0,0
high-salinity,corrected_fc,trough_value,42,23,0,0,0,0,0
high-salinity,corrected_fc,trough_value,43,28,-1.3060013178018654e-4,6.910709397652739e-4,1.3060013178018657e-4,0,0
high-salinity,corrected_fc,trough_value,5,25,0,0,0,0,0
high-salinity,corrected_fc,trough_value,6,26,-8.575670573197352e-4,0.003095940917677211,6.071639673910174e-4,0,0
high-salinity,corrected_fc,trough_value,7,24,0,0,0,0,0
high-salinity,corrected_fc,vmax,12,27,1.1672336858297332,1.0864975276874973,0.20909654669474648,0.8295585236308709,1.6942681537178292
high-salinity,corrected_fc,vmax,14,27,2.966562039029437,1.376960015662412,0.2649960785686816,2.602402352858818,1.562283316849736
high-salinity,corrected_fc,vmax,15,26,1.5280976773521886,1.3114299359402217,0.25719257054111255,1.2110471524904276,0.9861198732042844
high-salinity,corrected_fc,vmax,16,23,3.0565721953706895,1.988492397684807,0.41462932716019524,2.426649817532901,1.5005894407728253
high-salinity,corrected_fc,vmax,19,27,2.1126434638636016,0.7632218984869606,0.1468821228476213,2.030687182003766,1.017701203213293
high-salinity,corrected_fc,vmax,2,27,1.5687783489497151,1.2034715552702653,0.23160820879911506,1.103682456070494,1.5873303689371645
high-salinity,corrected_fc,vmax,20,24,2.038769735710973,1.2018147470386011,0.24531940796638446,1.7641774967509596,1.828844802360229
high-salinity,corrected_fc,vmax,21,26,2.2390814851065564,1.0415088334885214,0.20425668713604728,2.2527856563697264,1.7884085715659943
high-salinity,corrected_fc,vmax,24,25,2.3968961905763138,1.1092652650580799,0.22185305301161598,2.39958557471965,1.404112794522318
high-salinity,corrected_fc,vmax,25,27,2.634936103489349,1.8394244125345895,0.35399739324360485,2.318475873159294,1.6857141815120515
high-salinity,corrected_fc,vmax,26,25,2.531276267103191,1.3576201177925407,0.27152402355850813,2.498326523428376,1.7421334359522795
high-salinity,corrected_fc,vmax,31,25,1.8301509283801143,1.4756691071522818,0.29513382143045636,1.5450040684476996,2.6359865847161235
high-salinity,corrected_fc,vmax,32,24,2.4384556402600017,1.316169148252803,0.2686619023677428,2.3360394506088293,1.2906562275627915
high-salinity,corrected_fc,vmax,33,28,2.176688697152996,1.8997015581258445,0.3590098491459213,2.0216672461550083,2.019382018085848
high-salinity,corrected_fc,vmax,34,22,1.4896964815109048,0.8503820781965422,0.18130206824747552,1.3132400281524292,0.728462445179219
high-salinity,corrected_fc,vmax,36,26,2.304701533515605,0.7717263898296229,0.15134799695752923,2.3978931157794943,1.171309987870313
high-salinity,corrected_fc,vmax,37,28,2.102223768227661,0.9330088583566115,0.1763221007308487,2.2623864307079598,1.429274521962171
high-salinity,corrected_fc,vmax,38,25,1.853269346721061,1.541059568981244,0.3082119137962488,1.8726236989505205,2.5360482925365937
high-salinity,corrected_fc,vmax,39,24,1.7033794447001154,0.7911594368711309,0.16149474379349588,1.4543232353449564,0.9851341487792551
high-salinity,corrected_fc,vmax,41,26,1.9317954270461877,0.8369288691191801,0.16413525519722466,1.8786239738603683,1.0496821780630872
high-salinity,corrected_fc,vmax,42,23,2.2840490640625446,1.582332003063306,0.32993903046250267,2.374872889719682,1.9456284558709858
high-salinity,corrected_fc,vmax,43,28,1.2914608025444843,0.8352177997728967,0.15784132776954457,1.2137139569474837,1.0729530569104306
high-salinity,corrected_fc,vmax,5,25,2.4405596886421996,0.8627605768657012,0.17255211537314025,2.3255216183415053,1.337784250005574
high-salinity,corrected_fc,vmax,6,26,1.5211803973843334,0.9277711431149783,0.18195089088044458,1.380075049226852,1.0541002745591308
high-salinity,corrected_fc,vmax,7,24,2.0249992726443042,1.0521223791595407,0.2147635813253274,1.6697814079676,1.3389859247998273
low-salinity,corrected_fc,auc_early,47,27,3.4663687487668815,1.9210175317202425,0.3696999963522241,3.3509240864582788,2.9851534076287543
low-salinity,corrected_fc,auc_early,48,23,3.396063734672049,2.8719920041462528,0.5988517299211598,2.5672745043722425,3.234285022048784
low-salinity,corrected_fc,auc_early,49,27,2.5997513305779445,1.6426232207713796,0.3161229862298287,2.548334105284351,2.4716871835471705
low-salinity,corrected_fc,auc_early,50,27,1.6599625475291877,1.4364663815548793,0.27644808402418575,1.376351514285378,1.5905979493711966
low-salinity,corrected_fc,auc_early,51,28,2.1075159693561103,1.4014230292531737,0.2648440583573353,1.6967741701923917,2.2289513444042455
low-salinity,corrected_fc,auc_early,54,16,3.412499449062744,2.6373941553546207,0.6593485388386552,2.5573320628888014,4.424107878968267
low-salinity,corrected_fc,auc_early,55,23,1.8115462468656478,1.2813442118037834,0.26717873752969024,1.2276222118985687,1.5788937567700996
low-salinity,corrected_fc,auc_early,57,26,1.699698912171176,1.3874728062361719,0.2721058043683685,1.0885067839958236,2.0664522994531254
low-salinity,corrected_fc,auc_early,60,27,1.986862593111424,1.7949605971302252,0.3454403279793023,1.5349297870138663,3.072521640272328
low-salinity,corrected_fc,auc_early,61,27,1.968791932843285,1.5505653607956755,0.29840644281716416,1.5926935278492835,1.9490288100184232
low-salinity,corrected_fc,auc_early,70,27,1.8949954695547413,1.5113563495183273,0.2908606650786188,1.6666297536305752,1.666913398894656
low-salinity,corrected_fc,auc_early,71,25,2.9154792577934594,1.9477851166008366,0.38955702332016734,2.5300834990537155,3.1621957961733704
low-salinity,corrected_fc,auc_early,72,26,2.332284212285007,1.5007302535572984,0.29431741721260435,2.0128790367908196,2.2191297206969303
low-salinity,corrected_fc,auc_early,74,26,2.71715621965141,1.9892133367110165,0.3901168315610957,2.5572676900030515,3.374491415344284
low-salinity,corrected_fc,auc_early,76,24,3.388512675981845,2.195594778138662,0.44817390736324675,3.4222690898737365,3.7594743118358824
low-salinity,corrected_fc,auc_early,77,24,2.700250849295991,1.6789563364627025,0.3427155270621844,2.236122141818394,2.4959696610978517
low-salinity,corrected_fc,auc_early,78,17,5.492886777757301,1.689471324201173,0.40975698359609264,5.065463506881032,2.1264878688831983
low-salinity,corrected_fc,auc_early,79,31,2.4478441445139314,1.8560944695862078,0.33336440780025745,1.9351783646750484,3.1366986509401924
low-salinity,corrected_fc,auc_early,80,27,2.832424075481959,2.146183320683244,0.413033172642252,3.249266457300555,4.04000993393904
low-salinity,corrected_fc,auc_early,82,21,1.983637347682386,1.9223218438558627,0.41948501712078917,1.4637115939039431,1.5899938892311196
low-salinity,corrected_fc,auc_early,83,26,1.7045613745397543,1.9972555919318027,0.3916940475727912,0.5631194867848,2.9720138231899864
low-salinity,corrected_fc,auc_early,84,25,1.8984524259047204,1.4903757370590303,0.2980751474118061,1.4897602972285022,2.5478791647933448
low-salinity,corrected_fc,auc_early,85,24,1.3831460613173256,1.2256975196857491,0.2501944585187521,1.0232834509171962,1.6702652266984876
low-salinity,corrected_fc,auc_early,88,20,3.586984436533425,1.7685916628351865,0.39546911825388653,3.7964504965456234,1.9230336502386614
low-salinity,corrected_fc,auc_early,90,23,2.070821078441397,1.8832404406907108,0.39268277701921084,1.5557704793194818,3.109489077114378
low-salinity,corrected_fc,auc_late,47,27,7.4406285145866216,3.338454160808369,0.6424858028066459,7.729335955780013,4.51541631491102
low-salinity,corrected_fc,auc_late,48,23,9.914645638518785,3.667308646508534,0.764686713593171,10.49250062714233,5.923779419489199
low-salinity,corrected_fc,auc_late,49,27,8.300620741677498,3.505976582872414,0.6747255079646375,8.44515023776744,6.088761934125129
low-salinity,corrected_fc,auc_late,50,27,5.730868509297164,2.785533910460187,0.5360762510136733,5.18096897356893,2.812452981745923
low-salinity,corrected_fc,auc_late,51,28,5.827222911430419,2.9389581815365817,0.5554108901403154,5.84765075439288,3.0073821838309946
low-salinity,corrected_fc,auc_late,54,16,10.420130359364638,3.3066922755332815,0.8266730688833204,10.091871472797132,2.4204989820714466
low-salinity,corrected_fc,auc_late,55,23,5.168013203897157,2.586811782400627,0.5393875430832039,4.247995607962652,2.943509463909992
low-salinity,corrected_fc,auc_late,57,26,5.220511571856842,3.84410485442755,0.7538909871162627,4.002091113669663,4.257772187144426
low-salinity,corrected_fc,auc_late,60,27,5.1752177390234655,3.3915513071170555,0.652704353378153,5.228183481125145,6.8097614984614445
low-salinity,corrected_fc,auc_late,61,27,5.288167433832491,2.9650878945448964,0.5706314313621322,4.8540441010622475,2.58479500866928
low-salinity,corrected_fc,auc_late,70,27,4.718666736075905,3.3503933147436937,0.644783494052798,3.8296186800292293,2.8650732242740564
low-salinity,corrected_fc,auc_late,71,25,6.292605825008122,2.8275902516365563,0.5655180503273113,5.511605931358353,4.68709972920559
low-salinity,corrected_fc,auc_late,72,26,6.92250430912219,3.292883654011739,0.6457876156844835,6.977040397712333,4.397639191878039
low-salinity,corrected_fc,auc_late,74,26,5.701364483778425,3.6114561651672665,0.7082648253335716,6.053569513119085,5.049770556292552
low-salinity,corrected_fc,auc_late,76,24,7.696148672465584,3.610363716673003,0.7369624076422562,8.205695542793926,4.890038543633764
low-salinity,corrected_fc,auc_late,77,24,8.907853868483555,4.088164713573641,0.8344931277255636,8.45269524064065,5.282250192910808
low-salinity,corrected_fc,auc_late,78,17,11.980435939793798,2.8382524148083483,0.6883773234364242,12.225236563545181,2.2187439484857414
low-salinity,corrected_fc,auc_late,79,31,5.842577551833259,2.9429994989922137,0.5285783138811438,5.724265414465373,3.651333496233557
low-salinity,corrected_fc,auc_late,80,27,5.458497793924561,3.9403381261968966,0.7583184259526412,5.525377979994202,5.955383127092913
low-salinity,corrected_fc,auc_late,82,21,8.198193344797415,4.577340280867801,0.9988575389831965,8.91260397075824,6.262475060494362
low-salinity,corrected_fc,auc_late,83,26,5.727387662716209,5.199157735901536,1.0196387211388005,4.582926289684389,9.576667760848133
low-salinity,corrected_fc,auc_late,84,25,5.449406293969662,3.7204216355539637,0.7440843271107928,4.917866466550785,4.76822516352996
low-salinity,corrected_fc,auc_late,85,24,5.512757522623466,4.263372914281821,0.8702573519327457,4.465992532659147,7.492195811993221
low-salinity,corrected_fc,auc_late,88,20,8.034547506587643,3.6497267679162304,0.8161037152361289,7.482577417090287,4.028476241491216
low-salinity,corrected_fc,auc_late,90,23,6.859563434214069,4.152068047707092,0.8657660360927468,6.783268495749618,7.049725526391475
low-salinity,corrected_fc,auc_total,47,27,10.906997263353503,4.996945637763755,0.9616626363629434,11.512662998466169,8.017211664108169
low-salinity,corrected_fc,auc_total,48,23,13.310709373190832,5.822130538811294,1.213998137864038,13.261920447357308,8.83451642461852
low-salinity,corrected_fc,auc_total,49,27,10.900372072255442,4.4473119193696435,0.8558855779394317,11.850818927363985,6.288868892626923
low-salinity,corrected_fc,auc_total,50,27,7.390831056826351,3.856551844528192,0.7421937485273664,6.961975042048704,4.495621179694918
low-salinity,corrected_fc,auc_total,51,28,7.934738880786529,4.055293900353653,0.766378510972351,7.306505427872432,3.8297032956928163
low-salinity,corrected_fc,auc_total,54,16,13.832629808427383,5.6576126886097855,1.4144031721524464,12.227032683697377,6.185542533922048
low-salinity,corrected_fc,auc_total,55,23,6.979559450762805,3.484334425046565,0.7265339510174791,6.015218043971246,5.049028500353697
low-salinity,corrected_fc,auc_total,57,26,6.920210484028018,4.970940426408605,0.9748816244294122,5.378028495971144,5.857868627304661
low-salinity,corrected_fc,auc_total,60,27,7.16208033213489,4.753280556588861,0.9147692696267977,8.513769217757567,7.723053380778571
low-salinity,corrected_fc,auc_total,61,27,7.256959366675776,4.079781289996562,0.7851542753381047,6.093449009227241,5.1487911080199975
low-salinity,corrected_fc,auc_total,70,27,6.613662205630646,4.675981887479602,0.8998931338207208,5.941352664995012,4.302997930996263
low-salinity,corrected_fc,auc_total,71,25,9.208085082801581,4.533311796903223,0.9066623593806445,7.988998255106064,7.528709838653709
low-salinity,corrected_fc,auc_total,72,26,9.254788521407198,4.236843670228866,0.8309134057899639,9.010678934979278,3.837408294207286
low-salinity,corrected_fc,auc_total,74,26,8.418520703429836,5.455039035974568,1.0698211727632576,9.305420128082286,8.137945200181893
low-salinity,corrected_fc,auc_total,76,24,11.08466134844743,5.444764317270924,1.1114078622522487,11.598586553004836,8.63826882626148
low-salinity,corrected_fc,auc_total,77,24,11.608104717779547,5.331243961864463,1.0882356167384797,10.560405186108405,7.378574728415
low-salinity,corrected_fc,auc_total,78,17,17.4733227175511,4.149142042593247,1.0063147586648804,17.37967905570888,2.8561779077638754
low-salinity,corrected_fc,auc_total,79,31,8.29042169634719,4.6135903898975865,0.8286252954053822,8.02304558292647,7.16469669265393
low-salinity,corrected_fc,auc_total,80,27,8.290921869406521,5.919118895181163,1.139134962499415,8.978297173131503,10.149304981384242
low-salinity,corrected_fc,auc_total,82,21,10.181830692479801,6.237306064730878,1.3610917702017324,10.66218428687268,7.810939736159206
low-salinity,corrected_fc,auc_total,83,26,7.431949037255963,6.849145023343063,1.3432278509789688,5.418998145566153,13.059063842556204
low-salinity,corrected_fc,auc_total,84,25,7.347858719874382,4.977147497632107,0.9954294995264213,5.986573296538945,7.131204239660766
low-salinity,corrected_fc,auc_total,85,24,6.895903583940792,5.2579515862304556,1.0732748732101702,6.333267253604877,9.591013650304612
low-salinity,corrected_fc,auc_total,88,20,11.621531943121067,5.309863470252238,1.1873215670726935,11.19860137411213,5.065326576173289
low-salinity,corrected_fc,auc_total,90,23,8.930384512655467,5.736411177663748,1.1961244155010107,8.3390389750691,9.767288365028117
low-salinity,corrected_fc,baseline_value,47,27,0,0,0,0,0
low-salinity,corrected_fc,baseline_value,48,23,0,0,0,0,0
low-salinity,corrected_fc,baseline_value,49,27,0,0,0,0,0
low-salinity,corrected_fc,baseline_value,50,27,0,0,0,0,0
low-salinity,corrected_fc,baseline_value,51,28,0,0,0,0,0
low-salinity,corrected_fc,baseline_value,54,16,0,0,0,0,0
low-salinity,corrected_fc,baseline_value,55,23,0,0,0,0,0
low-salinity,corrected_fc,baseline_value,57,26,0,0,0,0,0
low-salinity,corrected_fc,baseline_value,60,27,0,0,0,0,0
low-salinity,corrected_fc,baseline_value,61,27,0,0,0,0,0
low-salinity,corrected_fc,baseline_value,70,27,0,0,0,0,0
low-salinity,corrected_fc,baseline_value,71,25,0,0,0,0,0
low-salinity,corrected_fc,baseline_value,72,26,0,0,0,0,0
low-salinity,corrected_fc,baseline_value,74,26,0,0,0,0,0
low-salinity,corrected_fc,baseline_value,76,24,0,0,0,0,0
low-salinity,corrected_fc,baseline_value,77,24,0,0,0,0,0
low-salinity,corrected_fc,baseline_value,78,17,0,0,0,0,0
low-salinity,corrected_fc,baseline_value,79,31,0,0,0,0,0
low-salinity,corrected_fc,baseline_value,80,27,0,0,0,0,0
low-salinity,corrected_fc,baseline_value,82,21,0,0,0,0,0
low-salinity,corrected_fc,baseline_value,83,26,0,0,0,0,0
low-salinity,corrected_fc,baseline_value,84,25,0,0,0,0,0
low-salinity,corrected_fc,baseline_value,85,24,0,0,0,0,0
low-salinity,corrected_fc,baseline_value,88,20,0,0,0,0,0
low-salinity,corrected_fc,baseline_value,90,23,0,0,0,0,0
low-salinity,corrected_fc,delta_auc_late_minus_early,47,27,3.9742597658197396,2.1683411574805906,0.41729745032212123,4.021371251116194,2.5235313858857618
low-salinity,corrected_fc,delta_auc_late_minus_early,48,23,6.518581903846735,3.0818464514497546,0.6426094070379207,5.814272514196599,3.2805621632002477
low-salinity,corrected_fc,delta_auc_late_minus_early,49,27,5.7008694110995535,3.193991606433372,0.6146839712545709,4.315428602657117,5.796192811297807
low-salinity,corrected_fc,delta_auc_late_minus_early,50,27,4.070905961767976,2.184554310102674,0.42041767299904537,3.931615923281056,1.7198010801826573
low-salinity,corrected_fc,delta_auc_late_minus_early,51,28,3.719706942074308,2.18117279949076,0.41220291385079294,3.2974919841180625,2.563061957814026
low-salinity,corrected_fc,delta_auc_late_minus_early,54,16,7.007630910301894,1.9420458638306985,0.48551146595767464,7.396212151216101,2.777329475773473
low-salinity,corrected_fc,delta_auc_late_minus_early,55,23,3.3564669570315098,2.1275079289664145,0.44361606921021257,2.7006746931978842,1.8355526525313817
low-salinity,corrected_fc,delta_auc_late_minus_early,57,26,3.5208126596856664,2.94859239584811,0.5782665447715698,2.411730442119182,2.735798935807141
low-salinity,corrected_fc,delta_auc_late_minus_early,60,27,3.188355145912041,2.6182688132560585,0.5038860680480625,2.5400901522555808,3.3688558964976494
low-salinity,corrected_fc,delta_auc_late_minus_early,61,27,3.319375500989206,2.397370006224781,0.4613740728136707,2.4900078984191687,1.7455391122152972
low-salinity,corrected_fc,delta_auc_late_minus_early,70,27,2.823671266521164,2.270211475915824,0.4369024022457928,2.0136056315536295,1.8241689879838539
low-salinity,corrected_fc,delta_auc_late_minus_early,71,25,3.3771265672146633,1.739928485674542,0.3479856971349084,2.755412532970598,1.3603410537986491
low-salinity,corrected_fc,delta_auc_late_minus_early,72,26,4.590220096837183,2.8704884287593484,0.562949096607162,4.360007859522603,3.058755158813081
low-salinity,corrected_fc,delta_auc_late_minus_early,74,26,2.9842082641270156,2.059543585297707,0.40390972809722514,2.7299516527351693,2.2349768777130987
low-salinity,corrected_fc,delta_auc_late_minus_early,76,24,4.3076359964837385,2.462776222536394,0.5027120913227666,3.567911616113955,2.3539450817500205
low-salinity,corrected_fc,delta_auc_late_minus_early,77,24,6.207603019187564,3.2621784177444257,0.6658893811161357,5.689884589100529,4.5941308926934
low-salinity,corrected_fc,delta_auc_late_minus_early,78,17,6.487549162036498,2.145833302312207,0.5204410212000695,6.189906101012623,2.2460295576121005
low-salinity,corrected_fc,delta_auc_late_minus_early,79,31,3.394733407319328,1.710979011104021,0.3073009020508104,3.4910039054946456,2.232243444356162
low-salinity,corrected_fc,delta_auc_late_minus_early,80,27,2.626073718442602,2.286649578354537,0.440065916535112,2.0724587868568998,1.4775377230028233
low-salinity,corrected_fc,delta_auc_late_minus_early,82,21,6.21455599711503,3.223467650110988,0.7034183098511919,5.441381955410998,5.24780501062892
low-salinity,corrected_fc,delta_auc_late_minus_early,83,26,4.0228262881764545,3.889698519652933,0.762832640527049,3.4592573408776106,5.900798483298739
low-salinity,corrected_fc,delta_auc_late_minus_early,84,25,3.550953868064942,2.711736852026577,0.5423473704053154,2.677498864947089,3.550915251313793
low-salinity,corrected_fc,delta_auc_late_minus_early,85,24,4.1296114613061405,3.422179298173602,0.6985494240700979,2.598717811713418,5.699282272972636
low-salinity,corrected_fc,delta_auc_late_minus_early,88,20,4.447563070054217,2.1684542485073592,0.4848811105760677,3.8637741536734964,2.8699592445716045
low-salinity,corrected_fc,delta_auc_late_minus_early,90,23,4.788742355772672,2.943826431918272,0.6138302435371676,4.50133364289054,4.211071482817559
low-salinity,corrected_fc,depression_abs,47,27,0.015008172547267117,0.05855141685178978,0.011268225426938273,0,0
low-salinity,corrected_fc,depression_abs,48,23,0.013830850001547438,0.04357956647261777,0.009086967767899235,0,0
low-salinity,corrected_fc,depression_abs,49,27,0.026494141205243044,0.13739223506065254,0.026441147965610694,0,0
low-salinity,corrected_fc,depression_abs,50,27,0,0,0,0,0
low-salinity,corrected_fc,depression_abs,51,28,0.00428717963822946,0.022685622297230024,0.00428717963822946,0,0
low-salinity,corrected_fc,depression_abs,54,16,0.049252071840098055,0.16363561689128375,0.04090890422282094,0,0.007943702887373671
low-salinity,corrected_fc,depression_abs,55,23,0,0,0,0,0
low-salinity,corrected_fc,depression_abs,57,26,4.416742538221075e-4,0.0022521056388904587,4.416742538221075e-4,0,0
low-salinity,corrected_fc,depression_abs,60,27,0.0030592946154770653,0.012511382420392118,0.002407816669449247,0,0
low-salinity,corrected_fc,depression_abs,61,27,0.0322590602738824,0.16762299419637314,0.03225906027388237,0,0
low-salinity,corrected_fc,depression_abs,70,27,0.002008342075617999,0.010435651541846124,0.0020083420756179977,0,0
low-salinity,corrected_fc,depression_abs,71,25,0,0,0,0,0
low-salinity,corrected_fc,depression_abs,72,26,0.00230921463290495,0.010701585550729868,0.0020987535980597763,0,0
low-salinity,corrected_fc,depression_abs,74,26,0.0014087301025157175,0.007183142282113207,0.0014087301025157175,0,0
low-salinity,corrected_fc,depression_abs,76,24,0.06228111350767903,0.24488340578984047,0.04998661588833542,0,0
low-salinity,corrected_fc,depression_abs,77,24,0.003109480244496661,0.014043873392250593,0.002866693651938619,0,0
low-salinity,corrected_fc,depression_abs,78,17,0.0888375094088239,0.2728656708829357,0.06617964603855113,0,0
low-salinity,corrected_fc,depression_abs,79,31,1.0889282049111249e-6,6.062895652984632e-6,1.0889282049111255e-6,0,0
low-salinity,corrected_fc,depression_abs,80,27,0,0,0,0,0
low-salinity,corrected_fc,depression_abs,82,21,0.020352707172443613,0.09326782121499348,0.02035270717244361,0,0
low-salinity,corrected_fc,depression_abs,83,26,0.008267886219956076,0.029290822894645067,0.005744402981114827,0,0
low-salinity,corrected_fc,depression_abs,84,25,0,0,0,0,0
low-salinity,corrected_fc,depression_abs,85,24,0.02638058937268569,0.11293344802949332,0.023052443547115085,0,0
low-salinity,corrected_fc,depression_abs,88,20,6.756625792803117e-4,0.0030216549142472364,6.756625792803118e-4,0,0
low-salinity,corrected_fc,depression_abs,90,23,0.00980502326690823,0.04702323967025316,0.009805023266908231,0,0
low-salinity,corrected_fc,final_delta,47,27,4.504770790056761,1.9760947779468394,0.38029961733060713,4.546321226259581,2.7249419133952597
low-salinity,corrected_fc,final_delta,48,23,6.1446256105064805,2.504119944578716,0.5221451029724655,6.198987884028129,3.384894712913006
low-salinity,corrected_fc,final_delta,49,27,5.572259902035307,2.5060037410288483,0.4822806448244049,5.607936382618953,4.5886037341779335
low-salinity,corrected_fc,final_delta,50,27,4.080445110075011,1.9932165295680195,0.3835946999664359,4.176632697445323,2.036553743889482
low-salinity,corrected_fc,final_delta,51,28,3.9197528324391366,1.9562632870427752,0.36969901117721055,3.905038022361743,2.31713021649488
low-salinity,corrected_fc,final_delta,54,16,6.253871382251205,1.7693584345661986,0.44233960864154964,6.0003683421196445,1.4193604436348721
low-salinity,corrected_fc,final_delta,55,23,3.491384727408319,2.008664179342722,0.41883543439308263,2.9523586365501187,1.8169016323377498
low-salinity,corrected_fc,final_delta,57,26,3.249595108885089,2.4366823589715088,0.4778727268008855,2.253953405977232,2.5765763810885858
low-salinity,corrected_fc,final_delta,60,27,3.3821526698597273,2.368566496535801,0.45583083478949116,3.1507603833724978,4.606606619752078
low-salinity,corrected_fc,final_delta,61,27,3.349322192430607,1.921166163308514,0.36972860051472367,3.1204498951041764,1.7262013377305332
low-salinity,corrected_fc,final_delta,70,27,2.9910800772587236,2.2065270837254003,0.42464633525435325,2.449172890289201,1.9869063629419483
low-salinity,corrected_fc,final_delta,71,25,3.7018392101873703,1.6869319595206003,0.33738639190412006,3.0467795129941715,2.9182815529866524
low-salinity,corrected_fc,final_delta,72,26,4.411874543720591,2.1986718485419026,0.4311950253731647,4.361010216785168,2.9497852628912775
low-salinity,corrected_fc,final_delta,74,26,3.4190888341590915,2.1490226139151467,0.4214580093655964,3.829911598690677,3.2667832687883163
low-salinity,corrected_fc,final_delta,76,24,4.524587381255898,1.9786760355526585,0.4038955544480934,4.467612115854615,2.2172749364933955
low-salinity,corrected_fc,final_delta,77,24,5.715200740281386,2.4429010899349892,0.49865509686913356,5.452142913253166,3.68482416907887
low-salinity,corrected_fc,final_delta,78,17,6.824581932315953,1.7706275868731582,0.4294402684888554,7.01455241739349,1.691473338467544
low-salinity,corrected_fc,final_delta,79,31,3.528040186329792,1.732819074111445,0.31122349316354253,3.5719037282888304,2.2346414657339517
low-salinity,corrected_fc,final_delta,80,27,3.2045158227101003,2.3578881738838304,0.45377579063695483,3.1854460905359017,2.920908593651074
low-salinity,corrected_fc,final_delta,82,21,5.537190156193261,2.7634920566396746,0.6030434062838333,5.453219394248139,4.421471821571324
low-salinity,corrected_fc,final_delta,83,26,3.5951901281914345,3.2510127970541447,0.6375760650430363,3.872148373224432,5.176293430909469
low-salinity,corrected_fc,final_delta,84,25,3.5979553403712914,2.5446274810332916,0.5089254962066583,3.332426375434467,3.958004878216104
low-salinity,corrected_fc,final_delta,85,24,3.5212499856189314,2.771819588044769,0.565795304146763,2.579490187801733,5.050110800172668
low-salinity,corrected_fc,final_delta,88,20,4.99545880145279,2.059271616152658,0.46046713178531973,5.195716795610784,2.3045305154315194
low-salinity,corrected_fc,final_delta,90,23,4.276762165520513,2.4719664307752276,0.5154406318818551,4.621577743161394,3.6554394907067818
low-salinity,corrected_fc,final_value,47,27,4.504770790056761,1.9760947779468394,0.38029961733060713,4.546321226259581,2.7249419133952597
low-salinity,corrected_fc,final_value,48,23,6.1446256105064805,2.504119944578716,0.5221451029724655,6.198987884028129,3.384894712913006
low-salinity,corrected_fc,final_value,49,27,5.572259902035307,2.5060037410288483,0.4822806448244049,5.607936382618953,4.5886037341779335
low-salinity,corrected_fc,final_value,50,27,4.080445110075011,1.9932165295680195,0.3835946999664359,4.176632697445323,2.036553743889482
low-salinity,corrected_fc,final_value,51,28,3.9197528324391366,1.9562632870427752,0.36969901117721055,3.905038022361743,2.31713021649488
low-salinity,corrected_fc,final_value,54,16,6.253871382251205,1.7693584345661986,0.44233960864154964,6.0003683421196445,1.4193604436348721
low-salinity,corrected_fc,final_value,55,23,3.491384727408319,2.008664179342722,0.41883543439308263,2.9523586365501187,1.8169016323377498
low-salinity,corrected_fc,final_value,57,26,3.249595108885089,2.4366823589715088,0.4778727268008855,2.253953405977232,2.5765763810885858
low-salinity,corrected_fc,final_value,60,27,3.3821526698597273,2.368566496535801,0.45583083478949116,3.1507603833724978,4.606606619752078
low-salinity,corrected_fc,final_value,61,27,3.349322192430607,1.921166163308514,0.36972860051472367,3.1204498951041764,1.7262013377305332
low-salinity,corrected_fc,final_value,70,27,2.9910800772587236,2.2065270837254003,0.42464633525435325,2.449172890289201,1.9869063629419483
low-salinity,corrected_fc,final_value,71,25,3.7018392101873703,1.6869319595206003,0.33738639190412006,3.0467795129941715,2.9182815529866524
low-salinity,corrected_fc,final_value,72,26,4.411874543720591,2.1986718485419026,0.4311950253731647,4.361010216785168,2.9497852628912775
low-salinity,corrected_fc,final_value,74,26,3.4190888341590915,2.1490226139151467,0.4214580093655964,3.829911598690677,3.2667832687883163
low-salinity,corrected_fc,final_value,76,24,4.524587381255898,1.9786760355526585,0.4038955544480934,4.467612115854615,2.2172749364933955
low-salinity,corrected_fc,final_value,77,24,5.715200740281386,2.4429010899349892,0.49865509686913356,5.452142913253166,3.68482416907887
low-salinity,corrected_fc,final_value,78,17,6.824581932315953,1.7706275868731582,0.4294402684888554,7.01455241739349,1.691473338467544
low-salinity,corrected_fc,final_value,79,31,3.528040186329792,1.732819074111445,0.31122349316354253,3.5719037282888304,2.2346414657339517
low-salinity,corrected_fc,final_value,80,27,3.2045158227101003,2.3578881738838304,0.45377579063695483,3.1854460905359017,2.920908593651074
low-salinity,corrected_fc,final_value,82,21,5.537190156193261,2.7634920566396746,0.6030434062838333,5.453219394248139,4.421471821571324
low-salinity,corrected_fc,final_value,83,26,3.5951901281914345,3.2510127970541447,0.6375760650430363,3.872148373224432,5.176293430909469
low-salinity,corrected_fc,final_value,84,25,3.5979553403712914,2.5446274810332916,0.5089254962066583,3.332426375434467,3.958004878216104
low-salinity,corrected_fc,final_value,85,24,3.5212499856189314,2.771819588044769,0.565795304146763,2.579490187801733,5.050110800172668
low-salinity,corrected_fc,final_value,88,20,4.99545880145279,2.059271616152658,0.46046713178531973,5.195716795610784,2.3045305154315194
low-salinity,corrected_fc,final_value,90,23,4.276762165520513,2.4719664307752276,0.5154406318818551,4.621577743161394,3.6554394907067818
low-salinity,corrected_fc,inflection_time,47,27,1.9814814814814816,0.7529618628798985,0.1449075780744105,1.5,1
low-salinity,corrected_fc,inflection_time,48,23,2.4565217391304346,0.7674195764535268,0.16001804332013564,2.5,1.5
low-salinity,corrected_fc,inflection_time,49,27,2.351851851851852,0.7181013268818791,0.1381986647935601,2.5,1
low-salinity,corrected_fc,inflection_time,50,27,2.425925925925926,0.6155626523087465,0.11846508767117826,2.5,0
low-salinity,corrected_fc,inflection_time,51,28,2.25,0.700528900717694,0.13238751839374824,2.5,1
low-salinity,corrected_fc,inflection_time,54,16,2.5,0.8944271909999159,0.22360679774997896,2.5,2
low-salinity,corrected_fc,inflection_time,55,23,2.1956521739130435,0.6349504353380415,0.13239631797979629,2.5,1
low-salinity,corrected_fc,inflection_time,57,26,2.6923076923076925,0.800960961307392,0.1570813681281703,2.5,1
low-salinity,corrected_fc,inflection_time,60,27,2.351851851851852,0.7698003589195009,0.14814814814814814,2.5,1
low-salinity,corrected_fc,inflection_time,61,27,2.240740740740741,0.6558958989042623,0.12622722459758245,2.5,1
low-salinity,corrected_fc,inflection_time,70,27,2.2777777777777777,0.8473185457363234,0.16306653015674283,2.5,1.5
low-salinity,corrected_fc,inflection_time,71,25,2.18,0.7483314773547883,0.14966629547095767,2.5,1
low-salinity,corrected_fc,inflection_time,72,26,2.5,0.7483314773547883,0.14675987714106858,2.5,1.5
low-salinity,corrected_fc,inflection_time,74,26,2.0384615384615383,0.8114564304148058,0.1591396989659785,1.5,1
low-salinity,corrected_fc,inflection_time,76,24,2.0833333333333335,0.7172815023567723,0.14641447355925183,1.5,1
low-salinity,corrected_fc,inflection_time,77,24,2.583333333333333,0.8297022339981069,0.16936225931188761,2.5,2
low-salinity,corrected_fc,inflection_time,78,17,2.1470588235294117,0.9314757424772421,0.22591605140790025,1.5,2
low-salinity,corrected_fc,inflection_time,79,31,2.370967741935484,0.8058922791486453,0.14474252619753844,2.5,1.5
low-salinity,corrected_fc,inflection_time,80,27,2.1296296296296298,0.838870492807861,0.1614407016126175,1.5,1
low-salinity,corrected_fc,inflection_time,82,21,2.6904761904761907,0.6015852075182383,0.13127665478181164,2.5,1
low-salinity,corrected_fc,inflection_time,83,26,2.6923076923076925,0.6939297237750097,0.13609081548426252,2.5,1
low-salinity,corrected_fc,inflection_time,84,25,2.38,0.7810249675906655,0.1562049935181331,2.5,1
low-salinity,corrected_fc,inflection_time,85,24,2.7916666666666665,0.750603621828092,0.15321632271365127,2.5,1
low-salinity,corrected_fc,inflection_time,88,20,2.05,0.6048053188292997,0.13523858060557475,2,1
low-salinity,corrected_fc,inflection_time,90,23,2.630434782608696,0.8148813536665075,0.16991450798580773,2.5,1.5
low-salinity,corrected_fc,initial_slope,47,27,2.1567006235025445,1.245563125153603,0.23970873520003474,2.115000699863717,1.9992958122094242
low-salinity,corrected_fc,initial_slope,48,23,2.1454420720922003,1.9020255962315433,0.39659975271977854,1.6729631580977025,2.1277573785536443
low-salinity,corrected_fc,initial_slope,49,27,1.62159286156241,1.0745851737786636,0.2068040131160974,1.4837180434358437,1.6668272854100696
low-salinity,corrected_fc,initial_slope,50,27,1.0591664713304643,0.9395354470842302,0.18081368109575857,0.8800752638235398,1.088836969266734
low-salinity,corrected_fc,initial_slope,51,28,1.3347372154455905,0.8727828311162891,0.16494045140718477,1.1589476391167226,1.2124076262031824
low-salinity,corrected_fc,initial_slope,54,16,2.0147146148203707,1.6243631924890065,0.40609079812225163,1.4929370347150646,2.6554464256815073
low-salinity,corrected_fc,initial_slope,55,23,1.1531485148506362,0.8306970539857087,0.17321230947076827,0.754186251189202,1.0719499596382303
low-salinity,corrected_fc,initial_slope,57,26,1.0111913842329057,0.8380172011665811,0.16434869467210797,0.6441230865838601,1.262839165786953
low-salinity,corrected_fc,initial_slope,60,27,1.2557355743800283,1.1691172111771098,0.22499671219577627,0.8755817895786968,2.007959384593924
low-salinity,corrected_fc,initial_slope,61,27,1.2327857700946085,1.0110234237275433,0.19457154861537138,0.932922398434791,1.1636809051497732
low-salinity,corrected_fc,initial_slope,70,27,1.1487858863680385,0.9849402427742129,0.1895518381004624,0.9880541312187155,1.115305297279021
low-salinity,corrected_fc,initial_slope,71,25,1.7997409719702555,1.276368298431551,0.2552736596863102,1.615224103388233,1.923698386369684
low-salinity,corrected_fc,initial_slope,72,26,1.4721124947513886,0.956432219682606,0.1875717904457873,1.2930796446868225,1.4264326576166768
low-salinity,corrected_fc,initial_slope,74,26,1.7096238273160795,1.2814369924398965,0.2513104703804109,1.6436582984297778,2.2702580974859057
low-salinity,corrected_fc,initial_slope,76,24,2.061176860121686,1.3357191518697804,0.27265253014533947,2.1910567402226,2.2257843852700456
low-salinity,corrected_fc,initial_slope,77,24,1.5827851230573144,1.0125853001875182,0.20669310887519596,1.3431353248002436,1.3729481353333868
low-salinity,corrected_fc,initial_slope,78,17,3.4177733461446813,1.0675250913981698,0.2589128652842236,3.325042809910426,1.6932991036397773
low-salinity,corrected_fc,initial_slope,79,31,1.5380935354732563,1.1736744220676412,0.2107981490565592,1.240159110522746,1.8890859896770391
low-salinity,corrected_fc,initial_slope,80,27,1.7946330803841064,1.4030252603694267,0.27001233725137774,2.0572304297661166,2.6353828442265916
low-salinity,corrected_fc,initial_slope,82,21,1.180802902361959,1.069038935342717,0.2332834210506192,0.9820323939520186,0.8671335554755313
low-salinity,corrected_fc,initial_slope,83,26,0.9949683084693899,1.1882285009734506,0.2330307812719511,0.33015647486183,1.6906830899487426
low-salinity,corrected_fc,initial_slope,84,25,1.1368786016997539,0.9405452010768166,0.18810904021536332,0.8338692878982279,1.471370801314701
low-salinity,corrected_fc,initial_slope,85,24,0.7955170220787601,0.7421634885395648,0.15149348772048707,0.6306458933904271,1.0203513403770121
low-salinity,corrected_fc,initial_slope,88,20,2.2123770123038144,0.9782276154977145,0.21873834457204164,2.4140192741227855,0.9987234704414005
low-salinity,corrected_fc,initial_slope,90,23,1.1575429943892919,1.1472187663411753,0.23921164885891033,0.6003616241219332,1.931420234211061
low-salinity,corrected_fc,late_early_auc_ratio,47,27,2.835952627079557,1.7917080048887266,0.3448143663105712,1.934938377701741,1.4857800809772765
low-salinity,corrected_fc,late_early_auc_ratio,48,23,4.774870752195226,3.4455686302637583,0.7184507240328853,4.302418939625712,3.1291441728667717
low-salinity,corrected_fc,late_early_auc_ratio,49,27,12.203497832585391,41.1821089627397,7.9255005651447545,3.4950797075835607,4.209696199139229
low-salinity,corrected_fc,late_early_auc_ratio,50,27,5.292228977636214,4.171611290241463,0.8028269671251302,4.343005913174703,3.400227761063462
low-salinity,corrected_fc,late_early_auc_ratio,51,28,3.572150702207933,2.1097015268882195,0.39869611290853396,3.0445839613003964,2.462461796118898
low-salinity,corrected_fc,late_early_auc_ratio,54,16,5.62846291777891,4.699462999791714,1.1748657499479285,3.267763515401567,5.906640619680541
low-salinity,corrected_fc,late_early_auc_ratio,55,23,3.642808199080583,2.0159613849906304,0.42035700695301026,3.483636744499828,2.3604091097261675
low-salinity,corrected_fc,late_early_auc_ratio,57,26,1.2098627385059446,17.922697745573668,3.514930213111752,3.5233699758080617,2.4071107429921392
low-salinity,corrected_fc,late_early_auc_ratio,60,27,6.104091961298356,10.866789593208267,2.0913146322886056,3.4986803233402535,4.956758752601017
low-salinity,corrected_fc,late_early_auc_ratio,61,27,5.623039646540855,6.751768028863001,1.2993783629899875,3.2037137142848846,2.927702739858176
low-salinity,corrected_fc,late_early_auc_ratio,70,27,3.349998329659166,2.411923460497019,0.46417488639424254,2.5987153843291892,1.4484863204265492
low-salinity,corrected_fc,late_early_auc_ratio,71,25,2.8150126900829204,1.5211880708495313,0.30423761416990625,2.3469448833972155,1.6741527622134755
low-salinity,corrected_fc,late_early_auc_ratio,72,26,3.835461764982245,2.1855893125914885,0.42862932898476314,2.6425784700742456,3.3247073795913864
low-salinity,corrected_fc,late_early_auc_ratio,74,26,2.489988693673588,2.1143328395493732,0.41465478488816526,2.020568684329963,0.9147578352485026
low-salinity,corrected_fc,late_early_auc_ratio,76,24,3.438039243403683,3.569160770541922,0.7285518914822119,2.3295506671538435,1.6430272651232163
low-salinity,corrected_fc,late_early_auc_ratio,77,24,4.455541206414557,2.9510065712889832,0.6023716939381767,3.759449845956837,2.3641293079332115
low-salinity,corrected_fc,late_early_auc_ratio,78,17,2.2670111684968646,0.5113900037675447,0.12403029420109414,2.1732556787193604,0.7737914642854067
low-salinity,corrected_fc,late_early_auc_ratio,79,31,3.8561627198542525,3.3576674962284594,0.6030548847655975,2.7696581551507378,2.715288963319827
low-salinity,corrected_fc,late_early_auc_ratio,80,27,3.1697788487090297,2.354063210925262,0.45303967617236496,2.0317130018912466,1.9130816721448216
low-salinity,corrected_fc,late_early_auc_ratio,82,21,-3.428727046848706,44.36798993251768,9.68188915708576,5.515588460828288,4.387583230455514
low-salinity,corrected_fc,late_early_auc_ratio,83,26,15.2295693287041,31.73238336561368,6.223232384387356,3.9310281179796043,5.651671806102698
low-salinity,corrected_fc,late_early_auc_ratio,84,25,5.878953156882893,9.180859872280312,1.8361719744560623,3.3977007565402704,2.333623936844743
low-salinity,corrected_fc,late_early_auc_ratio,85,24,4.753607926468344,2.334428413358745,0.4765132044819879,4.06351975947058,2.3318136722528133
low-salinity,corrected_fc,late_early_auc_ratio,88,20,2.7353349553130784,1.5894964548205637,0.35542221229737037,2.2425474522511424,0.9260834775060727
low-salinity,corrected_fc,late_early_auc_ratio,90,23,7.721912316499228,15.588940467527307,3.2505187873570778,3.8085699961003314,5.6727166846169945
low-salinity,corrected_fc,metabolic_depression_index,47,27,0.002505162900383414,0.00950897729204238,0.0018300035330929023,0,0
low-salinity,corrected_fc,metabolic_depression_index,48,23,0.0021957514163789132,0.006773991383588942,0.0014124748441767215,0,0
low-salinity,corrected_fc,metabolic_depression_index,49,27,0.003047741877508408,0.015765541704315867,0.003034079915635679,0,0
low-salinity,corrected_fc,metabolic_depression_index,50,27,0,0,0,0,0
low-salinity,corrected_fc,metabolic_depression_index,51,28,0.001296101145317729,0.0068583226089933965,0.0012961011453177286,0,0
low-salinity,corrected_fc,metabolic_depression_index,54,16,0.007619052293924691,0.025078602542565963,0.006269650635641491,0,8.586211667276942e-4
low-salinity,corrected_fc,metabolic_depression_index,55,23,0,0,0,0,0
low-salinity,corrected_fc,metabolic_depression_index,57,26,2.331997955860705e-4,0.001189090308259222,2.331997955860705e-4,0,0
low-salinity,corrected_fc,metabolic_depression_index,60,27,7.031343199994506e-4,0.0024669581340262046,4.747663142531887e-4,0,0
low-salinity,corrected_fc,metabolic_depression_index,61,27,0.004322644369419719,0.022461119012659438,0.004322644369419716,0,0
low-salinity,corrected_fc,metabolic_depression_index,70,27,9.9638636850548e-4,0.00517737544266161,9.963863685054795e-4,0,0
low-salinity,corrected_fc,metabolic_depression_index,71,25,0,0,0,0,0
low-salinity,corrected_fc,metabolic_depression_index,72,26,4.2178241532091535e-4,0.0017446248408071992,3.421490810451775e-4,0,0
low-salinity,corrected_fc,metabolic_depression_index,74,26,2.535308515500862e-4,0.0012927587593516852,2.5353085155008627e-4,0,0
low-salinity,corrected_fc,metabolic_depression_index,76,24,0.010614353611322649,0.03932671237008942,0.00802753154732653,0,0
low-salinity,corrected_fc,metabolic_depression_index,77,24,8.118889001537844e-4,0.0037616944843798317,7.678526712477045e-4,0,0
low-salinity,corrected_fc,metabolic_depression_index,78,17,0.01712961697678599,0.04875175042265375,0.011824036260373637,0,0
low-salinity,corrected_fc,metabolic_depression_index,79,31,3.9671228716117724e-7,2.208800534752794e-6,3.9671228716117755e-7,0,0
low-salinity,corrected_fc,metabolic_depression_index,80,27,0,0,0,0,0
low-salinity,corrected_fc,metabolic_depression_index,82,21,0.003460976148620278,0.01586018517948915,0.003460976148620277,0,0
low-salinity,corrected_fc,metabolic_depression_index,83,26,0.0014200182015041173,0.004854071259698444,9.519616951373953e-4,0,0
low-salinity,corrected_fc,metabolic_depression_index,84,25,0,0,0,0,0
low-salinity,corrected_fc,metabolic_depression_index,85,24,0.004677038931142528,0.0198707706189061,0.0040561040676839865,0,0
low-salinity,corrected_fc,metabolic_depression_index,88,20,1.0253673872628297e-4,4.5855823596620775e-4,1.0253673872628294e-4,0,0
low-salinity,corrected_fc,metabolic_depression_index,90,23,0.0014756554969747038,0.007076995149940982,0.001475655496974704,0,0
low-salinity,corrected_fc,metabolic_scope,47,27,4.519778962604028,1.9871233825680392,0.38242207327955235,4.546321226259581,2.725826953627623
low-salinity,corrected_fc,metabolic_scope,48,23,6.158456460508027,2.5051511965385593,0.5223601338706175,6.198987884028129,3.403403160125296
low-salinity,corrected_fc,metabolic_scope,49,27,5.598754043240549,2.5361553050662535,0.48808331602889965,5.607936382618953,4.5886037341779335
low-salinity,corrected_fc,metabolic_scope,50,27,4.080445110075011,1.9932165295680195,0.3835946999664359,4.176632697445323,2.036553743889482
low-salinity,corrected_fc,metabolic_scope,51,28,3.9240400120773664,1.9547305214904207,0.3694093457150894,3.905038022361743,2.31713021649488
low-salinity,corrected_fc,metabolic_scope,54,16,6.303123454091303,1.76816608298316,0.44204152074579,6.2028725163094425,1.4072475537266236
low-salinity,corrected_fc,metabolic_scope,55,23,3.491384727408319,2.008664179342722,0.41883543439308263,2.9523586365501187,1.8169016323377498
low-salinity,corrected_fc,metabolic_scope,57,26,3.2500367831389116,2.436425671981082,0.47782238634038277,2.253953405977232,2.5765763810885858
low-salinity,corrected_fc,metabolic_scope,60,27,3.3852119644752046,2.3705701480170887,0.4562164376968524,3.1507603833724978,4.638336175915667
low-salinity,corrected_fc,metabolic_scope,61,27,3.3815812527044895,1.9839915300438422,0.3818193479802499,3.1204498951041764,1.7262013377305332
low-salinity,corrected_fc,metabolic_scope,70,27,2.9930884193343417,2.2055783150224944,0.4244637446323461,2.449172890289201,1.9869063629419483
low-salinity,corrected_fc,metabolic_scope,71,25,3.7018392101873703,1.6869319595206003,0.33738639190412006,3.0467795129941715,2.9182815529866524
low-salinity,corrected_fc,metabolic_scope,72,26,4.414183758353497,2.2002873996597434,0.43151186101451383,4.361010216785168,2.9497852628912775
low-salinity,corrected_fc,metabolic_scope,74,26,3.4204975642616073,2.150466289170859,0.42174113737714136,3.829911598690677,3.2667832687883163
low-salinity,corrected_fc,metabolic_scope,76,24,4.586868494763578,2.009951157895987,0.4102795620634494,4.497584707506357,2.634958124157005
low-salinity,corrected_fc,metabolic_scope,77,24,5.718310220525883,2.44041199368104,0.4981470122238961,5.452142913253166,3.68482416907887
low-salinity,corrected_fc,metabolic_scope,78,17,6.913419441724777,1.6746308250903634,0.4061576338684013,7.01455241739349,1.3898759479853577
low-salinity,corrected_fc,metabolic_scope,79,31,3.528041275257997,1.7328185655470183,0.3112234018226751,3.5719037282888304,2.2346414657339517
low-salinity,corrected_fc,metabolic_scope,80,27,3.2045158227101003,2.3578881738838304,0.45377579063695483,3.1854460905359017,2.920908593651074
low-salinity,corrected_fc,metabolic_scope,82,21,5.557542863365705,2.764416442161717,0.6032451237422182,5.880626244869455,4.421471821571324
low-salinity,corrected_fc,metabolic_scope,83,26,3.6034580144113906,3.2572280999520435,0.6387949862260854,3.872148373224432,5.271025695889168
low-salinity,corrected_fc,metabolic_scope,84,25,3.5979553403712914,2.5446274810332916,0.5089254962066583,3.332426375434467,3.958004878216104
low-salinity,corrected_fc,metabolic_scope,85,24,3.5476305749916173,2.7904134946191474,0.5695907694327804,2.579490187801733,5.050110800172668
low-salinity,corrected_fc,metabolic_scope,88,20,4.99613446403207,2.059819626166522,0.4605896705496547,5.195716795610784,2.307908828327921
low-salinity,corrected_fc,metabolic_scope,90,23,4.28656718878742,2.481279553721171,0.51738255225597,4.621577743161394,3.6554394907067818
low-salinity,corrected_fc,min_slope,47,27,0.2648046519150709,0.23574045653014133,0.045368272012187454,0.25707706821726584,0.2700346766165422
low-salinity,corrected_fc,min_slope,48,23,0.13980868604039348,0.1860125644880212,0.03878630089147358,0.12888821681341697,0.2548077105465903
low-salinity,corrected_fc,min_slope,49,27,0.2125916156393039,0.2916256880457046,0.056123389831932456,0.24425560296014837,0.2952378288151992
low-salinity,corrected_fc,min_slope,50,27,0.11131661530104044,0.19689747330282834,0.03789293640471503,0.09899856256954433,0.24807522509013755
low-salinity,corrected_fc,min_slope,51,28,0.1261657351562751,0.3185244334331201,0.060195459811555954,0.024405004249232365,0.30284150255409087
low-salinity,corrected_fc,min_slope,54,16,0.13827998761175578,0.32088595178799206,0.08022148794699802,0.15931943302008023,0.267248059406354
low-salinity,corrected_fc,min_slope,55,23,0.131491258728317,0.22404816854764859,0.046717272585273674,0.08798574534856696,0.22736955683842658
low-salinity,corrected_fc,min_slope,57,26,0.07146998267222539,0.17542898071316076,0.034404453688696116,0.047855563591609696,0.14775166679065693
low-salinity,corrected_fc,min_slope,60,27,0.12213439882485842,0.15015966573369613,0.028898241144257895,0.08932421526608537,0.2414951976025168
low-salinity,corrected_fc,min_slope,61,27,0.08004831089945687,0.2606119174439844,0.05015478689676963,0.07728649091668949,0.1960560482087706
low-salinity,corrected_fc,min_slope,70,27,0.21209428159687116,0.1729617453962269,0.03328650342133971,0.21584817434091863,0.2898920300759788
low-salinity,corrected_fc,min_slope,71,25,0.15997500420093738,0.16533660573177045,0.03306732114635409,0.07304205707323752,0.240503138787432
low-salinity,corrected_fc,min_slope,72,26,0.0918576755002096,0.3033308114278755,0.05948806640556425,0.06940014008972784,0.29105145614269345
low-salinity,corrected_fc,min_slope,74,26,0.14360873389083254,0.21154689229027102,0.041487758916461656,0.1082602990579451,0.29651326315498083
low-salinity,corrected_fc,min_slope,76,24,0.14392085139316974,0.40466709012298685,0.08260232387484769,0.1892362638166043,0.3280034972884372
low-salinity,corrected_fc,min_slope,77,24,0.256159397897346,0.2609808972984861,0.053272502582915986,0.20401428595420024,0.26912774103707143
low-salinity,corrected_fc,min_slope,78,17,0.12391213779581328,0.5100682212926612,0.12370971486238617,0.22988063995759855,0.21468545160181485
low-salinity,corrected_fc,min_slope,79,31,0.13214990230603946,0.22397233469282332,0.04022661881814645,0.09171925576832551,0.20427676480776458
low-salinity,corrected_fc,min_slope,80,27,0.149837384981779,0.16767705573793087,0.03226946442240609,0.13564042615649496,0.13767173136147187
low-salinity,corrected_fc,min_slope,82,21,0.17543158277993615,0.3608773514681715,0.07874989427133709,0.09977320690886637,0.42137690338049216
low-salinity,corrected_fc,min_slope,83,26,0.12278701862127286,0.2265864609833226,0.04443726100268816,0.01889951790802078,0.23022465038833856
low-salinity,corrected_fc,min_slope,84,25,0.26439309656295246,0.3133883741053203,0.06267767482106405,0.1943265122983595,0.23782193258378953
low-salinity,corrected_fc,min_slope,85,24,0.0916248901364026,0.34144560345888875,0.0696972919492467,0.06012801568580439,0.16379181537370804
low-salinity,corrected_fc,min_slope,88,20,0.18954072130744526,0.3129760150107399,0.0699835644891009,0.25297703478348543,0.4161886760640102
low-salinity,corrected_fc,min_slope,90,23,0.20328139428312073,0.2821222127493941,0.0588265478839253,0.13360151937703857,0.22154985232685087
low-salinity,corrected_fc,peak_value,47,27,4.519778962604028,1.9871233825680392,0.38242207327955235,4.546321226259581,2.725826953627623
low-salinity,corrected_fc,peak_value,48,23,6.158456460508027,2.5051511965385593,0.5223601338706175,6.198987884028129,3.403403160125296
low-salinity,corrected_fc,peak_value,49,27,5.598754043240549,2.5361553050662535,0.48808331602889965,5.607936382618953,4.5886037341779335
low-salinity,corrected_fc,peak_value,50,27,4.080445110075011,1.9932165295680195,0.3835946999664359,4.176632697445323,2.036553743889482
low-salinity,corrected_fc,peak_value,51,28,3.9240400120773664,1.9547305214904207,0.3694093457150894,3.905038022361743,2.31713021649488
low-salinity,corrected_fc,peak_value,54,16,6.303123454091303,1.76816608298316,0.44204152074579,6.2028725163094425,1.4072475537266236
low-salinity,corrected_fc,peak_value,55,23,3.491384727408319,2.008664179342722,0.41883543439308263,2.9523586365501187,1.8169016323377498
low-salinity,corrected_fc,peak_value,57,26,3.2500367831389116,2.436425671981082,0.47782238634038277,2.253953405977232,2.5765763810885858
low-salinity,corrected_fc,peak_value,60,27,3.3852119644752046,2.3705701480170887,0.4562164376968524,3.1507603833724978,4.638336175915667
low-salinity,corrected_fc,peak_value,61,27,3.3815812527044895,1.9839915300438422,0.3818193479802499,3.1204498951041764,1.7262013377305332
low-salinity,corrected_fc,peak_value,70,27,2.9930884193343417,2.2055783150224944,0.4244637446323461,2.449172890289201,1.9869063629419483
low-salinity,corrected_fc,peak_value,71,25,3.7018392101873703,1.6869319595206003,0.33738639190412006,3.0467795129941715,2.9182815529866524
low-salinity,corrected_fc,peak_value,72,26,4.414183758353497,2.2002873996597434,0.43151186101451383,4.361010216785168,2.9497852628912775
low-salinity,corrected_fc,peak_value,74,26,3.4204975642616073,2.150466289170859,0.42174113737714136,3.829911598690677,3.2667832687883163
low-salinity,corrected_fc,peak_value,76,24,4.586868494763578,2.009951157895987,0.4102795620634494,4.497584707506357,2.634958124157005
low-salinity,corrected_fc,peak_value,77,24,5.718310220525883,2.44041199368104,0.4981470122238961,5.452142913253166,3.68482416907887
low-salinity,corrected_fc,peak_value,78,17,6.913419441724777,1.6746308250903634,0.4061576338684013,7.01455241739349,1.3898759479853577
low-salinity,corrected_fc,peak_value,79,31,3.528041275257997,1.7328185655470183,0.3112234018226751,3.5719037282888304,2.2346414657339517
low-salinity,corrected_fc,peak_value,80,27,3.2045158227101003,2.3578881738838304,0.45377579063695483,3.1854460905359017,2.920908593651074
low-salinity,corrected_fc,peak_value,82,21,5.557542863365705,2.764416442161717,0.6032451237422182,5.880626244869455,4.421471821571324
low-salinity,corrected_fc,peak_value,83,26,3.6034580144113906,3.2572280999520435,0.6387949862260854,3.872148373224432,5.271025695889168
low-salinity,corrected_fc,peak_value,84,25,3.5979553403712914,2.5446274810332916,0.5089254962066583,3.332426375434467,3.958004878216104
low-salinity,corrected_fc,peak_value,85,24,3.5476305749916173,2.7904134946191474,0.5695907694327804,2.579490187801733,5.050110800172668
low-salinity,corrected_fc,peak_value,88,20,4.99613446403207,2.059819626166522,0.4605896705496547,5.195716795610784,2.307908828327921
low-salinity,corrected_fc,peak_value,90,23,4.28656718878742,2.481279553721171,0.51738255225597,4.621577743161394,3.6554394907067818
low-salinity,corrected_fc,resilience_ratio,47,27,0.9974948370996166,0.00950897729204238,0.0018300035330929023,1,0
low-salinity,corrected_fc,resilience_ratio,48,23,0.997804248583621,0.006773991383588948,0.0014124748441767228,1,0
low-salinity,corrected_fc,resilience_ratio,49,27,0.9969522581224916,0.015765541704315884,0.003034079915635682,1,0
low-salinity,corrected_fc,resilience_ratio,50,27,1,0,0,1,0
low-salinity,corrected_fc,resilience_ratio,51,28,0.9987038988546822,0.006858322608993395,0.0012961011453177284,1,0
low-salinity,corrected_fc,resilience_ratio,54,16,0.9923809477060753,0.02507860254256596,0.00626965063564149,1,8.586211667276356e-4
low-salinity,corrected_fc,resilience_ratio,55,23,1,0,0,1,0
low-salinity,corrected_fc,resilience_ratio,57,26,0.9997668002044139,0.0011890903082592272,2.3319979558607154e-4,1,0
low-salinity,corrected_fc,resilience_ratio,60,27,0.9992968656800005,0.0024669581340262124,4.747663142531902e-4,1,0
low-salinity,corrected_fc,resilience_ratio,61,27,0.9956773556305802,0.022461119012659462,0.00432264436941972,1,0
low-salinity,corrected_fc,resilience_ratio,70,27,0.9990036136314945,0.005177375442661605,9.963863685054784e-4,1,0
low-salinity,corrected_fc,resilience_ratio,71,25,1,0,0,1,0
low-salinity,corrected_fc,resilience_ratio,72,26,0.9995782175846791,0.0017446248408072014,3.421490810451779e-4,1,0
low-salinity,corrected_fc,resilience_ratio,74,26,0.9997464691484499,0.0012927587593516753,2.535308515500843e-4,1,0
low-salinity,corrected_fc,resilience_ratio,76,24,0.9893856463886773,0.039326712370089424,0.008027531547326532,1,0
low-salinity,corrected_fc,resilience_ratio,77,24,0.9991881110998462,0.0037616944843798404,7.678526712477064e-4,1,0
low-salinity,corrected_fc,resilience_ratio,78,17,0.9828703830232141,0.048751750422653714,0.011824036260373628,1,0
low-salinity,corrected_fc,resilience_ratio,79,31,0.9999996032877129,2.2088005347486606e-6,3.9671228716043513e-7,1,0
low-salinity,corrected_fc,resilience_ratio,80,27,1,0,0,1,0
low-salinity,corrected_fc,resilience_ratio,82,21,0.9965390238513797,0.015860185179489138,0.003460976148620274,1,0
low-salinity,corrected_fc,resilience_ratio,83,26,0.9985799817984958,0.004854071259698442,9.51961695137395e-4,1,0
low-salinity,corrected_fc,resilience_ratio,84,25,1,0,0,1,0
low-salinity,corrected_fc,resilience_ratio,85,24,0.9953229610688574,0.019870770618906124,0.004056104067683992,1,0
low-salinity,corrected_fc,resilience_ratio,88,20,0.9998974632612737,4.5855823596620867e-4,1.0253673872628314e-4,1,0
low-salinity,corrected_fc,resilience_ratio,90,23,0.9985243445030253,0.007076995149940982,0.001475655496974704,1,0
low-salinity,corrected_fc,stability_cv,47,27,0.726897184438869,0.1755641904437683,0.033787344204256116,0.6450035917225497,0.20065676202634064
low-salinity,corrected_fc,stability_cv,48,23,0.865913133130803,0.2175241944283169,0.04535692994445771,0.9119528242127775,0.3369030699929876
low-salinity,corrected_fc,stability_cv,49,27,0.8761167218909034,0.23154547468914571,0.04456094738047265,0.8528421793287546,0.39260028109089573
low-salinity,corrected_fc,stability_cv,50,27,0.9354827964094623,0.2143053005930516,0.04124307432872067,0.9397119432501401,0.30119238649273616
low-salinity,corrected_fc,stability_cv,51,28,0.8353502144854593,0.18791125743378362,0.03551188969423063,0.8570073764474821,0.3033262457151177
low-salinity,corrected_fc,stability_cv,54,16,0.8707520690709867,0.2407348747072965,0.06018371867682412,0.8204695117215478,0.450993552281136
low-salinity,corrected_fc,stability_cv,55,23,0.8335078385808503,0.1764462659196788,0.03679158975080063,0.8682340008670258,0.2660042319435316
low-salinity,corrected_fc,stability_cv,57,26,0.8791989996417747,0.21765843290173442,0.042686330640921914,0.8788292242258059,0.2138578551045256
low-salinity,corrected_fc,stability_cv,60,27,0.883054719305549,0.2846767698748522,0.05478606990642635,0.8856209667426875,0.45876472098839316
low-salinity,corrected_fc,stability_cv,61,27,0.8453835613194752,0.24361403933160505,0.04688354372882475,0.8266292032580481,0.33734367386447617
low-salinity,corrected_fc,stability_cv,70,27,0.775286866344915,0.18115001049454002,0.03486233577424207,0.7342797924194019,0.2055372682385782
low-salinity,corrected_fc,stability_cv,71,25,0.7292923443718882,0.16087276982186166,0.032174553964372334,0.6733261610450837,0.24711597410817232
low-salinity,corrected_fc,stability_cv,72,26,0.8327987452423613,0.18564431476200877,0.03640784552150168,0.7755820730435197,0.30727404038980854
low-salinity,corrected_fc,stability_cv,74,26,0.7695864251376853,0.3179081741915189,0.06234692245127727,0.675593304051972,0.12998067139357217
low-salinity,corrected_fc,stability_cv,76,24,0.7522390110767935,0.20144229692406718,0.04111923667318216,0.6851427227761853,0.2407457396578193
low-salinity,corrected_fc,stability_cv,77,24,0.8694969631127892,0.17596934581567328,0.03591959230164647,0.8811323330386596,0.27676623818871326
low-salinity,corrected_fc,stability_cv,78,17,0.6769212021655958,0.0749288110062646,0.01817290601063365,0.6641484551021414,0.12255636012290716
low-salinity,corrected_fc,stability_cv,79,31,0.7962422003151637,0.20163405931053663,0.03621454612135358,0.7488216737454882,0.33569303124563077
low-salinity,corrected_fc,stability_cv,80,27,0.7410720051893004,0.19253984156136167,0.03705430978506002,0.645998077534825,0.28578668332083135
low-salinity,corrected_fc,stability_cv,82,21,1.0120893016096848,0.2101298515346932,0.04585409287750306,1.0338973249340717,0.23920793260255113
low-salinity,corrected_fc,stability_cv,83,26,1.00195253759286,0.33514881431616245,0.06572809015983067,1.0103101380122723,0.5905710274283296
low-salinity,corrected_fc,stability_cv,84,25,0.8573538837324179,0.25284310477276306,0.05056862095455261,0.8674129586739552,0.269146475173173
low-salinity,corrected_fc,stability_cv,85,24,0.9031435793124888,0.16741290003790826,0.03417301512103682,0.8941831588430802,0.2791145775097146
low-salinity,corrected_fc,stability_cv,88,20,0.7373719624686206,0.14638195072973537,0.03273199925107132,0.6778065878111829,0.16101973143361747
low-salinity,corrected_fc,stability_cv,90,23,0.9251528288032124,0.2651773190808285,0.05529329330936491,0.934173036316555,0.4616663411695092
low-salinity,corrected_fc,time_to_min_slope,47,27,2.2037037037037037,0.9533267586887033,0.18346782025153208,1.5,2
low-salinity,corrected_fc,time_to_min_slope,48,23,2.369565217391304,1.0576280419404613,0.2205306914555466,1.5,2
low-salinity,corrected_fc,time_to_min_slope,49,27,1.9814814814814814,0.9754829324836757,0.1877317778864452,1.5,1.5
low-salinity,corrected_fc,time_to_min_slope,50,27,1.7592592592592593,0.9443187447773614,0.18173422716600637,1.5,0
low-salinity,corrected_fc,time_to_min_slope,51,28,1.9642857142857142,0.8811668550592598,0.16652488300283563,1.5,1
low-salinity,corrected_fc,time_to_min_slope,54,16,3,0.8944271909999159,0.22360679774997896,3.5,0.5
low-salinity,corrected_fc,time_to_min_slope,55,23,1.8043478260869565,0.8221248859286777,0.17142488887115767,1.5,0
low-salinity,corrected_fc,time_to_min_slope,57,26,2.5,1.0954451150103321,0.21483446221182986,3,2
low-salinity,corrected_fc,time_to_min_slope,60,27,2.0185185185185186,1.1559335345002912,0.2224595124363529,1.5,2
low-salinity,corrected_fc,time_to_min_slope,61,27,1.9074074074074074,1.0834155129908258,0.20850341268982325,1.5,1.5
low-salinity,corrected_fc,time_to_min_slope,70,27,2.5,1.0377490433255416,0.1997148965050927,2.5,2
low-salinity,corrected_fc,time_to_min_slope,71,25,2.42,1.0376254944182253,0.20752509888364506,2.5,2
low-salinity,corrected_fc,time_to_min_slope,72,26,2.230769230769231,1.0414486951431574,0.2042448930361809,1.5,2
low-salinity,corrected_fc,time_to_min_slope,74,26,2.3846153846153846,1.107318312931673,0.21716298789989397,2,2
low-salinity,corrected_fc,time_to_min_slope,76,24,2.5,1.06321906614239,0.21702868307060783,3,2
low-salinity,corrected_fc,time_to_min_slope,77,24,2.2916666666666665,1.1025333147551268,0.2250536704641184,1.5,2
low-salinity,corrected_fc,time_to_min_slope,78,17,2.911764705882353,0.9393364366277244,0.2278225497769069,3.5,2
low-salinity,corrected_fc,time_to_min_slope,79,31,2.532258064516129,1.1100711979490905,0.19937467277887025,3.5,2
low-salinity,corrected_fc,time_to_min_slope,80,27,2.240740740740741,1.2276491791723345,0.23626119468852347,1.5,2
low-salinity,corrected_fc,time_to_min_slope,82,21,2.0238095238095237,0.9807674351775564,0.21402100051661177,1.5,2
low-salinity,corrected_fc,time_to_min_slope,83,26,1.9615384615384615,1.3922864426767714,0.2730498361430592,1.5,3
low-salinity,corrected_fc,time_to_min_slope,84,25,2.1,1.118033988749895,0.223606797749979,1.5,2
low-salinity,corrected_fc,time_to_min_slope,85,24,2.5416666666666665,1.1970676733137326,0.24435041559994272,3.5,2
low-salinity,corrected_fc,time_to_min_slope,88,20,1.9,0.6805570473787207,0.15217718205053646,1.5,1
low-salinity,corrected_fc,time_to_min_slope,90,23,2.0217391304347827,1.3774008863003637,0.28720793872861583,1.5,3
low-salinity,corrected_fc,time_to_peak,47,27,3.888888888888889,0.3202563076101744,0.06163335513613659,4,0
low-salinity,corrected_fc,time_to_peak,48,23,3.8260869565217392,0.3875533878815898,0.08081046758996392,4,0
low-salinity,corrected_fc,time_to_peak,49,27,3.925925925925926,0.2668802563418119,0.051361129280113806,4,0
low-salinity,corrected_fc,time_to_peak,50,27,4,0,0,4,0
low-salinity,corrected_fc,time_to_peak,51,28,3.9642857142857144,0.18898223650461368,0.035714285714285726,4,0
low-salinity,corrected_fc,time_to_peak,54,16,3.75,0.44721359549995793,0.11180339887498948,4,0.25
low-salinity,corrected_fc,time_to_peak,55,23,4,0,0,4,0
low-salinity,corrected_fc,time_to_peak,57,26,3.9615384615384617,0.196116135138184,0.03846153846153846,4,0
low-salinity,corrected_fc,time_to_peak,60,27,3.888888888888889,0.32025630761017426,0.06163335513613657,4,0
low-salinity,corrected_fc,time_to_peak,61,27,3.962962962962963,0.19245008972987515,0.037037037037037014,4,0
low-salinity,corrected_fc,time_to_peak,70,27,3.962962962962963,0.19245008972987523,0.037037037037037035,4,0
low-salinity,corrected_fc,time_to_peak,71,25,4,0,0,4,0
low-salinity,corrected_fc,time_to_peak,72,26,3.923076923076923,0.271746488194703,0.053293871002119304,4,0
low-salinity,corrected_fc,time_to_peak,74,26,3.9615384615384617,0.196116135138184,0.03846153846153846,4,0
low-salinity,corrected_fc,time_to_peak,76,24,3.9166666666666665,0.2823298512866399,0.05763033956734371,4,0
low-salinity,corrected_fc,time_to_peak,77,24,3.9166666666666665,0.28232985128663984,0.0576303395673437,4,0
low-salinity,corrected_fc,time_to_peak,78,17,3.823529411764706,0.3929526239966878,0.0953050102707038,4,0
low-salinity,corrected_fc,time_to_peak,79,31,3.967741935483871,0.1796053020267749,0.03225806451612904,4,0
low-salinity,corrected_fc,time_to_peak,80,27,4,0,0,4,0
low-salinity,corrected_fc,time_to_peak,82,21,3.9523809523809526,0.21821789023599225,0.047619047619047596,4,0
low-salinity,corrected_fc,time_to_peak,83,26,3.8846153846153846,0.3258125936084211,0.06389710663783135,4,0
low-salinity,corrected_fc,time_to_peak,84,25,4,0,0,4,0
low-salinity,corrected_fc,time_to_peak,85,24,3.875,0.3378319623460881,0.06895966054592131,4,0
low-salinity,corrected_fc,time_to_peak,88,20,3.95,0.2236067977499789,0.04999999999999998,4,0
low-salinity,corrected_fc,time_to_peak,90,23,3.9565217391304346,0.20851441405707477,0.04347826086956522,4,0
low-salinity,corrected_fc,time_to_trough,47,27,0,0,0,0,0
low-salinity,corrected_fc,time_to_trough,48,23,0,0,0,0,0
low-salinity,corrected_fc,time_to_trough,49,27,0.03703703703703704,0.1924500897298752,0.03703703703703703,0,0
low-salinity,corrected_fc,time_to_trough,50,27,0,0,0,0,0
low-salinity,corrected_fc,time_to_trough,51,28,0,0,0,0,0
low-salinity,corrected_fc,time_to_trough,54,16,0,0,0,0,0
low-salinity,corrected_fc,time_to_trough,55,23,0,0,0,0,0
low-salinity,corrected_fc,time_to_trough,57,26,0.03846153846153847,0.19611613513818396,0.03846153846153845,0,0
low-salinity,corrected_fc,time_to_trough,60,27,0.07407407407407408,0.26688025634181195,0.05136112928011382,0,0
low-salinity,corrected_fc,time_to_trough,61,27,0,0,0,0,0
low-salinity,corrected_fc,time_to_trough,70,27,0,0,0,0,0
low-salinity,corrected_fc,time_to_trough,71,25,0,0,0,0,0
low-salinity,corrected_fc,time_to_trough,72,26,0,0,0,0,0
low-salinity,corrected_fc,time_to_trough,74,26,0.03846153846153848,0.19611613513818402,0.038461538461538464,0,0
low-salinity,corrected_fc,time_to_trough,76,24,0,0,0,0,0
low-salinity,corrected_fc,time_to_trough,77,24,0,0,0,0,0
low-salinity,corrected_fc,time_to_trough,78,17,0,0,0,0,0
low-salinity,corrected_fc,time_to_trough,79,31,0,0,0,0,0
low-salinity,corrected_fc,time_to_trough,80,27,0,0,0,0,0
low-salinity,corrected_fc,time_to_trough,82,21,0.047619047619047616,0.21821789023599242,0.04761904761904763,0,0
low-salinity,corrected_fc,time_to_trough,83,26,0.19230769230769232,0.40191847623425014,0.07882269819968922,0,0
low-salinity,corrected_fc,time_to_trough,84,25,0,0,0,0,0
low-salinity,corrected_fc,time_to_trough,85,24,0,0,0,0,0
low-salinity,corrected_fc,time_to_trough,88,20,0,0,0,0,0
low-salinity,corrected_fc,time_to_trough,90,23,0.08695652173913045,0.2881040655200304,0.060073850409370216,0,0
low-salinity,corrected_fc,time_to_vmax,47,27,1.2037037037037035,1.0308627758717754,0.19838963371571147,0.5,2
low-salinity,corrected_fc,time_to_vmax,48,23,1.847826086956522,0.9346217344793906,0.19488210332997705,2.5,2
low-salinity,corrected_fc,time_to_vmax,49,27,1.7222222222222223,1.050030524586834,0.20207846867584417,2.5,2
low-salinity,corrected_fc,time_to_vmax,50,27,2.1296296296296298,0.9260398790278191,0.17821645781234663,2.5,0
low-salinity,corrected_fc,time_to_vmax,51,28,1.7142857142857142,1.1007452982594168,0.20802130828700255,2.5,2
low-salinity,corrected_fc,time_to_vmax,54,16,1.625,1.02469507659596,0.25617376914899,2.5,2
low-salinity,corrected_fc,time_to_vmax,55,23,1.7173913043478262,0.9980217586956907,0.20810192223064322,2.5,2
low-salinity,corrected_fc,time_to_vmax,57,26,1.846153846153846,0.9356199096773301,0.18349016064425483,2.5,2
low-salinity,corrected_fc,time_to_vmax,60,27,1.759259259259259,0.9842057552468226,0.18941048590991066,2.5,2
low-salinity,corrected_fc,time_to_vmax,61,27,1.759259259259259,0.9842057552468226,0.18941048590991066,2.5,2
low-salinity,corrected_fc,time_to_vmax,70,27,1.537037037037037,1.0912759462588695,0.21001615377757396,1.5,2
low-salinity,corrected_fc,time_to_vmax,71,25,1.34,0.9865765724632496,0.1973153144926499,0.5,2
low-salinity,corrected_fc,time_to_vmax,72,26,1.923076923076923,0.9868364372306859,0.19353454808321727,2.5,2
low-salinity,corrected_fc,time_to_vmax,74,26,1,0.8602325267042626,0.1687054784573947,0.5,0.75
low-salinity,corrected_fc,time_to_vmax,76,24,1.25,1.03209369308428,0.21067524290009612,0.5,2
low-salinity,corrected_fc,time_to_vmax,77,24,1.7916666666666665,1.0417028979206266,0.21263671362367392,2.5,2
low-salinity,corrected_fc,time_to_vmax,78,17,1.0882352941176472,0.9393364366277243,0.22782254977690689,0.5,2
low-salinity,corrected_fc,time_to_vmax,79,31,1.596774193548387,1.011758822041347,0.18171724881099013,2.5,2
low-salinity,corrected_fc,time_to_vmax,80,27,1.3518518518518519,1.0635102872347457,0.2046726502069722,0.5,2
low-salinity,corrected_fc,time_to_vmax,82,21,2.261904761904762,0.7684244858645449,0.16768397011103814,2.5,0
low-salinity,corrected_fc,time_to_vmax,83,26,1.8846153846153846,0.9413574486632831,0.18461538461538457,2.5,2
low-salinity,corrected_fc,time_to_vmax,84,25,1.8199999999999998,1.0692676621563626,0.21385353243127253,2.5,2
low-salinity,corrected_fc,time_to_vmax,85,24,2.1666666666666665,0.8681147322824311,0.1772031776903983,2.5,0.25
low-salinity,corrected_fc,time_to_vmax,88,20,1.25,0.9665456669582609,0.2161261814676544,0.5,2
low-salinity,corrected_fc,time_to_vmax,90,23,1.8043478260869563,0.9261249968991353,0.1931104110720334,2.5,2
low-salinity,corrected_fc,trough_value,47,27,0,0,0,0,0
low-salinity,corrected_fc,trough_value,48,23,0,0,0,0,0
low-salinity,corrected_fc,trough_value,49,27,-1.0422763531802475e-4,5.415826797707377e-4,1.0422763531802477e-4,0,0
low-salinity,corrected_fc,trough_value,50,27,0,0,0,0,0
low-salinity,corrected_fc,trough_value,51,28,0,0,0,0,0
low-salinity,corrected_fc,trough_value,54,16,0,0,0,0,0
low-salinity,corrected_fc,trough_value,55,23,0,0,0,0,0
low-salinity,corrected_fc,trough_value,57,26,-1.636411834650293e-4,8.344095877156017e-4,1.6364118346502937e-4,0,0
low-salinity,corrected_fc,trough_value,60,27,-4.7667526621247733e-4,0.00245894689636742,4.7322455084690824e-4,0,0
low-salinity,corrected_fc,trough_value,61,27,0,0,0,0,0
low-salinity,corrected_fc,trough_value,70,27,0,0,0,0,0
low-salinity,corrected_fc,trough_value,71,25,0,0,0,0,0
low-salinity,corrected_fc,trough_value,72,26,0,0,0,0,0
low-salinity,corrected_fc,trough_value,74,26,-5.961842440034843e-4,0.003039955093870328,5.961842440034842e-4,0,0
low-salinity,corrected_fc,trough_value,76,24,0,0,0,0,0
low-salinity,corrected_fc,trough_value,77,24,0,0,0,0,0
low-salinity,corrected_fc,trough_value,78,17,0,0,0,0,0
low-salinity,corrected_fc,trough_value,79,31,0,0,0,0,0
low-salinity,corrected_fc,trough_value,80,27,0,0,0,0,0
low-salinity,corrected_fc,trough_value,82,21,-9.036157336142254e-4,0.00414088749844024,9.036157336142253e-4,0,0
low-salinity,corrected_fc,trough_value,83,26,-0.00231245212417161,0.0058924735021565105,0.0011556091296470949,0,0
low-salinity,corrected_fc,trough_value,84,25,0,0,0,0,0
low-salinity,corrected_fc,trough_value,85,24,0,0,0,0,0
low-salinity,corrected_fc,trough_value,88,20,0,0,0,0,0
low-salinity,corrected_fc,trough_value,90,23,-0.0012733405361965028,0.0054246503020649395,0.0011311177791996046,0,0
low-salinity,corrected_fc,vmax,47,27,2.5676519099546953,1.1383550747724773,0.2190765362844221,2.5767087940306617,1.445650638083223
low-salinity,corrected_fc,vmax,48,23,4.03827297400409,1.9103405769763073,0.3983335460576689,3.4842517448672847,3.4234306206171965
low-salinity,corrected_fc,vmax,49,27,3.264921477683152,1.7294885720751236,0.33284023088265136,2.8426462704894315,2.955266688110105
low-salinity,corrected_fc,vmax,50,27,2.259310681948536,1.2623938458224133,0.24294780890296575,1.9479789497014197,1.0604783715086856
low-salinity,corrected_fc,vmax,51,28,2.164876916901547,1.000682283822361,0.1891111760272943,2.26699217386986,1.282697133649207
low-salinity,corrected_fc,vmax,54,16,3.812902887892621,1.0252967300652664,0.2563241825163166,4.128700383505757,1.2733268441846608
low-salinity,corrected_fc,vmax,55,23,1.918227390121358,0.9982974304021787,0.20815940375499367,1.6710361170374055,1.2749786683859081
low-salinity,corrected_fc,vmax,57,26,1.886723759474854,1.2958596795492061,0.254138992034596,1.6172428554660756,1.3882604040581874
low-salinity,corrected_fc,vmax,60,27,2.1067296846527186,1.452740210760283,0.2795799839150143,2.2718208637780983,2.2393000179605966
low-salinity,corrected_fc,vmax,61,27,2.051153021532294,1.1622741952810685,0.22367977317256016,1.8232677287463663,0.9489508725139992
low-salinity,corrected_fc,vmax,70,27,1.546173762135079,1.2018967022776876,0.23130512819938215,1.1906292307687312,1.2345277987674774
low-salinity,corrected_fc,vmax,71,25,2.2581804466890154,1.076256899525843,0.2152513799051686,1.9221097717191764,1.6053503172343213
low-salinity,corrected_fc,vmax,72,26,2.639468168687396,1.4887407647794058,0.2919660850112014,2.3981854625350483,1.2061197322108859
low-salinity,corrected_fc,vmax,74,26,1.9835681122733628,1.2682656150209248,0.2487273507465558,2.1197488631670725,2.1885395795764326
low-salinity,corrected_fc,vmax,76,24,2.6607349310126933,1.3094698114088923,0.26729440596085874,2.8735984545665643,1.042956822199077
low-salinity,corrected_fc,vmax,77,24,3.026310507388768,1.6985380967436199,0.3467126371416632,2.683411592631984,1.5734439609403552
low-salinity,corrected_fc,vmax,78,17,3.679840239987509,0.9790794471030779,0.2374616456633723,3.614564354234661,1.4757374674045027
low-salinity,corrected_fc,vmax,79,31,2.1185806620560674,0.9636523654469554,0.1730770741449165,2.327221449382165,1.0526392718255513
low-salinity,corrected_fc,vmax,80,27,2.0332346041242193,1.4381247019848213,0.27676722793972897,2.2168475753763883,2.643432566320895
low-salinity,corrected_fc,vmax,82,21,3.300125995483277,1.6440950441638433,0.3587709518848846,3.4686684604117364,2.6048776217374403
low-salinity,corrected_fc,vmax,83,26,2.070717226088736,2.0421603942744055,0.4005006038573665,1.762697897460391,2.764761554660117
low-salinity,corrected_fc,vmax,84,25,1.876502457880845,1.1936018553493863,0.23872037106987726,2.126814185906252,1.7767677669678061
low-salinity,corrected_fc,vmax,85,24,2.1033398539131114,1.9334970045898376,0.3946734233704006,1.308676203341556,2.7941112236422887
low-salinity,corrected_fc,vmax,88,20,2.5322249876536826,0.8491908337379874,0.18988484301078618,2.5926147029989437,0.6374763283666338
low-salinity,corrected_fc,vmax,90,23,2.339009622971177,1.2904113820556375,0.2690693732219113,2.334954727895854,1.8423291848861707
