parentage_group,value_metric,feature,family,n_indiv,family_mean
all,corrected_fc,auc_early,12,27,1.1232742975833367
all,corrected_fc,auc_early,14,27,2.4663374163700738
all,corrected_fc,auc_early,15,26,1.6873014795303747
all,corrected_fc,auc_early,16,23,2.113937288953013
all,corrected_fc,auc_early,19,27,2.4787572612463165
all,corrected_fc,auc_early,2,27,1.4736619421901764
all,corrected_fc,auc_early,20,24,1.8146458618841241
all,corrected_fc,auc_early,21,26,2.7189730135041397
all,corrected_fc,auc_early,24,25,3.3278420788729552
all,corrected_fc,auc_early,25,27,1.6172913740216748
all,corrected_fc,auc_early,26,25,2.3464020893678996
all,corrected_fc,auc_early,31,25,1.871049328601159
all,corrected_fc,auc_early,32,24,2.713977287847854
all,corrected_fc,auc_early,33,28,1.3234343000105557
all,corrected_fc,auc_early,34,22,1.63427172289537
all,corrected_fc,auc_early,36,26,3.308916581300284
all,corrected_fc,auc_early,38,25,1.776866693702999
all,corrected_fc,auc_early,39,24,2.186969530937932
all,corrected_fc,auc_early,41,26,2.3616999837746055
all,corrected_fc,auc_early,42,23,3.16618636761218
all,corrected_fc,auc_early,43,28,1.6484733737234574
all,corrected_fc,auc_early,47,27,3.466368748766882
all,corrected_fc,auc_early,48,23,3.396063734672049
all,corrected_fc,auc_early,49,27,2.5997513305779445
all,corrected_fc,auc_early,5,25,2.7371414961861027
all,corrected_fc,auc_early,50,27,1.6599625475291877
all,corrected_fc,auc_early,51,28,2.1075159693561103
all,corrected_fc,auc_early,54,16,3.412499449062744
all,corrected_fc,auc_early,55,23,1.8115462468656478
all,corrected_fc,auc_early,57,26,1.699698912171176
all,corrected_fc,auc_early,6,26,1.8741424968598672
all,corrected_fc,auc_early,60,27,1.986862593111424
all,corrected_fc,auc_early,61,27,1.968791932843285
all,corrected_fc,auc_early,7,24,2.020891503642412
all,corrected_fc,auc_early,70,27,1.8949954695547413
all,corrected_fc,auc_early,71,25,2.9154792577934594
all,corrected_fc,auc_early,74,26,2.71715621965141
all,corrected_fc,auc_early,76,24,3.388512675981845
all,corrected_fc,auc_early,77,24,2.700250849295991
all,corrected_fc,auc_early,78,17,5.492886777757301
all,corrected_fc,auc_early,79,31,2.4478441445139314
all,corrected_fc,auc_early,80,27,2.832424075481959
all,corrected_fc,auc_early,82,21,1.983637347682386
all,corrected_fc,auc_early,83,26,1.7045613745397543
all,corrected_fc,auc_early,84,25,1.8984524259047204
all,corrected_fc,auc_early,85,24,1.3831460613173256
all,corrected_fc,auc_early,88,20,3.586984436533425
all,corrected_fc,auc_early,90,23,2.070821078441397
all,corrected_fc,auc_late,12,27,3.166005078439354
all,corrected_fc,auc_late,14,27,8.123460375004518
all,corrected_fc,auc_late,15,26,4.530092780531809
all,corrected_fc,auc_late,16,23,8.150752265746478
all,corrected_fc,auc_late,19,27,6.050692958181816
all,corrected_fc,auc_late,2,27,4.231907422169938
all,corrected_fc,auc_late,20,24,5.636405573246029
all,corrected_fc,auc_late,21,26,6.977952318593116
all,corrected_fc,auc_late,24,25,7.028291910249334
all,corrected_fc,auc_late,25,27,6.419831322177656
all,corrected_fc,auc_late,26,25,6.530343804378886
all,corrected_fc,auc_late,31,25,5.504689591079068
all,corrected_fc,auc_late,32,24,7.355149845406646
all,corrected_fc,auc_late,33,28,5.413048969417449
all,corrected_fc,auc_late,34,22,4.4393722188255484
all,corrected_fc,auc_late,36,26,6.9432894807373655
all,corrected_fc,auc_late,38,25,5.541908898061523
all,corrected_fc,auc_late,39,24,4.921622160984474
all,corrected_fc,auc_late,41,26,5.886408731485838
all,corrected_fc,auc_late,42,23,6.0689905480035815
all,corrected_fc,auc_late,43,28,3.7775810343965412
all,corrected_fc,auc_late,47,27,7.4406285145866216
all,corrected_fc,auc_late,48,23,9.914645638518785
all,corrected_fc,auc_late,49,27,8.300620741677498
all,corrected_fc,auc_late,5,25,7.193767738498294
all,corrected_fc,auc_late,50,27,5.730868509297164
all,corrected_fc,auc_late,51,28,5.827222911430419
all,corrected_fc,auc_late,54,16,10.420130359364638
all,corrected_fc,auc_late,55,23,5.168013203897157
all,corrected_fc,auc_late,57,26,5.220511571856842
all,corrected_fc,auc_late,6,26,4.510998342509174
all,corrected_fc,auc_late,60,27,5.1752177390234655
all,corrected_fc,auc_late,61,27,5.288167433832491
all,corrected_fc,auc_late,7,24,5.428610215579531
all,corrected_fc,auc_late,70,27,4.718666736075905
all,corrected_fc,auc_late,71,25,6.292605825008122
all,corrected_fc,auc_late,74,26,5.701364483778425
all,corrected_fc,auc_late,76,24,7.696148672465584
all,corrected_fc,auc_late,77,24,8.907853868483555
all,corrected_fc,auc_late,78,17,11.980435939793798
all,corrected_fc,auc_late,79,31,5.842577551833259
all,corrected_fc,auc_late,80,27,5.458497793924561
all,corrected_fc,auc_late,82,21,8.198193344797415
all,corrected_fc,auc_late,83,26,5.727387662716208
all,corrected_fc,auc_late,84,25,5.449406293969662
all,corrected_fc,auc_late,85,24,5.512757522623467
all,corrected_fc,auc_late,88,20,8.034547506587643
all,corrected_fc,auc_late,90,23,6.859563434214069
all,corrected_fc,auc_total,12,27,4.28927937602269
all,corrected_fc,auc_total,14,27,10.589797791374593
all,corrected_fc,auc_total,15,26,6.217394260062183
all,corrected_fc,auc_total,16,23,10.26468955469949
all,corrected_fc,auc_total,19,27,8.529450219428131
all,corrected_fc,auc_total,2,27,5.705569364360114
all,corrected_fc,auc_total,20,24,7.451051435130153
all,corrected_fc,auc_total,21,26,9.696925332097255
all,corrected_fc,auc_total,24,25,10.35613398912229
all,corrected_fc,auc_total,25,27,8.037122696199331
all,corrected_fc,auc_total,26,25,8.876745893746786
all,corrected_fc,auc_total,31,25,7.375738919680227
all,corrected_fc,auc_total,32,24,10.0691271332545
all,corrected_fc,auc_total,33,28,6.736483269428005
all,corrected_fc,auc_total,34,22,6.073643941720919
all,corrected_fc,auc_total,36,26,10.25220606203765
all,corrected_fc,auc_total,38,25,7.318775591764521
all,corrected_fc,auc_total,39,24,7.108591691922406
all,corrected_fc,auc_total,41,26,8.248108715260443
all,corrected_fc,auc_total,42,23,9.235176915615762
all,corrected_fc,auc_total,43,28,5.426054408119998
all,corrected_fc,auc_total,47,27,10.906997263353503
all,corrected_fc,auc_total,48,23,13.310709373190832
all,corrected_fc,auc_total,49,27,10.900372072255442
all,corrected_fc,auc_total,5,25,9.930909234684398
all,corrected_fc,auc_total,50,27,7.390831056826351
all,corrected_fc,auc_total,51,28,7.934738880786529
all,corrected_fc,auc_total,54,16,13.832629808427383
all,corrected_fc,auc_total,55,23,6.979559450762805
all,corrected_fc,auc_total,57,26,6.920210484028018
all,corrected_fc,auc_total,6,26,6.385140839369041
all,corrected_fc,auc_total,60,27,7.16208033213489
all,corrected_fc,auc_total,61,27,7.256959366675776
all,corrected_fc,auc_total,7,24,7.449501719221942
all,corrected_fc,auc_total,70,27,6.613662205630646
all,corrected_fc,auc_total,71,25,9.208085082801581
all,corrected_fc,auc_total,74,26,8.418520703429836
all,corrected_fc,auc_total,76,24,11.08466134844743
all,corrected_fc,auc_total,77,24,11.608104717779547
all,corrected_fc,auc_total,78,17,17.4733227175511
all,corrected_fc,auc_total,79,31,8.29042169634719
all,corrected_fc,auc_total,80,27,8.290921869406521
all,corrected_fc,auc_total,82,21,10.181830692479801
all,corrected_fc,auc_total,83,26,7.431949037255963
all,corrected_fc,auc_total,84,25,7.347858719874382
all,corrected_fc,auc_total,85,24,6.895903583940792
all,corrected_fc,auc_total,88,20,11.621531943121067
all,corrected_fc,auc_total,90,23,8.930384512655467
all,corrected_fc,delta_auc_late_minus_early,12,27,2.042730780856017
all,corrected_fc,delta_auc_late_minus_early,14,27,5.657122958634445
all,corrected_fc,delta_auc_late_minus_early,15,26,2.8427913010014336
all,corrected_fc,delta_auc_late_minus_early,16,23,6.036814976793464
all,corrected_fc,delta_auc_late_minus_early,19,27,3.5719356969354994
all,corrected_fc,delta_auc_late_minus_early,2,27,2.7582454799797618
all,corrected_fc,delta_auc_late_minus_early,20,24,3.8217597113619046
all,corrected_fc,delta_auc_late_minus_early,21,26,4.258979305088976
all,corrected_fc,delta_auc_late_minus_early,24,25,3.7004498313763787
all,corrected_fc,delta_auc_late_minus_early,25,27,4.802539948155982
all,corrected_fc,delta_auc_late_minus_early,26,25,4.183941715010987
all,corrected_fc,delta_auc_late_minus_early,31,25,3.6336402624779094
all,corrected_fc,delta_auc_late_minus_early,32,24,4.641172557558792
all,corrected_fc,delta_auc_late_minus_early,33,28,4.0896146694068936
all,corrected_fc,delta_auc_late_minus_early,34,22,2.8051004959301786
all,corrected_fc,delta_auc_late_minus_early,36,26,3.6343728994370816
all,corrected_fc,delta_auc_late_minus_early,38,25,3.765042204358524
all,corrected_fc,delta_auc_late_minus_early,39,24,2.734652630046542
all,corrected_fc,delta_auc_late_minus_early,41,26,3.524708747711233
all,corrected_fc,delta_auc_late_minus_early,42,23,2.902804180391402
all,corrected_fc,delta_auc_late_minus_early,43,28,2.1291076606730837
all,corrected_fc,delta_auc_late_minus_early,47,27,3.9742597658197396
all,corrected_fc,delta_auc_late_minus_early,48,23,6.518581903846735
all,corrected_fc,delta_auc_late_minus_early,49,27,5.7008694110995535
all,corrected_fc,delta_auc_late_minus_early,5,25,4.456626242312192
all,corrected_fc,delta_auc_late_minus_early,50,27,4.070905961767976
all,corrected_fc,delta_auc_late_minus_early,51,28,3.719706942074308
all,corrected_fc,delta_auc_late_minus_early,54,16,7.007630910301894
all,corrected_fc,delta_auc_late_minus_early,55,23,3.3564669570315098
all,corrected_fc,delta_auc_late_minus_early,57,26,3.5208126596856664
all,corrected_fc,delta_auc_late_minus_early,6,26,2.636855845649307
all,corrected_fc,delta_auc_late_minus_early,60,27,3.188355145912041
all,corrected_fc,delta_auc_late_minus_early,61,27,3.319375500989206
all,corrected_fc,delta_auc_late_minus_early,7,24,3.4077187119371186
all,corrected_fc,delta_auc_late_minus_early,70,27,2.823671266521164
all,corrected_fc,delta_auc_late_minus_early,71,25,3.3771265672146633
all,corrected_fc,delta_auc_late_minus_early,74,26,2.9842082641270156
all,corrected_fc,delta_auc_late_minus_early,76,24,4.307635996483738
all,corrected_fc,delta_auc_late_minus_early,77,24,6.207603019187564
all,corrected_fc,delta_auc_late_minus_early,78,17,6.4875491620364985
all,corrected_fc,delta_auc_late_minus_early,79,31,3.3947334073193276
all,corrected_fc,delta_auc_late_minus_early,80,27,2.626073718442602
all,corrected_fc,delta_auc_late_minus_early,82,21,6.21455599711503
all,corrected_fc,delta_auc_late_minus_early,83,26,4.0228262881764545
all,corrected_fc,delta_auc_late_minus_early,84,25,3.5509538680649415
all,corrected_fc,delta_auc_late_minus_early,85,24,4.1296114613061405
all,corrected_fc,delta_auc_late_minus_early,88,20,4.447563070054217
all,corrected_fc,delta_auc_late_minus_early,90,23,4.788742355772672
all,corrected_fc,depression_abs,12,27,1.0980226599315775e-4
all,corrected_fc,depression_abs,14,27,0.002642101484931512
all,corrected_fc,depression_abs,15,26,0
all,corrected_fc,depression_abs,16,23,0.005044904781060218
all,corrected_fc,depression_abs,19,27,0.002006896456415488
all,corrected_fc,depression_abs,2,27,0.009211906664215917
all,corrected_fc,depression_abs,20,24,0.006953835654337363
all,corrected_fc,depression_abs,21,26,0
all,corrected_fc,depression_abs,24,25,0.019684557868601044
all,corrected_fc,depression_abs,25,27,0.05339705849012526
all,corrected_fc,depression_abs,26,25,0.012989904166889641
all,corrected_fc,depression_abs,31,25,0.011171864063029079
all,corrected_fc,depression_abs,32,24,0.01728909775453058
all,corrected_fc,depression_abs,33,28,0.006407205808291572
all,corrected_fc,depression_abs,34,22,1.4564580527913324e-4
all,corrected_fc,depression_abs,36,26,0.004590350812398046
all,corrected_fc,depression_abs,38,25,0
all,corrected_fc,depression_abs,39,24,0
all,corrected_fc,depression_abs,41,26,0.05617477986901747
all,corrected_fc,depression_abs,42,23,0.01609015240925175
all,corrected_fc,depression_abs,43,28,3.886885203642847e-4
all,corrected_fc,depression_abs,47,27,0.015008172547267117
all,corrected_fc,depression_abs,48,23,0.013830850001547438
all,corrected_fc,depression_abs,49,27,0.02649414120524304
all,corrected_fc,depression_abs,5,25,0.20444739209384172
all,corrected_fc,depression_abs,50,27,0
all,corrected_fc,depression_abs,51,28,0.00428717963822946
all,corrected_fc,depression_abs,54,16,0.049252071840098055
all,corrected_fc,depression_abs,55,23,0
all,corrected_fc,depression_abs,57,26,4.416742538221074e-4
all,corrected_fc,depression_abs,6,26,2.602485926079981e-4
all,corrected_fc,depression_abs,60,27,0.0030592946154770653
all,corrected_fc,depression_abs,61,27,0.0322590602738824
all,corrected_fc,depression_abs,7,24,0
all,corrected_fc,depression_abs,70,27,0.002008342075617999
all,corrected_fc,depression_abs,71,25,0
all,corrected_fc,depression_abs,74,26,0.0014087301025157175
all,corrected_fc,depression_abs,76,24,0.06228111350767903
all,corrected_fc,depression_abs,77,24,0.003109480244496661
all,corrected_fc,depression_abs,78,17,0.0888375094088239
all,corrected_fc,depression_abs,79,31,1.0889282049111249e-6
all,corrected_fc,depression_abs,80,27,0
all,corrected_fc,depression_abs,82,21,0.020352707172443613
all,corrected_fc,depression_abs,83,26,0.008267886219956076
all,corrected_fc,depression_abs,84,25,0
all,corrected_fc,depression_abs,85,24,0.02638058937268569
all,corrected_fc,depression_abs,88,20,6.756625792803114e-4
all,corrected_fc,depression_abs,90,23,0.00980502326690823
all,corrected_fc,final_delta,12,27,2.084815127174398
all,corrected_fc,final_delta,14,27,5.498146973319331
all,corrected_fc,final_delta,15,26,2.7926203322413663
all,corrected_fc,final_delta,16,23,5.357174637521131
all,corrected_fc,final_delta,19,27,3.7810087040363367
all,corrected_fc,final_delta,2,27,2.6336780341882142
all,corrected_fc,final_delta,20,24,3.8526678528055696
all,corrected_fc,final_delta,21,26,4.469213529973454
all,corrected_fc,final_delta,24,25,4.1698951040065335
all,corrected_fc,final_delta,25,27,4.08331786867511
all,corrected_fc,final_delta,26,25,4.217015730474374
all,corrected_fc,final_delta,31,25,3.4461111823687904
all,corrected_fc,final_delta,32,24,4.674773231173185
all,corrected_fc,final_delta,33,28,3.4535848611348285
all,corrected_fc,final_delta,34,22,2.664346075714121
all,corrected_fc,final_delta,36,26,4.096442543661614
all,corrected_fc,final_delta,38,25,3.508854782862429
all,corrected_fc,final_delta,39,24,3.208697171326046
all,corrected_fc,final_delta,41,26,3.730907689094913
all,corrected_fc,final_delta,42,23,3.505077265890629
all,corrected_fc,final_delta,43,28,2.2747475029618114
all,corrected_fc,final_delta,47,27,4.504770790056761
all,corrected_fc,final_delta,48,23,6.1446256105064805
all,corrected_fc,final_delta,49,27,5.572259902035307
all,corrected_fc,final_delta,5,25,4.562080164230688
all,corrected_fc,final_delta,50,27,4.080445110075011
all,corrected_fc,final_delta,51,28,3.9197528324391366
all,corrected_fc,final_delta,54,16,6.253871382251205
all,corrected_fc,final_delta,55,23,3.491384727408319
all,corrected_fc,final_delta,57,26,3.249595108885089
all,corrected_fc,final_delta,6,26,2.716632590256279
all,corrected_fc,final_delta,60,27,3.3821526698597273
all,corrected_fc,final_delta,61,27,3.349322192430607
all,corrected_fc,final_delta,7,24,3.438873975952578
all,corrected_fc,final_delta,70,27,2.9910800772587236
all,corrected_fc,final_delta,71,25,3.7018392101873703
all,corrected_fc,final_delta,74,26,3.4190888341590915
all,corrected_fc,final_delta,76,24,4.524587381255898
all,corrected_fc,final_delta,77,24,5.715200740281386
all,corrected_fc,final_delta,78,17,6.824581932315953
all,corrected_fc,final_delta,79,31,3.528040186329792
all,corrected_fc,final_delta,80,27,3.2045158227101003
all,corrected_fc,final_delta,82,21,5.537190156193261
all,corrected_fc,final_delta,83,26,3.5951901281914345
all,corrected_fc,final_delta,84,25,3.5979553403712914
all,corrected_fc,final_delta,85,24,3.5212499856189314
all,corrected_fc,final_delta,88,20,4.99545880145279
all,corrected_fc,final_delta,90,23,4.276762165520513
all,corrected_fc,final_value,12,27,2.084815127174398
all,corrected_fc,final_value,14,27,5.498146973319331
all,corrected_fc,final_value,15,26,2.7926203322413663
all,corrected_fc,final_value,16,23,5.357174637521131
all,corrected_fc,final_value,19,27,3.7810087040363367
all,corrected_fc,final_value,2,27,2.6336780341882142
all,corrected_fc,final_value,20,24,3.8526678528055696
all,corrected_fc,final_value,21,26,4.469213529973454
all,corrected_fc,final_value,24,25,4.1698951040065335
all,corrected_fc,final_value,25,27,4.08331786867511
all,corrected_fc,final_value,26,25,4.217015730474374
all,corrected_fc,final_value,31,25,3.4461111823687904
all,corrected_fc,final_value,32,24,4.674773231173185
all,corrected_fc,final_value,33,28,3.4535848611348285
all,corrected_fc,final_value,34,22,2.664346075714121
all,corrected_fc,final_value,36,26,4.096442543661614
all,corrected_fc,final_value,38,25,3.508854782862429
all,corrected_fc,final_value,39,24,3.208697171326046
all,corrected_fc,final_value,41,26,3.730907689094913
all,corrected_fc,final_value,42,23,3.505077265890629
all,corrected_fc,final_value,43,28,2.2747475029618114
all,corrected_fc,final_value,47,27,4.504770790056761
all,corrected_fc,final_value,48,23,6.1446256105064805
all,corrected_fc,final_value,49,27,5.572259902035307
all,corrected_fc,final_value,5,25,4.562080164230688
all,corrected_fc,final_value,50,27,4.080445110075011
all,corrected_fc,final_value,51,28,3.9197528324391366
all,corrected_fc,final_value,54,16,6.253871382251205
all,corrected_fc,final_value,55,23,3.491384727408319
all,corrected_fc,final_value,57,26,3.249595108885089
all,corrected_fc,final_value,6,26,2.716632590256279
all,corrected_fc,final_value,60,27,3.3821526698597273
all,corrected_fc,final_value,61,27,3.349322192430607
all,corrected_fc,final_value,7,24,3.438873975952578
all,corrected_fc,final_value,70,27,2.9910800772587236
all,corrected_fc,final_value,71,25,3.7018392101873703
all,corrected_fc,final_value,74,26,3.4190888341590915
all,corrected_fc,final_value,76,24,4.524587381255898
all,corrected_fc,final_value,77,24,5.715200740281386
all,corrected_fc,final_value,78,17,6.824581932315953
all,corrected_fc,final_value,79,31,3.528040186329792
all,corrected_fc,final_value,80,27,3.2045158227101003
all,corrected_fc,final_value,82,21,5.537190156193261
all,corrected_fc,final_value,83,26,3.5951901281914345
all,corrected_fc,final_value,84,25,3.5979553403712914
all,corrected_fc,final_value,85,24,3.5212499856189314
all,corrected_fc,final_value,88,20,4.99545880145279
all,corrected_fc,final_value,90,23,4.276762165520513
all,corrected_fc,inflection_time,12,27,2.425925925925926
all,corrected_fc,inflection_time,14,27,2.388888888888889
all,corrected_fc,inflection_time,15,26,2.4615384615384617
all,corrected_fc,inflection_time,16,23,2.5434782608695654
all,corrected_fc,inflection_time,19,27,2.0925925925925926
all,corrected_fc,inflection_time,2,27,2.3518518518518516
all,corrected_fc,inflection_time,20,24,2.375
all,corrected_fc,inflection_time,21,26,2.423076923076923
all,corrected_fc,inflection_time,24,25,2.1
all,corrected_fc,inflection_time,25,27,2.5
all,corrected_fc,inflection_time,26,25,2.3
all,corrected_fc,inflection_time,31,25,2.66
all,corrected_fc,inflection_time,32,24,2.3333333333333335
all,corrected_fc,inflection_time,33,28,2.7142857142857144
all,corrected_fc,inflection_time,34,22,2.590909090909091
all,corrected_fc,inflection_time,36,26,1.9615384615384615
all,corrected_fc,inflection_time,38,25,2.5
all,corrected_fc,inflection_time,39,24,1.9166666666666667
all,corrected_fc,inflection_time,41,26,2.1538461538461537
all,corrected_fc,inflection_time,42,23,1.8478260869565217
all,corrected_fc,inflection_time,43,28,2.392857142857143
all,corrected_fc,inflection_time,47,27,1.9814814814814816
all,corrected_fc,inflection_time,48,23,2.4565217391304346
all,corrected_fc,inflection_time,49,27,2.351851851851852
all,corrected_fc,inflection_time,5,25,2.38
all,corrected_fc,inflection_time,50,27,2.425925925925926
all,corrected_fc,inflection_time,51,28,2.25
all,corrected_fc,inflection_time,54,16,2.5
all,corrected_fc,inflection_time,55,23,2.1956521739130435
all,corrected_fc,inflection_time,57,26,2.6923076923076925
all,corrected_fc,inflection_time,6,26,2.3846153846153846
all,corrected_fc,inflection_time,60,27,2.351851851851852
all,corrected_fc,inflection_time,61,27,2.240740740740741
all,corrected_fc,inflection_time,7,24,2.2083333333333335
all,corrected_fc,inflection_time,70,27,2.2777777777777777
all,corrected_fc,inflection_time,71,25,2.18
all,corrected_fc,inflection_time,74,26,2.0384615384615383
all,corrected_fc,inflection_time,76,24,2.0833333333333335
all,corrected_fc,inflection_time,77,24,2.583333333333333
all,corrected_fc,inflection_time,78,17,2.1470588235294117
all,corrected_fc,inflection_time,79,31,2.370967741935484
all,corrected_fc,inflection_time,80,27,2.1296296296296298
all,corrected_fc,inflection_time,82,21,2.6904761904761907
all,corrected_fc,inflection_time,83,26,2.6923076923076925
all,corrected_fc,inflection_time,84,25,2.38
all,corrected_fc,inflection_time,85,24,2.7916666666666665
all,corrected_fc,inflection_time,88,20,2.05
all,corrected_fc,inflection_time,90,23,2.630434782608696
all,corrected_fc,initial_slope,12,27,0.7005898715119204
all,corrected_fc,initial_slope,14,27,1.50104206328772
all,corrected_fc,initial_slope,15,26,1.0225865775140295
all,corrected_fc,initial_slope,16,23,1.1978663427594245
all,corrected_fc,initial_slope,19,27,1.550551134109056
all,corrected_fc,initial_slope,2,27,0.8938505480564635
all,corrected_fc,initial_slope,20,24,1.057753162531365
all,corrected_fc,initial_slope,21,26,1.684425866441882
all,corrected_fc,initial_slope,24,25,2.0608261936118657
all,corrected_fc,initial_slope,25,27,0.9585965103490983
all,corrected_fc,initial_slope,26,25,1.505480226601234
all,corrected_fc,initial_slope,31,25,1.0815441782075321
all,corrected_fc,initial_slope,32,24,1.66271384726813
all,corrected_fc,initial_slope,33,28,0.7837794518147309
all,corrected_fc,initial_slope,34,22,1.003293912188044
all,corrected_fc,initial_slope,36,26,2.091184317888414
all,corrected_fc,initial_slope,38,25,1.0184861843481305
all,corrected_fc,initial_slope,39,24,1.3832340880101963
all,corrected_fc,initial_slope,41,26,1.4887201631064921
all,corrected_fc,initial_slope,42,23,2.0509273073960426
all,corrected_fc,initial_slope,43,28,1.042075497403925
all,corrected_fc,initial_slope,47,27,2.1567006235025445
all,corrected_fc,initial_slope,48,23,2.1454420720922003
all,corrected_fc,initial_slope,49,27,1.62159286156241
all,corrected_fc,initial_slope,5,25,1.709472593119204
all,corrected_fc,initial_slope,50,27,1.0591664713304643
all,corrected_fc,initial_slope,51,28,1.3347372154455905
all,corrected_fc,initial_slope,54,16,2.0147146148203707
all,corrected_fc,initial_slope,55,23,1.1531485148506362
all,corrected_fc,initial_slope,57,26,1.0111913842329057
all,corrected_fc,initial_slope,6,26,1.1730965528123636
all,corrected_fc,initial_slope,60,27,1.2557355743800283
all,corrected_fc,initial_slope,61,27,1.2327857700946085
all,corrected_fc,initial_slope,7,24,1.297648804696913
all,corrected_fc,initial_slope,70,27,1.1487858863680385
all,corrected_fc,initial_slope,71,25,1.7997409719702555
all,corrected_fc,initial_slope,74,26,1.7096238273160795
all,corrected_fc,initial_slope,76,24,2.061176860121686
all,corrected_fc,initial_slope,77,24,1.5827851230573144
all,corrected_fc,initial_slope,78,17,3.4177733461446813
all,corrected_fc,initial_slope,79,31,1.5380935354732563
all,corrected_fc,initial_slope,80,27,1.7946330803841064
all,corrected_fc,initial_slope,82,21,1.180802902361959
all,corrected_fc,initial_slope,83,26,0.9949683084693899
all,corrected_fc,initial_slope,84,25,1.1368786016997539
all,corrected_fc,initial_slope,85,24,0.7955170220787601
all,corrected_fc,initial_slope,88,20,2.2123770123038144
all,corrected_fc,initial_slope,90,23,1.1575429943892919
all,corrected_fc,late_early_auc_ratio,12,27,3.998192805743717
all,corrected_fc,late_early_auc_ratio,14,27,3.999091422299691
all,corrected_fc,late_early_auc_ratio,15,26,4.403191227061523
all,corrected_fc,late_early_auc_ratio,16,23,5.121054798187474
all,corrected_fc,late_early_auc_ratio,19,27,2.8125470365230494
all,corrected_fc,late_early_auc_ratio,2,27,4.0928655353866885
all,corrected_fc,late_early_auc_ratio,20,24,4.353505258455341
all,corrected_fc,late_early_auc_ratio,21,26,2.876925169420463
all,corrected_fc,late_early_auc_ratio,24,25,2.6080641014849038
all,corrected_fc,late_early_auc_ratio,25,27,5.473228243746491
all,corrected_fc,late_early_auc_ratio,26,25,6.32586306077371
all,corrected_fc,late_early_auc_ratio,31,25,8.454602701383102
all,corrected_fc,late_early_auc_ratio,32,24,3.0590719963225736
all,corrected_fc,late_early_auc_ratio,33,28,6.268338988044853
all,corrected_fc,late_early_auc_ratio,34,22,3.4647169025074156
all,corrected_fc,late_early_auc_ratio,36,26,2.3304678113395334
all,corrected_fc,late_early_auc_ratio,38,25,3.666857010545975
all,corrected_fc,late_early_auc_ratio,39,24,2.5910810672536657
all,corrected_fc,late_early_auc_ratio,41,26,3.428674975779176
all,corrected_fc,late_early_auc_ratio,42,23,3.9675139483664568
all,corrected_fc,late_early_auc_ratio,43,28,3.3779242579673814
all,corrected_fc,late_early_auc_ratio,47,27,2.835952627079557
all,corrected_fc,late_early_auc_ratio,48,23,4.774870752195226
all,corrected_fc,late_early_auc_ratio,49,27,12.203497832585391
all,corrected_fc,late_early_auc_ratio,5,25,3.927233269298868
all,corrected_fc,late_early_auc_ratio,50,27,5.292228977636214
all,corrected_fc,late_early_auc_ratio,51,28,3.572150702207933
all,corrected_fc,late_early_auc_ratio,54,16,5.62846291777891
all,corrected_fc,late_early_auc_ratio,55,23,3.642808199080583
all,corrected_fc,late_early_auc_ratio,57,26,1.2098627385059446
all,corrected_fc,late_early_auc_ratio,6,26,8.764334699805774
all,corrected_fc,late_early_auc_ratio,60,27,6.104091961298356
all,corrected_fc,late_early_auc_ratio,61,27,5.623039646540855
all,corrected_fc,late_early_auc_ratio,7,24,4.290133285388791
all,corrected_fc,late_early_auc_ratio,70,27,3.349998329659166
all,corrected_fc,late_early_auc_ratio,71,25,2.8150126900829204
all,corrected_fc,late_early_auc_ratio,74,26,2.489988693673588
all,corrected_fc,late_early_auc_ratio,76,24,3.438039243403683
all,corrected_fc,late_early_auc_ratio,77,24,4.455541206414557
all,corrected_fc,late_early_auc_ratio,78,17,2.2670111684968646
all,corrected_fc,late_early_auc_ratio,79,31,3.8561627198542525
all,corrected_fc,late_early_auc_ratio,80,27,3.1697788487090297
all,corrected_fc,late_early_auc_ratio,82,21,-3.428727046848706
all,corrected_fc,late_early_auc_ratio,83,26,15.2295693287041
all,corrected_fc,late_early_auc_ratio,84,25,5.878953156882893
all,corrected_fc,late_early_auc_ratio,85,24,4.753607926468344
all,corrected_fc,late_early_auc_ratio,88,20,2.735334955313078
all,corrected_fc,late_early_auc_ratio,90,23,7.721912316499228
all,corrected_fc,metabolic_depression_index,12,27,6.171026069264261e-5
all,corrected_fc,metabolic_depression_index,14,27,6.396859417902493e-4
all,corrected_fc,metabolic_depression_index,15,26,0
all,corrected_fc,metabolic_depression_index,16,23,0.0010687222881126351
all,corrected_fc,metabolic_depression_index,19,27,9.077468385562868e-4
all,corrected_fc,metabolic_depression_index,2,27,0.0016819357144072387
all,corrected_fc,metabolic_depression_index,20,24,0.0019183129101838353
all,corrected_fc,metabolic_depression_index,21,26,0
all,corrected_fc,metabolic_depression_index,24,25,0.003179557819991349
all,corrected_fc,metabolic_depression_index,25,27,0.007529306156390857
all,corrected_fc,metabolic_depression_index,26,25,0.002769504325441133
all,corrected_fc,metabolic_depression_index,31,25,0.002841029791439339
all,corrected_fc,metabolic_depression_index,32,24,0.0029765500294656458
all,corrected_fc,metabolic_depression_index,33,28,8.47466725296509e-4
all,corrected_fc,metabolic_depression_index,34,22,4.3001324370415365e-5
all,corrected_fc,metabolic_depression_index,36,26,9.661929041297565e-4
all,corrected_fc,metabolic_depression_index,38,25,0
all,corrected_fc,metabolic_depression_index,39,24,0
all,corrected_fc,metabolic_depression_index,41,26,0.011293803564205498
all,corrected_fc,metabolic_depression_index,42,23,0.0022745985574141236
all,corrected_fc,metabolic_depression_index,43,28,2.935833634885182e-4
all,corrected_fc,metabolic_depression_index,47,27,0.002505162900383414
all,corrected_fc,metabolic_depression_index,48,23,0.002195751416378912
all,corrected_fc,metabolic_depression_index,49,27,0.003047741877508408
all,corrected_fc,metabolic_depression_index,5,25,0.047230031390845764
all,corrected_fc,metabolic_depression_index,50,27,0
all,corrected_fc,metabolic_depression_index,51,28,0.001296101145317729
all,corrected_fc,metabolic_depression_index,54,16,0.0076190522939246896
all,corrected_fc,metabolic_depression_index,55,23,0
all,corrected_fc,metabolic_depression_index,57,26,2.331997955860704e-4
all,corrected_fc,metabolic_depression_index,6,26,2.1179717147742422e-4
all,corrected_fc,metabolic_depression_index,60,27,7.031343199994501e-4
all,corrected_fc,metabolic_depression_index,61,27,0.004322644369419719
all,corrected_fc,metabolic_depression_index,7,24,0
all,corrected_fc,metabolic_depression_index,70,27,9.963863685054795e-4
all,corrected_fc,metabolic_depression_index,71,25,0
all,corrected_fc,metabolic_depression_index,74,26,2.5353085155008616e-4
all,corrected_fc,metabolic_depression_index,76,24,0.010614353611322652
all,corrected_fc,metabolic_depression_index,77,24,8.11888900153784e-4
all,corrected_fc,metabolic_depression_index,78,17,0.01712961697678599
all,corrected_fc,metabolic_depression_index,79,31,3.9671228716117724e-7
all,corrected_fc,metabolic_depression_index,80,27,0
all,corrected_fc,metabolic_depression_index,82,21,0.003460976148620278
all,corrected_fc,metabolic_depression_index,83,26,0.0014200182015041167
all,corrected_fc,metabolic_depression_index,84,25,0
all,corrected_fc,metabolic_depression_index,85,24,0.004677038931142528
all,corrected_fc,metabolic_depression_index,88,20,1.0253673872628252e-4
all,corrected_fc,metabolic_depression_index,90,23,0.0014756554969747038
all,corrected_fc,metabolic_scope,12,27,2.084924929440391
all,corrected_fc,metabolic_scope,14,27,5.5007890748042625
all,corrected_fc,metabolic_scope,15,26,2.7926203322413663
all,corrected_fc,metabolic_scope,16,23,5.362219542302191
all,corrected_fc,metabolic_scope,19,27,3.783015600492752
all,corrected_fc,metabolic_scope,2,27,2.64288994085243
all,corrected_fc,metabolic_scope,20,24,3.859621688459907
all,corrected_fc,metabolic_scope,21,26,4.469213529973454
all,corrected_fc,metabolic_scope,24,25,4.189579661875134
all,corrected_fc,metabolic_scope,25,27,4.136714927165236
all,corrected_fc,metabolic_scope,26,25,4.230005634641264
all,corrected_fc,metabolic_scope,31,25,3.4572830464318196
all,corrected_fc,metabolic_scope,32,24,4.692062328927715
all,corrected_fc,metabolic_scope,33,28,3.45999206694312
all,corrected_fc,metabolic_scope,34,22,2.6644917215193997
all,corrected_fc,metabolic_scope,36,26,4.101032894474011
all,corrected_fc,metabolic_scope,38,25,3.508854782862429
all,corrected_fc,metabolic_scope,39,24,3.208697171326046
all,corrected_fc,metabolic_scope,41,26,3.78708246896393
all,corrected_fc,metabolic_scope,42,23,3.5211674182998807
all,corrected_fc,metabolic_scope,43,28,2.2751361914821757
all,corrected_fc,metabolic_scope,47,27,4.519778962604028
all,corrected_fc,metabolic_scope,48,23,6.158456460508027
all,corrected_fc,metabolic_scope,49,27,5.598754043240549
all,corrected_fc,metabolic_scope,5,25,4.7665275563245295
all,corrected_fc,metabolic_scope,50,27,4.080445110075011
all,corrected_fc,metabolic_scope,51,28,3.9240400120773664
all,corrected_fc,metabolic_scope,54,16,6.303123454091303
all,corrected_fc,metabolic_scope,55,23,3.491384727408319
all,corrected_fc,metabolic_scope,57,26,3.2500367831389116
all,corrected_fc,metabolic_scope,6,26,2.7168928388488873
all,corrected_fc,metabolic_scope,60,27,3.3852119644752046
all,corrected_fc,metabolic_scope,61,27,3.3815812527044895
all,corrected_fc,metabolic_scope,7,24,3.438873975952578
all,corrected_fc,metabolic_scope,70,27,2.9930884193343417
all,corrected_fc,metabolic_scope,71,25,3.7018392101873703
all,corrected_fc,metabolic_scope,74,26,3.4204975642616073
all,corrected_fc,metabolic_scope,76,24,4.586868494763578
all,corrected_fc,metabolic_scope,77,24,5.718310220525883
all,corrected_fc,metabolic_scope,78,17,6.913419441724777
all,corrected_fc,metabolic_scope,79,31,3.528041275257997
all,corrected_fc,metabolic_scope,80,27,3.2045158227101003
all,corrected_fc,metabolic_scope,82,21,5.557542863365705
all,corrected_fc,metabolic_scope,83,26,3.6034580144113906
all,corrected_fc,metabolic_scope,84,25,3.5979553403712914
all,corrected_fc,metabolic_scope,85,24,3.5476305749916173
all,corrected_fc,metabolic_scope,88,20,4.99613446403207
all,corrected_fc,metabolic_scope,90,23,4.28656718878742
all,corrected_fc,min_slope,12,27,0.09538505662200779
all,corrected_fc,min_slope,14,27,0.25454198819474805
all,corrected_fc,min_slope,15,26,0.17744551389617993
all,corrected_fc,min_slope,16,23,0.27849721426956736
all,corrected_fc,min_slope,19,27,0.14931756191804657
all,corrected_fc,min_slope,2,27,0.0898319212817918
all,corrected_fc,min_slope,20,24,0.16472643145979574
all,corrected_fc,min_slope,21,26,0.30888980810931216
all,corrected_fc,min_slope,24,25,0.2151607164199909
all,corrected_fc,min_slope,25,27,0.04248723608764386
all,corrected_fc,min_slope,26,25,0.08698499923583734
all,corrected_fc,min_slope,31,25,0.11316656289563591
all,corrected_fc,min_slope,32,24,0.18362007626520382
all,corrected_fc,min_slope,33,28,0.11037295698604055
all,corrected_fc,min_slope,34,22,0.09576878556589395
all,corrected_fc,min_slope,36,26,0.13605128273959138
all,corrected_fc,min_slope,38,25,0.20985611564451748
all,corrected_fc,min_slope,39,24,0.18953882231261937
all,corrected_fc,min_slope,41,26,0.1163725824021101
all,corrected_fc,min_slope,42,23,0.10018503480319609
all,corrected_fc,min_slope,43,28,0.0750616655570409
all,corrected_fc,min_slope,47,27,0.2648046519150709
all,corrected_fc,min_slope,48,23,0.13980868604039348
all,corrected_fc,min_slope,49,27,0.21259161563930393
all,corrected_fc,min_slope,5,25,-0.04967120560182158
all,corrected_fc,min_slope,50,27,0.11131661530104045
all,corrected_fc,min_slope,51,28,0.1261657351562751
all,corrected_fc,min_slope,54,16,0.13827998761175578
all,corrected_fc,min_slope,55,23,0.131491258728317
all,corrected_fc,min_slope,57,26,0.07146998267222539
all,corrected_fc,min_slope,6,26,0.1318035930504373
all,corrected_fc,min_slope,60,27,0.12213439882485842
all,corrected_fc,min_slope,61,27,0.08004831089945688
all,corrected_fc,min_slope,7,24,0.11731473339792559
all,corrected_fc,min_slope,70,27,0.21209428159687116
all,corrected_fc,min_slope,71,25,0.15997500420093738
all,corrected_fc,min_slope,74,26,0.14360873389083254
all,corrected_fc,min_slope,76,24,0.14392085139316974
all,corrected_fc,min_slope,77,24,0.25615939789734593
all,corrected_fc,min_slope,78,17,0.12391213779581328
all,corrected_fc,min_slope,79,31,0.13214990230603946
all,corrected_fc,min_slope,80,27,0.149837384981779
all,corrected_fc,min_slope,82,21,0.17543158277993615
all,corrected_fc,min_slope,83,26,0.12278701862127286
all,corrected_fc,min_slope,84,25,0.26439309656295246
all,corrected_fc,min_slope,85,24,0.0916248901364026
all,corrected_fc,min_slope,88,20,0.18954072130744526
all,corrected_fc,min_slope,90,23,0.20328139428312073
all,corrected_fc,peak_value,12,27,2.084924929440391
all,corrected_fc,peak_value,14,27,5.5007890748042625
all,corrected_fc,peak_value,15,26,2.7926203322413663
all,corrected_fc,peak_value,16,23,5.362219542302191
all,corrected_fc,peak_value,19,27,3.783015600492752
all,corrected_fc,peak_value,2,27,2.64288994085243
all,corrected_fc,peak_value,20,24,3.859621688459907
all,corrected_fc,peak_value,21,26,4.469213529973454
all,corrected_fc,peak_value,24,25,4.189579661875134
all,corrected_fc,peak_value,25,27,4.136714927165236
all,corrected_fc,peak_value,26,25,4.230005634641264
all,corrected_fc,peak_value,31,25,3.4572830464318196
all,corrected_fc,peak_value,32,24,4.692062328927715
all,corrected_fc,peak_value,33,28,3.45999206694312
all,corrected_fc,peak_value,34,22,2.6644917215193997
all,corrected_fc,peak_value,36,26,4.101032894474011
all,corrected_fc,peak_value,38,25,3.508854782862429
all,corrected_fc,peak_value,39,24,3.208697171326046
all,corrected_fc,peak_value,41,26,3.78708246896393
all,corrected_fc,peak_value,42,23,3.5211674182998807
all,corrected_fc,peak_value,43,28,2.2751361914821757
all,corrected_fc,peak_value,47,27,4.519778962604028
all,corrected_fc,peak_value,48,23,6.158456460508027
all,corrected_fc,peak_value,49,27,5.598754043240549
all,corrected_fc,peak_value,5,25,4.7665275563245295
all,corrected_fc,peak_value,50,27,4.080445110075011
all,corrected_fc,peak_value,51,28,3.9240400120773664
all,corrected_fc,peak_value,54,16,6.303123454091303
all,corrected_fc,peak_value,55,23,3.491384727408319
all,corrected_fc,peak_value,57,26,3.2500367831389116
all,corrected_fc,peak_value,6,26,2.7168928388488873
all,corrected_fc,peak_value,60,27,3.3852119644752046
all,corrected_fc,peak_value,61,27,3.3815812527044895
all,corrected_fc,peak_value,7,24,3.438873975952578
all,corrected_fc,peak_value,70,27,2.9930884193343417
all,corrected_fc,peak_value,71,25,3.7018392101873703
all,corrected_fc,peak_value,74,26,3.4204975642616073
all,corrected_fc,peak_value,76,24,4.586868494763578
all,corrected_fc,peak_value,77,24,5.718310220525883
all,corrected_fc,peak_value,78,17,6.913419441724777
all,corrected_fc,peak_value,79,31,3.528041275257997
all,corrected_fc,peak_value,80,27,3.2045158227101003
all,corrected_fc,peak_value,82,21,5.557542863365705
all,corrected_fc,peak_value,83,26,3.6034580144113906
all,corrected_fc,peak_value,84,25,3.5979553403712914
all,corrected_fc,peak_value,85,24,3.5476305749916173
all,corrected_fc,peak_value,88,20,4.99613446403207
all,corrected_fc,peak_value,90,23,4.28656718878742
all,corrected_fc,resilience_ratio,12,27,0.9999382897393073
all,corrected_fc,resilience_ratio,14,27,0.9993603140582098
all,corrected_fc,resilience_ratio,15,26,1
all,corrected_fc,resilience_ratio,16,23,0.9989312777118874
all,corrected_fc,resilience_ratio,19,27,0.9990922531614437
all,corrected_fc,resilience_ratio,2,27,0.9983180642855928
all,corrected_fc,resilience_ratio,20,24,0.9980816870898161
all,corrected_fc,resilience_ratio,21,26,1
all,corrected_fc,resilience_ratio,24,25,0.9968204421800086
all,corrected_fc,resilience_ratio,25,27,0.9924706938436091
all,corrected_fc,resilience_ratio,26,25,0.9972304956745589
all,corrected_fc,resilience_ratio,31,25,0.9971589702085607
all,corrected_fc,resilience_ratio,32,24,0.9970234499705344
all,corrected_fc,resilience_ratio,33,28,0.9991525332747035
all,corrected_fc,resilience_ratio,34,22,0.9999569986756296
all,corrected_fc,resilience_ratio,36,26,0.9990338070958702
all,corrected_fc,resilience_ratio,38,25,1
all,corrected_fc,resilience_ratio,39,24,1
all,corrected_fc,resilience_ratio,41,26,0.9887061964357945
all,corrected_fc,resilience_ratio,42,23,0.9977254014425859
all,corrected_fc,resilience_ratio,43,28,0.9997064166365115
all,corrected_fc,resilience_ratio,47,27,0.9974948370996166
all,corrected_fc,resilience_ratio,48,23,0.997804248583621
all,corrected_fc,resilience_ratio,49,27,0.9969522581224916
all,corrected_fc,resilience_ratio,5,25,0.9527699686091542
all,corrected_fc,resilience_ratio,50,27,1
all,corrected_fc,resilience_ratio,51,28,0.9987038988546822
all,corrected_fc,resilience_ratio,54,16,0.9923809477060753
all,corrected_fc,resilience_ratio,55,23,1
all,corrected_fc,resilience_ratio,57,26,0.9997668002044139
all,corrected_fc,resilience_ratio,6,26,0.9997882028285225
all,corrected_fc,resilience_ratio,60,27,0.9992968656800005
all,corrected_fc,resilience_ratio,61,27,0.9956773556305802
all,corrected_fc,resilience_ratio,7,24,1
all,corrected_fc,resilience_ratio,70,27,0.9990036136314945
all,corrected_fc,resilience_ratio,71,25,1
all,corrected_fc,resilience_ratio,74,26,0.9997464691484499
all,corrected_fc,resilience_ratio,76,24,0.9893856463886773
all,corrected_fc,resilience_ratio,77,24,0.9991881110998462
all,corrected_fc,resilience_ratio,78,17,0.9828703830232141
all,corrected_fc,resilience_ratio,79,31,0.9999996032877129
all,corrected_fc,resilience_ratio,80,27,1
all,corrected_fc,resilience_ratio,82,21,0.9965390238513797
all,corrected_fc,resilience_ratio,83,26,0.9985799817984958
all,corrected_fc,resilience_ratio,84,25,1
all,corrected_fc,resilience_ratio,85,24,0.9953229610688574
all,corrected_fc,resilience_ratio,88,20,0.9998974632612737
all,corrected_fc,resilience_ratio,90,23,0.9985243445030253
all,corrected_fc,stability_cv,12,27,0.8955433507236708
all,corrected_fc,stability_cv,14,27,0.8534675054013275
all,corrected_fc,stability_cv,15,26,0.7743485199158794
all,corrected_fc,stability_cv,16,23,0.9128286220325773
all,corrected_fc,stability_cv,19,27,0.7494231503012544
all,corrected_fc,stability_cv,2,27,0.8089769960128742
all,corrected_fc,stability_cv,20,24,0.8776171154411709
all,corrected_fc,stability_cv,21,26,0.7617607657731544
all,corrected_fc,stability_cv,24,25,0.7057861043796024
all,corrected_fc,stability_cv,25,27,0.9000804091464696
all,corrected_fc,stability_cv,26,25,0.8915180561046915
all,corrected_fc,stability_cv,31,25,0.850214346743166
all,corrected_fc,stability_cv,32,24,0.7913976601909763
all,corrected_fc,stability_cv,33,28,0.9266865602840532
all,corrected_fc,stability_cv,34,22,0.791674320642792
all,corrected_fc,stability_cv,36,26,0.6894960553183784
all,corrected_fc,stability_cv,38,25,0.8732678421276949
all,corrected_fc,stability_cv,39,24,0.7363415443506746
all,corrected_fc,stability_cv,41,26,0.7827611110661395
all,corrected_fc,stability_cv,42,23,0.7604941039310028
all,corrected_fc,stability_cv,43,28,0.7606400361677722
all,corrected_fc,stability_cv,47,27,0.726897184438869
all,corrected_fc,stability_cv,48,23,0.865913133130803
all,corrected_fc,stability_cv,49,27,0.8761167218909034
all,corrected_fc,stability_cv,5,25,0.829731422412245
all,corrected_fc,stability_cv,50,27,0.9354827964094623
all,corrected_fc,stability_cv,51,28,0.8353502144854593
all,corrected_fc,stability_cv,54,16,0.8707520690709867
all,corrected_fc,stability_cv,55,23,0.8335078385808503
all,corrected_fc,stability_cv,57,26,0.8791989996417747
all,corrected_fc,stability_cv,6,26,0.8211535470647433
all,corrected_fc,stability_cv,60,27,0.883054719305549
all,corrected_fc,stability_cv,61,27,0.8453835613194753
all,corrected_fc,stability_cv,7,24,0.8350819611756942
all,corrected_fc,stability_cv,70,27,0.775286866344915
all,corrected_fc,stability_cv,71,25,0.7292923443718882
all,corrected_fc,stability_cv,74,26,0.7695864251376853
all,corrected_fc,stability_cv,76,24,0.7522390110767935
all,corrected_fc,stability_cv,77,24,0.8694969631127892
all,corrected_fc,stability_cv,78,17,0.6769212021655958
all,corrected_fc,stability_cv,79,31,0.7962422003151637
all,corrected_fc,stability_cv,80,27,0.7410720051893004
all,corrected_fc,stability_cv,82,21,1.0120893016096846
all,corrected_fc,stability_cv,83,26,1.00195253759286
all,corrected_fc,stability_cv,84,25,0.8573538837324178
all,corrected_fc,stability_cv,85,24,0.9031435793124888
all,corrected_fc,stability_cv,88,20,0.7373719624686207
all,corrected_fc,stability_cv,90,23,0.9251528288032124
all,corrected_fc,time_to_min_slope,12,27,1.9074074074074074
all,corrected_fc,time_to_min_slope,14,27,1.9814814814814814
all,corrected_fc,time_to_min_slope,15,26,2.8461538461538463
all,corrected_fc,time_to_min_slope,16,23,1.8478260869565217
all,corrected_fc,time_to_min_slope,19,27,2.1666666666666665
all,corrected_fc,time_to_min_slope,2,27,2.2037037037037037
all,corrected_fc,time_to_min_slope,20,24,2.0416666666666665
all,corrected_fc,time_to_min_slope,21,26,2.3461538461538463
all,corrected_fc,time_to_min_slope,24,25,2.42
all,corrected_fc,time_to_min_slope,25,27,2.1296296296296298
all,corrected_fc,time_to_min_slope,26,25,1.9
all,corrected_fc,time_to_min_slope,31,25,2.7
all,corrected_fc,time_to_min_slope,32,24,2.1666666666666665
all,corrected_fc,time_to_min_slope,33,28,2.2857142857142856
all,corrected_fc,time_to_min_slope,34,22,2.4545454545454546
all,corrected_fc,time_to_min_slope,36,26,2.576923076923077
all,corrected_fc,time_to_min_slope,38,25,2.58
all,corrected_fc,time_to_min_slope,39,24,2.2083333333333335
all,corrected_fc,time_to_min_slope,41,26,2.076923076923077
all,corrected_fc,time_to_min_slope,42,23,2.4130434782608696
all,corrected_fc,time_to_min_slope,43,28,2.6428571428571432
all,corrected_fc,time_to_min_slope,47,27,2.2037037037037037
all,corrected_fc,time_to_min_slope,48,23,2.369565217391304
all,corrected_fc,time_to_min_slope,49,27,1.9814814814814814
all,corrected_fc,time_to_min_slope,5,25,2.06
all,corrected_fc,time_to_min_slope,50,27,1.7592592592592593
all,corrected_fc,time_to_min_slope,51,28,1.9642857142857142
all,corrected_fc,time_to_min_slope,54,16,3
all,corrected_fc,time_to_min_slope,55,23,1.8043478260869565
all,corrected_fc,time_to_min_slope,57,26,2.5
all,corrected_fc,time_to_min_slope,6,26,2.3846153846153846
all,corrected_fc,time_to_min_slope,60,27,2.0185185185185186
all,corrected_fc,time_to_min_slope,61,27,1.9074074074074074
all,corrected_fc,time_to_min_slope,7,24,1.875
all,corrected_fc,time_to_min_slope,70,27,2.5
all,corrected_fc,time_to_min_slope,71,25,2.42
all,corrected_fc,time_to_min_slope,74,26,2.3846153846153846
all,corrected_fc,time_to_min_slope,76,24,2.5
all,corrected_fc,time_to_min_slope,77,24,2.2916666666666665
all,corrected_fc,time_to_min_slope,78,17,2.911764705882353
all,corrected_fc,time_to_min_slope,79,31,2.532258064516129
all,corrected_fc,time_to_min_slope,80,27,2.240740740740741
all,corrected_fc,time_to_min_slope,82,21,2.0238095238095237
all,corrected_fc,time_to_min_slope,83,26,1.9615384615384615
all,corrected_fc,time_to_min_slope,84,25,2.1
all,corrected_fc,time_to_min_slope,85,24,2.5416666666666665
all,corrected_fc,time_to_min_slope,88,20,1.9
all,corrected_fc,time_to_min_slope,90,23,2.0217391304347827
all,corrected_fc,time_to_peak,12,27,3.962962962962963
all,corrected_fc,time_to_peak,14,27,3.962962962962963
all,corrected_fc,time_to_peak,15,26,4
all,corrected_fc,time_to_peak,16,23,3.9130434782608696
all,corrected_fc,time_to_peak,19,27,3.888888888888889
all,corrected_fc,time_to_peak,2,27,3.888888888888889
all,corrected_fc,time_to_peak,20,24,3.9583333333333335
all,corrected_fc,time_to_peak,21,26,4
all,corrected_fc,time_to_peak,24,25,3.88
all,corrected_fc,time_to_peak,25,27,3.925925925925926
all,corrected_fc,time_to_peak,26,25,3.88
all,corrected_fc,time_to_peak,31,25,3.84
all,corrected_fc,time_to_peak,32,24,3.9166666666666665
all,corrected_fc,time_to_peak,33,28,3.9285714285714284
all,corrected_fc,time_to_peak,34,22,3.9545454545454546
all,corrected_fc,time_to_peak,36,26,3.8846153846153846
all,corrected_fc,time_to_peak,38,25,4
all,corrected_fc,time_to_peak,39,24,4
all,corrected_fc,time_to_peak,41,26,3.8846153846153846
all,corrected_fc,time_to_peak,42,23,3.9565217391304346
all,corrected_fc,time_to_peak,43,28,3.892857142857143
all,corrected_fc,time_to_peak,47,27,3.888888888888889
all,corrected_fc,time_to_peak,48,23,3.8260869565217392
all,corrected_fc,time_to_peak,49,27,3.925925925925926
all,corrected_fc,time_to_peak,5,25,3.8
all,corrected_fc,time_to_peak,50,27,4
all,corrected_fc,time_to_peak,51,28,3.9642857142857144
all,corrected_fc,time_to_peak,54,16,3.75
all,corrected_fc,time_to_peak,55,23,4
all,corrected_fc,time_to_peak,57,26,3.9615384615384617
all,corrected_fc,time_to_peak,6,26,3.923076923076923
all,corrected_fc,time_to_peak,60,27,3.888888888888889
all,corrected_fc,time_to_peak,61,27,3.962962962962963
all,corrected_fc,time_to_peak,7,24,4
all,corrected_fc,time_to_peak,70,27,3.962962962962963
all,corrected_fc,time_to_peak,71,25,4
all,corrected_fc,time_to_peak,74,26,3.9615384615384617
all,corrected_fc,time_to_peak,76,24,3.9166666666666665
all,corrected_fc,time_to_peak,77,24,3.9166666666666665
all,corrected_fc,time_to_peak,78,17,3.823529411764706
all,corrected_fc,time_to_peak,79,31,3.967741935483871
all,corrected_fc,time_to_peak,80,27,4
all,corrected_fc,time_to_peak,82,21,3.9523809523809526
all,corrected_fc,time_to_peak,83,26,3.8846153846153846
all,corrected_fc,time_to_peak,84,25,4
all,corrected_fc,time_to_peak,85,24,3.875
all,corrected_fc,time_to_peak,88,20,3.95
all,corrected_fc,time_to_peak,90,23,3.9565217391304346
all,corrected_fc,time_to_trough,12,27,0.0740740740740741
all,corrected_fc,time_to_trough,14,27,0
all,corrected_fc,time_to_trough,15,26,0.03846153846153847
all,corrected_fc,time_to_trough,16,23,0
all,corrected_fc,time_to_trough,19,27,0
all,corrected_fc,time_to_trough,2,27,0
all,corrected_fc,time_to_trough,20,24,0
all,corrected_fc,time_to_trough,21,26,0
all,corrected_fc,time_to_trough,24,25,0
all,corrected_fc,time_to_trough,25,27,0
all,corrected_fc,time_to_trough,26,25,0.039999999999999994
all,corrected_fc,time_to_trough,31,25,0.039999999999999994
all,corrected_fc,time_to_trough,32,24,0
all,corrected_fc,time_to_trough,33,28,0.03571428571428572
all,corrected_fc,time_to_trough,34,22,0
all,corrected_fc,time_to_trough,36,26,0
all,corrected_fc,time_to_trough,38,25,0.04
all,corrected_fc,time_to_trough,39,24,0
all,corrected_fc,time_to_trough,41,26,0
all,corrected_fc,time_to_trough,42,23,0
all,corrected_fc,time_to_trough,43,28,0.035714285714285726
all,corrected_fc,time_to_trough,47,27,0
all,corrected_fc,time_to_trough,48,23,0
all,corrected_fc,time_to_trough,49,27,0.03703703703703704
all,corrected_fc,time_to_trough,5,25,0
all,corrected_fc,time_to_trough,50,27,0
all,corrected_fc,time_to_trough,51,28,0
all,corrected_fc,time_to_trough,54,16,0
all,corrected_fc,time_to_trough,55,23,0
all,corrected_fc,time_to_trough,57,26,0.03846153846153847
all,corrected_fc,time_to_trough,6,26,0.07692307692307694
all,corrected_fc,time_to_trough,60,27,0.07407407407407408
all,corrected_fc,time_to_trough,61,27,0
all,corrected_fc,time_to_trough,7,24,0
all,corrected_fc,time_to_trough,70,27,0
all,corrected_fc,time_to_trough,71,25,0
all,corrected_fc,time_to_trough,74,26,0.03846153846153848
all,corrected_fc,time_to_trough,76,24,0
all,corrected_fc,time_to_trough,77,24,0
all,corrected_fc,time_to_trough,78,17,0
all,corrected_fc,time_to_trough,79,31,0
all,corrected_fc,time_to_trough,80,27,0
all,corrected_fc,time_to_trough,82,21,0.047619047619047616
all,corrected_fc,time_to_trough,83,26,0.19230769230769232
all,corrected_fc,time_to_trough,84,25,0
all,corrected_fc,time_to_trough,85,24,0
all,corrected_fc,time_to_trough,88,20,0
all,corrected_fc,time_to_trough,90,23,0.08695652173913045
all,corrected_fc,time_to_vmax,12,27,1.9444444444444444
all,corrected_fc,time_to_vmax,14,27,2.018518518518518
all,corrected_fc,time_to_vmax,15,26,1.3846153846153846
all,corrected_fc,time_to_vmax,16,23,1.8043478260869565
all,corrected_fc,time_to_vmax,19,27,1.425925925925926
all,corrected_fc,time_to_vmax,2,27,1.5
all,corrected_fc,time_to_vmax,20,24,2
all,corrected_fc,time_to_vmax,21,26,1.5384615384615385
all,corrected_fc,time_to_vmax,24,25,1.1800000000000002
all,corrected_fc,time_to_vmax,25,27,2.1296296296296298
all,corrected_fc,time_to_vmax,26,25,1.7799999999999998
all,corrected_fc,time_to_vmax,31,25,1.98
all,corrected_fc,time_to_vmax,32,24,1.625
all,corrected_fc,time_to_vmax,33,28,2.107142857142857
all,corrected_fc,time_to_vmax,34,22,1.8181818181818181
all,corrected_fc,time_to_vmax,36,26,1.076923076923077
all,corrected_fc,time_to_vmax,38,25,1.8199999999999998
all,corrected_fc,time_to_vmax,39,24,1.2916666666666665
all,corrected_fc,time_to_vmax,41,26,1.653846153846154
all,corrected_fc,time_to_vmax,42,23,1.1956521739130437
all,corrected_fc,time_to_vmax,43,28,1.6785714285714284
all,corrected_fc,time_to_vmax,47,27,1.2037037037037035
all,corrected_fc,time_to_vmax,48,23,1.847826086956522
all,corrected_fc,time_to_vmax,49,27,1.7222222222222223
all,corrected_fc,time_to_vmax,5,25,1.7399999999999998
all,corrected_fc,time_to_vmax,50,27,2.1296296296296298
all,corrected_fc,time_to_vmax,51,28,1.7142857142857142
all,corrected_fc,time_to_vmax,54,16,1.625
all,corrected_fc,time_to_vmax,55,23,1.7173913043478262
all,corrected_fc,time_to_vmax,57,26,1.846153846153846
all,corrected_fc,time_to_vmax,6,26,1.6153846153846154
all,corrected_fc,time_to_vmax,60,27,1.759259259259259
all,corrected_fc,time_to_vmax,61,27,1.759259259259259
all,corrected_fc,time_to_vmax,7,24,1.6666666666666667
all,corrected_fc,time_to_vmax,70,27,1.537037037037037
all,corrected_fc,time_to_vmax,71,25,1.34
all,corrected_fc,time_to_vmax,74,26,1
all,corrected_fc,time_to_vmax,76,24,1.25
all,corrected_fc,time_to_vmax,77,24,1.7916666666666665
all,corrected_fc,time_to_vmax,78,17,1.0882352941176472
all,corrected_fc,time_to_vmax,79,31,1.596774193548387
all,corrected_fc,time_to_vmax,80,27,1.3518518518518519
all,corrected_fc,time_to_vmax,82,21,2.261904761904762
all,corrected_fc,time_to_vmax,83,26,1.8846153846153846
all,corrected_fc,time_to_vmax,84,25,1.8199999999999998
all,corrected_fc,time_to_vmax,85,24,2.1666666666666665
all,corrected_fc,time_to_vmax,88,20,1.25
all,corrected_fc,time_to_vmax,90,23,1.8043478260869563
all,corrected_fc,trough_value,12,27,-0.0010866549685698986
all,corrected_fc,trough_value,14,27,0
all,corrected_fc,trough_value,15,26,-6.584875175054694e-5
all,corrected_fc,trough_value,16,23,0
all,corrected_fc,trough_value,19,27,0
all,corrected_fc,trough_value,2,27,0
all,corrected_fc,trough_value,20,24,0
all,corrected_fc,trough_value,21,26,0
all,corrected_fc,trough_value,24,25,0
all,corrected_fc,trough_value,25,27,0
all,corrected_fc,trough_value,26,25,-1.1576676400858437e-4
all,corrected_fc,trough_value,31,25,-1.5218361558857004e-4
all,corrected_fc,trough_value,32,24,0
all,corrected_fc,trough_value,33,28,-4.831375541089267e-4
all,corrected_fc,trough_value,34,22,0
all,corrected_fc,trough_value,36,26,0
all,corrected_fc,trough_value,38,25,-5.263308818203996e-4
all,corrected_fc,trough_value,39,24,0
all,corrected_fc,trough_value,41,26,0
all,corrected_fc,trough_value,42,23,0
all,corrected_fc,trough_value,43,28,-1.3060013178018646e-4
all,corrected_fc,trough_value,47,27,0
all,corrected_fc,trough_value,48,23,0
all,corrected_fc,trough_value,49,27,-1.0422763531802443e-4
all,corrected_fc,trough_value,5,25,0
all,corrected_fc,trough_value,50,27,0
all,corrected_fc,trough_value,51,28,0
all,corrected_fc,trough_value,54,16,0
all,corrected_fc,trough_value,55,23,0
all,corrected_fc,trough_value,57,26,-1.6364118346502923e-4
all,corrected_fc,trough_value,6,26,-8.575670573197346e-4
all,corrected_fc,trough_value,60,27,-4.7667526621247733e-4
all,corrected_fc,trough_value,61,27,0
all,corrected_fc,trough_value,7,24,0
all,corrected_fc,trough_value,70,27,0
all,corrected_fc,trough_value,71,25,0
all,corrected_fc,trough_value,74,26,-5.961842440034839e-4
all,corrected_fc,trough_value,76,24,0
all,corrected_fc,trough_value,77,24,0
all,corrected_fc,trough_value,78,17,0
all,corrected_fc,trough_value,79,31,0
all,corrected_fc,trough_value,80,27,0
all,corrected_fc,trough_value,82,21,-9.036157336142253e-4
all,corrected_fc,trough_value,83,26,-0.002312452124171609
all,corrected_fc,trough_value,84,25,0
all,corrected_fc,trough_value,85,24,0
all,corrected_fc,trough_value,88,20,0
all,corrected_fc,trough_value,90,23,-0.0012733405361965023
all,corrected_fc,vmax,12,27,1.1672336858297332
all,corrected_fc,vmax,14,27,2.966562039029437
all,corrected_fc,vmax,15,26,1.5280976773521886
all,corrected_fc,vmax,16,23,3.0565721953706895
all,corrected_fc,vmax,19,27,2.1126434638636016
all,corrected_fc,vmax,2,27,1.5687783489497151
all,corrected_fc,vmax,20,24,2.038769735710973
all,corrected_fc,vmax,21,26,2.2390814851065564
all,corrected_fc,vmax,24,25,2.3968961905763138
all,corrected_fc,vmax,25,27,2.634936103489349
all,corrected_fc,vmax,26,25,2.531276267103191
all,corrected_fc,vmax,31,25,1.8301509283801143
all,corrected_fc,vmax,32,24,2.4384556402600017
all,corrected_fc,vmax,33,28,2.1766886971529957
all,corrected_fc,vmax,34,22,1.4896964815109048
all,corrected_fc,vmax,36,26,2.304701533515605
all,corrected_fc,vmax,38,25,1.853269346721061
all,corrected_fc,vmax,39,24,1.7033794447001154
all,corrected_fc,vmax,41,26,1.9317954270461877
all,corrected_fc,vmax,42,23,2.2840490640625446
all,corrected_fc,vmax,43,28,1.2914608025444843
all,corrected_fc,vmax,47,27,2.5676519099546953
all,corrected_fc,vmax,48,23,4.03827297400409
all,corrected_fc,vmax,49,27,3.264921477683152
all,corrected_fc,vmax,5,25,2.4405596886421996
all,corrected_fc,vmax,50,27,2.259310681948536
all,corrected_fc,vmax,51,28,2.164876916901547
all,corrected_fc,vmax,54,16,3.812902887892621
all,corrected_fc,vmax,55,23,1.918227390121358
all,corrected_fc,vmax,57,26,1.886723759474854
all,corrected_fc,vmax,6,26,1.5211803973843334
all,corrected_fc,vmax,60,27,2.1067296846527186
all,corrected_fc,vmax,61,27,2.051153021532294
all,corrected_fc,vmax,7,24,2.0249992726443042
all,corrected_fc,vmax,70,27,1.546173762135079
all,corrected_fc,vmax,71,25,2.2581804466890154
all,corrected_fc,vmax,74,26,1.9835681122733628
all,corrected_fc,vmax,76,24,2.6607349310126933
all,corrected_fc,vmax,77,24,3.026310507388768
all,corrected_fc,vmax,78,17,3.679840239987509
all,corrected_fc,vmax,79,31,2.1185806620560674
all,corrected_fc,vmax,80,27,2.0332346041242193
all,corrected_fc,vmax,82,21,3.300125995483277
all,corrected_fc,vmax,83,26,2.070717226088736
all,corrected_fc,vmax,84,25,1.876502457880845
all,corrected_fc,vmax,85,24,2.1033398539131114
all,corrected_fc,vmax,88,20,2.5322249876536826
all,corrected_fc,vmax,90,23,2.339009622971177
high-salinity,corrected_fc,auc_early,12,27,1.1232742975833367
high-salinity,corrected_fc,auc_early,14,27,2.4663374163700738
high-salinity,corrected_fc,auc_early,15,26,1.6873014795303747
high-salinity,corrected_fc,auc_early,16,23,2.113937288953013
high-salinity,corrected_fc,auc_early,19,27,2.4787572612463165
high-salinity,corrected_fc,auc_early,2,27,1.4736619421901764
high-salinity,corrected_fc,auc_early,20,24,1.8146458618841241
high-salinity,corrected_fc,auc_early,21,26,2.7189730135041397
high-salinity,corrected_fc,auc_early,24,25,3.3278420788729552
high-salinity,corrected_fc,auc_early,25,27,1.6172913740216748
high-salinity,corrected_fc,auc_early,26,25,2.3464020893678996
high-salinity,corrected_fc,auc_early,31,25,1.871049328601159
high-salinity,corrected_fc,auc_early,32,24,2.713977287847854
high-salinity,corrected_fc,auc_early,33,28,1.3234343000105557
high-salinity,corrected_fc,auc_early,34,22,1.63427172289537
high-salinity,corrected_fc,auc_early,36,26,3.308916581300284
high-salinity,corrected_fc,auc_early,38,25,1.776866693702999
high-salinity,corrected_fc,auc_early,39,24,2.186969530937932
high-salinity,corrected_fc,auc_early,41,26,2.3616999837746055
high-salinity,corrected_fc,auc_early,42,23,3.16618636761218
high-salinity,corrected_fc,auc_early,43,28,1.6484733737234574
high-salinity,corrected_fc,auc_early,5,25,2.7371414961861027
high-salinity,corrected_fc,auc_early,6,26,1.8741424968598672
high-salinity,corrected_fc,auc_early,7,24,2.020891503642412
high-salinity,corrected_fc,auc_late,12,27,3.166005078439354
high-salinity,corrected_fc,auc_late,14,27,8.123460375004518
high-salinity,corrected_fc,auc_late,15,26,4.530092780531809
high-salinity,corrected_fc,auc_late,16,23,8.150752265746478
high-salinity,corrected_fc,auc_late,19,27,6.050692958181816
high-salinity,corrected_fc,auc_late,2,27,4.231907422169938
high-salinity,corrected_fc,auc_late,20,24,5.636405573246029
high-salinity,corrected_fc,auc_late,21,26,6.977952318593116
high-salinity,corrected_fc,auc_late,24,25,7.028291910249334
high-salinity,corrected_fc,auc_late,25,27,6.419831322177656
high-salinity,corrected_fc,auc_late,26,25,6.530343804378886
high-salinity,corrected_fc,auc_late,31,25,5.504689591079068
high-salinity,corrected_fc,auc_late,32,24,7.355149845406646
high-salinity,corrected_fc,auc_late,33,28,5.413048969417449
high-salinity,corrected_fc,auc_late,34,22,4.4393722188255484
high-salinity,corrected_fc,auc_late,36,26,6.9432894807373655
high-salinity,corrected_fc,auc_late,38,25,5.541908898061523
high-salinity,corrected_fc,auc_late,39,24,4.921622160984474
high-salinity,corrected_fc,auc_late,41,26,5.886408731485838
high-salinity,corrected_fc,auc_late,42,23,6.0689905480035815
high-salinity,corrected_fc,auc_late,43,28,3.7775810343965412
high-salinity,corrected_fc,auc_late,5,25,7.193767738498294
high-salinity,corrected_fc,auc_late,6,26,4.510998342509174
high-salinity,corrected_fc,auc_late,7,24,5.428610215579531
high-salinity,corrected_fc,auc_total,12,27,4.28927937602269
high-salinity,corrected_fc,auc_total,14,27,10.589797791374593
high-salinity,corrected_fc,auc_total,15,26,6.217394260062183
high-salinity,corrected_fc,auc_total,16,23,10.26468955469949
high-salinity,corrected_fc,auc_total,19,27,8.529450219428131
high-salinity,corrected_fc,auc_total,2,27,5.705569364360114
high-salinity,corrected_fc,auc_total,20,24,7.451051435130153
high-salinity,corrected_fc,auc_total,21,26,9.696925332097255
high-salinity,corrected_fc,auc_total,24,25,10.35613398912229
high-salinity,corrected_fc,auc_total,25,27,8.037122696199331
high-salinity,corrected_fc,auc_total,26,25,8.876745893746786
high-salinity,corrected_fc,auc_total,31,25,7.375738919680227
high-salinity,corrected_fc,auc_total,32,24,10.0691271332545
high-salinity,corrected_fc,auc_total,33,28,6.736483269428005
high-salinity,corrected_fc,auc_total,34,22,6.073643941720919
high-salinity,corrected_fc,auc_total,36,26,10.25220606203765
high-salinity,corrected_fc,auc_total,38,25,7.318775591764521
high-salinity,corrected_fc,auc_total,39,24,7.108591691922406
high-salinity,corrected_fc,auc_total,41,26,8.248108715260443
high-salinity,corrected_fc,auc_total,42,23,9.235176915615762
high-salinity,corrected_fc,auc_total,43,28,5.426054408119998
high-salinity,corrected_fc,auc_total,5,25,9.930909234684398
high-salinity,corrected_fc,auc_total,6,26,6.385140839369041
high-salinity,corrected_fc,auc_total,7,24,7.449501719221942
high-salinity,corrected_fc,delta_auc_late_minus_early,12,27,2.042730780856017
high-salinity,corrected_fc,delta_auc_late_minus_early,14,27,5.657122958634445
high-salinity,corrected_fc,delta_auc_late_minus_early,15,26,2.8427913010014336
high-salinity,corrected_fc,delta_auc_late_minus_early,16,23,6.036814976793464
high-salinity,corrected_fc,delta_auc_late_minus_early,19,27,3.5719356969354994
high-salinity,corrected_fc,delta_auc_late_minus_early,2,27,2.7582454799797618
high-salinity,corrected_fc,delta_auc_late_minus_early,20,24,3.8217597113619046
high-salinity,corrected_fc,delta_auc_late_minus_early,21,26,4.258979305088976
high-salinity,corrected_fc,delta_auc_late_minus_early,24,25,3.7004498313763787
high-salinity,corrected_fc,delta_auc_late_minus_early,25,27,4.802539948155982
high-salinity,corrected_fc,delta_auc_late_minus_early,26,25,4.183941715010987
high-salinity,corrected_fc,delta_auc_late_minus_early,31,25,3.6336402624779094
high-salinity,corrected_fc,delta_auc_late_minus_early,32,24,4.641172557558792
high-salinity,corrected_fc,delta_auc_late_minus_early,33,28,4.0896146694068936
high-salinity,corrected_fc,delta_auc_late_minus_early,34,22,2.8051004959301786
high-salinity,corrected_fc,delta_auc_late_minus_early,36,26,3.6343728994370816
high-salinity,corrected_fc,delta_auc_late_minus_early,38,25,3.765042204358524
high-salinity,corrected_fc,delta_auc_late_minus_early,39,24,2.734652630046542
high-salinity,corrected_fc,delta_auc_late_minus_early,41,26,3.524708747711233
high-salinity,corrected_fc,delta_auc_late_minus_early,42,23,2.902804180391402
high-salinity,corrected_fc,delta_auc_late_minus_early,43,28,2.1291076606730837
high-salinity,corrected_fc,delta_auc_late_minus_early,5,25,4.456626242312192
high-salinity,corrected_fc,delta_auc_late_minus_early,6,26,2.636855845649307
high-salinity,corrected_fc,delta_auc_late_minus_early,7,24,3.4077187119371186
high-salinity,corrected_fc,depression_abs,12,27,1.0980226599315775e-4
high-salinity,corrected_fc,depression_abs,14,27,0.002642101484931512
high-salinity,corrected_fc,depression_abs,15,26,0
high-salinity,corrected_fc,depression_abs,16,23,0.005044904781060218
high-salinity,corrected_fc,depression_abs,19,27,0.002006896456415488
high-salinity,corrected_fc,depression_abs,2,27,0.009211906664215917
high-salinity,corrected_fc,depression_abs,20,24,0.006953835654337363
high-salinity,corrected_fc,depression_abs,21,26,0
high-salinity,corrected_fc,depression_abs,24,25,0.019684557868601044
high-salinity,corrected_fc,depression_abs,25,27,0.05339705849012526
high-salinity,corrected_fc,depression_abs,26,25,0.012989904166889641
high-salinity,corrected_fc,depression_abs,31,25,0.011171864063029079
high-salinity,corrected_fc,depression_abs,32,24,0.01728909775453058
high-salinity,corrected_fc,depression_abs,33,28,0.006407205808291572
high-salinity,corrected_fc,depression_abs,34,22,1.4564580527913324e-4
high-salinity,corrected_fc,depression_abs,36,26,0.004590350812398046
high-salinity,corrected_fc,depression_abs,38,25,0
high-salinity,corrected_fc,depression_abs,39,24,0
high-salinity,corrected_fc,depression_abs,41,26,0.05617477986901747
high-salinity,corrected_fc,depression_abs,42,23,0.01609015240925175
high-salinity,corrected_fc,depression_abs,43,28,3.886885203642847e-4
high-salinity,corrected_fc,depression_abs,5,25,0.20444739209384172
high-salinity,corrected_fc,depression_abs,6,26,2.602485926079981e-4
high-salinity,corrected_fc,depression_abs,7,24,0
high-salinity,corrected_fc,final_delta,12,27,2.084815127174398
high-salinity,corrected_fc,final_delta,14,27,5.498146973319331
high-salinity,corrected_fc,final_delta,15,26,2.7926203322413663
high-salinity,corrected_fc,final_delta,16,23,5.357174637521131
high-salinity,corrected_fc,final_delta,19,27,3.7810087040363367
high-salinity,corrected_fc,final_delta,2,27,2.6336780341882142
high-salinity,corrected_fc,final_delta,20,24,3.8526678528055696
high-salinity,corrected_fc,final_delta,21,26,4.469213529973454
high-salinity,corrected_fc,final_delta,24,25,4.1698951040065335
high-salinity,corrected_fc,final_delta,25,27,4.08331786867511
high-salinity,corrected_fc,final_delta,26,25,4.217015730474374
high-salinity,corrected_fc,final_delta,31,25,3.4461111823687904
high-salinity,corrected_fc,final_delta,32,24,4.674773231173185
high-salinity,corrected_fc,final_delta,33,28,3.4535848611348285
high-salinity,corrected_fc,final_delta,34,22,2.664346075714121
high-salinity,corrected_fc,final_delta,36,26,4.096442543661614
high-salinity,corrected_fc,final_delta,38,25,3.508854782862429
high-salinity,corrected_fc,final_delta,39,24,3.208697171326046
high-salinity,corrected_fc,final_delta,41,26,3.730907689094913
high-salinity,corrected_fc,final_delta,42,23,3.505077265890629
high-salinity,corrected_fc,final_delta,43,28,2.2747475029618114
high-salinity,corrected_fc,final_delta,5,25,4.562080164230688
high-salinity,corrected_fc,final_delta,6,26,2.716632590256279
high-salinity,corrected_fc,final_delta,7,24,3.438873975952578
high-salinity,corrected_fc,final_value,12,27,2.084815127174398
high-salinity,corrected_fc,final_value,14,27,5.498146973319331
high-salinity,corrected_fc,final_value,15,26,2.7926203322413663
high-salinity,corrected_fc,final_value,16,23,5.357174637521131
high-salinity,corrected_fc,final_value,19,27,3.7810087040363367
high-salinity,corrected_fc,final_value,2,27,2.6336780341882142
high-salinity,corrected_fc,final_value,20,24,3.8526678528055696
high-salinity,corrected_fc,final_value,21,26,4.469213529973454
high-salinity,corrected_fc,final_value,24,25,4.1698951040065335
high-salinity,corrected_fc,final_value,25,27,4.08331786867511
high-salinity,corrected_fc,final_value,26,25,4.217015730474374
high-salinity,corrected_fc,final_value,31,25,3.4461111823687904
high-salinity,corrected_fc,final_value,32,24,4.674773231173185
high-salinity,corrected_fc,final_value,33,28,3.4535848611348285
high-salinity,corrected_fc,final_value,34,22,2.664346075714121
high-salinity,corrected_fc,final_value,36,26,4.096442543661614
high-salinity,corrected_fc,final_value,38,25,3.508854782862429
high-salinity,corrected_fc,final_value,39,24,3.208697171326046
high-salinity,corrected_fc,final_value,41,26,3.730907689094913
high-salinity,corrected_fc,final_value,42,23,3.505077265890629
high-salinity,corrected_fc,final_value,43,28,2.2747475029618114
high-salinity,corrected_fc,final_value,5,25,4.562080164230688
high-salinity,corrected_fc,final_value,6,26,2.716632590256279
high-salinity,corrected_fc,final_value,7,24,3.438873975952578
high-salinity,corrected_fc,inflection_time,12,27,2.425925925925926
high-salinity,corrected_fc,inflection_time,14,27,2.388888888888889
high-salinity,corrected_fc,inflection_time,15,26,2.4615384615384617
high-salinity,corrected_fc,inflection_time,16,23,2.5434782608695654
high-salinity,corrected_fc,inflection_time,19,27,2.0925925925925926
high-salinity,corrected_fc,inflection_time,2,27,2.3518518518518516
high-salinity,corrected_fc,inflection_time,20,24,2.375
high-salinity,corrected_fc,inflection_time,21,26,2.423076923076923
high-salinity,corrected_fc,inflection_time,24,25,2.1
high-salinity,corrected_fc,inflection_time,25,27,2.5
high-salinity,corrected_fc,inflection_time,26,25,2.3
high-salinity,corrected_fc,inflection_time,31,25,2.66
high-salinity,corrected_fc,inflection_time,32,24,2.3333333333333335
high-salinity,corrected_fc,inflection_time,33,28,2.7142857142857144
high-salinity,corrected_fc,inflection_time,34,22,2.590909090909091
high-salinity,corrected_fc,inflection_time,36,26,1.9615384615384615
high-salinity,corrected_fc,inflection_time,38,25,2.5
high-salinity,corrected_fc,inflection_time,39,24,1.9166666666666667
high-salinity,corrected_fc,inflection_time,41,26,2.1538461538461537
high-salinity,corrected_fc,inflection_time,42,23,1.8478260869565217
high-salinity,corrected_fc,inflection_time,43,28,2.392857142857143
high-salinity,corrected_fc,inflection_time,5,25,2.38
high-salinity,corrected_fc,inflection_time,6,26,2.3846153846153846
high-salinity,corrected_fc,inflection_time,7,24,2.2083333333333335
high-salinity,corrected_fc,initial_slope,12,27,0.7005898715119204
high-salinity,corrected_fc,initial_slope,14,27,1.50104206328772
high-salinity,corrected_fc,initial_slope,15,26,1.0225865775140295
high-salinity,corrected_fc,initial_slope,16,23,1.1978663427594245
high-salinity,corrected_fc,initial_slope,19,27,1.550551134109056
high-salinity,corrected_fc,initial_slope,2,27,0.8938505480564635
high-salinity,corrected_fc,initial_slope,20,24,1.057753162531365
high-salinity,corrected_fc,initial_slope,21,26,1.684425866441882
high-salinity,corrected_fc,initial_slope,24,25,2.0608261936118657
high-salinity,corrected_fc,initial_slope,25,27,0.9585965103490983
high-salinity,corrected_fc,initial_slope,26,25,1.505480226601234
high-salinity,corrected_fc,initial_slope,31,25,1.0815441782075321
high-salinity,corrected_fc,initial_slope,32,24,1.66271384726813
high-salinity,corrected_fc,initial_slope,33,28,0.7837794518147309
high-salinity,corrected_fc,initial_slope,34,22,1.003293912188044
high-salinity,corrected_fc,initial_slope,36,26,2.091184317888414
high-salinity,corrected_fc,initial_slope,38,25,1.0184861843481305
high-salinity,corrected_fc,initial_slope,39,24,1.3832340880101963
high-salinity,corrected_fc,initial_slope,41,26,1.4887201631064921
high-salinity,corrected_fc,initial_slope,42,23,2.0509273073960426
high-salinity,corrected_fc,initial_slope,43,28,1.042075497403925
high-salinity,corrected_fc,initial_slope,5,25,1.709472593119204
high-salinity,corrected_fc,initial_slope,6,26,1.1730965528123636
high-salinity,corrected_fc,initial_slope,7,24,1.297648804696913
high-salinity,corrected_fc,late_early_auc_ratio,12,27,3.998192805743717
high-salinity,corrected_fc,late_early_auc_ratio,14,27,3.999091422299691
high-salinity,corrected_fc,late_early_auc_ratio,15,26,4.403191227061523
high-salinity,corrected_fc,late_early_auc_ratio,16,23,5.121054798187474
high-salinity,corrected_fc,late_early_auc_ratio,19,27,2.8125470365230494
high-salinity,corrected_fc,late_early_auc_ratio,2,27,4.0928655353866885
high-salinity,corrected_fc,late_early_auc_ratio,20,24,4.353505258455341
high-salinity,corrected_fc,late_early_auc_ratio,21,26,2.876925169420463
high-salinity,corrected_fc,late_early_auc_ratio,24,25,2.6080641014849038
high-salinity,corrected_fc,late_early_auc_ratio,25,27,5.473228243746491
high-salinity,corrected_fc,late_early_auc_ratio,26,25,6.32586306077371
high-salinity,corrected_fc,late_early_auc_ratio,31,25,8.454602701383102
high-salinity,corrected_fc,late_early_auc_ratio,32,24,3.0590719963225736
high-salinity,corrected_fc,late_early_auc_ratio,33,28,6.268338988044853
high-salinity,corrected_fc,late_early_auc_ratio,34,22,3.4647169025074156
high-salinity,corrected_fc,late_early_auc_ratio,36,26,2.3304678113395334
high-salinity,corrected_fc,late_early_auc_ratio,38,25,3.666857010545975
high-salinity,corrected_fc,late_early_auc_ratio,39,24,2.5910810672536657
high-salinity,corrected_fc,late_early_auc_ratio,41,26,3.428674975779176
high-salinity,corrected_fc,late_early_auc_ratio,42,23,3.9675139483664568
high-salinity,corrected_fc,late_early_auc_ratio,43,28,3.3779242579673814
high-salinity,corrected_fc,late_early_auc_ratio,5,25,3.927233269298868
high-salinity,corrected_fc,late_early_auc_ratio,6,26,8.764334699805774
high-salinity,corrected_fc,late_early_auc_ratio,7,24,4.290133285388791
high-salinity,corrected_fc,metabolic_depression_index,12,27,6.171026069264261e-5
high-salinity,corrected_fc,metabolic_depression_index,14,27,6.396859417902493e-4
high-salinity,corrected_fc,metabolic_depression_index,15,26,0
high-salinity,corrected_fc,metabolic_depression_index,16,23,0.0010687222881126351
high-salinity,corrected_fc,metabolic_depression_index,19,27,9.077468385562868e-4
high-salinity,corrected_fc,metabolic_depression_index,2,27,0.0016819357144072387
high-salinity,corrected_fc,metabolic_depression_index,20,24,0.0019183129101838353
high-salinity,corrected_fc,metabolic_depression_index,21,26,0
high-salinity,corrected_fc,metabolic_depression_index,24,25,0.003179557819991349
high-salinity,corrected_fc,metabolic_depression_index,25,27,0.007529306156390857
high-salinity,corrected_fc,metabolic_depression_index,26,25,0.002769504325441133
high-salinity,corrected_fc,metabolic_depression_index,31,25,0.002841029791439339
high-salinity,corrected_fc,metabolic_depression_index,32,24,0.0029765500294656458
high-salinity,corrected_fc,metabolic_depression_index,33,28,8.47466725296509e-4
high-salinity,corrected_fc,metabolic_depression_index,34,22,4.3001324370415365e-5
high-salinity,corrected_fc,metabolic_depression_index,36,26,9.661929041297565e-4
high-salinity,corrected_fc,metabolic_depression_index,38,25,0
high-salinity,corrected_fc,metabolic_depression_index,39,24,0
high-salinity,corrected_fc,metabolic_depression_index,41,26,0.011293803564205498
high-salinity,corrected_fc,metabolic_depression_index,42,23,0.0022745985574141236
high-salinity,corrected_fc,metabolic_depression_index,43,28,2.935833634885182e-4
high-salinity,corrected_fc,metabolic_depression_index,5,25,0.047230031390845764
high-salinity,corrected_fc,metabolic_depression_index,6,26,2.1179717147742422e-4
high-salinity,corrected_fc,metabolic_depression_index,7,24,0
high-salinity,corrected_fc,metabolic_scope,12,27,2.084924929440391
high-salinity,corrected_fc,metabolic_scope,14,27,5.5007890748042625
high-salinity,corrected_fc,metabolic_scope,15,26,2.7926203322413663
high-salinity,corrected_fc,metabolic_scope,16,23,5.362219542302191
high-salinity,corrected_fc,metabolic_scope,19,27,3.783015600492752
high-salinity,corrected_fc,metabolic_scope,2,27,2.64288994085243
high-salinity,corrected_fc,metabolic_scope,20,24,3.859621688459907
high-salinity,corrected_fc,metabolic_scope,21,26,4.469213529973454
high-salinity,corrected_fc,metabolic_scope,24,25,4.189579661875134
high-salinity,corrected_fc,metabolic_scope,25,27,4.136714927165236
high-salinity,corrected_fc,metabolic_scope,26,25,4.230005634641264
high-salinity,corrected_fc,metabolic_scope,31,25,3.4572830464318196
high-salinity,corrected_fc,metabolic_scope,32,24,4.692062328927715
high-salinity,corrected_fc,metabolic_scope,33,28,3.45999206694312
high-salinity,corrected_fc,metabolic_scope,34,22,2.6644917215193997
high-salinity,corrected_fc,metabolic_scope,36,26,4.101032894474011
high-salinity,corrected_fc,metabolic_scope,38,25,3.508854782862429
high-salinity,corrected_fc,metabolic_scope,39,24,3.208697171326046
high-salinity,corrected_fc,metabolic_scope,41,26,3.78708246896393
high-salinity,corrected_fc,metabolic_scope,42,23,3.5211674182998807
high-salinity,corrected_fc,metabolic_scope,43,28,2.2751361914821757
high-salinity,corrected_fc,metabolic_scope,5,25,4.7665275563245295
high-salinity,corrected_fc,metabolic_scope,6,26,2.7168928388488873
high-salinity,corrected_fc,metabolic_scope,7,24,3.438873975952578
high-salinity,corrected_fc,min_slope,12,27,0.09538505662200779
high-salinity,corrected_fc,min_slope,14,27,0.25454198819474805
high-salinity,corrected_fc,min_slope,15,26,0.17744551389617993
high-salinity,corrected_fc,min_slope,16,23,0.27849721426956736
high-salinity,corrected_fc,min_slope,19,27,0.14931756191804657
high-salinity,corrected_fc,min_slope,2,27,0.0898319212817918
high-salinity,corrected_fc,min_slope,20,24,0.16472643145979574
high-salinity,corrected_fc,min_slope,21,26,0.30888980810931216
high-salinity,corrected_fc,min_slope,24,25,0.2151607164199909
high-salinity,corrected_fc,min_slope,25,27,0.04248723608764386
high-salinity,corrected_fc,min_slope,26,25,0.08698499923583734
high-salinity,corrected_fc,min_slope,31,25,0.11316656289563591
high-salinity,corrected_fc,min_slope,32,24,0.18362007626520382
high-salinity,corrected_fc,min_slope,33,28,0.11037295698604055
high-salinity,corrected_fc,min_slope,34,22,0.09576878556589395
high-salinity,corrected_fc,min_slope,36,26,0.13605128273959138
high-salinity,corrected_fc,min_slope,38,25,0.20985611564451748
high-salinity,corrected_fc,min_slope,39,24,0.18953882231261937
high-salinity,corrected_fc,min_slope,41,26,0.1163725824021101
high-salinity,corrected_fc,min_slope,42,23,0.10018503480319609
high-salinity,corrected_fc,min_slope,43,28,0.0750616655570409
high-salinity,corrected_fc,min_slope,5,25,-0.04967120560182158
high-salinity,corrected_fc,min_slope,6,26,0.1318035930504373
high-salinity,corrected_fc,min_slope,7,24,0.11731473339792559
high-salinity,corrected_fc,peak_value,12,27,2.084924929440391
high-salinity,corrected_fc,peak_value,14,27,5.5007890748042625
high-salinity,corrected_fc,peak_value,15,26,2.7926203322413663
high-salinity,corrected_fc,peak_value,16,23,5.362219542302191
high-salinity,corrected_fc,peak_value,19,27,3.783015600492752
high-salinity,corrected_fc,peak_value,2,27,2.64288994085243
high-salinity,corrected_fc,peak_value,20,24,3.859621688459907
high-salinity,corrected_fc,peak_value,21,26,4.469213529973454
high-salinity,corrected_fc,peak_value,24,25,4.189579661875134
high-salinity,corrected_fc,peak_value,25,27,4.136714927165236
high-salinity,corrected_fc,peak_value,26,25,4.230005634641264
high-salinity,corrected_fc,peak_value,31,25,3.4572830464318196
high-salinity,corrected_fc,peak_value,32,24,4.692062328927715
high-salinity,corrected_fc,peak_value,33,28,3.45999206694312
high-salinity,corrected_fc,peak_value,34,22,2.6644917215193997
high-salinity,corrected_fc,peak_value,36,26,4.101032894474011
high-salinity,corrected_fc,peak_value,38,25,3.508854782862429
high-salinity,corrected_fc,peak_value,39,24,3.208697171326046
high-salinity,corrected_fc,peak_value,41,26,3.78708246896393
high-salinity,corrected_fc,peak_value,42,23,3.5211674182998807
high-salinity,corrected_fc,peak_value,43,28,2.2751361914821757
high-salinity,corrected_fc,peak_value,5,25,4.7665275563245295
high-salinity,corrected_fc,peak_value,6,26,2.7168928388488873
high-salinity,corrected_fc,peak_value,7,24,3.438873975952578
high-salinity,corrected_fc,resilience_ratio,12,27,0.9999382897393073
high-salinity,corrected_fc,resilience_ratio,14,27,0.9993603140582098
high-salinity,corrected_fc,resilience_ratio,15,26,1
high-salinity,corrected_fc,resilience_ratio,16,23,0.9989312777118874
high-salinity,corrected_fc,resilience_ratio,19,27,0.9990922531614437
high-salinity,corrected_fc,resilience_ratio,2,27,0.9983180642855928
high-salinity,corrected_fc,resilience_ratio,20,24,0.9980816870898161
high-salinity,corrected_fc,resilience_ratio,21,26,1
high-salinity,corrected_fc,resilience_ratio,24,25,0.9968204421800086
high-salinity,corrected_fc,resilience_ratio,25,27,0.9924706938436091
high-salinity,corrected_fc,resilience_ratio,26,25,0.9972304956745589
high-salinity,corrected_fc,resilience_ratio,31,25,0.9971589702085607
high-salinity,corrected_fc,resilience_ratio,32,24,0.9970234499705344
high-salinity,corrected_fc,resilience_ratio,33,28,0.9991525332747035
high-salinity,corrected_fc,resilience_ratio,34,22,0.9999569986756296
high-salinity,corrected_fc,resilience_ratio,36,26,0.9990338070958702
high-salinity,corrected_fc,resilience_ratio,38,25,1
high-salinity,corrected_fc,resilience_ratio,39,24,1
high-salinity,corrected_fc,resilience_ratio,41,26,0.9887061964357945
high-salinity,corrected_fc,resilience_ratio,42,23,0.9977254014425859
high-salinity,corrected_fc,resilience_ratio,43,28,0.9997064166365115
high-salinity,corrected_fc,resilience_ratio,5,25,0.9527699686091542
high-salinity,corrected_fc,resilience_ratio,6,26,0.9997882028285225
high-salinity,corrected_fc,resilience_ratio,7,24,1
high-salinity,corrected_fc,stability_cv,12,27,0.8955433507236708
high-salinity,corrected_fc,stability_cv,14,27,0.8534675054013275
high-salinity,corrected_fc,stability_cv,15,26,0.7743485199158794
high-salinity,corrected_fc,stability_cv,16,23,0.9128286220325773
high-salinity,corrected_fc,stability_cv,19,27,0.7494231503012544
high-salinity,corrected_fc,stability_cv,2,27,0.8089769960128742
high-salinity,corrected_fc,stability_cv,20,24,0.8776171154411709
high-salinity,corrected_fc,stability_cv,21,26,0.7617607657731544
high-salinity,corrected_fc,stability_cv,24,25,0.7057861043796024
high-salinity,corrected_fc,stability_cv,25,27,0.9000804091464696
high-salinity,corrected_fc,stability_cv,26,25,0.8915180561046915
high-salinity,corrected_fc,stability_cv,31,25,0.850214346743166
high-salinity,corrected_fc,stability_cv,32,24,0.7913976601909763
high-salinity,corrected_fc,stability_cv,33,28,0.9266865602840532
high-salinity,corrected_fc,stability_cv,34,22,0.791674320642792
high-salinity,corrected_fc,stability_cv,36,26,0.6894960553183784
high-salinity,corrected_fc,stability_cv,38,25,0.8732678421276949
high-salinity,corrected_fc,stability_cv,39,24,0.7363415443506746
high-salinity,corrected_fc,stability_cv,41,26,0.7827611110661395
high-salinity,corrected_fc,stability_cv,42,23,0.7604941039310028
high-salinity,corrected_fc,stability_cv,43,28,0.7606400361677722
high-salinity,corrected_fc,stability_cv,5,25,0.829731422412245
high-salinity,corrected_fc,stability_cv,6,26,0.8211535470647433
high-salinity,corrected_fc,stability_cv,7,24,0.8350819611756942
high-salinity,corrected_fc,time_to_min_slope,12,27,1.9074074074074074
high-salinity,corrected_fc,time_to_min_slope,14,27,1.9814814814814814
high-salinity,corrected_fc,time_to_min_slope,15,26,2.8461538461538463
high-salinity,corrected_fc,time_to_min_slope,16,23,1.8478260869565217
high-salinity,corrected_fc,time_to_min_slope,19,27,2.1666666666666665
high-salinity,corrected_fc,time_to_min_slope,2,27,2.2037037037037037
high-salinity,corrected_fc,time_to_min_slope,20,24,2.0416666666666665
high-salinity,corrected_fc,time_to_min_slope,21,26,2.3461538461538463
high-salinity,corrected_fc,time_to_min_slope,24,25,2.42
high-salinity,corrected_fc,time_to_min_slope,25,27,2.1296296296296298
high-salinity,corrected_fc,time_to_min_slope,26,25,1.9
high-salinity,corrected_fc,time_to_min_slope,31,25,2.7
high-salinity,corrected_fc,time_to_min_slope,32,24,2.1666666666666665
high-salinity,corrected_fc,time_to_min_slope,33,28,2.2857142857142856
high-salinity,corrected_fc,time_to_min_slope,34,22,2.4545454545454546
high-salinity,corrected_fc,time_to_min_slope,36,26,2.576923076923077
high-salinity,corrected_fc,time_to_min_slope,38,25,2.58
high-salinity,corrected_fc,time_to_min_slope,39,24,2.2083333333333335
high-salinity,corrected_fc,time_to_min_slope,41,26,2.076923076923077
high-salinity,corrected_fc,time_to_min_slope,42,23,2.4130434782608696
high-salinity,corrected_fc,time_to_min_slope,43,28,2.6428571428571432
high-salinity,corrected_fc,time_to_min_slope,5,25,2.06
high-salinity,corrected_fc,time_to_min_slope,6,26,2.3846153846153846
high-salinity,corrected_fc,time_to_min_slope,7,24,1.875
high-salinity,corrected_fc,time_to_peak,12,27,3.962962962962963
high-salinity,corrected_fc,time_to_peak,14,27,3.962962962962963
high-salinity,corrected_fc,time_to_peak,15,26,4
high-salinity,corrected_fc,time_to_peak,16,23,3.9130434782608696
high-salinity,corrected_fc,time_to_peak,19,27,3.888888888888889
high-salinity,corrected_fc,time_to_peak,2,27,3.888888888888889
high-salinity,corrected_fc,time_to_peak,20,24,3.9583333333333335
high-salinity,corrected_fc,time_to_peak,21,26,4
high-salinity,corrected_fc,time_to_peak,24,25,3.88
high-salinity,corrected_fc,time_to_peak,25,27,3.925925925925926
high-salinity,corrected_fc,time_to_peak,26,25,3.88
high-salinity,corrected_fc,time_to_peak,31,25,3.84
high-salinity,corrected_fc,time_to_peak,32,24,3.9166666666666665
high-salinity,corrected_fc,time_to_peak,33,28,3.9285714285714284
high-salinity,corrected_fc,time_to_peak,34,22,3.9545454545454546
high-salinity,corrected_fc,time_to_peak,36,26,3.8846153846153846
high-salinity,corrected_fc,time_to_peak,38,25,4
high-salinity,corrected_fc,time_to_peak,39,24,4
high-salinity,corrected_fc,time_to_peak,41,26,3.8846153846153846
high-salinity,corrected_fc,time_to_peak,42,23,3.9565217391304346
high-salinity,corrected_fc,time_to_peak,43,28,3.892857142857143
high-salinity,corrected_fc,time_to_peak,5,25,3.8
high-salinity,corrected_fc,time_to_peak,6,26,3.923076923076923
high-salinity,corrected_fc,time_to_peak,7,24,4
high-salinity,corrected_fc,time_to_trough,12,27,0.0740740740740741
high-salinity,corrected_fc,time_to_trough,14,27,0
high-salinity,corrected_fc,time_to_trough,15,26,0.03846153846153847
high-salinity,corrected_fc,time_to_trough,16,23,0
high-salinity,corrected_fc,time_to_trough,19,27,0
high-salinity,corrected_fc,time_to_trough,2,27,0
high-salinity,corrected_fc,time_to_trough,20,24,0
high-salinity,corrected_fc,time_to_trough,21,26,0
high-salinity,corrected_fc,time_to_trough,24,25,0
high-salinity,corrected_fc,time_to_trough,25,27,0
high-salinity,corrected_fc,time_to_trough,26,25,0.039999999999999994
high-salinity,corrected_fc,time_to_trough,31,25,0.039999999999999994
high-salinity,corrected_fc,time_to_trough,32,24,0
high-salinity,corrected_fc,time_to_trough,33,28,0.03571428571428572
high-salinity,corrected_fc,time_to_trough,34,22,0
high-salinity,corrected_fc,time_to_trough,36,26,0
high-salinity,corrected_fc,time_to_trough,38,25,0.04
high-salinity,corrected_fc,time_to_trough,39,24,0
high-salinity,corrected_fc,time_to_trough,41,26,0
high-salinity,corrected_fc,time_to_trough,42,23,0
high-salinity,corrected_fc,time_to_trough,43,28,0.035714285714285726
high-salinity,corrected_fc,time_to_trough,5,25,0
high-salinity,corrected_fc,time_to_trough,6,26,0.07692307692307694
high-salinity,corrected_fc,time_to_trough,7,24,0
high-salinity,corrected_fc,time_to_vmax,12,27,1.9444444444444444
high-salinity,corrected_fc,time_to_vmax,14,27,2.018518518518518
high-salinity,corrected_fc,time_to_vmax,15,26,1.3846153846153846
high-salinity,corrected_fc,time_to_vmax,16,23,1.8043478260869565
high-salinity,corrected_fc,time_to_vmax,19,27,1.425925925925926
high-salinity,corrected_fc,time_to_vmax,2,27,1.5
high-salinity,corrected_fc,time_to_vmax,20,24,2
high-salinity,corrected_fc,time_to_vmax,21,26,1.5384615384615385
high-salinity,corrected_fc,time_to_vmax,24,25,1.1800000000000002
high-salinity,corrected_fc,time_to_vmax,25,27,2.1296296296296298
high-salinity,corrected_fc,time_to_vmax,26,25,1.7799999999999998
high-salinity,corrected_fc,time_to_vmax,31,25,1.98
high-salinity,corrected_fc,time_to_vmax,32,24,1.625
high-salinity,corrected_fc,time_to_vmax,33,28,2.107142857142857
high-salinity,corrected_fc,time_to_vmax,34,22,1.8181818181818181
high-salinity,corrected_fc,time_to_vmax,36,26,1.076923076923077
high-salinity,corrected_fc,time_to_vmax,38,25,1.8199999999999998
high-salinity,corrected_fc,time_to_vmax,39,24,1.2916666666666665
high-salinity,corrected_fc,time_to_vmax,41,26,1.653846153846154
high-salinity,corrected_fc,time_to_vmax,42,23,1.1956521739130437
high-salinity,corrected_fc,time_to_vmax,43,28,1.6785714285714284
high-salinity,corrected_fc,time_to_vmax,5,25,1.7399999999999998
high-salinity,corrected_fc,time_to_vmax,6,26,1.6153846153846154
high-salinity,corrected_fc,time_to_vmax,7,24,1.6666666666666667
high-salinity,corrected_fc,trough_value,12,27,-0.0010866549685698986
high-salinity,corrected_fc,trough_value,14,27,0
high-salinity,corrected_fc,trough_value,15,26,-6.584875175054694e-5
high-salinity,corrected_fc,trough_value,16,23,0
high-salinity,corrected_fc,trough_value,19,27,0
high-salinity,corrected_fc,trough_value,2,27,0
high-salinity,corrected_fc,trough_value,20,24,0
high-salinity,corrected_fc,trough_value,21,26,0
high-salinity,corrected_fc,trough_value,24,25,0
high-salinity,corrected_fc,trough_value,25,27,0
high-salinity,corrected_fc,trough_value,26,25,-1.1576676400858437e-4
high-salinity,corrected_fc,trough_value,31,25,-1.5218361558857004e-4
high-salinity,corrected_fc,trough_value,32,24,0
high-salinity,corrected_fc,trough_value,33,28,-4.831375541089267e-4
high-salinity,corrected_fc,trough_value,34,22,0
high-salinity,corrected_fc,trough_value,36,26,0
high-salinity,corrected_fc,trough_value,38,25,-5.263308818203996e-4
high-salinity,corrected_fc,trough_value,39,24,0
high-salinity,corrected_fc,trough_value,41,26,0
high-salinity,corrected_fc,trough_value,42,23,0
high-salinity,corrected_fc,trough_value,43,28,-1.3060013178018646e-4
high-salinity,corrected_fc,trough_value,5,25,0
high-salinity,corrected_fc,trough_value,6,26,-8.575670573197346e-4
high-salinity,corrected_fc,trough_value,7,24,0
high-salinity,corrected_fc,vmax,12,27,1.1672336858297332
high-salinity,corrected_fc,vmax,14,27,2.966562039029437
high-salinity,corrected_fc,vmax,15,26,1.5280976773521886
high-salinity,corrected_fc,vmax,16,23,3.0565721953706895
high-salinity,corrected_fc,vmax,19,27,2.1126434638636016
high-salinity,corrected_fc,vmax,2,27,1.5687783489497151
high-salinity,corrected_fc,vmax,20,24,2.038769735710973
high-salinity,corrected_fc,vmax,21,26,2.2390814851065564
high-salinity,corrected_fc,vmax,24,25,2.3968961905763138
high-salinity,corrected_fc,vmax,25,27,2.634936103489349
high-salinity,corrected_fc,vmax,26,25,2.531276267103191
high-salinity,corrected_fc,vmax,31,25,1.8301509283801143
high-salinity,corrected_fc,vmax,32,24,2.4384556402600017
high-salinity,corrected_fc,vmax,33,28,2.1766886971529957
high-salinity,corrected_fc,vmax,34,22,1.4896964815109048
high-salinity,corrected_fc,vmax,36,26,2.304701533515605
high-salinity,corrected_fc,vmax,38,25,1.853269346721061
high-salinity,corrected_fc,vmax,39,24,1.7033794447001154
high-salinity,corrected_fc,vmax,41,26,1.9317954270461877
high-salinity,corrected_fc,vmax,42,23,2.2840490640625446
high-salinity,corrected_fc,vmax,43,28,1.2914608025444843
high-salinity,corrected_fc,vmax,5,25,2.4405596886421996
high-salinity,corrected_fc,vmax,6,26,1.5211803973843334
high-salinity,corrected_fc,vmax,7,24,2.0249992726443042
low-salinity,corrected_fc,auc_early,47,27,3.466368748766882
low-salinity,corrected_fc,auc_early,48,23,3.396063734672049
low-salinity,corrected_fc,auc_early,49,27,2.5997513305779445
low-salinity,corrected_fc,auc_early,50,27,1.6599625475291877
low-salinity,corrected_fc,auc_early,51,28,2.1075159693561103
low-salinity,corrected_fc,auc_early,54,16,3.412499449062744
low-salinity,corrected_fc,auc_early,55,23,1.8115462468656478
low-salinity,corrected_fc,auc_early,57,26,1.699698912171176
low-salinity,corrected_fc,auc_early,60,27,1.986862593111424
low-salinity,corrected_fc,auc_early,61,27,1.968791932843285
low-salinity,corrected_fc,auc_early,70,27,1.8949954695547413
low-salinity,corrected_fc,auc_early,71,25,2.9154792577934594
low-salinity,corrected_fc,auc_early,74,26,2.71715621965141
low-salinity,corrected_fc,auc_early,76,24,3.388512675981845
low-salinity,corrected_fc,auc_early,77,24,2.700250849295991
low-salinity,corrected_fc,auc_early,78,17,5.492886777757301
low-salinity,corrected_fc,auc_early,79,31,2.4478441445139314
low-salinity,corrected_fc,auc_early,80,27,2.832424075481959
low-salinity,corrected_fc,auc_early,82,21,1.983637347682386
low-salinity,corrected_fc,auc_early,83,26,1.7045613745397543
low-salinity,corrected_fc,auc_early,84,25,1.8984524259047204
low-salinity,corrected_fc,auc_early,85,24,1.3831460613173256
low-salinity,corrected_fc,auc_early,88,20,3.586984436533425
low-salinity,corrected_fc,auc_early,90,23,2.070821078441397
low-salinity,corrected_fc,auc_late,47,27,7.4406285145866216
low-salinity,corrected_fc,auc_late,48,23,9.914645638518785
low-salinity,corrected_fc,auc_late,49,27,8.300620741677498
low-salinity,corrected_fc,auc_late,50,27,5.730868509297164
low-salinity,corrected_fc,auc_late,51,28,5.827222911430419
low-salinity,corrected_fc,auc_late,54,16,10.420130359364638
low-salinity,corrected_fc,auc_late,55,23,5.168013203897157
low-salinity,corrected_fc,auc_late,57,26,5.220511571856842
low-salinity,corrected_fc,auc_late,60,27,5.1752177390234655
low-salinity,corrected_fc,auc_late,61,27,5.288167433832491
low-salinity,corrected_fc,auc_late,70,27,4.718666736075905
low-salinity,corrected_fc,auc_late,71,25,6.292605825008122
low-salinity,corrected_fc,auc_late,74,26,5.701364483778425
low-salinity,corrected_fc,auc_late,76,24,7.696148672465584
low-salinity,corrected_fc,auc_late,77,24,8.907853868483555
low-salinity,corrected_fc,auc_late,78,17,11.980435939793798
low-salinity,corrected_fc,auc_late,79,31,5.842577551833259
low-salinity,corrected_fc,auc_late,80,27,5.458497793924561
low-salinity,corrected_fc,auc_late,82,21,8.198193344797415
low-salinity,corrected_fc,auc_late,83,26,5.727387662716208
low-salinity,corrected_fc,auc_late,84,25,5.449406293969662
low-salinity,corrected_fc,auc_late,85,24,5.512757522623467
low-salinity,corrected_fc,auc_late,88,20,8.034547506587643
low-salinity,corrected_fc,auc_late,90,23,6.859563434214069
low-salinity,corrected_fc,auc_total,47,27,10.906997263353503
low-salinity,corrected_fc,auc_total,48,23,13.310709373190832
low-salinity,corrected_fc,auc_total,49,27,10.900372072255442
low-salinity,corrected_fc,auc_total,50,27,7.390831056826351
low-salinity,corrected_fc,auc_total,51,28,7.934738880786529
low-salinity,corrected_fc,auc_total,54,16,13.832629808427383
low-salinity,corrected_fc,auc_total,55,23,6.979559450762805
low-salinity,corrected_fc,auc_total,57,26,6.920210484028018
low-salinity,corrected_fc,auc_total,60,27,7.16208033213489
low-salinity,corrected_fc,auc_total,61,27,7.256959366675776
low-salinity,corrected_fc,auc_total,70,27,6.613662205630646
low-salinity,corrected_fc,auc_total,71,25,9.208085082801581
low-salinity,corrected_fc,auc_total,74,26,8.418520703429836
low-salinity,corrected_fc,auc_total,76,24,11.08466134844743
low-salinity,corrected_fc,auc_total,77,24,11.608104717779547
low-salinity,corrected_fc,auc_total,78,17,17.4733227175511
low-salinity,corrected_fc,auc_total,79,31,8.29042169634719
low-salinity,corrected_fc,auc_total,80,27,8.290921869406521
low-salinity,corrected_fc,auc_total,82,21,10.181830692479801
low-salinity,corrected_fc,auc_total,83,26,7.431949037255963
low-salinity,corrected_fc,auc_total,84,25,7.347858719874382
low-salinity,corrected_fc,auc_total,85,24,6.895903583940792
low-salinity,corrected_fc,auc_total,88,20,11.621531943121067
low-salinity,corrected_fc,auc_total,90,23,8.930384512655467
low-salinity,corrected_fc,delta_auc_late_minus_early,47,27,3.9742597658197396
low-salinity,corrected_fc,delta_auc_late_minus_early,48,23,6.518581903846735
low-salinity,corrected_fc,delta_auc_late_minus_early,49,27,5.7008694110995535
low-salinity,corrected_fc,delta_auc_late_minus_early,50,27,4.070905961767976
low-salinity,corrected_fc,delta_auc_late_minus_early,51,28,3.719706942074308
low-salinity,corrected_fc,delta_auc_late_minus_early,54,16,7.007630910301894
low-salinity,corrected_fc,delta_auc_late_minus_early,55,23,3.3564669570315098
low-salinity,corrected_fc,delta_auc_late_minus_early,57,26,3.5208126596856664
low-salinity,corrected_fc,delta_auc_late_minus_early,60,27,3.188355145912041
low-salinity,corrected_fc,delta_auc_late_minus_early,61,27,3.319375500989206
low-salinity,corrected_fc,delta_auc_late_minus_early,70,27,2.823671266521164
low-salinity,corrected_fc,delta_auc_late_minus_early,71,25,3.3771265672146633
low-salinity,corrected_fc,delta_auc_late_minus_early,74,26,2.9842082641270156
low-salinity,corrected_fc,delta_auc_late_minus_early,76,24,4.307635996483738
low-salinity,corrected_fc,delta_auc_late_minus_early,77,24,6.207603019187564
low-salinity,corrected_fc,delta_auc_late_minus_early,78,17,6.4875491620364985
low-salinity,corrected_fc,delta_auc_late_minus_early,79,31,3.3947334073193276
low-salinity,corrected_fc,delta_auc_late_minus_early,80,27,2.626073718442602
low-salinity,corrected_fc,delta_auc_late_minus_early,82,21,6.21455599711503
low-salinity,corrected_fc,delta_auc_late_minus_early,83,26,4.0228262881764545
low-salinity,corrected_fc,delta_auc_late_minus_early,84,25,3.5509538680649415
low-salinity,corrected_fc,delta_auc_late_minus_early,85,24,4.1296114613061405
low-salinity,corrected_fc,delta_auc_late_minus_early,88,20,4.447563070054217
low-salinity,corrected_fc,delta_auc_late_minus_early,90,23,4.788742355772672
low-salinity,corrected_fc,depression_abs,47,27,0.015008172547267117
low-salinity,corrected_fc,depression_abs,48,23,0.013830850001547438
low-salinity,corrected_fc,depression_abs,49,27,0.02649414120524304
low-salinity,corrected_fc,depression_abs,50,27,0
low-salinity,corrected_fc,depression_abs,51,28,0.00428717963822946
low-salinity,corrected_fc,depression_abs,54,16,0.049252071840098055
low-salinity,corrected_fc,depression_abs,55,23,0
low-salinity,corrected_fc,depression_abs,57,26,4.416742538221074e-4
low-salinity,corrected_fc,depression_abs,60,27,0.0030592946154770653
low-salinity,corrected_fc,depression_abs,61,27,0.0322590602738824
low-salinity,corrected_fc,depression_abs,70,27,0.002008342075617999
low-salinity,corrected_fc,depression_abs,71,25,0
low-salinity,corrected_fc,depression_abs,74,26,0.0014087301025157175
low-salinity,corrected_fc,depression_abs,76,24,0.06228111350767903
low-salinity,corrected_fc,depression_abs,77,24,0.003109480244496661
low-salinity,corrected_fc,depression_abs,78,17,0.0888375094088239
low-salinity,corrected_fc,depression_abs,79,31,1.0889282049111249e-6
low-salinity,corrected_fc,depression_abs,80,27,0
low-salinity,corrected_fc,depression_abs,82,21,0.020352707172443613
low-salinity,corrected_fc,depression_abs,83,26,0.008267886219956076
low-salinity,corrected_fc,depression_abs,84,25,0
low-salinity,corrected_fc,depression_abs,85,24,0.02638058937268569
low-salinity,corrected_fc,depression_abs,88,20,6.756625792803114e-4
low-salinity,corrected_fc,depression_abs,90,23,0.00980502326690823
low-salinity,corrected_fc,final_delta,47,27,4.504770790056761
low-salinity,corrected_fc,final_delta,48,23,6.1446256105064805
low-salinity,corrected_fc,final_delta,49,27,5.572259902035307
low-salinity,corrected_fc,final_delta,50,27,4.080445110075011
low-salinity,corrected_fc,final_delta,51,28,3.9197528324391366
low-salinity,corrected_fc,final_delta,54,16,6.253871382251205
low-salinity,corrected_fc,final_delta,55,23,3.491384727408319
low-salinity,corrected_fc,final_delta,57,26,3.249595108885089
low-salinity,corrected_fc,final_delta,60,27,3.3821526698597273
low-salinity,corrected_fc,final_delta,61,27,3.349322192430607
low-salinity,corrected_fc,final_delta,70,27,2.9910800772587236
low-salinity,corrected_fc,final_delta,71,25,3.7018392101873703
low-salinity,corrected_fc,final_delta,74,26,3.4190888341590915
low-salinity,corrected_fc,final_delta,76,24,4.524587381255898
low-salinity,corrected_fc,final_delta,77,24,5.715200740281386
low-salinity,corrected_fc,final_delta,78,17,6.824581932315953
low-salinity,corrected_fc,final_delta,79,31,3.528040186329792
low-salinity,corrected_fc,final_delta,80,27,3.2045158227101003
low-salinity,corrected_fc,final_delta,82,21,5.537190156193261
low-salinity,corrected_fc,final_delta,83,26,3.5951901281914345
low-salinity,corrected_fc,final_delta,84,25,3.5979553403712914
low-salinity,corrected_fc,final_delta,85,24,3.5212499856189314
low-salinity,corrected_fc,final_delta,88,20,4.99545880145279
low-salinity,corrected_fc,final_delta,90,23,4.276762165520513
low-salinity,corrected_fc,final_value,47,27,4.504770790056761
low-salinity,corrected_fc,final_value,48,23,6.1446256105064805
low-salinity,corrected_fc,final_value,49,27,5.572259902035307
low-salinity,corrected_fc,final_value,50,27,4.080445110075011
low-salinity,corrected_fc,final_value,51,28,3.9197528324391366
low-salinity,corrected_fc,final_value,54,16,6.253871382251205
low-salinity,corrected_fc,final_value,55,23,3.491384727408319
low-salinity,corrected_fc,final_value,57,26,3.249595108885089
low-salinity,corrected_fc,final_value,60,27,3.3821526698597273
low-salinity,corrected_fc,final_value,61,27,3.349322192430607
low-salinity,corrected_fc,final_value,70,27,2.9910800772587236
low-salinity,corrected_fc,final_value,71,25,3.7018392101873703
low-salinity,corrected_fc,final_value,74,26,3.4190888341590915
low-salinity,corrected_fc,final_value,76,24,4.524587381255898
low-salinity,corrected_fc,final_value,77,24,5.715200740281386
low-salinity,corrected_fc,final_value,78,17,6.824581932315953
low-salinity,corrected_fc,final_value,79,31,3.528040186329792
low-salinity,corrected_fc,final_value,80,27,3.2045158227101003
low-salinity,corrected_fc,final_value,82,21,5.537190156193261
low-salinity,corrected_fc,final_value,83,26,3.5951901281914345
low-salinity,corrected_fc,final_value,84,25,3.5979553403712914
low-salinity,corrected_fc,final_value,85,24,3.5212499856189314
low-salinity,corrected_fc,final_value,88,20,4.99545880145279
low-salinity,corrected_fc,final_value,90,23,4.276762165520513
low-salinity,corrected_fc,inflection_time,47,27,1.9814814814814816
low-salinity,corrected_fc,inflection_time,48,23,2.4565217391304346
low-salinity,corrected_fc,inflection_time,49,27,2.351851851851852
low-salinity,corrected_fc,inflection_time,50,27,2.425925925925926
low-salinity,corrected_fc,inflection_time,51,28,2.25
low-salinity,corrected_fc,inflection_time,54,16,2.5
low-salinity,corrected_fc,inflection_time,55,23,2.1956521739130435
low-salinity,corrected_fc,inflection_time,57,26,2.6923076923076925
low-salinity,corrected_fc,inflection_time,60,27,2.351851851851852
low-salinity,corrected_fc,inflection_time,61,27,2.240740740740741
low-salinity,corrected_fc,inflection_time,70,27,2.2777777777777777
low-salinity,corrected_fc,inflection_time,71,25,2.18
low-salinity,corrected_fc,inflection_time,74,26,2.0384615384615383
low-salinity,corrected_fc,inflection_time,76,24,2.0833333333333335
low-salinity,corrected_fc,inflection_time,77,24,2.583333333333333
low-salinity,corrected_fc,inflection_time,78,17,2.1470588235294117
low-salinity,corrected_fc,inflection_time,79,31,2.370967741935484
low-salinity,corrected_fc,inflection_time,80,27,2.1296296296296298
low-salinity,corrected_fc,inflection_time,82,21,2.6904761904761907
low-salinity,corrected_fc,inflection_time,83,26,2.6923076923076925
low-salinity,corrected_fc,inflection_time,84,25,2.38
low-salinity,corrected_fc,inflection_time,85,24,2.7916666666666665
low-salinity,corrected_fc,inflection_time,88,20,2.05
low-salinity,corrected_fc,inflection_time,90,23,2.630434782608696
low-salinity,corrected_fc,initial_slope,47,27,2.1567006235025445
low-salinity,corrected_fc,initial_slope,48,23,2.1454420720922003
low-salinity,corrected_fc,initial_slope,49,27,1.62159286156241
low-salinity,corrected_fc,initial_slope,50,27,1.0591664713304643
low-salinity,corrected_fc,initial_slope,51,28,1.3347372154455905
low-salinity,corrected_fc,initial_slope,54,16,2.0147146148203707
low-salinity,corrected_fc,initial_slope,55,23,1.1531485148506362
low-salinity,corrected_fc,initial_slope,57,26,1.0111913842329057
low-salinity,corrected_fc,initial_slope,60,27,1.2557355743800283
low-salinity,corrected_fc,initial_slope,61,27,1.2327857700946085
low-salinity,corrected_fc,initial_slope,70,27,1.1487858863680385
low-salinity,corrected_fc,initial_slope,71,25,1.7997409719702555
low-salinity,corrected_fc,initial_slope,74,26,1.7096238273160795
low-salinity,corrected_fc,initial_slope,76,24,2.061176860121686
low-salinity,corrected_fc,initial_slope,77,24,1.5827851230573144
low-salinity,corrected_fc,initial_slope,78,17,3.4177733461446813
low-salinity,corrected_fc,initial_slope,79,31,1.5380935354732563
low-salinity,corrected_fc,initial_slope,80,27,1.7946330803841064
low-salinity,corrected_fc,initial_slope,82,21,1.180802902361959
low-salinity,corrected_fc,initial_slope,83,26,0.9949683084693899
low-salinity,corrected_fc,initial_slope,84,25,1.1368786016997539
low-salinity,corrected_fc,initial_slope,85,24,0.7955170220787601
low-salinity,corrected_fc,initial_slope,88,20,2.2123770123038144
low-salinity,corrected_fc,initial_slope,90,23,1.1575429943892919
low-salinity,corrected_fc,late_early_auc_ratio,47,27,2.835952627079557
low-salinity,corrected_fc,late_early_auc_ratio,48,23,4.774870752195226
low-salinity,corrected_fc,late_early_auc_ratio,49,27,12.203497832585391
low-salinity,corrected_fc,late_early_auc_ratio,50,27,5.292228977636214
low-salinity,corrected_fc,late_early_auc_ratio,51,28,3.572150702207933
low-salinity,corrected_fc,late_early_auc_ratio,54,16,5.62846291777891
low-salinity,corrected_fc,late_early_auc_ratio,55,23,3.642808199080583
low-salinity,corrected_fc,late_early_auc_ratio,57,26,1.2098627385059446
low-salinity,corrected_fc,late_early_auc_ratio,60,27,6.104091961298356
low-salinity,corrected_fc,late_early_auc_ratio,61,27,5.623039646540855
low-salinity,corrected_fc,late_early_auc_ratio,70,27,3.349998329659166
low-salinity,corrected_fc,late_early_auc_ratio,71,25,2.8150126900829204
low-salinity,corrected_fc,late_early_auc_ratio,74,26,2.489988693673588
low-salinity,corrected_fc,late_early_auc_ratio,76,24,3.438039243403683
low-salinity,corrected_fc,late_early_auc_ratio,77,24,4.455541206414557
low-salinity,corrected_fc,late_early_auc_ratio,78,17,2.2670111684968646
low-salinity,corrected_fc,late_early_auc_ratio,79,31,3.8561627198542525
low-salinity,corrected_fc,late_early_auc_ratio,80,27,3.1697788487090297
low-salinity,corrected_fc,late_early_auc_ratio,82,21,-3.428727046848706
low-salinity,corrected_fc,late_early_auc_ratio,83,26,15.2295693287041
low-salinity,corrected_fc,late_early_auc_ratio,84,25,5.878953156882893
low-salinity,corrected_fc,late_early_auc_ratio,85,24,4.753607926468344
low-salinity,corrected_fc,late_early_auc_ratio,88,20,2.735334955313078
low-salinity,corrected_fc,late_early_auc_ratio,90,23,7.721912316499228
low-salinity,corrected_fc,metabolic_depression_index,47,27,0.002505162900383414
low-salinity,corrected_fc,metabolic_depression_index,48,23,0.002195751416378912
low-salinity,corrected_fc,metabolic_depression_index,49,27,0.003047741877508408
low-salinity,corrected_fc,metabolic_depression_index,50,27,0
low-salinity,corrected_fc,metabolic_depression_index,51,28,0.001296101145317729
low-salinity,corrected_fc,metabolic_depression_index,54,16,0.0076190522939246896
low-salinity,corrected_fc,metabolic_depression_index,55,23,0
low-salinity,corrected_fc,metabolic_depression_index,57,26,2.331997955860704e-4
low-salinity,corrected_fc,metabolic_depression_index,60,27,7.031343199994501e-4
low-salinity,corrected_fc,metabolic_depression_index,61,27,0.004322644369419719
low-salinity,corrected_fc,metabolic_depression_index,70,27,9.963863685054795e-4
low-salinity,corrected_fc,metabolic_depression_index,71,25,0
low-salinity,corrected_fc,metabolic_depression_index,74,26,2.5353085155008616e-4
low-salinity,corrected_fc,metabolic_depression_index,76,24,0.010614353611322652
low-salinity,corrected_fc,metabolic_depression_index,77,24,8.11888900153784e-4
low-salinity,corrected_fc,metabolic_depression_index,78,17,0.01712961697678599
low-salinity,corrected_fc,metabolic_depression_index,79,31,3.9671228716117724e-7
low-salinity,corrected_fc,metabolic_depression_index,80,27,0
low-salinity,corrected_fc,metabolic_depression_index,82,21,0.003460976148620278
low-salinity,corrected_fc,metabolic_depression_index,83,26,0.0014200182015041167
low-salinity,corrected_fc,metabolic_depression_index,84,25,0
low-salinity,corrected_fc,metabolic_depression_index,85,24,0.004677038931142528
low-salinity,corrected_fc,metabolic_depression_index,88,20,1.0253673872628252e-4
low-salinity,corrected_fc,metabolic_depression_index,90,23,0.0014756554969747038
low-salinity,corrected_fc,metabolic_scope,47,27,4.519778962604028
low-salinity,corrected_fc,metabolic_scope,48,23,6.158456460508027
low-salinity,corrected_fc,metabolic_scope,49,27,5.598754043240549
low-salinity,corrected_fc,metabolic_scope,50,27,4.080445110075011
low-salinity,corrected_fc,metabolic_scope,51,28,3.9240400120773664
low-salinity,corrected_fc,metabolic_scope,54,16,6.303123454091303
low-salinity,corrected_fc,metabolic_scope,55,23,3.491384727408319
low-salinity,corrected_fc,metabolic_scope,57,26,3.2500367831389116
low-salinity,corrected_fc,metabolic_scope,60,27,3.3852119644752046
low-salinity,corrected_fc,metabolic_scope,61,27,3.3815812527044895
low-salinity,corrected_fc,metabolic_scope,70,27,2.9930884193343417
low-salinity,corrected_fc,metabolic_scope,71,25,3.7018392101873703
low-salinity,corrected_fc,metabolic_scope,74,26,3.4204975642616073
low-salinity,corrected_fc,metabolic_scope,76,24,4.586868494763578
low-salinity,corrected_fc,metabolic_scope,77,24,5.718310220525883
low-salinity,corrected_fc,metabolic_scope,78,17,6.913419441724777
low-salinity,corrected_fc,metabolic_scope,79,31,3.528041275257997
low-salinity,corrected_fc,metabolic_scope,80,27,3.2045158227101003
low-salinity,corrected_fc,metabolic_scope,82,21,5.557542863365705
low-salinity,corrected_fc,metabolic_scope,83,26,3.6034580144113906
low-salinity,corrected_fc,metabolic_scope,84,25,3.5979553403712914
low-salinity,corrected_fc,metabolic_scope,85,24,3.5476305749916173
low-salinity,corrected_fc,metabolic_scope,88,20,4.99613446403207
low-salinity,corrected_fc,metabolic_scope,90,23,4.28656718878742
low-salinity,corrected_fc,min_slope,47,27,0.2648046519150709
low-salinity,corrected_fc,min_slope,48,23,0.13980868604039348
low-salinity,corrected_fc,min_slope,49,27,0.21259161563930393
low-salinity,corrected_fc,min_slope,50,27,0.11131661530104045
low-salinity,corrected_fc,min_slope,51,28,0.1261657351562751
low-salinity,corrected_fc,min_slope,54,16,0.13827998761175578
low-salinity,corrected_fc,min_slope,55,23,0.131491258728317
low-salinity,corrected_fc,min_slope,57,26,0.07146998267222539
low-salinity,corrected_fc,min_slope,60,27,0.12213439882485842
low-salinity,corrected_fc,min_slope,61,27,0.08004831089945688
low-salinity,corrected_fc,min_slope,70,27,0.21209428159687116
low-salinity,corrected_fc,min_slope,71,25,0.15997500420093738
low-salinity,corrected_fc,min_slope,74,26,0.14360873389083254
low-salinity,corrected_fc,min_slope,76,24,0.14392085139316974
low-salinity,corrected_fc,min_slope,77,24,0.25615939789734593
low-salinity,corrected_fc,min_slope,78,17,0.12391213779581328
low-salinity,corrected_fc,min_slope,79,31,0.13214990230603946
low-salinity,corrected_fc,min_slope,80,27,0.149837384981779
low-salinity,corrected_fc,min_slope,82,21,0.17543158277993615
low-salinity,corrected_fc,min_slope,83,26,0.12278701862127286
low-salinity,corrected_fc,min_slope,84,25,0.26439309656295246
low-salinity,corrected_fc,min_slope,85,24,0.0916248901364026
low-salinity,corrected_fc,min_slope,88,20,0.18954072130744526
low-salinity,corrected_fc,min_slope,90,23,0.20328139428312073
low-salinity,corrected_fc,peak_value,47,27,4.519778962604028
low-salinity,corrected_fc,peak_value,48,23,6.158456460508027
low-salinity,corrected_fc,peak_value,49,27,5.598754043240549
low-salinity,corrected_fc,peak_value,50,27,4.080445110075011
low-salinity,corrected_fc,peak_value,51,28,3.9240400120773664
low-salinity,corrected_fc,peak_value,54,16,6.303123454091303
low-salinity,corrected_fc,peak_value,55,23,3.491384727408319
low-salinity,corrected_fc,peak_value,57,26,3.2500367831389116
low-salinity,corrected_fc,peak_value,60,27,3.3852119644752046
low-salinity,corrected_fc,peak_value,61,27,3.3815812527044895
low-salinity,corrected_fc,peak_value,70,27,2.9930884193343417
low-salinity,corrected_fc,peak_value,71,25,3.7018392101873703
low-salinity,corrected_fc,peak_value,74,26,3.4204975642616073
low-salinity,corrected_fc,peak_value,76,24,4.586868494763578
low-salinity,corrected_fc,peak_value,77,24,5.718310220525883
low-salinity,corrected_fc,peak_value,78,17,6.913419441724777
low-salinity,corrected_fc,peak_value,79,31,3.528041275257997
low-salinity,corrected_fc,peak_value,80,27,3.2045158227101003
low-salinity,corrected_fc,peak_value,82,21,5.557542863365705
low-salinity,corrected_fc,peak_value,83,26,3.6034580144113906
low-salinity,corrected_fc,peak_value,84,25,3.5979553403712914
low-salinity,corrected_fc,peak_value,85,24,3.5476305749916173
low-salinity,corrected_fc,peak_value,88,20,4.99613446403207
low-salinity,corrected_fc,peak_value,90,23,4.28656718878742
low-salinity,corrected_fc,resilience_ratio,47,27,0.9974948370996166
low-salinity,corrected_fc,resilience_ratio,48,23,0.997804248583621
low-salinity,corrected_fc,resilience_ratio,49,27,0.9969522581224916
low-salinity,corrected_fc,resilience_ratio,50,27,1
low-salinity,corrected_fc,resilience_ratio,51,28,0.9987038988546822
low-salinity,corrected_fc,resilience_ratio,54,16,0.9923809477060753
low-salinity,corrected_fc,resilience_ratio,55,23,1
low-salinity,corrected_fc,resilience_ratio,57,26,0.9997668002044139
low-salinity,corrected_fc,resilience_ratio,60,27,0.9992968656800005
low-salinity,corrected_fc,resilience_ratio,61,27,0.9956773556305802
low-salinity,corrected_fc,resilience_ratio,70,27,0.9990036136314945
low-salinity,corrected_fc,resilience_ratio,71,25,1
low-salinity,corrected_fc,resilience_ratio,74,26,0.9997464691484499
low-salinity,corrected_fc,resilience_ratio,76,24,0.9893856463886773
low-salinity,corrected_fc,resilience_ratio,77,24,0.9991881110998462
low-salinity,corrected_fc,resilience_ratio,78,17,0.9828703830232141
low-salinity,corrected_fc,resilience_ratio,79,31,0.9999996032877129
low-salinity,corrected_fc,resilience_ratio,80,27,1
low-salinity,corrected_fc,resilience_ratio,82,21,0.9965390238513797
low-salinity,corrected_fc,resilience_ratio,83,26,0.9985799817984958
low-salinity,corrected_fc,resilience_ratio,84,25,1
low-salinity,corrected_fc,resilience_ratio,85,24,0.9953229610688574
low-salinity,corrected_fc,resilience_ratio,88,20,0.9998974632612737
low-salinity,corrected_fc,resilience_ratio,90,23,0.9985243445030253
low-salinity,corrected_fc,stability_cv,47,27,0.726897184438869
low-salinity,corrected_fc,stability_cv,48,23,0.865913133130803
low-salinity,corrected_fc,stability_cv,49,27,0.8761167218909034
low-salinity,corrected_fc,stability_cv,50,27,0.9354827964094623
low-salinity,corrected_fc,stability_cv,51,28,0.8353502144854593
low-salinity,corrected_fc,stability_cv,54,16,0.8707520690709867
low-salinity,corrected_fc,stability_cv,55,23,0.8335078385808503
low-salinity,corrected_fc,stability_cv,57,26,0.8791989996417747
low-salinity,corrected_fc,stability_cv,60,27,0.883054719305549
low-salinity,corrected_fc,stability_cv,61,27,0.8453835613194753
low-salinity,corrected_fc,stability_cv,70,27,0.775286866344915
low-salinity,corrected_fc,stability_cv,71,25,0.7292923443718882
low-salinity,corrected_fc,stability_cv,74,26,0.7695864251376853
low-salinity,corrected_fc,stability_cv,76,24,0.7522390110767935
low-salinity,corrected_fc,stability_cv,77,24,0.8694969631127892
low-salinity,corrected_fc,stability_cv,78,17,0.6769212021655958
low-salinity,corrected_fc,stability_cv,79,31,0.7962422003151637
low-salinity,corrected_fc,stability_cv,80,27,0.7410720051893004
low-salinity,corrected_fc,stability_cv,82,21,1.0120893016096846
low-salinity,corrected_fc,stability_cv,83,26,1.00195253759286
low-salinity,corrected_fc,stability_cv,84,25,0.8573538837324178
low-salinity,corrected_fc,stability_cv,85,24,0.9031435793124888
low-salinity,corrected_fc,stability_cv,88,20,0.7373719624686207
low-salinity,corrected_fc,stability_cv,90,23,0.9251528288032124
low-salinity,corrected_fc,time_to_min_slope,47,27,2.2037037037037037
low-salinity,corrected_fc,time_to_min_slope,48,23,2.369565217391304
low-salinity,corrected_fc,time_to_min_slope,49,27,1.9814814814814814
low-salinity,corrected_fc,time_to_min_slope,50,27,1.7592592592592593
low-salinity,corrected_fc,time_to_min_slope,51,28,1.9642857142857142
low-salinity,corrected_fc,time_to_min_slope,54,16,3
low-salinity,corrected_fc,time_to_min_slope,55,23,1.8043478260869565
low-salinity,corrected_fc,time_to_min_slope,57,26,2.5
low-salinity,corrected_fc,time_to_min_slope,60,27,2.0185185185185186
low-salinity,corrected_fc,time_to_min_slope,61,27,1.9074074074074074
low-salinity,corrected_fc,time_to_min_slope,70,27,2.5
low-salinity,corrected_fc,time_to_min_slope,71,25,2.42
low-salinity,corrected_fc,time_to_min_slope,74,26,2.3846153846153846
low-salinity,corrected_fc,time_to_min_slope,76,24,2.5
low-salinity,corrected_fc,time_to_min_slope,77,24,2.2916666666666665
low-salinity,corrected_fc,time_to_min_slope,78,17,2.911764705882353
low-salinity,corrected_fc,time_to_min_slope,79,31,2.532258064516129
low-salinity,corrected_fc,time_to_min_slope,80,27,2.240740740740741
low-salinity,corrected_fc,time_to_min_slope,82,21,2.0238095238095237
low-salinity,corrected_fc,time_to_min_slope,83,26,1.9615384615384615
low-salinity,corrected_fc,time_to_min_slope,84,25,2.1
low-salinity,corrected_fc,time_to_min_slope,85,24,2.5416666666666665
low-salinity,corrected_fc,time_to_min_slope,88,20,1.9
low-salinity,corrected_fc,time_to_min_slope,90,23,2.0217391304347827
low-salinity,corrected_fc,time_to_peak,47,27,3.888888888888889
low-salinity,corrected_fc,time_to_peak,48,23,3.8260869565217392
low-salinity,corrected_fc,time_to_peak,49,27,3.925925925925926
low-salinity,corrected_fc,time_to_peak,50,27,4
low-salinity,corrected_fc,time_to_peak,51,28,3.9642857142857144
low-salinity,corrected_fc,time_to_peak,54,16,3.75
low-salinity,corrected_fc,time_to_peak,55,23,4
low-salinity,corrected_fc,time_to_peak,57,26,3.9615384615384617
low-salinity,corrected_fc,time_to_peak,60,27,3.888888888888889
low-salinity,corrected_fc,time_to_peak,61,27,3.962962962962963
low-salinity,corrected_fc,time_to_peak,70,27,3.962962962962963
low-salinity,corrected_fc,time_to_peak,71,25,4
low-salinity,corrected_fc,time_to_peak,74,26,3.9615384615384617
low-salinity,corrected_fc,time_to_peak,76,24,3.9166666666666665
low-salinity,corrected_fc,time_to_peak,77,24,3.9166666666666665
low-salinity,corrected_fc,time_to_peak,78,17,3.823529411764706
low-salinity,corrected_fc,time_to_peak,79,31,3.967741935483871
low-salinity,corrected_fc,time_to_peak,80,27,4
low-salinity,corrected_fc,time_to_peak,82,21,3.9523809523809526
low-salinity,corrected_fc,time_to_peak,83,26,3.8846153846153846
low-salinity,corrected_fc,time_to_peak,84,25,4
low-salinity,corrected_fc,time_to_peak,85,24,3.875
low-salinity,corrected_fc,time_to_peak,88,20,3.95
low-salinity,corrected_fc,time_to_peak,90,23,3.9565217391304346
low-salinity,corrected_fc,time_to_trough,47,27,0
low-salinity,corrected_fc,time_to_trough,48,23,0
low-salinity,corrected_fc,time_to_trough,49,27,0.03703703703703704
low-salinity,corrected_fc,time_to_trough,50,27,0
low-salinity,corrected_fc,time_to_trough,51,28,0
low-salinity,corrected_fc,time_to_trough,54,16,0
low-salinity,corrected_fc,time_to_trough,55,23,0
low-salinity,corrected_fc,time_to_trough,57,26,0.03846153846153847
low-salinity,corrected_fc,time_to_trough,60,27,0.07407407407407408
low-salinity,corrected_fc,time_to_trough,61,27,0
low-salinity,corrected_fc,time_to_trough,70,27,0
low-salinity,corrected_fc,time_to_trough,71,25,0
low-salinity,corrected_fc,time_to_trough,74,26,0.03846153846153848
low-salinity,corrected_fc,time_to_trough,76,24,0
low-salinity,corrected_fc,time_to_trough,77,24,0
low-salinity,corrected_fc,time_to_trough,78,17,0
low-salinity,corrected_fc,time_to_trough,79,31,0
low-salinity,corrected_fc,time_to_trough,80,27,0
low-salinity,corrected_fc,time_to_trough,82,21,0.047619047619047616
low-salinity,corrected_fc,time_to_trough,83,26,0.19230769230769232
low-salinity,corrected_fc,time_to_trough,84,25,0
low-salinity,corrected_fc,time_to_trough,85,24,0
low-salinity,corrected_fc,time_to_trough,88,20,0
low-salinity,corrected_fc,time_to_trough,90,23,0.08695652173913045
low-salinity,corrected_fc,time_to_vmax,47,27,1.2037037037037035
low-salinity,corrected_fc,time_to_vmax,48,23,1.847826086956522
low-salinity,corrected_fc,time_to_vmax,49,27,1.7222222222222223
low-salinity,corrected_fc,time_to_vmax,50,27,2.1296296296296298
low-salinity,corrected_fc,time_to_vmax,51,28,1.7142857142857142
low-salinity,corrected_fc,time_to_vmax,54,16,1.625
low-salinity,corrected_fc,time_to_vmax,55,23,1.7173913043478262
low-salinity,corrected_fc,time_to_vmax,57,26,1.846153846153846
low-salinity,corrected_fc,time_to_vmax,60,27,1.759259259259259
low-salinity,corrected_fc,time_to_vmax,61,27,1.759259259259259
low-salinity,corrected_fc,time_to_vmax,70,27,1.537037037037037
low-salinity,corrected_fc,time_to_vmax,71,25,1.34
low-salinity,corrected_fc,time_to_vmax,74,26,1
low-salinity,corrected_fc,time_to_vmax,76,24,1.25
low-salinity,corrected_fc,time_to_vmax,77,24,1.7916666666666665
low-salinity,corrected_fc,time_to_vmax,78,17,1.0882352941176472
low-salinity,corrected_fc,time_to_vmax,79,31,1.596774193548387
low-salinity,corrected_fc,time_to_vmax,80,27,1.3518518518518519
low-salinity,corrected_fc,time_to_vmax,82,21,2.261904761904762
low-salinity,corrected_fc,time_to_vmax,83,26,1.8846153846153846
low-salinity,corrected_fc,time_to_vmax,84,25,1.8199999999999998
low-salinity,corrected_fc,time_to_vmax,85,24,2.1666666666666665
low-salinity,corrected_fc,time_to_vmax,88,20,1.25
low-salinity,corrected_fc,time_to_vmax,90,23,1.8043478260869563
low-salinity,corrected_fc,trough_value,47,27,0
low-salinity,corrected_fc,trough_value,48,23,0
low-salinity,corrected_fc,trough_value,49,27,-1.0422763531802443e-4
low-salinity,corrected_fc,trough_value,50,27,0
low-salinity,corrected_fc,trough_value,51,28,0
low-salinity,corrected_fc,trough_value,54,16,0
low-salinity,corrected_fc,trough_value,55,23,0
low-salinity,corrected_fc,trough_value,57,26,-1.6364118346502923e-4
low-salinity,corrected_fc,trough_value,60,27,-4.7667526621247733e-4
low-salinity,corrected_fc,trough_value,61,27,0
low-salinity,corrected_fc,trough_value,70,27,0
low-salinity,corrected_fc,trough_value,71,25,0
low-salinity,corrected_fc,trough_value,74,26,-5.961842440034839e-4
low-salinity,corrected_fc,trough_value,76,24,0
low-salinity,corrected_fc,trough_value,77,24,0
low-salinity,corrected_fc,trough_value,78,17,0
low-salinity,corrected_fc,trough_value,79,31,0
low-salinity,corrected_fc,trough_value,80,27,0
low-salinity,corrected_fc,trough_value,82,21,-9.036157336142253e-4
low-salinity,corrected_fc,trough_value,83,26,-0.002312452124171609
low-salinity,corrected_fc,trough_value,84,25,0
low-salinity,corrected_fc,trough_value,85,24,0
low-salinity,corrected_fc,trough_value,88,20,0
low-salinity,corrected_fc,trough_value,90,23,-0.0012733405361965023
low-salinity,corrected_fc,vmax,47,27,2.5676519099546953
low-salinity,corrected_fc,vmax,48,23,4.03827297400409
low-salinity,corrected_fc,vmax,49,27,3.264921477683152
low-salinity,corrected_fc,vmax,50,27,2.259310681948536
low-salinity,corrected_fc,vmax,51,28,2.164876916901547
low-salinity,corrected_fc,vmax,54,16,3.812902887892621
low-salinity,corrected_fc,vmax,55,23,1.918227390121358
low-salinity,corrected_fc,vmax,57,26,1.886723759474854
low-salinity,corrected_fc,vmax,60,27,2.1067296846527186
low-salinity,corrected_fc,vmax,61,27,2.051153021532294
low-salinity,corrected_fc,vmax,70,27,1.546173762135079
low-salinity,corrected_fc,vmax,71,25,2.2581804466890154
low-salinity,corrected_fc,vmax,74,26,1.9835681122733628
low-salinity,corrected_fc,vmax,76,24,2.6607349310126933
low-salinity,corrected_fc,vmax,77,24,3.026310507388768
low-salinity,corrected_fc,vmax,78,17,3.679840239987509
low-salinity,corrected_fc,vmax,79,31,2.1185806620560674
low-salinity,corrected_fc,vmax,80,27,2.0332346041242193
low-salinity,corrected_fc,vmax,82,21,3.300125995483277
low-salinity,corrected_fc,vmax,83,26,2.070717226088736
low-salinity,corrected_fc,vmax,84,25,1.876502457880845
low-salinity,corrected_fc,vmax,85,24,2.1033398539131114
low-salinity,corrected_fc,vmax,88,20,2.5322249876536826
low-salinity,corrected_fc,vmax,90,23,2.339009622971177
